,model,query,nesting,value,model_checking_time,model_construction_time,name,timeout
0,out/models/model_spotify100_model-it_0.prism, Pmax=? [F loc=51] ,0,0.02,0.12,12.476,reach_state,600
0,out/models/model_spotify100_model-it_0.prism, Pmax=? [F loc=501] ,0,0.9314506172248824,0.273,12.671,reach_state,600
0,out/models/model_spotify100_model-it_0.prism, Pmax=? [F loc=228] ,0,0.9314506172248824,0.283,13.15,reach_state,600
0,out/models/model_spotify100_model-it_0.prism, Pmax=? [F loc=209] ,0,0.8791407195542429,5.898,13.05,reach_state,600
0,out/models/model_spotify100_model-it_0.prism, Pmax=? [F loc=1508] ,0,0.7725855911492756,10.673,12.501,reach_state,600
0,out/models/model_spotify100_model-it_0.prism, Pmax=? [F loc=457] ,0,0.7725855911492756,10.451,12.678,reach_state,600
0,out/models/model_spotify100_model-it_0.prism, Pmax=? [F loc=1309] ,0,0.021179230197511924,14.152,12.354,reach_state,600
0,out/models/model_spotify100_model-it_0.prism, Pmax=? [F loc=285] ,0,0.7657468663298427,12.928,13.732,reach_state,600
0,out/models/model_spotify100_model-it_0.prism, Pmax=? [F loc=563] ,0,0.010696806598319255,13.46,13.555,reach_state,600
0,out/models/model_spotify100_model-it_0.prism,"Pmax=? [(F ""positive"") & (X( loc=1 ))]",1,0.648367934502251,14.614,12.562,random_path,600
0,out/models/model_spotify100_model-it_0.prism,"Pmax=? [(F ""positive"") & (X( loc=1 ))]",1,0.648367934502251,14.655,12.659,random_path,600
0,out/models/model_spotify100_model-it_0.prism,"Pmax=? [(F ""positive"") & (X( loc=1 ))]",1,0.648367934502251,14.559,12.667,random_path,600
0,out/models/model_spotify100_model-it_0.prism, Pmax=? [F loc=1518] ,0,0.010696806598319248,13.962,13.569,reach_state,600
0,out/models/model_spotify100_model-it_0.prism,"Pmax=? [(F ""positive"") & (X( loc=1 ))]",1,0.648367934502251,14.798,12.903,random_path,600
0,out/models/model_spotify100_model-it_0.prism,"Pmax=? [(F ""positive"") & ((X( loc=1 & ((X( loc=15 & ((X( loc=61 & ((X( loc=97 & (X( loc=101 ))))))))))))))]",5,0.006521553373855504,15.24,12.796,random_path,600
0,out/models/model_spotify100_model-it_0.prism,"Pmax=? [(F ""positive"") & (X( loc=1 ))]",1,0.648367934502251,15.11,13.057,random_path,600
0,out/models/model_spotify100_model-it_0.prism,"Pmax=? [(F ""positive"") & ((X( loc=1 & ((X( loc=23 & ((X( loc=69 & (X( loc=96 )))))))))))]",4,0.006458566293970552,15.762,12.668,random_path,600
0,out/models/model_spotify100_model-it_0.prism,"Pmax=? [(F ""positive"") & ((X( loc=1 & ((X( loc=26 & ((X( loc=72 & (X( loc=96 )))))))))))]",4,0.006458566293970552,15.912,12.27,random_path,600
0,out/models/model_spotify100_model-it_0.prism,"Pmax=? [(F ""positive"") & ((X( loc=1 & (X( loc=16 )))))]",2,0.019501673041681558,16.048,12.678,random_path,600
0,out/models/model_spotify100_model-it_0.prism,"Pmax=? [(F ""positive"") & ((X( loc=1 & ((X( loc=3 & ((X( loc=49 & ((X( loc=94 & ((X( loc=98 & (X( loc=571 )))))))))))))))))]",6,1.8211035294425252E-5,15.854,13.195,random_path,600
0,out/models/model_spotify100_model-it_0.prism,"Pmax=? [(F ""positive"") & (!(""positive"") U loc=61)]",0,0.03880365266371047,15.504,12.802,avoid_state,600
0,out/models/model_spotify100_model-it_0.prism,"Pmax=? [(F ""positive"") & ((X( loc=1 & (X( loc=42 )))))]",2,0.012980119667826057,16.321,12.66,random_path,600
0,out/models/model_spotify100_model-it_0.prism,"Pmax=? [(F ""positive"") & ((X( loc=1 & ((X( loc=20 & (X( loc=66 ))))))))]",3,0.019438685961796605,15.715,13.238,random_path,600
0,out/models/model_spotify100_model-it_0.prism,"Pmax=? [(F ""positive"") & ((X( loc=1 & ((X( loc=20 & ((X( loc=66 & ((X( loc=96 & (X( loc=100 ))))))))))))))]",5,0.012917132587941102,16.153,12.388,random_path,600
0,out/models/model_spotify100_model-it_0.prism,"Pmax=? [(F ""positive"") & ((X( loc=1 & ((X( loc=4 & ((X( loc=50 & (X( loc=96 )))))))))))]",4,0.006458566293970552,16.167,12.719,random_path,600
0,out/models/model_spotify100_model-it_0.prism,"Pmax=? [(F ""positive"") & (!(""positive"") U loc=65)]",0,0.013043106747711008,15.42,13.478,avoid_state,600
0,out/models/model_spotify100_model-it_0.prism,"['start', 'companystart', 'startprofile_3_5_7', 'companystartprofile_3_5_7']",0,-1,0.0,0.0,actual_path,600
0,out/models/model_spotify100_model-it_0.prism,"Pmax=? [(F ""positive"") & ((X( loc=1 & ((X( loc=6 & ((X( loc=52 & ((X( loc=96 & (X( loc=100 ))))))))))))))]",5,0.012917132587941103,16.814,12.472,random_path,600
0,out/models/model_spotify100_model-it_0.prism,"Pmax=? [(F ""positive"") & ((X( loc=1 & ((X( loc=33 & ((X( loc=79 & (X( loc=94 )))))))))))]",4,0.006453200203971657,15.766,13.29,random_path,600
0,out/models/model_spotify100_model-it_0.prism,"['start', 'companystart', 'startprofile_2_8_6', 'companystartprofile_2_8_6']",0,-1,0.0,0.0,actual_path,600
0,out/models/model_spotify100_model-it_0.prism,"['start', 'companystart', 'startprofile_0_4_9', 'companystartprofile_0_4_9']",0,-1,0.0,0.0,actual_path,600
0,out/models/model_spotify100_model-it_0.prism,"['start', 'companystart', 'startprofile_3_7_7', 'companystartprofile_3_7_7', 'select_context_catalog']",0,-1,0.0,0.0,actual_path,600
0,out/models/model_spotify100_model-it_0.prism,"['start', 'companystart', 'startprofile_4_5_5', 'companystartprofile_4_5_5', 'select_context_catalog']",0,-1,0.0,0.0,actual_path,600
0,out/models/model_spotify100_model-it_0.prism,"Pmax=? [(F ""positive"") & ((X( loc=1 & ((X( loc=30 & ((X( loc=76 & ((X( loc=94 & (X( loc=98 ))))))))))))))]",5,0.012906400407943313,16.527,12.402,random_path,600
0,out/models/model_spotify100_model-it_0.prism,"['start', 'companystart', 'startprofile_4_7_6', 'companystartprofile_4_7_6', 'select_context_radio']",0,-1,0.0,0.0,actual_path,600
0,out/models/model_spotify100_model-it_0.prism,"['start', 'companystart', 'startprofile_0_7_7', 'companystartprofile_0_7_7', 'select_context_editorial_playlist']",0,-1,0.0,0.0,actual_path,600
0,out/models/model_spotify100_model-it_0.prism,"Pmax=? [(F ""positive"") & ((X( loc=1 & ((X( loc=12 & (X( loc=58 ))))))))]",3,0.019370332791912758,15.732,13.426,random_path,600
0,out/models/model_spotify100_model-it_0.prism,"['start', 'companystart', 'startprofile_0_8_8', 'companystartprofile_0_8_8', 'select_context_user_collection', 'companyselect_context_user_collection']",0,-1,0.0,0.0,actual_path,600
0,out/models/model_spotify100_model-it_0.prism,"Pmax=? [(F ""positive"") & (!(""positive"") U loc=1116)]",0,0.0069748932982771905,16.542,12.708,avoid_state,600
0,out/models/model_spotify100_model-it_0.prism,"Pmax=? [(F ""positive"") & (!(""positive"") U loc=447)]",0,0.5733401245711891,16.597,12.66,avoid_state,600
0,out/models/model_spotify100_model-it_0.prism,"Pmax=? [(F ""positive"") & (!(""positive"") U loc=1385)]",0,0.5623737747677712,16.075,13.69,avoid_state,600
0,out/models/model_spotify100_model-it_0.prism,"Pmax=? [(F ""positive"") & ((X( loc=1 & (X( loc=10 )))))]",2,0.006453200203971657,15.574,14.151,random_path,600
0,out/models/model_spotify100_model-it_0.prism,"Pmax=? [(F ""positive"") & ((X( loc=1 & ((X( loc=25 & ((X( loc=71 & ((X( loc=96 & (X( loc=100 ))))))))))))))]",5,0.006458566293970552,16.101,12.93,random_path,600
0,out/models/model_spotify100_model-it_0.prism,"['start', 'companystart', 'startprofile_0_4_8', 'companystartprofile_0_4_8', 'select_context_editorial_playlist', 'customerselect_context_editorial_playlist', 'song_90_major_0_2_9']",0,-1,0.0,0.0,actual_path,600
0,out/models/model_spotify100_model-it_0.prism,"['start', 'companystart', 'startprofile_0_5_7', 'companystartprofile_0_5_7', 'select_context_personalized_playlist', 'customerselect_context_personalized_playlist', 'song_10_major_0_4_5']",0,-1,0.0,0.0,actual_path,600
0,out/models/model_spotify100_model-it_0.prism,"Pmax=? [(F ""positive"") & ((X( loc=1 & ((X( loc=10 & (X( loc=56 ))))))))]",3,0.006453200203971657,15.608,13.879,random_path,600
0,out/models/model_spotify100_model-it_0.prism,"Pmax=? [(F ""positive"") & ((X( loc=1 & ((X( loc=38 & ((X( loc=84 & ((X( loc=97 & ((X( loc=101 & (X( loc=1369 )))))))))))))))))]",6,0.006521553373855504,16.791,12.422,random_path,600
0,out/models/model_spotify100_model-it_0.prism,"['start', 'companystart', 'startprofile_1_8_6', 'companystartprofile_1_8_6', 'select_context_catalog', 'companyselect_context_catalog', 'played_90_minor_0_8_6', 'companyplayed_90_minor_0_8_6']",0,-1,0.0,0.0,actual_path,600
0,out/models/model_spotify100_model-it_0.prism,"Pmax=? [(F ""positive"") & ((X( loc=1 & (X( loc=17 )))))]",2,0.03241343953962377,15.842,13.895,random_path,600
0,out/models/model_spotify100_model-it_0.prism,"['start', 'companystart', 'startprofile_2_5_7', 'companystartprofile_2_5_7', 'select_context_catalog', 'companyselect_context_catalog', 'played_10_major_9_4_4', 'companyplayed_10_major_9_4_4']",0,-1,0.0,0.0,actual_path,600
0,out/models/model_spotify100_model-it_0.prism,"['start', 'companystart', 'startprofile_1_7_7', 'companystartprofile_1_7_7', 'select_context_editorial_playlist', 'customerselect_context_editorial_playlist', 'song_10_minor_2_6_8', 'companysong_10_minor_2_6_8']",0,-1,0.0,0.0,actual_path,600
0,out/models/model_spotify100_model-it_0.prism,"Pmax=? [(F ""positive"") & (!(""positive"") U loc=178)]",0,0.5038523568565917,16.525,13.379,avoid_state,600
0,out/models/model_spotify100_model-it_0.prism,"Pmax=? [(F ""positive"") & ((X( loc=1 & ((X( loc=25 & (X( loc=71 ))))))))]",3,0.025954873245653216,15.944,13.509,random_path,600
0,out/models/model_spotify100_model-it_0.prism,"Pmax=? [(F ""positive"") & (!(""positive"") U loc=1516)]",0,0.006842881181358703,16.572,12.918,avoid_state,600
0,out/models/model_spotify100_model-it_0.prism,"Pmax=? [(F ""positive"") & (!(""positive"") U loc=191)]",0,0.03313658874166751,16.635,13.247,avoid_state,600
0,out/models/model_spotify100_model-it_0.prism,"Pmax=? [(F ""positive"") & ((X( loc=1 & ((X( loc=7 & ((X( loc=53 & ((X( loc=94 & ((X( loc=98 & (X( loc=113 )))))))))))))))))]",6,1.0993071190853585E-4,17.079,12.657,random_path,600
0,out/models/model_spotify100_model-it_0.prism,"['start', 'companystart', 'startprofile_0_5_8', 'companystartprofile_0_5_8', 'select_context_user_collection', 'companyselect_context_user_collection', 'played_0_major_1_7_8', 'companyplayed_0_major_1_7_8', 'not_skipped', 'companynot_skipped']",0,-1,0.0,0.0,actual_path,600
0,out/models/model_spotify100_model-it_0.prism,"['start', 'companystart', 'startprofile_0_7_7', 'companystartprofile_0_7_7', 'select_context_user_collection', 'companyselect_context_user_collection', 'played_10_major_0_7_7', 'companyplayed_10_major_0_7_7', 'skipped', 'companyskipped']",0,-1,0.0,0.0,actual_path,600
0,out/models/model_spotify100_model-it_0.prism,"Pmax=? [(F ""positive"") & ((X( loc=1 & ((X( loc=19 & (X( loc=65 ))))))))]",3,0.013043106747711008,16.913,12.969,random_path,600
0,out/models/model_spotify100_model-it_0.prism,"Pmax=? [(F ""positive"") & ((X( loc=1 & ((X( loc=44 & ((X( loc=90 & ((X( loc=96 & ((X( loc=100 & (X( loc=1477 )))))))))))))))))]",6,1.2712579676131587E-5,16.661,13.189,random_path,600
0,out/models/model_spotify100_model-it_0.prism,"Pmax=? [(F ""positive"") & ((X( loc=1 & (X( loc=20 )))))]",2,0.019438685961796605,16.611,13.099,random_path,600
0,out/models/model_spotify100_model-it_0.prism,"Pmax=? [(F ""positive"") & (!(""positive"") U loc=1209)]",0,0.006974893298277189,17.499,12.667,avoid_state,600
0,out/models/model_spotify100_model-it_0.prism,"Pmax=? [(F ""positive"") & (!(""positive"") U loc=864)]",0,0.0068428811813587035,16.585,13.57,avoid_state,600
0,out/models/model_spotify100_model-it_0.prism,"Pmax=? [(F ""positive"") & ((X( loc=1 & ((X( loc=45 & ((X( loc=91 & (X( loc=94 )))))))))))]",4,0.006453200203971657,16.541,14.086,random_path,600
0,out/models/model_spotify100_model-it_0.prism,"Pmax=? [(F ""positive"") & ((X( loc=1 & ((X( loc=40 & ((X( loc=86 & ((X( loc=94 & ((X( loc=98 & (X( loc=632 )))))))))))))))))]",6,1.807008071885281E-5,18.051,12.491,random_path,600
0,out/models/model_spotify100_model-it_1.prism, Pmax=? [F loc=54] ,0,0.01,0.078,9.57,reach_state,600
0,out/models/model_spotify100_model-it_0.prism,"Pmax=? [(F ""positive"") & ((X( loc=1 & ((X( loc=24 & ((X( loc=70 & ((X( loc=94 & ((X( loc=98 & ((X( loc=1352 & (X( loc=1359 ))))))))))))))))))))]",7,1.842246715778391E-5,16.957,11.931,random_path,600
0,out/models/model_spotify100_model-it_0.prism,"Pmax=? [(F ""positive"") & ((X( loc=1 & ((X( loc=10 & ((X( loc=56 & ((X( loc=96 & (X( loc=100 ))))))))))))))]",5,0.0,0.298,12.544,actual_path,600
0,out/models/model_spotify100_model-it_0.prism,"Pmax=? [(F ""positive"") & ((X( loc=1 & ((X( loc=15 & ((X( loc=61 & ((X( loc=97 & ((X( loc=101 & ((X( loc=1121 & (X( loc=1133 ))))))))))))))))))))]",7,0.0,0.574,12.602,actual_path,600
0,out/models/model_spotify100_model-it_0.prism,"Pmax=? [(F ""positive"") & ((X( loc=1 & ((X( loc=41 & ((X( loc=87 & ((X( loc=95 & ((X( loc=99 & ((X( loc=930 & (X( loc=947 ))))))))))))))))))))]",7,0.006396808574473895,17.77,12.49,random_path,600
0,out/models/model_spotify100_model-it_0.prism,"Pmax=? [(F ""positive"") & ((X( loc=1 & ((X( loc=6 & ((X( loc=52 & ((X( loc=94 & ((X( loc=98 & (X( loc=155 )))))))))))))))))]",6,0.0,0.438,12.836,actual_path,600
0,out/models/model_spotify100_model-it_0.prism,"Pmax=? [(F ""positive"") & ((X( loc=1 & ((X( loc=21 & ((X( loc=67 & (X( loc=94 )))))))))))]",4,0.0,0.335,13.787,actual_path,600
0,out/models/model_spotify100_model-it_0.prism,"Pmax=? [(F ""positive"") & ((X( loc=1 & ((X( loc=15 & ((X( loc=61 & ((X( loc=97 & ((X( loc=101 & ((X( loc=727 & ((X( loc=747 & (X( loc=280 )))))))))))))))))))))))]",8,0.0,0.805,12.663,actual_path,600
0,out/models/model_spotify100_model-it_0.prism,"Pmax=? [(F ""positive"") & ((X( loc=1 & ((X( loc=18 & ((X( loc=64 & ((X( loc=94 & ((X( loc=98 & ((X( loc=164 & ((X( loc=253 & (X( loc=281 )))))))))))))))))))))))]",8,0.0,0.782,12.809,actual_path,600
0,out/models/model_spotify100_model-it_0.prism,"Pmax=? [(F ""positive"") & ((X( loc=1 & ((X( loc=19 & ((X( loc=65 & ((X( loc=95 & ((X( loc=99 & ((X( loc=866 & (X( loc=879 ))))))))))))))))))))]",7,0.006521553373855504,17.419,14.27,random_path,600
0,out/models/model_spotify100_model-it_0.prism,"Pmax=? [(F ""positive"") & ((X( loc=1 & ((X( loc=9 & ((X( loc=55 & ((X( loc=96 & ((X( loc=100 & ((X( loc=146 & ((X( loc=235 & ((X( loc=280 & (X( loc=282 ))))))))))))))))))))))))))]",9,0.0,0.951,12.961,actual_path,600
0,out/models/model_spotify100_model-it_0.prism,"Pmax=? [(F ""positive"") & ((X( loc=1 & ((X( loc=3 & ((X( loc=49 & ((X( loc=95 & ((X( loc=99 & ((X( loc=416 & ((X( loc=431 & (X( loc=280 )))))))))))))))))))))))]",8,0.0,0.774,13.575,actual_path,600
0,out/models/model_spotify100_model-it_0.prism,"Pmax=? [(F ""positive"") & ((X( loc=1 & ((X( loc=5 & ((X( loc=51 & ((X( loc=94 & ((X( loc=98 & ((X( loc=1398 & (X( loc=1403 ))))))))))))))))))))]",7,0.0,0.632,13.632,actual_path,600
0,out/models/model_spotify100_model-it_0.prism,"Pmax=? [(F ""positive"") & ((X( loc=1 & ((X( loc=18 & ((X( loc=64 & ((X( loc=96 & ((X( loc=100 & ((X( loc=460 & ((X( loc=498 & (X( loc=281 )))))))))))))))))))))))]",8,0.0,0.925,13.455,actual_path,600
0,out/models/model_spotify100_model-it_1.prism, Pmax=? [F loc=1149] ,0,0.8441009176802644,5.352,9.793,reach_state,600
0,out/models/model_spotify100_model-it_1.prism, Pmax=? [F loc=1034] ,0,0.010990454894506774,7.554,10.229,reach_state,600
0,out/models/model_spotify100_model-it_1.prism, Pmax=? [F loc=476] ,0,0.010816451691344183,8.246,10.095,reach_state,600
0,out/models/model_spotify100_model-it_0.prism,"Pmax=? [(F ""positive"") & ((X( loc=1 & ((X( loc=47 & ((X( loc=93 & ((X( loc=97 & ((X( loc=101 & ((X( loc=1217 & (X( loc=1227 ))))))))))))))))))))]",7,0.0064591809741647,18.693,11.727,random_path,600
0,out/models/model_spotify100_model-it_1.prism, Pmax=? [F loc=1232] ,0,0.010986793885551979,8.419,10.363,reach_state,600
0,out/models/model_spotify100_model-it_0.prism,"Pmax=? [(F ""positive"") & ((X( loc=1 & ((X( loc=38 & ((X( loc=84 & ((X( loc=96 & ((X( loc=100 & ((X( loc=314 & (X( loc=376 ))))))))))))))))))))]",7,2.5425159352263174E-5,17.903,12.523,random_path,600
0,out/models/model_spotify100_model-it_0.prism,"Pmax=? [(F ""positive"") & ((X( loc=1 & ((X( loc=39 & ((X( loc=85 & ((X( loc=94 & ((X( loc=98 & ((X( loc=1337 & ((X( loc=1345 & (X( loc=281 )))))))))))))))))))))))]",8,1.807008071885281E-5,15.59,12.629,random_path,600
0,out/models/model_spotify100_model-it_0.prism,"Pmax=? [(F ""positive"") & ((X( loc=1 & ((X( loc=21 & ((X( loc=67 & ((X( loc=95 & ((X( loc=99 & ((X( loc=1162 & ((X( loc=1173 & (X( loc=281 )))))))))))))))))))))))]",8,0.006396808574473895,18.716,13.103,random_path,600
0,out/models/model_spotify100_model-it_0.prism,"Pmax=? [(F ""positive"") & (X( loc=1 ))]",1,0.648367934502251,14.465,12.793,actual_path,600
0,out/models/model_spotify100_model-it_0.prism,"Pmax=? [(F ""positive"") & (X( loc=1 ))]",1,0.648367934502251,14.188,12.916,actual_path,600
0,out/models/model_spotify100_model-it_0.prism,"Pmax=? [(F ""positive"") & ((X( loc=1 & ((X( loc=2 & ((X( loc=48 & ((X( loc=96 & ((X( loc=100 & ((X( loc=1367 & ((X( loc=1374 & ((X( loc=281 & (X( loc=283 ))))))))))))))))))))))))))]",9,2.4938824851750075E-5,17.019,12.125,random_path,600
0,out/models/model_spotify100_model-it_1.prism, Pmax=? [F loc=407] ,0,0.8441009176802644,4.513,10.363,reach_state,600
0,out/models/model_spotify100_model-it_1.prism, Pmax=? [F loc=1330] ,0,0.7392265139260469,3.329,9.262,reach_state,600
0,out/models/model_spotify100_model-it_0.prism,"Pmax=? [(F ""positive"") & ((X( loc=1 & ((X( loc=29 & ((X( loc=75 & ((X( loc=96 & ((X( loc=100 & ((X( loc=674 & ((X( loc=697 & (X( loc=280 )))))))))))))))))))))))]",8,1.1441321708518428E-5,16.581,13.286,random_path,600
0,out/models/model_spotify100_model-it_0.prism,"Pmax=? [(F ""positive"") & (X( loc=1 ))]",1,0.648367934502251,14.397,14.26,actual_path,600
0,out/models/model_spotify100_model-it_0.prism,"Pmax=? [(F ""positive"") & ((X( loc=1 & ((X( loc=36 & ((X( loc=82 & ((X( loc=96 & ((X( loc=100 & ((X( loc=555 & ((X( loc=588 & (X( loc=280 )))))))))))))))))))))))]",8,1.2712579676131587E-5,16.9,13.689,random_path,600
0,out/models/model_spotify100_model-it_0.prism,"Pmax=? [(F ""positive"") & ((X( loc=1 & ((X( loc=44 & ((X( loc=90 & ((X( loc=96 & ((X( loc=100 & ((X( loc=867 & ((X( loc=880 & ((X( loc=281 & (X( loc=283 ))))))))))))))))))))))))))]",9,1.2469412425875038E-5,15.567,14.314,random_path,600
0,out/models/model_spotify100_model-it_1.prism, Pmax=? [F loc=1116] ,0,0.7392265139260469,3.572,9.556,reach_state,600
0,out/models/model_spotify100_model-it_0.prism,"Pmax=? [(F ""positive"") & ((X( loc=1 & ((X( loc=21 & ((X( loc=67 & ((X( loc=97 & ((X( loc=101 & ((X( loc=306 & ((X( loc=368 & ((X( loc=281 & (X( loc=283 ))))))))))))))))))))))))))]",9,0.0021322695248246317,17.442,12.495,random_path,600
0,out/models/model_spotify100_model-it_1.prism, Pmax=? [F loc=1436] ,0,0.7392265139260469,3.097,10.285,reach_state,600
0,out/models/model_spotify100_model-it_0.prism,"Pmax=? [(F ""positive"") & ((X( loc=1 & ((X( loc=46 & ((X( loc=92 & ((X( loc=96 & ((X( loc=100 & ((X( loc=758 & ((X( loc=767 & ((X( loc=281 & (X( loc=283 ))))))))))))))))))))))))))]",9,2.4938824851750075E-5,17.085,13.13,random_path,600
0,out/models/model_spotify100_model-it_0.prism,"Pmax=? [(F ""positive"") & ((X( loc=1 & (X( loc=28 )))))]",2,0.006453200203971657,16.078,12.963,actual_path,600
0,out/models/model_spotify100_model-it_0.prism,"Pmax=? [(F ""positive"") & (X( loc=1 ))]",1,0.648367934502251,14.406,14.506,actual_path,600
0,out/models/model_spotify100_model-it_0.prism,"Pmax=? [(F ""positive"") & ((X( loc=1 & ((X( loc=15 & ((X( loc=61 & ((X( loc=96 & ((X( loc=100 & (X( loc=1263 )))))))))))))))))]",6,3.813773902839476E-5,15.963,12.4,actual_path,600
0,out/models/model_spotify100_model-it_0.prism,"Pmax=? [(F ""positive"") & (X( loc=1 ))]",1,0.648367934502251,15.41,14.568,actual_path,600
0,out/models/model_spotify100_model-it_0.prism,"Pmax=? [(F ""positive"") & ((X( loc=1 & ((X( loc=36 & ((X( loc=82 & ((X( loc=96 & ((X( loc=100 & ((X( loc=952 & ((X( loc=971 & ((X( loc=280 & (X( loc=282 ))))))))))))))))))))))))))]",9,1.2712579676131587E-5,18.475,12.892,random_path,600
0,out/models/model_spotify100_model-it_0.prism,"Pmax=? [(F ""positive"") & ((X( loc=1 & (X( loc=6 )))))]",2,0.012917132587941103,15.273,14.128,actual_path,600
0,out/models/model_spotify100_model-it_0.prism,"Pmax=? [(F ""positive"") & ((X( loc=1 & ((X( loc=11 & ((X( loc=57 & ((X( loc=97 & ((X( loc=101 & ((X( loc=312 & ((X( loc=374 & (X( loc=280 )))))))))))))))))))))))]",8,0.003726601927917431,18.384,13.36,random_path,600
0,out/models/model_spotify100_model-it_0.prism,"Pmax=? [(F ""positive"") & ((X( loc=1 & ((X( loc=27 & ((X( loc=73 & ((X( loc=97 & (X( loc=101 ))))))))))))))]",5,0.006521553373855504,15.95,13.118,actual_path,600
0,out/models/model_spotify100_model-it_0.prism,"Pmax=? [(F ""positive"") & ((X( loc=1 & ((X( loc=11 & ((X( loc=57 & ((X( loc=95 & (X( loc=99 ))))))))))))))]",5,0.013043106747711008,15.587,13.333,actual_path,600
0,out/models/model_spotify100_model-it_0.prism,"Pmax=? [(F ""positive"") & ((X( loc=1 & ((X( loc=12 & ((X( loc=58 & ((X( loc=96 & ((X( loc=100 & (X( loc=674 )))))))))))))))))]",6,7.5254175605712E-5,15.58,13.263,actual_path,600
0,out/models/model_spotify100_model-it_0.prism,"Pmax=? [(F ""positive"") & ((X( loc=1 & (X( loc=30 )))))]",2,0.03892962682348038,15.329,14.366,actual_path,600
0,out/models/model_spotify100_model-it_0.prism,"Pmax=? [(F ""positive"") & ((X( loc=1 & ((X( loc=26 & (X( loc=72 ))))))))]",3,0.012980119667826057,16.359,13.72,actual_path,600
0,out/models/model_spotify100_model-it_0.prism,"Pmax=? [(F ""positive"") & ((X( loc=1 & ((X( loc=17 & ((X( loc=63 & ((X( loc=94 & ((X( loc=98 & ((X( loc=621 & ((X( loc=642 & ((X( loc=281 & (X( loc=283 ))))))))))))))))))))))))))]",9,6.023360239617603E-6,16.534,12.224,actual_path,600
0,out/models/model_spotify100_model-it_0.prism,"Pmax=? [(F ""positive"") & ((X( loc=1 & (X( loc=16 )))))]",2,0.019501673041681558,17.547,13.272,actual_path,600
0,out/models/model_spotify100_model-it_0.prism,"Pmax=? [(F ""positive"") & ((X( loc=1 & (X( loc=11 )))))]",2,0.026023226415537063,17.223,13.523,actual_path,600
0,out/models/model_spotify100_model-it_0.prism,"Pmax=? [(F ""positive"") & ((X( loc=1 & ((X( loc=3 & (X( loc=49 ))))))))]",3,0.012911766497942208,16.917,13.724,actual_path,600
0,out/models/model_spotify100_model-it_0.prism,"Pmax=? [(F ""positive"") & ((X( loc=1 & ((X( loc=15 & ((X( loc=61 & ((X( loc=96 & (X( loc=100 ))))))))))))))]",5,0.01937569888191165,16.922,13.259,actual_path,600
0,out/models/model_spotify100_model-it_0.prism,"Pmax=? [(F ""positive"") & ((X( loc=1 & ((X( loc=16 & ((X( loc=62 & ((X( loc=95 & ((X( loc=99 & ((X( loc=172 & ((X( loc=261 & ((X( loc=281 & (X( loc=283 ))))))))))))))))))))))))))]",9,0.0015992021436184735,17.008,12.219,actual_path,600
0,out/models/model_spotify100_model-it_1.prism, Pmax=? [F loc=1466] ,0,0.01098679388555198,7.357,9.886,reach_state,600
0,out/models/model_spotify100_model-it_0.prism,"Pmax=? [(F ""positive"") & ((X( loc=1 & ((X( loc=18 & ((X( loc=64 & ((X( loc=95 & ((X( loc=99 & ((X( loc=691 & ((X( loc=714 & (X( loc=281 )))))))))))))))))))))))]",8,0.004264539049649263,17.188,12.937,actual_path,600
0,out/models/model_spotify100_model-it_1.prism,"Pmax=? [(F ""positive"") & (!(""positive"") U loc=859)]",0,0.5695413792521937,8.276,10.731,avoid_state,600
0,out/models/model_spotify100_model-it_1.prism,"Pmax=? [(F ""positive"") & (!(""positive"") U loc=326)]",0,0.06808570563378147,8.975,8.956,avoid_state,600
0,out/models/model_spotify100_model-it_1.prism,"Pmax=? [(F ""positive"") & (!(""positive"") U loc=919)]",0,0.014681423958477467,9.675,9.281,avoid_state,600
0,out/models/model_spotify100_model-it_1.prism,"Pmax=? [(F ""positive"") & (!(""positive"") U loc=1206)]",0,0.577595842293774,9.132,9.749,avoid_state,600
0,out/models/model_spotify100_model-it_1.prism,"Pmax=? [(F ""positive"") & (!(""positive"") U loc=451)]",0,0.007518293602939708,10.007,9.264,avoid_state,600
0,out/models/model_spotify100_model-it_1.prism,"Pmax=? [(F ""positive"") & (!(""positive"") U loc=13)]",0,0.006792226695636925,8.971,9.621,avoid_state,600
0,out/models/model_spotify100_model-it_1.prism,"Pmax=? [(F ""positive"") & (!(""positive"") U loc=865)]",0,0.577595842293774,8.76,9.165,avoid_state,600
0,out/models/model_spotify100_model-it_1.prism,"Pmax=? [(F ""positive"") & (!(""positive"") U loc=569)]",0,0.007518293602939708,10.147,9.58,avoid_state,600
0,out/models/model_spotify100_model-it_1.prism,"Pmax=? [(F ""positive"") & (!(""positive"") U loc=1554)]",0,0.0074159231866121325,9.411,10.056,avoid_state,600
0,out/models/model_spotify100_model-it_1.prism,"Pmax=? [(F ""positive"") & (!(""positive"") U loc=1429)]",0,0.007518293602939708,10.539,9.688,avoid_state,600
0,out/models/model_spotify100_model-it_1.prism,"Pmax=? [(F ""positive"") & (X( loc=1 ))]",1,0.6812601589701449,7.662,10.052,random_path,600
0,out/models/model_spotify100_model-it_1.prism,"Pmax=? [(F ""positive"") & (X( loc=1 ))]",1,0.6812601589701449,8.506,8.973,random_path,600
0,out/models/model_spotify100_model-it_1.prism,"['start', 'companystart', 'startprofile_3_5_3']",0,-1,0.0,0.0,actual_path,600
0,out/models/model_spotify100_model-it_1.prism,"Pmax=? [(F ""positive"") & (X( loc=1 ))]",1,0.6812601589701449,8.715,9.469,random_path,600
0,out/models/model_spotify100_model-it_1.prism,"Pmax=? [(F ""positive"") & (X( loc=1 ))]",1,0.6812601589701449,8.127,10.253,random_path,600
0,out/models/model_spotify100_model-it_1.prism,"['start', 'companystart', 'startprofile_4_6_5']",0,-1,0.0,0.0,actual_path,600
0,out/models/model_spotify100_model-it_1.prism,"['start', 'companystart', 'startprofile_5_4_5', 'companystartprofile_5_4_5']",0,-1,0.0,0.0,actual_path,600
0,out/models/model_spotify100_model-it_1.prism,"Pmax=? [(F ""positive"") & (X( loc=1 ))]",1,0.6812601589701449,9.026,10.143,random_path,600
0,out/models/model_spotify100_model-it_1.prism,"Pmax=? [(F ""positive"") & ((X( loc=1 & (X( loc=5 )))))]",2,0.01358445339127385,9.828,9.945,random_path,600
0,out/models/model_spotify100_model-it_1.prism,"Pmax=? [(F ""positive"") & ((X( loc=1 & (X( loc=4 )))))]",2,0.013584924219717725,9.151,10.519,random_path,600
0,out/models/model_spotify100_model-it_1.prism,"['start', 'companystart', 'startprofile_1_8_5', 'companystartprofile_1_8_5']",0,-1,0.0,0.0,actual_path,600
0,out/models/model_spotify100_model-it_1.prism,"Pmax=? [(F ""positive"") & ((X( loc=1 & (X( loc=3 )))))]",2,0.0067924621098588624,9.563,9.555,random_path,600
0,out/models/model_spotify100_model-it_1.prism,"Pmax=? [(F ""positive"") & ((X( loc=1 & (X( loc=31 )))))]",2,0.013685337964244164,9.007,10.038,random_path,600
0,out/models/model_spotify100_model-it_1.prism,"['start', 'companystart', 'startprofile_1_8_5', 'companystartprofile_1_8_5', 'select_context_radio']",0,-1,0.0,0.0,actual_path,600
0,out/models/model_spotify100_model-it_1.prism,"['start', 'companystart', 'startprofile_6_6_4', 'companystartprofile_6_6_4', 'select_context_catalog']",0,-1,0.0,0.0,actual_path,600
0,out/models/model_spotify100_model-it_1.prism,"Pmax=? [(F ""positive"") & ((X( loc=1 & ((X( loc=24 & ((X( loc=80 & (X( loc=114 )))))))))))]",4,0.006792226695636925,8.56,9.252,random_path,600
0,out/models/model_spotify100_model-it_1.prism,"['start', 'companystart', 'startprofile_0_6_6', 'companystartprofile_0_6_6', 'select_context_catalog', 'companyselect_context_catalog']",0,-1,0.0,0.0,actual_path,600
0,out/models/model_spotify100_model-it_1.prism,"['start', 'companystart', 'startprofile_0_7_8', 'companystartprofile_0_7_8', 'select_context_user_collection', 'companyselect_context_user_collection']",0,-1,0.0,0.0,actual_path,600
0,out/models/model_spotify100_model-it_1.prism,"Pmax=? [(F ""positive"") & ((X( loc=1 & (X( loc=44 )))))]",2,0.0067924621098588624,9.834,9.782,random_path,600
0,out/models/model_spotify100_model-it_1.prism,"Pmax=? [(F ""positive"") & ((X( loc=1 & ((X( loc=11 & (X( loc=67 ))))))))]",3,0.006842668982122082,8.625,10.138,random_path,600
0,out/models/model_spotify100_model-it_1.prism,"['start', 'companystart', 'startprofile_0_8_7', 'companystartprofile_0_8_7', 'select_context_catalog', 'companyselect_context_catalog']",0,-1,0.0,0.0,actual_path,600
0,out/models/model_spotify100_model-it_1.prism,"['start', 'companystart', 'startprofile_4_5_4', 'companystartprofile_4_5_4', 'select_context_user_collection', 'companyselect_context_user_collection', 'played_0_major_9_5_1']",0,-1,0.0,0.0,actual_path,600
0,out/models/model_spotify100_model-it_1.prism,"Pmax=? [(F ""positive"") & ((X( loc=1 & ((X( loc=3 & (X( loc=59 ))))))))]",3,0.0067924621098588624,10.852,9.412,random_path,600
0,out/models/model_spotify100_model-it_1.prism,"['start', 'companystart', 'startprofile_0_7_5', 'companystartprofile_0_7_5', 'select_context_user_collection', 'companyselect_context_user_collection', 'played_10_major_2_8_5']",0,-1,0.0,0.0,actual_path,600
0,out/models/model_spotify100_model-it_1.prism,"Pmax=? [(F ""positive"") & ((X( loc=1 & ((X( loc=19 & ((X( loc=75 & (X( loc=116 )))))))))))]",4,0.013685337964244164,9.033,10.21,random_path,600
0,out/models/model_spotify100_model-it_1.prism,"Pmax=? [(F ""positive"") & ((X( loc=1 & ((X( loc=15 & ((X( loc=71 & (X( loc=115|loc=119 )))))))))))]",4,0.013584924219717723,9.635,9.89,random_path,600
0,out/models/model_spotify100_model-it_1.prism,"['start', 'companystart', 'startprofile_2_5_5', 'companystartprofile_2_5_5', 'select_context_radio', 'customerselect_context_radio', 'song_0_major_2_4_7', 'companysong_0_major_2_4_7']",0,-1,0.0,0.0,actual_path,600
0,out/models/model_spotify100_model-it_1.prism,"Pmax=? [(F ""positive"") & ((X( loc=1 & ((X( loc=9 & (X( loc=65 ))))))))]",3,0.0067924621098588624,10.812,9.602,random_path,600
0,out/models/model_spotify100_model-it_1.prism,"['start', 'companystart', 'startprofile_0_8_7', 'companystartprofile_0_8_7', 'select_context_catalog', 'companyselect_context_catalog', 'played_10_major_0_8_6', 'companyplayed_10_major_0_8_6']",0,-1,0.0,0.0,actual_path,600
0,out/models/model_spotify100_model-it_1.prism,"['start', 'companystart', 'startprofile_0_4_7', 'companystartprofile_0_4_7', 'select_context_editorial_playlist', 'customerselect_context_editorial_playlist', 'song_60_major_0_3_8', 'companysong_60_major_0_3_8']",0,-1,0.0,0.0,actual_path,600
0,out/models/model_spotify100_model-it_1.prism,"Pmax=? [(F ""positive"") & ((X( loc=1 & ((X( loc=13 & (X( loc=69 ))))))))]",3,0.006792226695636925,10.718,9.83,random_path,600
0,out/models/model_spotify100_model-it_1.prism,"['start', 'companystart', 'startprofile_1_8_5', 'companystartprofile_1_8_5', 'select_context_radio', 'customerselect_context_radio', 'song_10_major_0_7_6', 'companysong_10_major_0_7_6', 'skipped']",0,-1,0.0,0.0,actual_path,600
0,out/models/model_spotify100_model-it_1.prism,"['start', 'companystart', 'startprofile_2_7_4', 'companystartprofile_2_7_4', 'select_context_editorial_playlist', 'customerselect_context_editorial_playlist', 'song_10_minor_0_7_5', 'companysong_10_minor_0_7_5', 'skipped']",0,-1,0.0,0.0,actual_path,600
0,out/models/model_spotify100_model-it_1.prism,"['start', 'companystart', 'startprofile_2_5_7', 'companystartprofile_2_5_7', 'select_context_radio', 'customerselect_context_radio', 'song_0_major_6_6_5', 'companysong_0_major_6_6_5', 'skipped']",0,-1,0.0,0.0,actual_path,600
0,out/models/model_spotify100_model-it_1.prism,"['start', 'companystart', 'startprofile_4_4_8', 'companystartprofile_4_4_8', 'select_context_catalog', 'companyselect_context_catalog', 'played_10_minor_4_3_6', 'companyplayed_10_minor_4_3_6', 'skipped']",0,-1,0.0,0.0,actual_path,600
0,out/models/model_spotify100_model-it_1.prism,"Pmax=? [(F ""positive"") & ((X( loc=1 & ((X( loc=38 & ((X( loc=94 & (X( loc=115|loc=119 )))))))))))]",4,0.0067924621098588624,9.456,9.75,random_path,600
0,out/models/model_spotify100_model-it_1.prism,"Pmax=? [(F ""positive"") & ((X( loc=1 & ((X( loc=31 & ((X( loc=87 & ((X( loc=117 & (X( loc=124 ))))))))))))))]",5,0.013685337964244164,8.95,9.857,random_path,600
0,out/models/model_spotify100_model-it_1.prism,"Pmax=? [(F ""positive"") & ((X( loc=1 & ((X( loc=47 & ((X( loc=103 & ((X( loc=114 & ((X( loc=121 & (X( loc=413 )))))))))))))))))]",6,1.2297923112145564E-4,9.279,9.843,random_path,600
0,out/models/model_spotify100_model-it_1.prism,"Pmax=? [(F ""positive"") & ((X( loc=1 & ((X( loc=52 & ((X( loc=108 & ((X( loc=114 & (X( loc=121 ))))))))))))))]",5,0.006792226695636925,9.123,10.168,random_path,600
0,out/models/model_spotify100_model-it_1.prism,"Pmax=? [(F ""positive"") & ((X( loc=1 & ((X( loc=33 & ((X( loc=89 & ((X( loc=115|loc=119 & ((X( loc=122|loc=126 & (X( loc=1144 )))))))))))))))))]",6,0.0067924621098588624,9.175,9.908,random_path,600
0,out/models/model_spotify100_model-it_1.prism,"Pmax=? [(F ""positive"") & ((X( loc=1 & ((X( loc=46 & ((X( loc=102 & (X( loc=115|loc=119 )))))))))))]",4,0.0067924621098588624,9.91,10.278,random_path,600
0,out/models/model_spotify100_model-it_1.prism,"Pmax=? [(F ""positive"") & ((X( loc=1 & ((X( loc=6 & (X( loc=62 ))))))))]",3,0.013635137877042758,9.745,11.223,random_path,600
0,out/models/model_spotify100_model-it_1.prism,"Pmax=? [(F ""positive"") & ((X( loc=1 & ((X( loc=47 & ((X( loc=103 & ((X( loc=114 & ((X( loc=121 & (X( loc=686 )))))))))))))))))]",6,4.1345431916145507E-5,9.703,9.551,random_path,600
0,out/models/model_spotify100_model-it_1.prism,"Pmax=? [(F ""positive"") & ((X( loc=1 & ((X( loc=41 & ((X( loc=97 & ((X( loc=115|loc=119 & ((X( loc=122|loc=126 & (X( loc=1343 )))))))))))))))))]",6,0.0067924621098588624,9.193,10.338,random_path,600
0,out/models/model_spotify100_model-it_1.prism,"Pmax=? [(F ""positive"") & ((X( loc=1 & ((X( loc=38 & ((X( loc=94 & ((X( loc=115|loc=119 & ((X( loc=122|loc=126 & (X( loc=189 )))))))))))))))))]",6,0.0067924621098588624,9.909,9.534,random_path,600
0,out/models/model_spotify100_model-it_1.prism,"Pmax=? [(F ""positive"") & ((X( loc=1 & ((X( loc=45 & ((X( loc=101 & ((X( loc=114 & (X( loc=121 ))))))))))))))]",5,0.006792226695636925,9.322,10.234,random_path,600
0,out/models/model_spotify100_model-it_1.prism,"Pmax=? [(F ""positive"") & ((X( loc=1 & ((X( loc=37 & ((X( loc=93 & ((X( loc=116 & (X( loc=123 ))))))))))))))]",5,0.006842668982122082,9.874,10.8,random_path,600
0,out/models/model_spotify100_model-it_1.prism,"Pmax=? [(F ""positive"") & ((X( loc=1 & ((X( loc=37 & ((X( loc=93 & ((X( loc=116 & ((X( loc=123 & ((X( loc=173 & (X( loc=257 ))))))))))))))))))))]",7,0.006794955675674024,9.767,10.243,random_path,600
0,out/models/model_spotify100_model-it_1.prism,"Pmax=? [(F ""positive"") & ((X( loc=1 & ((X( loc=5 & ((X( loc=61 & ((X( loc=114 & ((X( loc=121 & ((X( loc=1022 & ((X( loc=1035 & (X( loc=297 )))))))))))))))))))))))]",8,4.1345431916145507E-5,9.531,9.263,random_path,600
0,out/models/model_spotify100_model-it_1.prism,"Pmax=? [(F ""positive"") & ((X( loc=1 & ((X( loc=5 & ((X( loc=61 & ((X( loc=114 & ((X( loc=121 & ((X( loc=167 & (X( loc=251 ))))))))))))))))))))]",7,8.211426798397611E-5,9.844,9.862,random_path,600
0,out/models/model_spotify100_model-it_1.prism,"Pmax=? [(F ""positive"") & ((X( loc=1 & ((X( loc=37 & ((X( loc=93 & ((X( loc=116 & (X( loc=123 ))))))))))))))]",5,0.006842668982122082,10.951,10.01,random_path,600
0,out/models/model_spotify100_model-it_1.prism,"Pmax=? [(F ""positive"") & ((X( loc=1 & ((X( loc=26 & ((X( loc=82 & ((X( loc=114 & ((X( loc=121 & ((X( loc=1182 & (X( loc=1187 ))))))))))))))))))))]",7,4.0768877710225226E-5,9.706,9.835,random_path,600
0,out/models/model_spotify100_model-it_1.prism,"Pmax=? [(F ""positive"") & ((X( loc=1 & ((X( loc=32 & ((X( loc=88 & ((X( loc=117 & ((X( loc=124 & ((X( loc=885 & (X( loc=899 ))))))))))))))))))))]",7,0.013494498522084548,9.887,10.407,random_path,600
0,out/models/model_spotify100_model-it_1.prism,"Pmax=? [(F ""positive"") & ((X( loc=1 & ((X( loc=13 & ((X( loc=69 & ((X( loc=114 & ((X( loc=121 & ((X( loc=1360 & ((X( loc=1369 & (X( loc=297 )))))))))))))))))))))))]",8,2.0672715958072753E-5,9.014,10.34,random_path,600
0,out/models/model_spotify100_model-it_1.prism,"Pmax=? [(F ""positive"") & ((X( loc=1 & ((X( loc=32 & ((X( loc=88 & ((X( loc=116 & ((X( loc=123 & ((X( loc=1502 & ((X( loc=1507 & (X( loc=296 )))))))))))))))))))))))]",8,0.006747249261042274,10.552,9.333,random_path,600
0,out/models/model_spotify100_model-it_1.prism,"Pmax=? [(F ""positive"") & ((X( loc=1 & ((X( loc=34 & ((X( loc=90 & ((X( loc=120 & ((X( loc=127 & ((X( loc=881 & ((X( loc=895 & (X( loc=297 )))))))))))))))))))))))]",8,0.0034213344910610406,10.077,10.843,random_path,600
0,out/models/model_spotify100_model-it_1.prism,"Pmax=? [(F ""positive"") & ((X( loc=1 & ((X( loc=56 & ((X( loc=112 & ((X( loc=115|loc=119 & ((X( loc=122|loc=126 & ((X( loc=564 & (X( loc=603 ))))))))))))))))))))]",7,0.0067924621098588624,10.537,10.93,random_path,600
0,out/models/model_spotify100_model-it_1.prism,"Pmax=? [(F ""positive"") & (X( loc=1 ))]",1,0.6812601589701449,7.612,10.002,actual_path,600
0,out/models/model_spotify100_model-it_1.prism,"Pmax=? [(F ""positive"") & (X( loc=1 ))]",1,0.6812601589701449,8.403,9.586,actual_path,600
0,out/models/model_spotify100_model-it_1.prism,"Pmax=? [(F ""positive"") & (X( loc=1 ))]",1,0.6812601589701449,7.744,9.82,actual_path,600
0,out/models/model_spotify100_model-it_1.prism,"Pmax=? [(F ""positive"") & (X( loc=1 ))]",1,0.6812601589701449,7.542,10.38,actual_path,600
0,out/models/model_spotify100_model-it_1.prism,"Pmax=? [(F ""positive"") & ((X( loc=1 & ((X( loc=41 & ((X( loc=97 & ((X( loc=115|loc=119 & ((X( loc=122|loc=126 & ((X( loc=129 & ((X( loc=213 & (X( loc=296 )))))))))))))))))))))))]",8,0.0067924621098588624,13.131,9.641,random_path,600
0,out/models/model_spotify100_model-it_1.prism,"Pmax=? [(F ""positive"") & (X( loc=1 ))]",1,0.6812601589701449,7.514,10.273,actual_path,600
0,out/models/model_spotify100_model-it_1.prism,"Pmax=? [(F ""positive"") & ((X( loc=1 & ((X( loc=6 & ((X( loc=62 & ((X( loc=116 & ((X( loc=123 & ((X( loc=1265 & ((X( loc=1277 & ((X( loc=296 & (X( loc=298 ))))))))))))))))))))))))))]",9,0.006747249261042274,9.979,10.382,random_path,600
0,out/models/model_spotify100_model-it_1.prism,"Pmax=? [(F ""positive"") & ((X( loc=1 & (X( loc=40 )))))]",2,0.0067924621098588624,8.313,9.297,actual_path,600
0,out/models/model_spotify100_model-it_1.prism,"Pmax=? [(F ""positive"") & ((X( loc=1 & ((X( loc=52 & ((X( loc=108 & ((X( loc=114 & ((X( loc=121 & ((X( loc=1304 & ((X( loc=1319 & ((X( loc=297 & (X( loc=299 ))))))))))))))))))))))))))]",9,2.0672715958072753E-5,11.26,9.814,random_path,600
0,out/models/model_spotify100_model-it_1.prism,"Pmax=? [(F ""positive"") & ((X( loc=1 & ((X( loc=2 & ((X( loc=58 & (X( loc=115|loc=119 )))))))))))]",4,0.0,0.253,9.033,actual_path,600
0,out/models/model_spotify100_model-it_1.prism,"Pmax=? [(F ""positive"") & ((X( loc=1 & ((X( loc=16 & ((X( loc=72 & ((X( loc=117 & ((X( loc=124 & ((X( loc=688 & ((X( loc=715 & ((X( loc=296 & (X( loc=298 ))))))))))))))))))))))))))]",9,0.006747249261042273,11.593,9.251,random_path,600
0,out/models/model_spotify100_model-it_1.prism,"Pmax=? [(F ""positive"") & ((X( loc=1 & ((X( loc=33 & ((X( loc=89 & ((X( loc=115|loc=119 & ((X( loc=122|loc=126 & ((X( loc=455 & ((X( loc=497 & ((X( loc=297 & (X( loc=299 ))))))))))))))))))))))))))]",9,0.0067924621098588624,10.985,9.88,random_path,600
0,out/models/model_spotify100_model-it_1.prism,"Pmax=? [(F ""positive"") & ((X( loc=1 & (X( loc=9 )))))]",2,0.0067924621098588624,9.53,8.837,actual_path,600
0,out/models/model_spotify100_model-it_1.prism,"Pmax=? [(F ""positive"") & ((X( loc=1 & ((X( loc=16 & ((X( loc=72 & ((X( loc=115|loc=119 & ((X( loc=122|loc=126 & ((X( loc=419 & ((X( loc=433 & ((X( loc=296 & (X( loc=298 ))))))))))))))))))))))))))]",9,0.006792462109858862,12.872,9.649,random_path,600
0,out/models/model_spotify100_model-it_1.prism,"Pmax=? [(F ""positive"") & ((X( loc=1 & ((X( loc=15 & (X( loc=71 ))))))))]",3,0.020377150915354646,8.649,9.76,actual_path,600
0,out/models/model_spotify100_model-it_1.prism,"Pmax=? [(F ""positive"") & ((X( loc=1 & (X( loc=22 )))))]",2,0.06143318516277198,9.817,10.163,actual_path,600
0,out/models/model_spotify100_model-it_1.prism,"Pmax=? [(F ""positive"") & ((X( loc=1 & ((X( loc=22 & ((X( loc=78 & ((X( loc=120 & (X( loc=127 ))))))))))))))]",5,0.0,0.254,10.315,actual_path,600
0,out/models/model_spotify100_model-it_1.prism,"Pmax=? [(F ""positive"") & ((X( loc=1 & ((X( loc=43 & ((X( loc=99 & ((X( loc=114 & ((X( loc=121 & ((X( loc=475 & (X( loc=517 ))))))))))))))))))))]",7,0.0,0.516,9.442,actual_path,600
0,out/models/model_spotify100_model-it_1.prism,"Pmax=? [(F ""positive"") & ((X( loc=1 & ((X( loc=33 & ((X( loc=89 & ((X( loc=114 & ((X( loc=121 & ((X( loc=991 & (X( loc=1005 ))))))))))))))))))))]",7,0.0,0.634,9.508,actual_path,600
0,out/models/model_spotify100_model-it_1.prism,"Pmax=? [(F ""positive"") & ((X( loc=1 & ((X( loc=5 & ((X( loc=61 & ((X( loc=115|loc=119 & ((X( loc=122|loc=126 & (X( loc=847 )))))))))))))))))]",6,0.0,0.592,10.487,actual_path,600
0,out/models/model_spotify100_model-it_1.prism,"Pmax=? [(F ""positive"") & ((X( loc=1 & ((X( loc=43 & ((X( loc=99 & ((X( loc=117 & ((X( loc=124 & ((X( loc=322 & ((X( loc=375 & ((X( loc=297 & (X( loc=299 ))))))))))))))))))))))))))]",9,0.0,0.85,10.103,actual_path,600
0,out/models/model_spotify100_model-it_1.prism,"Pmax=? [(F ""positive"") & ((X( loc=1 & ((X( loc=19 & (X( loc=75 ))))))))]",3,0.04765742130859682,8.818,10.088,actual_path,600
0,out/models/model_spotify100_model-it_2.prism, Pmax=? [F loc=189] ,0,0.01,0.123,11.344,reach_state,600
0,out/models/model_spotify100_model-it_1.prism,"Pmax=? [(F ""positive"") & ((X( loc=1 & ((X( loc=19 & ((X( loc=75 & ((X( loc=115|loc=119 & ((X( loc=122|loc=126 & ((X( loc=819 & ((X( loc=837 & ((X( loc=296 & (X( loc=298 ))))))))))))))))))))))))))]",9,0.0,2.17,11.084,actual_path,600
0,out/models/model_spotify100_model-it_2.prism, Pmax=? [F loc=569] ,0,0.8994685104861184,1.87,11.943,reach_state,600
0,out/models/model_spotify100_model-it_1.prism,"Pmax=? [(F ""positive"") & ((X( loc=1 & ((X( loc=10 & ((X( loc=66 & (X( loc=115|loc=119 )))))))))))]",4,0.0067924621098588624,9.363,8.987,actual_path,600
0,out/models/model_spotify100_model-it_1.prism,"Pmax=? [(F ""positive"") & ((X( loc=1 & ((X( loc=33 & (X( loc=89 ))))))))]",3,0.0067924621098588624,8.78,11.897,actual_path,600
0,out/models/model_spotify100_model-it_1.prism,"Pmax=? [(F ""positive"") & ((X( loc=1 & ((X( loc=26 & ((X( loc=82 & ((X( loc=114 & (X( loc=121 ))))))))))))))]",5,0.006792226695636925,9.183,9.623,actual_path,600
0,out/models/model_spotify100_model-it_1.prism,"Pmax=? [(F ""positive"") & ((X( loc=1 & ((X( loc=33 & ((X( loc=89 & (X( loc=115|loc=119 )))))))))))]",4,0.0067924621098588624,9.399,10.84,actual_path,600
0,out/models/model_spotify100_model-it_1.prism,"Pmax=? [(F ""positive"") & ((X( loc=1 & ((X( loc=32 & ((X( loc=88 & ((X( loc=117 & ((X( loc=124 & ((X( loc=334 & ((X( loc=387 & (X( loc=297 )))))))))))))))))))))))]",8,0.005702224151768402,9.739,9.504,actual_path,600
0,out/models/model_spotify100_model-it_1.prism,"Pmax=? [(F ""positive"") & ((X( loc=1 & ((X( loc=16 & ((X( loc=72 & ((X( loc=115|loc=119 & ((X( loc=122|loc=126 & (X( loc=447 )))))))))))))))))]",6,0.006792462109858862,10.326,10.161,actual_path,600
0,out/models/model_spotify100_model-it_1.prism,"Pmax=? [(F ""positive"") & ((X( loc=1 & ((X( loc=7 & ((X( loc=63 & ((X( loc=115|loc=119 & ((X( loc=122|loc=126 & (X( loc=1020 )))))))))))))))))]",6,0.013584924219717723,11.556,9.771,actual_path,600
0,out/models/model_spotify100_model-it_1.prism,"Pmax=? [(F ""positive"") & ((X( loc=1 & ((X( loc=12 & ((X( loc=68 & ((X( loc=117 & ((X( loc=124 & ((X( loc=141 & ((X( loc=225 & ((X( loc=296 & (X( loc=298 ))))))))))))))))))))))))))]",9,0.0029987774493521217,10.143,9.894,actual_path,600
0,out/models/model_spotify100_model-it_1.prism,"Pmax=? [(F ""positive"") & ((X( loc=1 & ((X( loc=18 & ((X( loc=74 & ((X( loc=115|loc=119 & ((X( loc=122|loc=126 & ((X( loc=129 & ((X( loc=213 & ((X( loc=296 & (X( loc=298 ))))))))))))))))))))))))))]",9,0.0067924621098588624,12.758,9.351,actual_path,600
0,out/models/model_spotify100_model-it_2.prism, Pmax=? [F loc=209] ,0,0.7341818693976307,9.336,11.866,reach_state,600
0,out/models/model_spotify100_model-it_2.prism, Pmax=? [F loc=696] ,0,0.056287632672646866,10.884,11.132,reach_state,600
0,out/models/model_spotify100_model-it_1.prism,"Pmax=? [(F ""positive"") & ((X( loc=1 & ((X( loc=32 & ((X( loc=88 & ((X( loc=117 & ((X( loc=124 & ((X( loc=157 & ((X( loc=241 & ((X( loc=296 & (X( loc=298 ))))))))))))))))))))))))))]",9,0.007266268434968602,11.535,10.696,actual_path,600
0,out/models/model_spotify100_model-it_2.prism, Pmax=? [F loc=318] ,0,0.011766559343678021,11.293,11.378,reach_state,600
0,out/models/model_spotify100_model-it_2.prism, Pmax=? [F loc=440] ,0,0.0871919402822809,10.52,12.226,reach_state,600
0,out/models/model_spotify100_model-it_2.prism, Pmax=? [F loc=778] ,0,0.06416699515188125,11.056,11.167,reach_state,600
0,out/models/model_spotify100_model-it_2.prism, Pmax=? [F loc=689] ,0,0.011766559343678021,11.115,12.365,reach_state,600
0,out/models/model_spotify100_model-it_2.prism, Pmax=? [F loc=735] ,0,0.023266951125754137,11.765,10.884,reach_state,600
0,out/models/model_spotify100_model-it_2.prism, Pmax=? [F loc=198] ,0,0.03451013494327162,11.52,11.477,reach_state,600
0,out/models/model_spotify100_model-it_2.prism,"Pmax=? [(F ""positive"") & (!(""positive"") U loc=704)]",0,0.6166919272330164,12.783,10.751,avoid_state,600
0,out/models/model_spotify100_model-it_2.prism,"Pmax=? [(F ""positive"") & (!(""positive"") U loc=1494)]",0,0.007489919420456927,12.315,10.783,avoid_state,600
0,out/models/model_spotify100_model-it_2.prism,"Pmax=? [(F ""positive"") & (!(""positive"") U loc=1098)]",0,0.27325269703184074,11.706,10.781,avoid_state,600
0,out/models/model_spotify100_model-it_2.prism,"Pmax=? [(F ""positive"") & (!(""positive"") U loc=1236)]",0,0.6210993981477718,12.289,11.721,avoid_state,600
0,out/models/model_spotify100_model-it_2.prism,"Pmax=? [(F ""positive"") & (!(""positive"") U loc=541)]",0,0.025423787494959077,12.24,12.113,avoid_state,600
0,out/models/model_spotify100_model-it_2.prism,"Pmax=? [(F ""positive"") & (X( loc=1 ))]",1,0.736493184099588,10.857,10.777,random_path,600
0,out/models/model_spotify100_model-it_2.prism,"Pmax=? [(F ""positive"") & (!(""positive"") U loc=940)]",0,0.008705087645644998,13.446,10.692,avoid_state,600
0,out/models/model_spotify100_model-it_2.prism,"Pmax=? [(F ""positive"") & (!(""positive"") U loc=88)]",0,0.014696516048375583,12.356,12.938,avoid_state,600
0,out/models/model_spotify100_model-it_2.prism,"Pmax=? [(F ""positive"") & (X( loc=1 ))]",1,0.736493184099588,11.393,12.127,random_path,600
0,out/models/model_spotify100_model-it_2.prism,"Pmax=? [(F ""positive"") & (!(""positive"") U loc=255)]",0,0.03628980963497526,12.238,11.955,avoid_state,600
0,out/models/model_spotify100_model-it_2.prism,"Pmax=? [(F ""positive"") & (X( loc=1 ))]",1,0.736493184099588,10.963,11.986,random_path,600
0,out/models/model_spotify100_model-it_2.prism,"Pmax=? [(F ""positive"") & (X( loc=1 ))]",1,0.736493184099588,10.928,12.239,random_path,600
0,out/models/model_spotify100_model-it_2.prism,"Pmax=? [(F ""positive"") & (!(""positive"") U loc=775)]",0,0.5431385115705043,12.693,11.981,avoid_state,600
0,out/models/model_spotify100_model-it_2.prism,"['start', 'companystart', 'startprofile_2_5_6']",0,-1,0.0,0.0,actual_path,600
0,out/models/model_spotify100_model-it_2.prism,"Pmax=? [(F ""positive"") & (!(""positive"") U loc=161)]",0,0.06963940824336477,14.063,10.841,avoid_state,600
0,out/models/model_spotify100_model-it_2.prism,"['start', 'companystart', 'startprofile_0_4_9']",0,-1,0.0,0.0,actual_path,600
0,out/models/model_spotify100_model-it_2.prism,"Pmax=? [(F ""positive"") & (X( loc=1 ))]",1,0.736493184099588,12.141,11.177,random_path,600
0,out/models/model_spotify100_model-it_2.prism,"Pmax=? [(F ""positive"") & ((X( loc=1 & (X( loc=5 )))))]",2,0.007342223718578574,12.412,10.688,random_path,600
0,out/models/model_spotify100_model-it_2.prism,"Pmax=? [(F ""positive"") & ((X( loc=1 & (X( loc=14 )))))]",2,0.007354292329797008,12.509,11.157,random_path,600
0,out/models/model_spotify100_model-it_2.prism,"['start', 'companystart', 'startprofile_3_8_5', 'companystartprofile_3_8_5']",0,-1,0.0,0.0,actual_path,600
0,out/models/model_spotify100_model-it_2.prism,"Pmax=? [(F ""positive"") & ((X( loc=1 & (X( loc=54 )))))]",2,0.007354292329797008,11.538,11.023,random_path,600
0,out/models/model_spotify100_model-it_2.prism,"['start', 'companystart', 'startprofile_2_6_4', 'companystartprofile_2_6_4', 'select_context_catalog']",0,-1,0.0,0.0,actual_path,600
0,out/models/model_spotify100_model-it_2.prism,"Pmax=? [(F ""positive"") & ((X( loc=1 & (X( loc=34 )))))]",2,0.03684632101569705,14.044,10.534,random_path,600
0,out/models/model_spotify100_model-it_2.prism,"Pmax=? [(F ""positive"") & ((X( loc=1 & (X( loc=3 )))))]",2,0.007342223718578574,13.384,11.708,random_path,600
0,out/models/model_spotify100_model-it_2.prism,"Pmax=? [(F ""positive"") & ((X( loc=1 & ((X( loc=27 & (X( loc=87 ))))))))]",3,0.014752048648559236,13.138,10.95,random_path,600
0,out/models/model_spotify100_model-it_2.prism,"Pmax=? [(F ""positive"") & ((X( loc=1 & ((X( loc=17 & ((X( loc=77 & (X( loc=123|loc=128 )))))))))))]",4,0.007354292329797008,11.823,10.694,random_path,600
0,out/models/model_spotify100_model-it_2.prism,"Pmax=? [(F ""positive"") & ((X( loc=1 & ((X( loc=34 & (X( loc=94 ))))))))]",3,0.03684632101569705,13.111,11.03,random_path,600
0,out/models/model_spotify100_model-it_2.prism,"['start', 'companystart', 'startprofile_1_7_9', 'companystartprofile_1_7_9', 'select_context_catalog', 'companyselect_context_catalog']",0,-1,0.0,0.0,actual_path,600
0,out/models/model_spotify100_model-it_2.prism,"Pmax=? [(F ""positive"") & ((X( loc=1 & ((X( loc=46 & (X( loc=106 ))))))))]",3,0.00739776373444759,12.596,11.754,random_path,600
0,out/models/model_spotify100_model-it_2.prism,"Pmax=? [(F ""positive"") & ((X( loc=1 & ((X( loc=39 & (X( loc=99 ))))))))]",3,0.00739776373444759,12.412,11.381,random_path,600
0,out/models/model_spotify100_model-it_2.prism,"['start', 'companystart', 'startprofile_3_5_5', 'companystartprofile_3_5_5', 'select_context_user_collection', 'companyselect_context_user_collection']",0,-1,0.0,0.0,actual_path,600
0,out/models/model_spotify100_model-it_2.prism,"['start', 'companystart', 'startprofile_3_8_7', 'companystartprofile_3_8_7', 'select_context_editorial_playlist', 'customerselect_context_editorial_playlist', 'song_10_minor_5_9_6']",0,-1,0.0,0.0,actual_path,600
0,out/models/model_spotify100_model-it_2.prism,"['start', 'companystart', 'startprofile_0_4_9', 'companystartprofile_0_4_9', 'select_context_catalog', 'companyselect_context_catalog', 'played_10_major_0_4_9']",0,-1,0.0,0.0,actual_path,600
0,out/models/model_spotify100_model-it_2.prism,"['start', 'companystart', 'startprofile_4_6_5', 'companystartprofile_4_6_5', 'select_context_user_collection', 'companyselect_context_user_collection', 'played_0_major_5_6_5']",0,-1,0.0,0.0,actual_path,600
0,out/models/model_spotify100_model-it_2.prism,"Pmax=? [(F ""positive"") & ((X( loc=1 & ((X( loc=41 & (X( loc=101 ))))))))]",3,0.007354292329797008,12.509,11.552,random_path,600
0,out/models/model_spotify100_model-it_2.prism,"['start', 'companystart', 'startprofile_4_4_7', 'companystartprofile_4_4_7', 'select_context_catalog', 'companyselect_context_catalog', 'played_10_minor_0_5_9']",0,-1,0.0,0.0,actual_path,600
0,out/models/model_spotify100_model-it_2.prism,"['start', 'companystart', 'startprofile_2_6_4', 'companystartprofile_2_6_4', 'select_context_catalog', 'companyselect_context_catalog', 'played_10_minor_1_6_5', 'companyplayed_10_minor_1_6_5']",0,-1,0.0,0.0,actual_path,600
0,out/models/model_spotify100_model-it_2.prism,"['start', 'companystart', 'startprofile_6_6_5', 'companystartprofile_6_6_5', 'select_context_radio', 'customerselect_context_radio', 'song_10_major_5_5_5', 'companysong_10_major_5_5_5']",0,-1,0.0,0.0,actual_path,600
0,out/models/model_spotify100_model-it_2.prism,"['start', 'companystart', 'startprofile_0_8_6', 'companystartprofile_0_8_6', 'select_context_editorial_playlist', 'customerselect_context_editorial_playlist', 'song_10_minor_1_8_7', 'companysong_10_minor_1_8_7']",0,-1,0.0,0.0,actual_path,600
0,out/models/model_spotify100_model-it_2.prism,"['start', 'companystart', 'startprofile_5_4_4', 'companystartprofile_5_4_4', 'select_context_catalog', 'companyselect_context_catalog', 'played_10_major_5_7_6', 'companyplayed_10_major_5_7_6']",0,-1,0.0,0.0,actual_path,600
0,out/models/model_spotify100_model-it_2.prism,"Pmax=? [(F ""positive"") & ((X( loc=1 & ((X( loc=36 & ((X( loc=96 & (X( loc=122 )))))))))))]",4,0.007342223718578574,13.396,11.398,random_path,600
0,out/models/model_spotify100_model-it_2.prism,"Pmax=? [(F ""positive"") & ((X( loc=1 & ((X( loc=57 & ((X( loc=117 & (X( loc=122 )))))))))))]",4,0.007342223718578574,12.312,10.981,random_path,600
0,out/models/model_spotify100_model-it_2.prism,"Pmax=? [(F ""positive"") & ((X( loc=1 & ((X( loc=32 & ((X( loc=92 & (X( loc=124 )))))))))))]",4,0.00739776373444759,12.599,11.228,random_path,600
0,out/models/model_spotify100_model-it_2.prism,"['start', 'companystart', 'startprofile_2_7_5', 'companystartprofile_2_7_5', 'select_context_user_collection', 'companyselect_context_user_collection', 'played_10_minor_2_7_5', 'companyplayed_10_minor_2_7_5', 'not_skipped']",0,-1,0.0,0.0,actual_path,600
0,out/models/model_spotify100_model-it_2.prism,"['start', 'companystart', 'startprofile_2_7_7', 'companystartprofile_2_7_7', 'select_context_radio', 'customerselect_context_radio', 'song_10_minor_1_8_6', 'companysong_10_minor_1_8_6', 'skipped']",0,-1,0.0,0.0,actual_path,600
0,out/models/model_spotify100_model-it_2.prism,"['start', 'companystart', 'startprofile_3_7_5', 'companystartprofile_3_7_5', 'select_context_catalog', 'companyselect_context_catalog', 'played_10_minor_9_4_7', 'companyplayed_10_minor_9_4_7', 'not_skipped']",0,-1,0.0,0.0,actual_path,600
0,out/models/model_spotify100_model-it_2.prism,"['start', 'companystart', 'startprofile_3_5_5', 'companystartprofile_3_5_5', 'select_context_user_collection', 'companyselect_context_user_collection', 'played_10_major_2_6_8', 'companyplayed_10_major_2_6_8', 'not_skipped', 'companynot_skipped']",0,-1,0.0,0.0,actual_path,600
0,out/models/model_spotify100_model-it_2.prism,"['start', 'companystart', 'startprofile_1_7_5', 'companystartprofile_1_7_5', 'select_context_user_collection', 'companyselect_context_user_collection', 'played_10_minor_3_7_6', 'companyplayed_10_minor_3_7_6', 'skipped', 'companyskipped']",0,-1,0.0,0.0,actual_path,600
0,out/models/model_spotify100_model-it_2.prism,"Pmax=? [(F ""positive"") & ((X( loc=1 & ((X( loc=27 & ((X( loc=87 & (X( loc=123|loc=128 )))))))))))]",4,0.007354292329797008,13.61,11.326,random_path,600
0,out/models/model_spotify100_model-it_2.prism,"['start', 'companystart', 'startprofile_2_7_5', 'companystartprofile_2_7_5', 'select_context_user_collection', 'companyselect_context_user_collection', 'played_10_major_4_8_5', 'companyplayed_10_major_4_8_5', 'not_skipped', 'companynot_skipped']",0,-1,0.0,0.0,actual_path,600
0,out/models/model_spotify100_model-it_2.prism,"['start', 'companystart', 'startprofile_2_5_5', 'companystartprofile_2_5_5', 'select_context_catalog', 'companyselect_context_catalog', 'played_10_major_3_5_5', 'companyplayed_10_major_3_5_5', 'skipped', 'companyskipped']",0,-1,0.0,0.0,actual_path,600
0,out/models/model_spotify100_model-it_2.prism,"Pmax=? [(F ""positive"") & ((X( loc=1 & ((X( loc=7 & ((X( loc=67 & ((X( loc=123|loc=128 & (X( loc=130|loc=135 ))))))))))))))]",5,0.007354292329797008,12.25,10.769,random_path,600
0,out/models/model_spotify100_model-it_2.prism,"Pmax=? [(F ""positive"") & ((X( loc=1 & ((X( loc=9 & ((X( loc=69 & ((X( loc=122 & (X( loc=129 ))))))))))))))]",5,0.014684447437157147,11.975,11.303,random_path,600
0,out/models/model_spotify100_model-it_2.prism,"Pmax=? [(F ""positive"") & ((X( loc=1 & ((X( loc=20 & ((X( loc=80 & ((X( loc=122 & (X( loc=129 ))))))))))))))]",5,0.007342223718578574,14.718,11.532,random_path,600
0,out/models/model_spotify100_model-it_2.prism,"Pmax=? [(F ""positive"") & ((X( loc=1 & ((X( loc=31 & ((X( loc=91 & ((X( loc=122 & (X( loc=129 ))))))))))))))]",5,0.007342223718578574,12.971,11.058,random_path,600
0,out/models/model_spotify100_model-it_2.prism,"Pmax=? [(F ""positive"") & ((X( loc=1 & ((X( loc=19 & ((X( loc=79 & ((X( loc=123|loc=128 & ((X( loc=130|loc=135 & (X( loc=959 )))))))))))))))))]",6,0.007354292329797008,13.204,11.431,random_path,600
0,out/models/model_spotify100_model-it_2.prism,"Pmax=? [(F ""positive"") & ((X( loc=1 & ((X( loc=35 & ((X( loc=95 & ((X( loc=123|loc=128 & ((X( loc=130|loc=135 & (X( loc=1548 )))))))))))))))))]",6,0.007354292329797008,12.871,10.607,random_path,600
0,out/models/model_spotify100_model-it_2.prism,"Pmax=? [(F ""positive"") & ((X( loc=1 & ((X( loc=19 & ((X( loc=79 & ((X( loc=123|loc=128 & (X( loc=130|loc=135 ))))))))))))))]",5,0.007354292329797008,13.418,11.763,random_path,600
0,out/models/model_spotify100_model-it_2.prism,"Pmax=? [(F ""positive"") & ((X( loc=1 & ((X( loc=47 & ((X( loc=107 & (X( loc=126 )))))))))))]",4,0.0,0.276,11.0,actual_path,600
0,out/models/model_spotify100_model-it_2.prism,"Pmax=? [(F ""positive"") & ((X( loc=1 & ((X( loc=33 & ((X( loc=93 & ((X( loc=122 & ((X( loc=129 & (X( loc=368 )))))))))))))))))]",6,3.586684333074006E-5,13.398,10.412,random_path,600
0,out/models/model_spotify100_model-it_2.prism,"Pmax=? [(F ""positive"") & ((X( loc=1 & ((X( loc=21 & ((X( loc=81 & (X( loc=126 )))))))))))]",4,0.0,0.273,11.512,actual_path,600
0,out/models/model_spotify100_model-it_2.prism,"Pmax=? [(F ""positive"") & ((X( loc=1 & ((X( loc=27 & ((X( loc=87 & (X( loc=122 )))))))))))]",4,0.0,0.251,11.637,actual_path,600
0,out/models/model_spotify100_model-it_2.prism,"Pmax=? [(F ""positive"") & ((X( loc=1 & ((X( loc=28 & ((X( loc=88 & ((X( loc=122 & ((X( loc=129 & (X( loc=1011 )))))))))))))))))]",6,3.6110716114133634E-5,13.079,11.079,random_path,600
0,out/models/model_spotify100_model-it_2.prism,"Pmax=? [(F ""positive"") & ((X( loc=1 & ((X( loc=46 & ((X( loc=106 & ((X( loc=124 & ((X( loc=131 & (X( loc=722 )))))))))))))))))]",6,0.00739776373444759,13.958,11.146,random_path,600
0,out/models/model_spotify100_model-it_2.prism,"Pmax=? [(F ""positive"") & ((X( loc=1 & ((X( loc=25 & ((X( loc=85 & ((X( loc=122 & (X( loc=129 ))))))))))))))]",5,0.0,0.259,11.228,actual_path,600
0,out/models/model_spotify100_model-it_3.prism, Pmax=? [F loc=1130] ,0,0.8981382715449934,0.435,7.272,reach_state,600
0,out/models/model_spotify100_model-it_2.prism,"Pmax=? [(F ""positive"") & ((X( loc=1 & ((X( loc=29 & ((X( loc=89 & ((X( loc=124 & ((X( loc=131 & ((X( loc=934 & (X( loc=954 ))))))))))))))))))))]",7,0.00739776373444759,12.778,11.359,random_path,600
0,out/models/model_spotify100_model-it_2.prism,"Pmax=? [(F ""positive"") & ((X( loc=1 & ((X( loc=7 & ((X( loc=67 & ((X( loc=123|loc=128 & ((X( loc=130|loc=135 & ((X( loc=1244 & (X( loc=1257 ))))))))))))))))))))]",7,0.007354292329797008,12.628,10.836,random_path,600
0,out/models/model_spotify100_model-it_2.prism,"Pmax=? [(F ""positive"") & ((X( loc=1 & ((X( loc=58 & ((X( loc=118 & ((X( loc=123|loc=128 & ((X( loc=130|loc=135 & ((X( loc=366 & (X( loc=429 ))))))))))))))))))))]",7,0.007354292329797008,14.168,11.465,random_path,600
0,out/models/model_spotify100_model-it_2.prism,"Pmax=? [(F ""positive"") & ((X( loc=1 & ((X( loc=11 & ((X( loc=71 & ((X( loc=124 & ((X( loc=131 & ((X( loc=607 & (X( loc=642 ))))))))))))))))))))]",7,0.007327770921400131,13.71,11.032,random_path,600
0,out/models/model_spotify100_model-it_2.prism,"Pmax=? [(F ""positive"") & ((X( loc=1 & ((X( loc=52 & ((X( loc=112 & ((X( loc=124 & ((X( loc=131 & ((X( loc=604 & (X( loc=639 ))))))))))))))))))))]",7,0.0073452672707406555,13.659,11.603,random_path,600
0,out/models/model_spotify100_model-it_2.prism,"Pmax=? [(F ""positive"") & ((X( loc=1 & ((X( loc=18 & ((X( loc=78 & ((X( loc=123|loc=128 & ((X( loc=130|loc=135 & ((X( loc=169 & ((X( loc=262 & (X( loc=322 )))))))))))))))))))))))]",8,0.0,0.975,11.094,actual_path,600
0,out/models/model_spotify100_model-it_2.prism,"Pmax=? [(F ""positive"") & ((X( loc=1 & ((X( loc=3 & ((X( loc=63 & ((X( loc=122 & ((X( loc=129 & ((X( loc=1042 & ((X( loc=1049 & (X( loc=322 )))))))))))))))))))))))]",8,1.7830753600780154E-5,12.972,10.758,random_path,600
0,out/models/model_spotify100_model-it_2.prism,"Pmax=? [(F ""positive"") & (X( loc=1 ))]",1,0.736493184099588,10.502,10.552,actual_path,600
0,out/models/model_spotify100_model-it_3.prism, Pmax=? [F loc=1287] ,0,0.8273044969459779,1.699,8.252,reach_state,600
0,out/models/model_spotify100_model-it_2.prism,"Pmax=? [(F ""positive"") & ((X( loc=1 & ((X( loc=13 & ((X( loc=73 & ((X( loc=122 & ((X( loc=129 & ((X( loc=185 & ((X( loc=278 & (X( loc=323 )))))))))))))))))))))))]",8,1.808744189351489E-5,13.742,11.312,random_path,600
0,out/models/model_spotify100_model-it_2.prism,"Pmax=? [(F ""positive"") & (X( loc=1 ))]",1,0.736493184099588,10.639,10.738,actual_path,600
0,out/models/model_spotify100_model-it_2.prism,"Pmax=? [(F ""positive"") & ((X( loc=1 & ((X( loc=12 & ((X( loc=72 & ((X( loc=124 & ((X( loc=131 & ((X( loc=459 & ((X( loc=470 & (X( loc=322 )))))))))))))))))))))))]",8,0.0026519193537160304,13.559,10.806,random_path,600
0,out/models/model_spotify100_model-it_2.prism,"Pmax=? [(F ""positive"") & (X( loc=1 ))]",1,0.736493184099588,11.259,10.837,actual_path,600
0,out/models/model_spotify100_model-it_2.prism,"Pmax=? [(F ""positive"") & ((X( loc=1 & ((X( loc=20 & ((X( loc=80 & ((X( loc=122 & ((X( loc=129 & ((X( loc=1158 & ((X( loc=1166 & ((X( loc=322 & (X( loc=324 ))))))))))))))))))))))))))]",9,1.7830753600780154E-5,13.46,10.596,random_path,600
0,out/models/model_spotify100_model-it_2.prism,"Pmax=? [(F ""positive"") & (X( loc=1 ))]",1,0.736493184099588,10.131,11.225,actual_path,600
0,out/models/model_spotify100_model-it_2.prism,"Pmax=? [(F ""positive"") & ((X( loc=1 & ((X( loc=14 & ((X( loc=74 & ((X( loc=123|loc=128 & ((X( loc=130|loc=135 & ((X( loc=215 & ((X( loc=308 & (X( loc=323 )))))))))))))))))))))))]",8,0.007354292329797008,14.558,11.305,random_path,600
0,out/models/model_spotify100_model-it_2.prism,"Pmax=? [(F ""positive"") & ((X( loc=1 & ((X( loc=46 & ((X( loc=106 & ((X( loc=122 & ((X( loc=129 & ((X( loc=820 & ((X( loc=837 & ((X( loc=322 & (X( loc=324 ))))))))))))))))))))))))))]",9,0.0,0.807,12.415,actual_path,600
0,out/models/model_spotify100_model-it_2.prism,"Pmax=? [(F ""positive"") & (X( loc=1 ))]",1,0.736493184099588,10.874,11.096,actual_path,600
0,out/models/model_spotify100_model-it_3.prism, Pmax=? [F loc=600] ,0,0.010741413294907706,4.623,7.811,reach_state,600
0,out/models/model_spotify100_model-it_2.prism,"Pmax=? [(F ""positive"") & ((X( loc=1 & ((X( loc=54 & ((X( loc=114 & ((X( loc=123|loc=128 & ((X( loc=130|loc=135 & ((X( loc=502 & ((X( loc=548 & ((X( loc=323 & (X( loc=325 ))))))))))))))))))))))))))]",9,0.007354292329797008,13.558,11.707,random_path,600
0,out/models/model_spotify100_model-it_2.prism,"Pmax=? [(F ""positive"") & ((X( loc=1 & ((X( loc=10 & ((X( loc=70 & ((X( loc=122 & ((X( loc=129 & ((X( loc=332 & ((X( loc=395 & (X( loc=323 )))))))))))))))))))))))]",8,3.617488378702978E-5,14.55,11.542,random_path,600
0,out/models/model_spotify100_model-it_2.prism,"Pmax=? [(F ""positive"") & ((X( loc=1 & ((X( loc=42 & ((X( loc=102 & ((X( loc=124 & ((X( loc=131 & ((X( loc=1416 & ((X( loc=1428 & ((X( loc=323 & (X( loc=325 ))))))))))))))))))))))))))]",9,0.00739776373444759,13.634,11.372,random_path,600
0,out/models/model_spotify100_model-it_2.prism,"Pmax=? [(F ""positive"") & ((X( loc=1 & ((X( loc=57 & ((X( loc=117 & ((X( loc=122 & ((X( loc=129 & ((X( loc=611 & ((X( loc=646 & ((X( loc=322 & (X( loc=324 ))))))))))))))))))))))))))]",9,1.7830753600780154E-5,13.874,11.733,random_path,600
0,out/models/model_spotify100_model-it_2.prism,"Pmax=? [(F ""positive"") & ((X( loc=1 & ((X( loc=43 & ((X( loc=103 & ((X( loc=126 & ((X( loc=133 & ((X( loc=934 & ((X( loc=954 & ((X( loc=323 & (X( loc=325 ))))))))))))))))))))))))))]",9,0.00739776373444759,13.27,11.604,random_path,600
0,out/models/model_spotify100_model-it_2.prism,"Pmax=? [(F ""positive"") & ((X( loc=1 & (X( loc=42 )))))]",2,0.00739776373444759,11.951,10.829,actual_path,600
0,out/models/model_spotify100_model-it_3.prism, Pmax=? [F loc=93] ,0,0.02,0.124,7.997,reach_state,600
0,out/models/model_spotify100_model-it_3.prism, Pmax=? [F loc=142] ,0,0.8981382715449934,0.522,8.302,reach_state,600
0,out/models/model_spotify100_model-it_3.prism, Pmax=? [F loc=1266] ,0,0.010008936220145218,5.284,7.671,reach_state,600
0,out/models/model_spotify100_model-it_2.prism,"Pmax=? [(F ""positive"") & ((X( loc=1 & (X( loc=38 )))))]",2,0.014752048648559236,12.006,11.761,actual_path,600
0,out/models/model_spotify100_model-it_2.prism,"Pmax=? [(F ""positive"") & ((X( loc=1 & ((X( loc=33 & (X( loc=93 ))))))))]",3,0.036688300102860144,12.89,11.517,actual_path,600
0,out/models/model_spotify100_model-it_3.prism, Pmax=? [F loc=740] ,0,0.01983312535484393,4.344,7.961,reach_state,600
0,out/models/model_spotify100_model-it_2.prism,"Pmax=? [(F ""positive"") & ((X( loc=1 & ((X( loc=22 & ((X( loc=82 & (X( loc=123|loc=128 )))))))))))]",4,0.007354292329797008,12.259,11.432,actual_path,600
0,out/models/model_spotify100_model-it_2.prism,"Pmax=? [(F ""positive"") & ((X( loc=1 & ((X( loc=22 & (X( loc=82 ))))))))]",3,0.014752048648559236,13.214,10.93,actual_path,600
0,out/models/model_spotify100_model-it_2.prism,"Pmax=? [(F ""positive"") & ((X( loc=1 & (X( loc=26 )))))]",2,0.01479552746889518,13.463,11.506,actual_path,600
0,out/models/model_spotify100_model-it_2.prism,"Pmax=? [(F ""positive"") & ((X( loc=1 & ((X( loc=26 & (X( loc=86 ))))))))]",3,0.01479552746889518,12.506,11.432,actual_path,600
0,out/models/model_spotify100_model-it_2.prism,"Pmax=? [(F ""positive"") & ((X( loc=1 & ((X( loc=29 & (X( loc=89 ))))))))]",3,0.029448564696934822,13.575,11.365,actual_path,600
0,out/models/model_spotify100_model-it_3.prism, Pmax=? [F loc=393] ,0,0.05164360928748993,4.898,7.641,reach_state,600
0,out/models/model_spotify100_model-it_3.prism, Pmax=? [F loc=1442] ,0,0.010744878017012193,5.014,8.206,reach_state,600
0,out/models/model_spotify100_model-it_3.prism, Pmax=? [F loc=1182] ,0,0.010008936220145218,6.001,8.03,reach_state,600
0,out/models/model_spotify100_model-it_2.prism,"Pmax=? [(F ""positive"") & ((X( loc=1 & ((X( loc=37 & ((X( loc=97 & ((X( loc=123|loc=128 & (X( loc=130|loc=135 ))))))))))))))]",5,0.007354292329797008,12.559,11.006,actual_path,600
0,out/models/model_spotify100_model-it_2.prism,"Pmax=? [(F ""positive"") & ((X( loc=1 & ((X( loc=22 & ((X( loc=82 & ((X( loc=124 & (X( loc=131 ))))))))))))))]",5,0.00739776373444759,12.037,11.496,actual_path,600
0,out/models/model_spotify100_model-it_2.prism,"Pmax=? [(F ""positive"") & ((X( loc=1 & ((X( loc=27 & ((X( loc=87 & ((X( loc=124 & ((X( loc=131 & (X( loc=152 )))))))))))))))))]",6,0.00735003900237898,12.148,11.485,actual_path,600
0,out/models/model_spotify100_model-it_3.prism,"Pmax=? [(F ""positive"") & (!(""positive"") U loc=163)]",0,0.5683907966734635,5.78,7.421,avoid_state,600
0,out/models/model_spotify100_model-it_3.prism,"Pmax=? [(F ""positive"") & (!(""positive"") U loc=466)]",0,0.006637498055884167,5.861,7.762,avoid_state,600
0,out/models/model_spotify100_model-it_2.prism,"Pmax=? [(F ""positive"") & ((X( loc=1 & ((X( loc=24 & ((X( loc=84 & ((X( loc=126 & ((X( loc=133 & ((X( loc=616 & (X( loc=651 ))))))))))))))))))))]",7,0.007337768835309002,12.426,11.778,actual_path,600
0,out/models/model_spotify100_model-it_3.prism,"Pmax=? [(F ""positive"") & (!(""positive"") U loc=1354)]",0,0.006435692486121914,6.621,7.648,avoid_state,600
0,out/models/model_spotify100_model-it_3.prism,"Pmax=? [(F ""positive"") & (!(""positive"") U loc=592)]",0,0.01340791225203047,6.316,7.567,avoid_state,600
0,out/models/model_spotify100_model-it_3.prism,"Pmax=? [(F ""positive"") & (!(""positive"") U loc=476)]",0,0.013143660046706444,6.036,7.984,avoid_state,600
0,out/models/model_spotify100_model-it_3.prism,"Pmax=? [(F ""positive"") & (!(""positive"") U loc=206)]",0,0.048540113069629465,6.228,7.662,avoid_state,600
0,out/models/model_spotify100_model-it_2.prism,"Pmax=? [(F ""positive"") & ((X( loc=1 & ((X( loc=30 & ((X( loc=90 & ((X( loc=122 & ((X( loc=129 & ((X( loc=1267 & ((X( loc=1274 & (X( loc=323 )))))))))))))))))))))))]",8,1.808744189351489E-5,13.258,11.244,actual_path,600
0,out/models/model_spotify100_model-it_3.prism,"Pmax=? [(F ""positive"") & (X( loc=1 ))]",1,0.6361006529158463,4.546,7.438,random_path,600
0,out/models/model_spotify100_model-it_3.prism,"Pmax=? [(F ""positive"") & (!(""positive"") U loc=778)]",0,0.511035815993428,5.953,7.545,avoid_state,600
0,out/models/model_spotify100_model-it_3.prism,"Pmax=? [(F ""positive"") & (!(""positive"") U loc=928)]",0,0.006182858957122934,5.566,7.949,avoid_state,600
0,out/models/model_spotify100_model-it_3.prism,"Pmax=? [(F ""positive"") & (!(""positive"") U loc=569)]",0,0.018923225796826787,5.876,7.78,avoid_state,600
0,out/models/model_spotify100_model-it_3.prism,"Pmax=? [(F ""positive"") & (X( loc=1 ))]",1,0.6361006529158463,4.792,7.663,random_path,600
0,out/models/model_spotify100_model-it_3.prism,"['start', 'companystart', 'startprofile_0_7_6']",0,-1,0.0,0.0,actual_path,600
0,out/models/model_spotify100_model-it_3.prism,"['start', 'companystart', 'startprofile_3_4_5']",0,-1,0.0,0.0,actual_path,600
0,out/models/model_spotify100_model-it_3.prism,"Pmax=? [(F ""positive"") & (X( loc=1 ))]",1,0.6361006529158463,5.0,7.822,random_path,600
0,out/models/model_spotify100_model-it_3.prism,"['start', 'companystart', 'startprofile_4_5_3']",0,-1,0.0,0.0,actual_path,600
0,out/models/model_spotify100_model-it_3.prism,"Pmax=? [(F ""positive"") & (X( loc=1 ))]",1,0.6361006529158463,5.298,8.023,random_path,600
0,out/models/model_spotify100_model-it_3.prism,"['start', 'companystart', 'startprofile_0_7_6', 'companystartprofile_0_7_6']",0,-1,0.0,0.0,actual_path,600
0,out/models/model_spotify100_model-it_3.prism,"['start', 'companystart', 'startprofile_3_8_7', 'companystartprofile_3_8_7']",0,-1,0.0,0.0,actual_path,600
0,out/models/model_spotify100_model-it_3.prism,"['start', 'companystart', 'startprofile_2_5_6', 'companystartprofile_2_5_6']",0,-1,0.0,0.0,actual_path,600
0,out/models/model_spotify100_model-it_3.prism,"Pmax=? [(F ""positive"") & (!(""positive"") U loc=1301)]",0,0.012584504238394268,6.817,7.551,avoid_state,600
0,out/models/model_spotify100_model-it_3.prism,"Pmax=? [(F ""positive"") & (X( loc=1 ))]",1,0.6361006529158463,5.43,9.087,random_path,600
0,out/models/model_spotify100_model-it_3.prism,"['start', 'companystart', 'startprofile_0_9_4', 'companystartprofile_0_9_4', 'select_context_catalog']",0,-1,0.0,0.0,actual_path,600
0,out/models/model_spotify100_model-it_3.prism,"Pmax=? [(F ""positive"") & ((X( loc=1 & (X( loc=31 )))))]",2,0.00629877471742197,5.457,7.915,random_path,600
0,out/models/model_spotify100_model-it_3.prism,"Pmax=? [(F ""positive"") & ((X( loc=1 & (X( loc=5 )))))]",2,0.00632484097940434,6.596,7.677,random_path,600
0,out/models/model_spotify100_model-it_3.prism,"Pmax=? [(F ""positive"") & ((X( loc=1 & ((X( loc=56 & (X( loc=114 ))))))))]",3,0.00632484097940434,5.98,7.631,random_path,600
0,out/models/model_spotify100_model-it_3.prism,"['start', 'companystart', 'startprofile_3_3_4', 'companystartprofile_3_3_4', 'select_context_user_collection']",0,-1,0.0,0.0,actual_path,600
0,out/models/model_spotify100_model-it_3.prism,"Pmax=? [(F ""positive"") & ((X( loc=1 & (X( loc=46 )))))]",2,0.006429466125277716,6.045,8.042,random_path,600
0,out/models/model_spotify100_model-it_3.prism,"['start', 'companystart', 'startprofile_0_7_6', 'companystartprofile_0_7_6', 'select_context_user_collection', 'companyselect_context_user_collection']",0,-1,0.0,0.0,actual_path,600
0,out/models/model_spotify100_model-it_3.prism,"Pmax=? [(F ""positive"") & ((X( loc=1 & (X( loc=13 )))))]",2,0.006429466125277716,6.143,7.787,random_path,600
0,out/models/model_spotify100_model-it_3.prism,"['start', 'companystart', 'startprofile_6_4_4', 'companystartprofile_6_4_4', 'select_context_catalog', 'companyselect_context_catalog']",0,-1,0.0,0.0,actual_path,600
0,out/models/model_spotify100_model-it_3.prism,"Pmax=? [(F ""positive"") & ((X( loc=1 & (X( loc=53 )))))]",2,0.012754307104682058,6.401,7.715,random_path,600
0,out/models/model_spotify100_model-it_3.prism,"['start', 'companystart', 'startprofile_7_2_2', 'companystartprofile_7_2_2', 'select_context_radio', 'customerselect_context_radio', 'song_10_major_6_2_4']",0,-1,0.0,0.0,actual_path,600
0,out/models/model_spotify100_model-it_3.prism,"Pmax=? [(F ""positive"") & ((X( loc=1 & ((X( loc=59 & (X( loc=117 ))))))))]",3,0.00632484097940434,6.362,7.648,random_path,600
0,out/models/model_spotify100_model-it_3.prism,"Pmax=? [(F ""positive"") & ((X( loc=1 & ((X( loc=4 & (X( loc=62 ))))))))]",3,0.00632484097940434,6.506,7.765,random_path,600
0,out/models/model_spotify100_model-it_3.prism,"['start', 'companystart', 'startprofile_2_5_7', 'companystartprofile_2_5_7', 'select_context_editorial_playlist', 'customerselect_context_editorial_playlist', 'song_0_major_1_2_5']",0,-1,0.0,0.0,actual_path,600
0,out/models/model_spotify100_model-it_3.prism,"Pmax=? [(F ""positive"") & ((X( loc=1 & ((X( loc=19 & (X( loc=77 ))))))))]",3,0.006429466125277716,6.478,7.831,random_path,600
0,out/models/model_spotify100_model-it_3.prism,"Pmax=? [(F ""positive"") & ((X( loc=1 & ((X( loc=52 & ((X( loc=110 & (X( loc=120 )))))))))))]",4,0.006429466125277716,6.133,7.793,random_path,600
0,out/models/model_spotify100_model-it_3.prism,"['start', 'companystart', 'startprofile_4_7_4', 'companystartprofile_4_7_4', 'select_context_editorial_playlist', 'customerselect_context_editorial_playlist', 'song_10_major_2_7_6', 'companysong_10_major_2_7_6']",0,-1,0.0,0.0,actual_path,600
0,out/models/model_spotify100_model-it_3.prism,"Pmax=? [(F ""positive"") & ((X( loc=1 & ((X( loc=29 & ((X( loc=87 & (X( loc=118|loc=123 )))))))))))]",4,0.012649681958808678,5.46,8.184,random_path,600
0,out/models/model_spotify100_model-it_3.prism,"['start', 'companystart', 'startprofile_0_4_7', 'companystartprofile_0_4_7', 'select_context_catalog', 'companyselect_context_catalog', 'played_90_minor_0_5_7', 'companyplayed_90_minor_0_5_7']",0,-1,0.0,0.0,actual_path,600
0,out/models/model_spotify100_model-it_3.prism,"['start', 'companystart', 'startprofile_3_7_5', 'companystartprofile_3_7_5', 'select_context_catalog', 'companyselect_context_catalog', 'played_10_major_1_7_5', 'companyplayed_10_major_1_7_5']",0,-1,0.0,0.0,actual_path,600
0,out/models/model_spotify100_model-it_3.prism,"['start', 'companystart', 'startprofile_0_1_4', 'companystartprofile_0_1_4', 'select_context_catalog', 'companyselect_context_catalog', 'played_10_major_0_0_8', 'companyplayed_10_major_0_0_8', 'skipped']",0,-1,0.0,0.0,actual_path,600
0,out/models/model_spotify100_model-it_3.prism,"['start', 'companystart', 'startprofile_0_7_6', 'companystartprofile_0_7_6', 'select_context_user_collection', 'companyselect_context_user_collection', 'played_70_minor_0_6_7', 'companyplayed_70_minor_0_6_7', 'not_skipped']",0,-1,0.0,0.0,actual_path,600
0,out/models/model_spotify100_model-it_3.prism,"['start', 'companystart', 'startprofile_0_8_4', 'companystartprofile_0_8_4', 'select_context_catalog', 'companyselect_context_catalog', 'played_10_minor_0_8_2', 'companyplayed_10_minor_0_8_2', 'skipped']",0,-1,0.0,0.0,actual_path,600
0,out/models/model_spotify100_model-it_3.prism,"Pmax=? [(F ""positive"") & ((X( loc=1 & ((X( loc=26 & ((X( loc=84 & ((X( loc=119 & (X( loc=126 ))))))))))))))]",5,0.00629877471742197,5.587,7.946,random_path,600
0,out/models/model_spotify100_model-it_3.prism,"Pmax=? [(F ""positive"") & ((X( loc=1 & ((X( loc=16 & ((X( loc=74 & (X( loc=119 )))))))))))]",4,0.00629877471742197,6.537,7.892,random_path,600
0,out/models/model_spotify100_model-it_3.prism,"Pmax=? [(F ""positive"") & ((X( loc=1 & ((X( loc=26 & ((X( loc=84 & ((X( loc=119 & (X( loc=126 ))))))))))))))]",5,0.00629877471742197,6.015,8.329,random_path,600
0,out/models/model_spotify100_model-it_3.prism,"['start', 'companystart', 'startprofile_2_6_6', 'companystartprofile_2_6_6', 'select_context_editorial_playlist', 'customerselect_context_editorial_playlist', 'song_80_major_0_5_9', 'companysong_80_major_0_5_9', 'not_skipped', 'companynot_skipped']",0,-1,0.0,0.0,actual_path,600
0,out/models/model_spotify100_model-it_3.prism,"['start', 'companystart', 'startprofile_4_5_3', 'companystartprofile_4_5_3', 'select_context_catalog', 'companyselect_context_catalog', 'played_0_minor_6_4_8', 'companyplayed_0_minor_6_4_8', 'skipped', 'companyskipped']",0,-1,0.0,0.0,actual_path,600
0,out/models/model_spotify100_model-it_3.prism,"Pmax=? [(F ""positive"") & ((X( loc=1 & ((X( loc=32 & ((X( loc=90 & (X( loc=119 )))))))))))]",4,0.00629877471742197,6.141,8.821,random_path,600
0,out/models/model_spotify100_model-it_3.prism,"Pmax=? [(F ""positive"") & ((X( loc=1 & ((X( loc=46 & ((X( loc=104 & ((X( loc=120 & (X( loc=127 ))))))))))))))]",5,0.006429466125277716,6.183,7.642,random_path,600
0,out/models/model_spotify100_model-it_3.prism,"['start', 'companystart', 'startprofile_0_6_6', 'companystartprofile_0_6_6', 'select_context_user_collection', 'companyselect_context_user_collection', 'played_10_minor_0_4_8', 'companyplayed_10_minor_0_4_8', 'skipped', 'companyskipped']",0,-1,0.0,0.0,actual_path,600
0,out/models/model_spotify100_model-it_3.prism,"Pmax=? [(F ""positive"") & ((X( loc=1 & ((X( loc=30 & ((X( loc=88 & ((X( loc=120 & (X( loc=127 ))))))))))))))]",5,0.006429466125277715,6.984,7.942,random_path,600
0,out/models/model_spotify100_model-it_3.prism,"Pmax=? [(F ""positive"") & ((X( loc=1 & ((X( loc=43 & ((X( loc=101 & ((X( loc=121 & (X( loc=128 ))))))))))))))]",5,0.006429466125277716,5.689,8.817,random_path,600
0,out/models/model_spotify100_model-it_3.prism,"Pmax=? [(F ""positive"") & ((X( loc=1 & ((X( loc=39 & (X( loc=97 ))))))))]",3,0.00632484097940434,8.039,8.411,random_path,600
0,out/models/model_spotify100_model-it_3.prism,"Pmax=? [(F ""positive"") & ((X( loc=1 & ((X( loc=51 & ((X( loc=109 & (X( loc=118|loc=123 )))))))))))]",4,0.00632484097940434,8.183,8.47,random_path,600
0,out/models/model_spotify100_model-it_3.prism,"Pmax=? [(F ""positive"") & ((X( loc=1 & ((X( loc=13 & ((X( loc=71 & ((X( loc=120 & ((X( loc=127 & (X( loc=1365 )))))))))))))))))]",6,0.006429466125277716,5.952,8.506,random_path,600
0,out/models/model_spotify100_model-it_3.prism,"Pmax=? [(F ""positive"") & ((X( loc=1 & ((X( loc=33 & ((X( loc=91 & ((X( loc=118|loc=123 & ((X( loc=125|loc=130 & (X( loc=192 )))))))))))))))))]",6,0.003144617509096337,6.357,8.074,random_path,600
0,out/models/model_spotify100_model-it_3.prism,"Pmax=? [(F ""positive"") & ((X( loc=1 & ((X( loc=3 & ((X( loc=61 & ((X( loc=119 & ((X( loc=126 & ((X( loc=587 & (X( loc=612 ))))))))))))))))))))]",7,2.387597776098931E-5,6.183,8.198,random_path,600
0,out/models/model_spotify100_model-it_3.prism,"Pmax=? [(F ""positive"") & ((X( loc=1 & ((X( loc=36 & ((X( loc=94 & ((X( loc=120 & ((X( loc=127 & (X( loc=1421 )))))))))))))))))]",6,0.006429466125277716,7.054,7.84,random_path,600
0,out/models/model_spotify100_model-it_3.prism,"Pmax=? [(F ""positive"") & ((X( loc=1 & ((X( loc=43 & ((X( loc=101 & ((X( loc=121 & ((X( loc=128 & (X( loc=1462 )))))))))))))))))]",6,0.006429466125277716,6.463,8.688,random_path,600
0,out/models/model_spotify100_model-it_3.prism,"Pmax=? [(F ""positive"") & ((X( loc=1 & ((X( loc=35 & ((X( loc=93 & ((X( loc=118|loc=123 & ((X( loc=125|loc=130 & ((X( loc=852 & (X( loc=868 ))))))))))))))))))))]",7,0.01264968195880868,7.27,7.589,random_path,600
0,out/models/model_spotify100_model-it_3.prism,"Pmax=? [(F ""positive"") & ((X( loc=1 & ((X( loc=19 & ((X( loc=77 & ((X( loc=120 & ((X( loc=127 & (X( loc=932 )))))))))))))))))]",6,0.006345327461026691,6.607,8.953,random_path,600
0,out/models/model_spotify100_model-it_3.prism,"Pmax=? [(F ""positive"") & ((X( loc=1 & ((X( loc=10 & ((X( loc=68 & ((X( loc=120 & ((X( loc=127 & ((X( loc=1163 & (X( loc=1175 ))))))))))))))))))))]",7,0.012606516257802354,6.214,8.455,random_path,600
0,out/models/model_spotify100_model-it_3.prism,"Pmax=? [(F ""positive"") & ((X( loc=1 & ((X( loc=10 & ((X( loc=68 & ((X( loc=121 & ((X( loc=128 & ((X( loc=910 & (X( loc=918 ))))))))))))))))))))]",7,0.006429466125277715,6.682,8.186,random_path,600
0,out/models/model_spotify100_model-it_3.prism,"Pmax=? [(F ""positive"") & ((X( loc=1 & ((X( loc=41 & ((X( loc=99 & (X( loc=119 )))))))))))]",4,0.0,0.241,7.826,actual_path,600
0,out/models/model_spotify100_model-it_3.prism,"Pmax=? [(F ""positive"") & ((X( loc=1 & ((X( loc=52 & ((X( loc=110 & ((X( loc=118|loc=123 & ((X( loc=125|loc=130 & ((X( loc=811 & ((X( loc=824 & (X( loc=311 )))))))))))))))))))))))]",8,0.00632484097940434,6.572,7.49,random_path,600
0,out/models/model_spotify100_model-it_3.prism,"Pmax=? [(F ""positive"") & ((X( loc=1 & ((X( loc=9 & ((X( loc=67 & ((X( loc=118|loc=123 & ((X( loc=125|loc=130 & ((X( loc=341 & (X( loc=388 ))))))))))))))))))))]",7,0.00632484097940434,6.289,8.726,random_path,600
0,out/models/model_spotify100_model-it_3.prism,"Pmax=? [(F ""positive"") & ((X( loc=1 & ((X( loc=37 & ((X( loc=95 & ((X( loc=118|loc=123 & ((X( loc=125|loc=130 & ((X( loc=951 & ((X( loc=965 & (X( loc=311 )))))))))))))))))))))))]",8,0.00632484097940434,6.641,8.332,random_path,600
0,out/models/model_spotify100_model-it_3.prism,"Pmax=? [(F ""positive"") & ((X( loc=1 & ((X( loc=45 & ((X( loc=103 & (X( loc=119 )))))))))))]",4,0.0,0.21,7.56,actual_path,600
0,out/models/model_spotify100_model-it_3.prism,"Pmax=? [(F ""positive"") & ((X( loc=1 & ((X( loc=18 & ((X( loc=76 & ((X( loc=118|loc=123 & (X( loc=125|loc=130 ))))))))))))))]",5,0.0,0.272,8.035,actual_path,600
0,out/models/model_spotify100_model-it_3.prism,"Pmax=? [(F ""positive"") & ((X( loc=1 & ((X( loc=59 & ((X( loc=117 & ((X( loc=118|loc=123 & ((X( loc=125|loc=130 & ((X( loc=152 & ((X( loc=241 & (X( loc=311 )))))))))))))))))))))))]",8,0.00632484097940434,7.226,8.636,random_path,600
0,out/models/model_spotify100_model-it_3.prism,"Pmax=? [(F ""positive"") & ((X( loc=1 & ((X( loc=29 & ((X( loc=87 & ((X( loc=121 & (X( loc=128 ))))))))))))))]",5,0.0,0.27,8.157,actual_path,600
0,out/models/model_spotify100_model-it_3.prism,"Pmax=? [(F ""positive"") & ((X( loc=1 & ((X( loc=39 & ((X( loc=97 & ((X( loc=118|loc=123 & ((X( loc=125|loc=130 & ((X( loc=929 & ((X( loc=941 & (X( loc=311 )))))))))))))))))))))))]",8,0.00632484097940434,7.032,8.228,random_path,600
0,out/models/model_spotify100_model-it_3.prism,"Pmax=? [(F ""positive"") & (X( loc=1 ))]",1,0.6361006529158463,4.888,8.212,actual_path,600
0,out/models/model_spotify100_model-it_3.prism,"Pmax=? [(F ""positive"") & (X( loc=1 ))]",1,0.6361006529158463,4.642,8.368,actual_path,600
0,out/models/model_spotify100_model-it_3.prism,"Pmax=? [(F ""positive"") & ((X( loc=1 & ((X( loc=22 & ((X( loc=80 & ((X( loc=118|loc=123 & ((X( loc=125|loc=130 & ((X( loc=696 & ((X( loc=714 & (X( loc=310 )))))))))))))))))))))))]",8,0.00632484097940434,8.399,7.387,random_path,600
0,out/models/model_spotify100_model-it_3.prism,"Pmax=? [(F ""positive"") & ((X( loc=1 & ((X( loc=25 & ((X( loc=83 & ((X( loc=120 & ((X( loc=127 & ((X( loc=145 & (X( loc=234 ))))))))))))))))))))]",7,0.0,0.348,7.815,actual_path,600
0,out/models/model_spotify100_model-it_3.prism,"Pmax=? [(F ""positive"") & (X( loc=1 ))]",1,0.6361006529158463,5.152,8.438,actual_path,600
0,out/models/model_spotify100_model-it_3.prism,"Pmax=? [(F ""positive"") & ((X( loc=1 & ((X( loc=15 & ((X( loc=73 & ((X( loc=118|loc=123 & ((X( loc=125|loc=130 & ((X( loc=963 & ((X( loc=977 & ((X( loc=310 & (X( loc=312 ))))))))))))))))))))))))))]",9,0.00632484097940434,8.292,7.993,random_path,600
0,out/models/model_spotify100_model-it_3.prism,"Pmax=? [(F ""positive"") & ((X( loc=1 & ((X( loc=9 & ((X( loc=67 & ((X( loc=120 & ((X( loc=127 & ((X( loc=478 & ((X( loc=512 & (X( loc=311 )))))))))))))))))))))))]",8,0.0,0.562,7.826,actual_path,600
0,out/models/model_spotify100_model-it_3.prism,"Pmax=? [(F ""positive"") & ((X( loc=1 & ((X( loc=6 & ((X( loc=64 & ((X( loc=120 & ((X( loc=127 & ((X( loc=546 & ((X( loc=573 & ((X( loc=311 & (X( loc=313 ))))))))))))))))))))))))))]",9,0.003214733062638858,6.408,10.302,random_path,600
0,out/models/model_spotify100_model-it_3.prism,"Pmax=? [(F ""positive"") & ((X( loc=1 & (X( loc=29 )))))]",2,0.01907914808408639,5.573,7.527,actual_path,600
0,out/models/model_spotify100_model-it_3.prism,"Pmax=? [(F ""positive"") & (X( loc=1 ))]",1,0.6361006529158463,5.321,8.506,actual_path,600
0,out/models/model_spotify100_model-it_3.prism,"Pmax=? [(F ""positive"") & ((X( loc=1 & ((X( loc=32 & ((X( loc=90 & ((X( loc=118|loc=123 & ((X( loc=125|loc=130 & ((X( loc=635 & ((X( loc=658 & ((X( loc=311 & (X( loc=313 ))))))))))))))))))))))))))]",9,0.00632484097940434,8.051,7.527,random_path,600
0,out/models/model_spotify100_model-it_3.prism,"Pmax=? [(F ""positive"") & ((X( loc=1 & ((X( loc=42 & (X( loc=100 ))))))))]",3,0.006429466125277716,5.539,7.815,actual_path,600
0,out/models/model_spotify100_model-it_3.prism,"Pmax=? [(F ""positive"") & ((X( loc=1 & (X( loc=34 )))))]",2,0.006429466125277716,5.752,8.206,actual_path,600
0,out/models/model_spotify100_model-it_3.prism,"Pmax=? [(F ""positive"") & ((X( loc=1 & ((X( loc=33 & ((X( loc=91 & ((X( loc=120 & ((X( loc=127 & ((X( loc=202 & ((X( loc=291 & (X( loc=310 )))))))))))))))))))))))]",8,0.0,0.957,8.101,actual_path,600
0,out/models/model_spotify100_model-it_3.prism,"Pmax=? [(F ""positive"") & (X( loc=1 ))]",1,0.6361006529158463,5.259,9.0,actual_path,600
0,out/models/model_spotify100_model-it_3.prism,"Pmax=? [(F ""positive"") & ((X( loc=1 & ((X( loc=39 & ((X( loc=97 & ((X( loc=118|loc=123 & ((X( loc=125|loc=130 & ((X( loc=1404 & ((X( loc=1408 & ((X( loc=311 & (X( loc=313 ))))))))))))))))))))))))))]",9,0.00632484097940434,8.479,8.883,random_path,600
0,out/models/model_spotify100_model-it_3.prism,"Pmax=? [(F ""positive"") & ((X( loc=1 & ((X( loc=33 & ((X( loc=91 & (X( loc=118|loc=123 )))))))))))]",4,0.0191341441580396,5.474,7.875,actual_path,600
0,out/models/model_spotify100_model-it_3.prism,"Pmax=? [(F ""positive"") & ((X( loc=1 & ((X( loc=32 & (X( loc=90 ))))))))]",3,0.02548254794738174,5.876,8.09,actual_path,600
0,out/models/model_spotify100_model-it_3.prism,"Pmax=? [(F ""positive"") & ((X( loc=1 & ((X( loc=57 & ((X( loc=115 & ((X( loc=118|loc=123 & ((X( loc=125|loc=130 & ((X( loc=463 & ((X( loc=497 & ((X( loc=311 & (X( loc=313 ))))))))))))))))))))))))))]",9,0.00632484097940434,8.793,8.348,random_path,600
0,out/models/model_spotify100_model-it_3.prism,"Pmax=? [(F ""positive"") & ((X( loc=1 & ((X( loc=34 & ((X( loc=92 & ((X( loc=120 & ((X( loc=127 & (X( loc=186 )))))))))))))))))]",6,0.006278016529625869,5.713,7.924,actual_path,600
0,out/models/model_spotify100_model-it_3.prism,"Pmax=? [(F ""positive"") & ((X( loc=1 & ((X( loc=29 & ((X( loc=87 & ((X( loc=120 & (X( loc=127 ))))))))))))))]",5,0.006429466125277715,6.984,7.793,actual_path,600
0,out/models/model_spotify100_model-it_3.prism,"Pmax=? [(F ""positive"") & ((X( loc=1 & ((X( loc=7 & ((X( loc=65 & ((X( loc=118|loc=123 & ((X( loc=125|loc=130 & ((X( loc=812 & (X( loc=825 ))))))))))))))))))))]",7,0.00632484097940434,6.211,8.02,actual_path,600
0,out/models/model_spotify100_model-it_3.prism,"Pmax=? [(F ""positive"") & ((X( loc=1 & ((X( loc=29 & ((X( loc=87 & ((X( loc=120 & ((X( loc=127 & (X( loc=1157 )))))))))))))))))]",6,0.0061770563423215,6.497,8.658,actual_path,600
0,out/models/model_spotify100_model-it_3.prism,"Pmax=? [(F ""positive"") & ((X( loc=1 & ((X( loc=29 & ((X( loc=87 & ((X( loc=120 & ((X( loc=127 & ((X( loc=158 & ((X( loc=247 & ((X( loc=310 & (X( loc=312 ))))))))))))))))))))))))))]",9,0.0037062338053929,6.8,7.966,actual_path,600
0,out/models/model_spotify100_model-it_3.prism,"Pmax=? [(F ""positive"") & ((X( loc=1 & ((X( loc=21 & ((X( loc=79 & ((X( loc=120 & ((X( loc=127 & (X( loc=478 )))))))))))))))))]",6,0.012638068256896492,7.039,8.922,actual_path,600
0,out/models/model_spotify100_model-it_4.prism, Pmax=? [F loc=429] ,0,0.08050116518922491,5.538,9.348,reach_state,600
0,out/models/model_spotify100_model-it_4.prism, Pmax=? [F loc=758] ,0,0.01091057469352612,5.746,9.37,reach_state,600
0,out/models/model_spotify100_model-it_4.prism, Pmax=? [F loc=1372] ,0,0.010379607564005498,5.777,8.732,reach_state,600
0,out/models/model_spotify100_model-it_4.prism, Pmax=? [F loc=747] ,0,0.030536420247941287,6.006,9.886,reach_state,600
0,out/models/model_spotify100_model-it_4.prism, Pmax=? [F loc=333] ,0,0.020556453943120036,6.275,9.957,reach_state,600
0,out/models/model_spotify100_model-it_4.prism, Pmax=? [F loc=1437] ,0,0.8052076474228768,3.904,10.693,reach_state,600
0,out/models/model_spotify100_model-it_4.prism, Pmax=? [F loc=727] ,0,0.02107807309595733,6.29,9.636,reach_state,600
0,out/models/model_spotify100_model-it_4.prism, Pmax=? [F loc=1399] ,0,0.010381448637711895,5.64,8.773,reach_state,600
0,out/models/model_spotify100_model-it_4.prism, Pmax=? [F loc=546] ,0,0.0310563909042537,6.26,9.269,reach_state,600
0,out/models/model_spotify100_model-it_4.prism, Pmax=? [F loc=1327] ,0,0.010379607564005498,6.496,8.777,reach_state,600
0,out/models/model_spotify100_model-it_3.prism,"Pmax=? [(F ""positive"") & ((X( loc=1 & ((X( loc=28 & ((X( loc=86 & ((X( loc=118|loc=123 & ((X( loc=125|loc=130 & ((X( loc=199 & ((X( loc=288 & ((X( loc=311 & (X( loc=313 ))))))))))))))))))))))))))]",9,0.012649681958808678,10.166,8.049,actual_path,600
0,out/models/model_spotify100_model-it_4.prism,"Pmax=? [(F ""positive"") & (!(""positive"") U loc=1247)]",0,0.0072630804947678195,8.261,8.769,avoid_state,600
0,out/models/model_spotify100_model-it_4.prism,"Pmax=? [(F ""positive"") & (X( loc=1 ))]",1,0.6640951703743597,6.032,8.319,random_path,600
0,out/models/model_spotify100_model-it_4.prism,"Pmax=? [(F ""positive"") & (!(""positive"") U loc=146)]",0,0.028124777811204982,8.363,9.499,avoid_state,600
0,out/models/model_spotify100_model-it_4.prism,"Pmax=? [(F ""positive"") & (!(""positive"") U loc=1300)]",0,0.5319837164476958,6.936,10.376,avoid_state,600
0,out/models/model_spotify100_model-it_4.prism,"Pmax=? [(F ""positive"") & (!(""positive"") U loc=1093)]",0,0.5319837164476958,7.362,9.165,avoid_state,600
0,out/models/model_spotify100_model-it_4.prism,"Pmax=? [(F ""positive"") & (!(""positive"") U loc=777)]",0,0.5783112760236647,6.679,8.716,avoid_state,600
0,out/models/model_spotify100_model-it_4.prism,"Pmax=? [(F ""positive"") & (!(""positive"") U loc=501)]",0,0.00726308049476782,7.327,9.133,avoid_state,600
0,out/models/model_spotify100_model-it_4.prism,"Pmax=? [(F ""positive"") & (!(""positive"") U loc=1493)]",0,0.007263080494767821,7.544,9.021,avoid_state,600
0,out/models/model_spotify100_model-it_4.prism,"Pmax=? [(F ""positive"") & (!(""positive"") U loc=350)]",0,0.0069122167566335714,7.306,10.401,avoid_state,600
0,out/models/model_spotify100_model-it_4.prism,"Pmax=? [(F ""positive"") & (!(""positive"") U loc=334)]",0,0.5340921698347812,7.124,9.169,avoid_state,600
0,out/models/model_spotify100_model-it_4.prism,"Pmax=? [(F ""positive"") & (X( loc=1 ))]",1,0.6640951703743597,5.683,9.753,random_path,600
0,out/models/model_spotify100_model-it_4.prism,"Pmax=? [(F ""positive"") & (X( loc=1 ))]",1,0.6640951703743597,5.581,8.709,random_path,600
0,out/models/model_spotify100_model-it_4.prism,"['start', 'companystart', 'startprofile_0_7_8']",0,-1,0.0,0.0,actual_path,600
0,out/models/model_spotify100_model-it_4.prism,"['start', 'companystart', 'startprofile_3_6_6']",0,-1,0.0,0.0,actual_path,600
0,out/models/model_spotify100_model-it_4.prism,"['start', 'companystart', 'startprofile_2_5_7']",0,-1,0.0,0.0,actual_path,600
0,out/models/model_spotify100_model-it_4.prism,"['start', 'companystart', 'startprofile_0_4_9']",0,-1,0.0,0.0,actual_path,600
0,out/models/model_spotify100_model-it_4.prism,"['start', 'companystart', 'startprofile_0_6_8', 'companystartprofile_0_6_8']",0,-1,0.0,0.0,actual_path,600
0,out/models/model_spotify100_model-it_4.prism,"Pmax=? [(F ""positive"") & (!(""positive"") U loc=946)]",0,0.00720866246413934,8.155,9.037,avoid_state,600
0,out/models/model_spotify100_model-it_4.prism,"['start', 'companystart', 'startprofile_3_7_4', 'companystartprofile_3_7_4']",0,-1,0.0,0.0,actual_path,600
0,out/models/model_spotify100_model-it_4.prism,"Pmax=? [(F ""positive"") & (X( loc=1 ))]",1,0.6640951703743597,6.493,9.849,random_path,600
0,out/models/model_spotify100_model-it_4.prism,"Pmax=? [(F ""positive"") & (X( loc=1 ))]",1,0.6640951703743597,5.786,10.696,random_path,600
0,out/models/model_spotify100_model-it_4.prism,"Pmax=? [(F ""positive"") & ((X( loc=1 & (X( loc=25 )))))]",2,0.06637257676025436,7.254,9.049,random_path,600
0,out/models/model_spotify100_model-it_4.prism,"['start', 'companystart', 'startprofile_6_6_4', 'companystartprofile_6_6_4', 'select_context_catalog']",0,-1,0.0,0.0,actual_path,600
0,out/models/model_spotify100_model-it_4.prism,"['start', 'companystart', 'startprofile_4_6_6', 'companystartprofile_4_6_6', 'select_context_radio']",0,-1,0.0,0.0,actual_path,600
0,out/models/model_spotify100_model-it_4.prism,"Pmax=? [(F ""positive"") & ((X( loc=1 & (X( loc=23 )))))]",2,0.013269836154868986,7.174,9.047,random_path,600
0,out/models/model_spotify100_model-it_4.prism,"['start', 'companystart', 'startprofile_7_4_3', 'companystartprofile_7_4_3', 'select_context_editorial_playlist']",0,-1,0.0,0.0,actual_path,600
0,out/models/model_spotify100_model-it_4.prism,"Pmax=? [(F ""positive"") & ((X( loc=1 & ((X( loc=49 & ((X( loc=101 & (X( loc=106|loc=111 )))))))))))]",4,0.006634133504833844,6.437,8.536,random_path,600
0,out/models/model_spotify100_model-it_4.prism,"Pmax=? [(F ""positive"") & ((X( loc=1 & (X( loc=26 )))))]",2,0.006634133504833844,6.859,10.738,random_path,600
0,out/models/model_spotify100_model-it_4.prism,"Pmax=? [(F ""positive"") & ((X( loc=1 & (X( loc=44 )))))]",2,0.006634133504833844,7.49,8.926,random_path,600
0,out/models/model_spotify100_model-it_4.prism,"['start', 'companystart', 'startprofile_6_5_4', 'companystartprofile_6_5_4', 'select_context_catalog', 'companyselect_context_catalog']",0,-1,0.0,0.0,actual_path,600
0,out/models/model_spotify100_model-it_4.prism,"['start', 'companystart', 'startprofile_0_9_6', 'companystartprofile_0_9_6', 'select_context_radio', 'customerselect_context_radio']",0,-1,0.0,0.0,actual_path,600
0,out/models/model_spotify100_model-it_4.prism,"Pmax=? [(F ""positive"") & ((X( loc=1 & ((X( loc=14 & (X( loc=66 ))))))))]",3,0.006635702650035141,6.846,9.562,random_path,600
0,out/models/model_spotify100_model-it_4.prism,"['start', 'companystart', 'startprofile_6_7_5', 'companystartprofile_6_7_5', 'select_context_editorial_playlist', 'customerselect_context_editorial_playlist', 'song_10_major_4_7_5']",0,-1,0.0,0.0,actual_path,600
0,out/models/model_spotify100_model-it_4.prism,"['start', 'companystart', 'startprofile_3_5_5', 'companystartprofile_3_5_5', 'select_context_user_collection', 'companyselect_context_user_collection', 'played_10_minor_7_4_4']",0,-1,0.0,0.0,actual_path,600
0,out/models/model_spotify100_model-it_4.prism,"Pmax=? [(F ""positive"") & ((X( loc=1 & ((X( loc=6 & (X( loc=58 ))))))))]",3,0.006659082689890616,7.226,9.255,random_path,600
0,out/models/model_spotify100_model-it_4.prism,"Pmax=? [(F ""positive"") & ((X( loc=1 & ((X( loc=41 & ((X( loc=93 & (X( loc=110 )))))))))))]",4,0.006659082689890616,7.062,8.409,random_path,600
0,out/models/model_spotify100_model-it_4.prism,"['start', 'companystart', 'startprofile_2_7_7', 'companystartprofile_2_7_7', 'select_context_radio', 'customerselect_context_radio', 'song_0_minor_2_6_7', 'companysong_0_minor_2_6_7']",0,-1,0.0,0.0,actual_path,600
0,out/models/model_spotify100_model-it_4.prism,"Pmax=? [(F ""positive"") & ((X( loc=1 & ((X( loc=8 & ((X( loc=60 & (X( loc=106|loc=111 )))))))))))]",4,0.013268267009667689,6.701,9.165,random_path,600
0,out/models/model_spotify100_model-it_4.prism,"Pmax=? [(F ""positive"") & ((X( loc=1 & ((X( loc=36 & ((X( loc=88 & ((X( loc=110 & (X( loc=116 ))))))))))))))]",5,0.006659082689890616,6.919,8.422,random_path,600
0,out/models/model_spotify100_model-it_4.prism,"['start', 'companystart', 'startprofile_1_9_5', 'companystartprofile_1_9_5', 'select_context_editorial_playlist', 'customerselect_context_editorial_playlist', 'song_10_minor_0_9_4', 'companysong_10_minor_0_9_4']",0,-1,0.0,0.0,actual_path,600
0,out/models/model_spotify100_model-it_4.prism,"Pmax=? [(F ""positive"") & ((X( loc=1 & ((X( loc=32 & (X( loc=84 ))))))))]",3,0.01329478533992576,7.032,9.628,random_path,600
0,out/models/model_spotify100_model-it_4.prism,"Pmax=? [(F ""positive"") & ((X( loc=1 & (X( loc=21 )))))]",2,0.019930487989960895,7.801,9.81,random_path,600
0,out/models/model_spotify100_model-it_4.prism,"Pmax=? [(F ""positive"") & ((X( loc=1 & ((X( loc=24 & (X( loc=76 ))))))))]",3,0.01995386802981637,7.15,9.486,random_path,600
0,out/models/model_spotify100_model-it_4.prism,"Pmax=? [(F ""positive"") & ((X( loc=1 & ((X( loc=17 & ((X( loc=69 & ((X( loc=110 & (X( loc=116 ))))))))))))))]",5,0.006659082689890616,7.591,8.721,random_path,600
0,out/models/model_spotify100_model-it_4.prism,"['start', 'companystart', 'startprofile_1_7_7', 'companystartprofile_1_7_7', 'select_context_radio', 'customerselect_context_radio', 'song_10_major_0_8_7', 'companysong_10_major_0_8_7', 'skipped']",0,-1,0.0,0.0,actual_path,600
0,out/models/model_spotify100_model-it_4.prism,"Pmax=? [(F ""positive"") & ((X( loc=1 & ((X( loc=46 & ((X( loc=98 & (X( loc=110 )))))))))))]",4,0.006659082689890616,6.777,9.807,random_path,600
0,out/models/model_spotify100_model-it_4.prism,"['start', 'companystart', 'startprofile_2_4_5', 'companystartprofile_2_4_5', 'select_context_editorial_playlist', 'customerselect_context_editorial_playlist', 'song_10_major_2_4_6', 'companysong_10_major_2_4_6', 'skipped', 'companyskipped']",0,-1,0.0,0.0,actual_path,600
0,out/models/model_spotify100_model-it_4.prism,"['start', 'companystart', 'startprofile_1_5_7', 'companystartprofile_1_5_7', 'select_context_radio', 'customerselect_context_radio', 'song_10_major_0_5_6', 'companysong_10_major_0_5_6', 'not_skipped', 'companynot_skipped']",0,-1,0.0,0.0,actual_path,600
0,out/models/model_spotify100_model-it_4.prism,"['start', 'companystart', 'startprofile_0_7_8', 'companystartprofile_0_7_8', 'select_context_catalog', 'companyselect_context_catalog', 'played_90_minor_0_5_8', 'companyplayed_90_minor_0_5_8', 'skipped', 'companyskipped']",0,-1,0.0,0.0,actual_path,600
0,out/models/model_spotify100_model-it_4.prism,"['start', 'companystart', 'startprofile_2_5_7', 'companystartprofile_2_5_7', 'select_context_user_collection', 'companyselect_context_user_collection', 'played_10_minor_0_5_8', 'companyplayed_10_minor_0_5_8', 'skipped', 'companyskipped']",0,-1,0.0,0.0,actual_path,600
0,out/models/model_spotify100_model-it_4.prism,"['start', 'companystart', 'startprofile_0_6_7', 'companystartprofile_0_6_7', 'select_context_catalog', 'companyselect_context_catalog', 'played_0_minor_2_6_7', 'companyplayed_0_minor_2_6_7', 'skipped', 'companyskipped']",0,-1,0.0,0.0,actual_path,600
0,out/models/model_spotify100_model-it_4.prism,"Pmax=? [(F ""positive"") & ((X( loc=1 & ((X( loc=14 & ((X( loc=66 & (X( loc=108 )))))))))))]",4,0.006635702650035141,6.756,9.984,random_path,600
0,out/models/model_spotify100_model-it_4.prism,"Pmax=? [(F ""positive"") & ((X( loc=1 & ((X( loc=39 & ((X( loc=91 & ((X( loc=108 & (X( loc=114 ))))))))))))))]",5,0.006635702650035141,6.981,9.178,random_path,600
0,out/models/model_spotify100_model-it_4.prism,"Pmax=? [(F ""positive"") & ((X( loc=1 & ((X( loc=24 & (X( loc=76 ))))))))]",3,0.01995386802981637,9.126,8.702,random_path,600
0,out/models/model_spotify100_model-it_4.prism,"Pmax=? [(F ""positive"") & ((X( loc=1 & ((X( loc=16 & ((X( loc=68 & ((X( loc=110 & (X( loc=116 ))))))))))))))]",5,0.006659082689890616,6.762,8.338,random_path,600
0,out/models/model_spotify100_model-it_4.prism,"Pmax=? [(F ""positive"") & ((X( loc=1 & ((X( loc=27 & ((X( loc=79 & ((X( loc=108 & (X( loc=114 ))))))))))))))]",5,0.006635702650035141,7.193,8.751,random_path,600
0,out/models/model_spotify100_model-it_4.prism,"Pmax=? [(F ""positive"") & ((X( loc=1 & ((X( loc=30 & ((X( loc=82 & ((X( loc=110 & ((X( loc=116 & (X( loc=1320 )))))))))))))))))]",6,0.006632897853968558,7.581,8.225,random_path,600
0,out/models/model_spotify100_model-it_4.prism,"Pmax=? [(F ""positive"") & ((X( loc=1 & ((X( loc=28 & ((X( loc=80 & ((X( loc=106|loc=111 & ((X( loc=112|loc=117 & (X( loc=320 )))))))))))))))))]",6,0.006634133504833844,7.379,8.823,random_path,600
0,out/models/model_spotify100_model-it_4.prism,"Pmax=? [(F ""positive"") & ((X( loc=1 & ((X( loc=53 & ((X( loc=105 & ((X( loc=106|loc=111 & ((X( loc=112|loc=117 & (X( loc=320 )))))))))))))))))]",6,0.006634133504833844,8.015,8.896,random_path,600
0,out/models/model_spotify100_model-it_4.prism,"Pmax=? [(F ""positive"") & ((X( loc=1 & ((X( loc=7 & ((X( loc=59 & ((X( loc=106|loc=111 & ((X( loc=112|loc=117 & (X( loc=1399 )))))))))))))))))]",6,0.006634133504833844,8.021,9.337,random_path,600
0,out/models/model_spotify100_model-it_4.prism,"Pmax=? [(F ""positive"") & ((X( loc=1 & ((X( loc=11 & ((X( loc=63 & ((X( loc=106|loc=111 & ((X( loc=112|loc=117 & (X( loc=1194 )))))))))))))))))]",6,0.013268267009667689,7.79,8.524,random_path,600
0,out/models/model_spotify100_model-it_4.prism,"Pmax=? [(F ""positive"") & ((X( loc=1 & ((X( loc=39 & ((X( loc=91 & (X( loc=106|loc=111 )))))))))))]",4,0.0,0.199,8.937,actual_path,600
0,out/models/model_spotify100_model-it_4.prism,"Pmax=? [(F ""positive"") & ((X( loc=1 & ((X( loc=50 & ((X( loc=102 & ((X( loc=106|loc=111 & ((X( loc=112|loc=117 & ((X( loc=1055 & (X( loc=1063 ))))))))))))))))))))]",7,0.006634133504833844,8.051,8.735,random_path,600
0,out/models/model_spotify100_model-it_4.prism,"Pmax=? [(F ""positive"") & ((X( loc=1 & ((X( loc=20 & ((X( loc=72 & ((X( loc=108 & ((X( loc=114 & ((X( loc=325 & (X( loc=382 ))))))))))))))))))))]",7,3.2398176256630456E-5,7.822,8.965,random_path,600
0,out/models/model_spotify100_model-it_4.prism,"Pmax=? [(F ""positive"") & ((X( loc=1 & ((X( loc=25 & ((X( loc=77 & ((X( loc=109 & ((X( loc=115 & ((X( loc=1036 & (X( loc=1046 ))))))))))))))))))))]",7,0.013255321773568293,7.238,9.395,random_path,600
0,out/models/model_spotify100_model-it_4.prism,"Pmax=? [(F ""positive"") & ((X( loc=1 & ((X( loc=4 & ((X( loc=56 & ((X( loc=106|loc=111 & ((X( loc=112|loc=117 & ((X( loc=969 & (X( loc=982 ))))))))))))))))))))]",7,0.006634133504833844,7.268,10.316,random_path,600
0,out/models/model_spotify100_model-it_4.prism,"Pmax=? [(F ""positive"") & ((X( loc=1 & ((X( loc=14 & ((X( loc=66 & ((X( loc=108 & ((X( loc=114 & ((X( loc=1402 & (X( loc=1410 ))))))))))))))))))))]",7,1.0827776731529459E-5,7.753,8.923,random_path,600
0,out/models/model_spotify100_model-it_4.prism,"Pmax=? [(F ""positive"") & ((X( loc=1 & ((X( loc=24 & ((X( loc=76 & (X( loc=106|loc=111 )))))))))))]",4,0.0,0.203,9.217,actual_path,600
0,out/models/model_spotify100_model-it_4.prism,"Pmax=? [(F ""positive"") & ((X( loc=1 & ((X( loc=7 & ((X( loc=59 & ((X( loc=106|loc=111 & ((X( loc=112|loc=117 & ((X( loc=119 & ((X( loc=204 & (X( loc=288 )))))))))))))))))))))))]",8,0.006634133504833844,7.545,9.491,random_path,600
0,out/models/model_spotify100_model-it_4.prism,"Pmax=? [(F ""positive"") & ((X( loc=1 & ((X( loc=40 & ((X( loc=92 & ((X( loc=106|loc=111 & ((X( loc=112|loc=117 & ((X( loc=1235 & ((X( loc=1242 & (X( loc=288 )))))))))))))))))))))))]",8,0.006634133504833844,8.317,9.61,random_path,600
0,out/models/model_spotify100_model-it_4.prism,"Pmax=? [(F ""positive"") & ((X( loc=1 & ((X( loc=33 & ((X( loc=85 & ((X( loc=106|loc=111 & ((X( loc=112|loc=117 & (X( loc=1001 )))))))))))))))))]",6,0.0,0.632,9.243,actual_path,600
0,out/models/model_spotify100_model-it_4.prism,"Pmax=? [(F ""positive"") & ((X( loc=1 & ((X( loc=19 & ((X( loc=71 & ((X( loc=106|loc=111 & (X( loc=112|loc=117 ))))))))))))))]",5,0.0,0.5,9.983,actual_path,600
0,out/models/model_spotify100_model-it_4.prism,"Pmax=? [(F ""positive"") & ((X( loc=1 & ((X( loc=35 & ((X( loc=87 & ((X( loc=110 & ((X( loc=116 & ((X( loc=723 & ((X( loc=737 & (X( loc=289 )))))))))))))))))))))))]",8,0.006659082689890616,8.229,8.624,random_path,600
0,out/models/model_spotify100_model-it_4.prism,"Pmax=? [(F ""positive"") & ((X( loc=1 & ((X( loc=32 & ((X( loc=84 & ((X( loc=110 & (X( loc=116 ))))))))))))))]",5,0.0,0.336,9.54,actual_path,600
0,out/models/model_spotify100_model-it_4.prism,"Pmax=? [(F ""positive"") & ((X( loc=1 & ((X( loc=52 & ((X( loc=104 & ((X( loc=106|loc=111 & ((X( loc=112|loc=117 & ((X( loc=415 & ((X( loc=429 & (X( loc=289 )))))))))))))))))))))))]",8,0.006634133504833844,8.21,9.474,random_path,600
0,out/models/model_spotify100_model-it_4.prism,"Pmax=? [(F ""positive"") & ((X( loc=1 & ((X( loc=12 & ((X( loc=64 & ((X( loc=106|loc=111 & ((X( loc=112|loc=117 & ((X( loc=1259 & ((X( loc=1270 & (X( loc=289 )))))))))))))))))))))))]",8,0.006634133504833844,7.878,9.61,random_path,600
0,out/models/model_spotify100_model-it_4.prism,"Pmax=? [(F ""positive"") & ((X( loc=1 & ((X( loc=14 & ((X( loc=66 & ((X( loc=110 & ((X( loc=116 & (X( loc=338 )))))))))))))))))]",6,0.0,0.361,9.443,actual_path,600
0,out/models/model_spotify100_model-it_4.prism,"Pmax=? [(F ""positive"") & (X( loc=1 ))]",1,0.6640951703743597,5.701,8.45,actual_path,600
0,out/models/model_spotify100_model-it_4.prism,"Pmax=? [(F ""positive"") & ((X( loc=1 & ((X( loc=19 & ((X( loc=71 & ((X( loc=110 & ((X( loc=116 & ((X( loc=313 & ((X( loc=370 & (X( loc=288 )))))))))))))))))))))))]",8,0.0,0.602,9.388,actual_path,600
0,out/models/model_spotify100_model-it_4.prism,"Pmax=? [(F ""positive"") & (X( loc=1 ))]",1,0.6640951703743597,5.926,9.013,actual_path,600
0,out/models/model_spotify100_model-it_4.prism,"Pmax=? [(F ""positive"") & (X( loc=1 ))]",1,0.6640951703743597,6.306,8.613,actual_path,600
0,out/models/model_spotify100_model-it_4.prism,"Pmax=? [(F ""positive"") & ((X( loc=1 & ((X( loc=14 & ((X( loc=66 & ((X( loc=109 & ((X( loc=115 & ((X( loc=1304 & ((X( loc=1313 & (X( loc=288 )))))))))))))))))))))))]",8,0.0,0.649,9.768,actual_path,600
0,out/models/model_spotify100_model-it_4.prism,"Pmax=? [(F ""positive"") & (X( loc=1 ))]",1,0.6640951703743597,6.301,8.84,actual_path,600
0,out/models/model_spotify100_model-it_4.prism,"Pmax=? [(F ""positive"") & (X( loc=1 ))]",1,0.6640951703743597,6.384,9.102,actual_path,600
0,out/models/model_spotify100_model-it_4.prism,"Pmax=? [(F ""positive"") & ((X( loc=1 & ((X( loc=25 & ((X( loc=77 & ((X( loc=109 & ((X( loc=115 & ((X( loc=1073 & ((X( loc=1086 & ((X( loc=288 & (X( loc=290 ))))))))))))))))))))))))))]",9,0.013213412834611422,8.114,9.58,random_path,600
0,out/models/model_spotify100_model-it_4.prism,"Pmax=? [(F ""positive"") & ((X( loc=1 & ((X( loc=25 & (X( loc=77 ))))))))]",3,0.06637257676025436,7.239,9.267,actual_path,600
0,out/models/model_spotify100_model-it_4.prism,"Pmax=? [(F ""positive"") & ((X( loc=1 & (X( loc=22 )))))]",2,0.053082482909878534,7.747,9.248,actual_path,600
0,out/models/model_spotify100_model-it_4.prism,"Pmax=? [(F ""positive"") & ((X( loc=1 & ((X( loc=4 & (X( loc=56 ))))))))]",3,0.026564621494794743,6.918,9.198,actual_path,600
0,out/models/model_spotify100_model-it_4.prism,"Pmax=? [(F ""positive"") & ((X( loc=1 & ((X( loc=46 & ((X( loc=98 & ((X( loc=110 & ((X( loc=116 & ((X( loc=820 & ((X( loc=834 & ((X( loc=289 & (X( loc=291 ))))))))))))))))))))))))))]",9,0.006659082689890616,8.068,9.903,random_path,600
0,out/models/model_spotify100_model-it_4.prism,"Pmax=? [(F ""positive"") & ((X( loc=1 & ((X( loc=24 & (X( loc=76 ))))))))]",3,0.01995386802981637,7.272,9.306,actual_path,600
0,out/models/model_spotify100_model-it_4.prism,"Pmax=? [(F ""positive"") & ((X( loc=1 & ((X( loc=40 & ((X( loc=92 & ((X( loc=106|loc=111 & ((X( loc=112|loc=117 & ((X( loc=127 & ((X( loc=212 & ((X( loc=289 & (X( loc=291 ))))))))))))))))))))))))))]",9,0.006634133504833844,9.496,9.786,random_path,600
0,out/models/model_spotify100_model-it_4.prism,"Pmax=? [(F ""positive"") & ((X( loc=1 & ((X( loc=15 & ((X( loc=67 & ((X( loc=106|loc=111 & (X( loc=112|loc=117 ))))))))))))))]",5,0.013268267009667689,6.947,9.094,actual_path,600
0,out/models/model_spotify100_model-it_4.prism,"Pmax=? [(F ""positive"") & ((X( loc=1 & ((X( loc=2 & ((X( loc=54 & ((X( loc=106|loc=111 & ((X( loc=112|loc=117 & ((X( loc=614 & ((X( loc=633 & ((X( loc=289 & (X( loc=291 ))))))))))))))))))))))))))]",9,0.006634133504833844,10.307,9.465,random_path,600
0,out/models/model_spotify100_model-it_4.prism,"Pmax=? [(F ""positive"") & ((X( loc=1 & ((X( loc=53 & ((X( loc=105 & ((X( loc=106|loc=111 & ((X( loc=112|loc=117 & ((X( loc=747 & ((X( loc=756 & ((X( loc=289 & (X( loc=291 ))))))))))))))))))))))))))]",9,0.006634133504833844,10.327,9.079,random_path,600
0,out/models/model_spotify100_model-it_5.prism, Pmax=? [F loc=1409] ,0,0.8019047002326914,5.296,9.359,reach_state,600
0,out/models/model_spotify100_model-it_4.prism,"Pmax=? [(F ""positive"") & ((X( loc=1 & ((X( loc=19 & ((X( loc=71 & ((X( loc=108 & ((X( loc=114 & ((X( loc=126 & (X( loc=211 ))))))))))))))))))))]",7,6.473084948406252E-5,7.225,8.688,actual_path,600
0,out/models/model_spotify100_model-it_4.prism,"Pmax=? [(F ""positive"") & ((X( loc=1 & ((X( loc=19 & ((X( loc=71 & ((X( loc=108 & ((X( loc=114 & ((X( loc=298 & (X( loc=355 ))))))))))))))))))))]",7,5.388342184377355E-5,7.344,8.756,actual_path,600
0,out/models/model_spotify100_model-it_4.prism,"Pmax=? [(F ""positive"") & ((X( loc=1 & ((X( loc=21 & ((X( loc=73 & ((X( loc=108 & ((X( loc=114 & ((X( loc=518 & (X( loc=534 ))))))))))))))))))))]",7,8.6281598100404E-5,7.452,8.648,actual_path,600
0,out/models/model_spotify100_model-it_4.prism,"Pmax=? [(F ""positive"") & ((X( loc=1 & ((X( loc=4 & ((X( loc=56 & ((X( loc=108 & ((X( loc=114 & (X( loc=319 )))))))))))))))))]",6,2.5918541005304365E-4,7.652,9.011,actual_path,600
0,out/models/model_spotify100_model-it_5.prism, Pmax=? [F loc=65] ,0,0.02,0.078,10.053,reach_state,600
0,out/models/model_spotify100_model-it_5.prism, Pmax=? [F loc=114] ,0,0.8174449876234291,3.977,9.211,reach_state,600
0,out/models/model_spotify100_model-it_4.prism,"Pmax=? [(F ""positive"") & ((X( loc=1 & ((X( loc=12 & ((X( loc=64 & ((X( loc=106|loc=111 & ((X( loc=112|loc=117 & ((X( loc=559 & ((X( loc=589 & (X( loc=288 )))))))))))))))))))))))]",8,0.006634133504833844,8.853,9.698,actual_path,600
0,out/models/model_spotify100_model-it_5.prism, Pmax=? [F loc=1310] ,0,0.012026080175813211,8.207,9.591,reach_state,600
0,out/models/model_spotify100_model-it_5.prism, Pmax=? [F loc=1402] ,0,0.012028642495311465,7.819,9.347,reach_state,600
0,out/models/model_spotify100_model-it_4.prism,"Pmax=? [(F ""positive"") & ((X( loc=1 & ((X( loc=3 & ((X( loc=55 & ((X( loc=106|loc=111 & ((X( loc=112|loc=117 & ((X( loc=170 & ((X( loc=255 & (X( loc=288 )))))))))))))))))))))))]",8,0.006634133504833844,7.622,10.86,actual_path,600
0,out/models/model_spotify100_model-it_5.prism, Pmax=? [F loc=449] ,0,0.047502778619879074,7.989,9.474,reach_state,600
0,out/models/model_spotify100_model-it_5.prism, Pmax=? [F loc=1140] ,0,0.02378362444633868,8.512,9.362,reach_state,600
0,out/models/model_spotify100_model-it_5.prism, Pmax=? [F loc=552] ,0,0.012028642495311463,8.337,10.001,reach_state,600
0,out/models/model_spotify100_model-it_5.prism, Pmax=? [F loc=664] ,0,0.012380810868074531,8.13,9.495,reach_state,600
0,out/models/model_spotify100_model-it_5.prism, Pmax=? [F loc=469] ,0,0.024123945535104364,8.166,9.25,reach_state,600
0,out/models/model_spotify100_model-it_5.prism,"Pmax=? [(F ""positive"") & (!(""positive"") U loc=646)]",0,0.04157872414141399,9.582,8.729,avoid_state,600
0,out/models/model_spotify100_model-it_5.prism,"Pmax=? [(F ""positive"") & (!(""positive"") U loc=548)]",0,0.07146500090629064,9.364,8.734,avoid_state,600
0,out/models/model_spotify100_model-it_5.prism,"Pmax=? [(F ""positive"") & (!(""positive"") U loc=821)]",0,0.017450297180636898,9.777,9.225,avoid_state,600
0,out/models/model_spotify100_model-it_5.prism,"Pmax=? [(F ""positive"") & (!(""positive"") U loc=135)]",0,0.041813323656245294,9.084,9.075,avoid_state,600
0,out/models/model_spotify100_model-it_5.prism,"Pmax=? [(F ""positive"") & (X( loc=1 ))]",1,0.7175744593099056,7.148,9.097,random_path,600
0,out/models/model_spotify100_model-it_5.prism,"Pmax=? [(F ""positive"") & (!(""positive"") U loc=1161)]",0,0.016952214057088605,9.293,9.088,avoid_state,600
0,out/models/model_spotify100_model-it_5.prism,"Pmax=? [(F ""positive"") & (!(""positive"") U loc=432)]",0,0.6578643332279278,7.972,10.47,avoid_state,600
0,out/models/model_spotify100_model-it_5.prism,"Pmax=? [(F ""positive"") & (X( loc=1 ))]",1,0.7175744593099056,7.544,9.081,random_path,600
0,out/models/model_spotify100_model-it_5.prism,"Pmax=? [(F ""positive"") & (!(""positive"") U loc=1470)]",0,0.008443510665584837,9.085,9.296,avoid_state,600
0,out/models/model_spotify100_model-it_5.prism,"Pmax=? [(F ""positive"") & (!(""positive"") U loc=435)]",0,0.648345396551161,8.554,10.123,avoid_state,600
0,out/models/model_spotify100_model-it_5.prism,"Pmax=? [(F ""positive"") & (X( loc=1 ))]",1,0.7175744593099056,7.975,10.153,random_path,600
0,out/models/model_spotify100_model-it_5.prism,"Pmax=? [(F ""positive"") & (!(""positive"") U loc=644)]",0,0.008958595680919584,10.149,9.492,avoid_state,600
0,out/models/model_spotify100_model-it_5.prism,"Pmax=? [(F ""positive"") & (X( loc=1 ))]",1,0.7175744593099056,8.754,9.575,random_path,600
0,out/models/model_spotify100_model-it_5.prism,"['start', 'companystart', 'startprofile_0_4_9']",0,-1,0.0,0.0,actual_path,600
0,out/models/model_spotify100_model-it_5.prism,"Pmax=? [(F ""positive"") & ((X( loc=1 & (X( loc=42 )))))]",2,0.02139353716262492,8.847,8.986,random_path,600
0,out/models/model_spotify100_model-it_5.prism,"Pmax=? [(F ""positive"") & ((X( loc=1 & (X( loc=38 )))))]",2,0.007235449488678665,9.015,8.786,random_path,600
0,out/models/model_spotify100_model-it_5.prism,"['start', 'companystart', 'startprofile_0_8_8', 'companystartprofile_0_8_8']",0,-1,0.0,0.0,actual_path,600
0,out/models/model_spotify100_model-it_5.prism,"Pmax=? [(F ""positive"") & (X( loc=1 ))]",1,0.7175744593099056,7.907,11.014,random_path,600
0,out/models/model_spotify100_model-it_5.prism,"Pmax=? [(F ""positive"") & ((X( loc=1 & ((X( loc=6 & (X( loc=58 ))))))))]",3,0.007133506361917472,8.727,9.293,random_path,600
0,out/models/model_spotify100_model-it_5.prism,"['start', 'companystart', 'startprofile_3_5_7', 'companystartprofile_3_5_7']",0,-1,0.0,0.0,actual_path,600
0,out/models/model_spotify100_model-it_5.prism,"['start', 'companystart', 'startprofile_3_7_5', 'companystartprofile_3_7_5']",0,-1,0.0,0.0,actual_path,600
0,out/models/model_spotify100_model-it_5.prism,"Pmax=? [(F ""positive"") & ((X( loc=1 & (X( loc=36 )))))]",2,0.014368955850596138,8.647,10.148,random_path,600
0,out/models/model_spotify100_model-it_5.prism,"Pmax=? [(F ""positive"") & (!(""positive"") U loc=1342)]",0,0.01745029718063689,9.793,10.643,avoid_state,600
0,out/models/model_spotify100_model-it_5.prism,"['start', 'companystart', 'startprofile_1_3_6', 'companystartprofile_1_3_6', 'select_context_catalog']",0,-1,0.0,0.0,actual_path,600
0,out/models/model_spotify100_model-it_5.prism,"['start', 'companystart', 'startprofile_2_3_6', 'companystartprofile_2_3_6', 'select_context_personalized_playlist']",0,-1,0.0,0.0,actual_path,600
0,out/models/model_spotify100_model-it_5.prism,"Pmax=? [(F ""positive"") & ((X( loc=1 & (X( loc=44 )))))]",2,0.0216044053392748,9.428,9.818,random_path,600
0,out/models/model_spotify100_model-it_5.prism,"Pmax=? [(F ""positive"") & ((X( loc=1 & ((X( loc=25 & (X( loc=77 ))))))))]",3,0.014253048877579961,8.89,9.492,random_path,600
0,out/models/model_spotify100_model-it_5.prism,"Pmax=? [(F ""positive"") & ((X( loc=1 & ((X( loc=47 & (X( loc=99 ))))))))]",3,0.007133506361917472,10.019,8.951,random_path,600
0,out/models/model_spotify100_model-it_5.prism,"['start', 'companystart', 'startprofile_0_8_7', 'companystartprofile_0_8_7', 'select_context_catalog', 'companyselect_context_catalog']",0,-1,0.0,0.0,actual_path,600
0,out/models/model_spotify100_model-it_5.prism,"Pmax=? [(F ""positive"") & ((X( loc=1 & ((X( loc=33 & (X( loc=85 ))))))))]",3,0.021502462212513607,8.503,9.13,random_path,600
0,out/models/model_spotify100_model-it_5.prism,"Pmax=? [(F ""positive"") & ((X( loc=1 & ((X( loc=17 & ((X( loc=69 & (X( loc=110 )))))))))))]",4,0.007235449488678665,8.248,9.612,random_path,600
0,out/models/model_spotify100_model-it_5.prism,"Pmax=? [(F ""positive"") & ((X( loc=1 & ((X( loc=33 & (X( loc=85 ))))))))]",3,0.021502462212513607,9.66,10.026,random_path,600
0,out/models/model_spotify100_model-it_5.prism,"Pmax=? [(F ""positive"") & ((X( loc=1 & ((X( loc=29 & ((X( loc=81 & (X( loc=109|loc=112 )))))))))))]",4,0.007133506361917472,8.441,9.996,random_path,600
0,out/models/model_spotify100_model-it_5.prism,"Pmax=? [(F ""positive"") & ((X( loc=1 & (X( loc=32 )))))]",2,0.014361973927468645,11.37,9.969,random_path,600
0,out/models/model_spotify100_model-it_5.prism,"Pmax=? [(F ""positive"") & ((X( loc=1 & ((X( loc=5 & ((X( loc=57 & (X( loc=107|loc=108 )))))))))))]",4,0.0071265244387899804,9.058,9.073,random_path,600
0,out/models/model_spotify100_model-it_5.prism,"['start', 'companystart', 'startprofile_3_8_5', 'companystartprofile_3_8_5', 'select_context_catalog', 'companyselect_context_catalog', 'played_10_minor_4_8_4']",0,-1,0.0,0.0,actual_path,600
0,out/models/model_spotify100_model-it_5.prism,"['start', 'companystart', 'startprofile_3_4_4', 'companystartprofile_3_4_4', 'select_context_catalog', 'companyselect_context_catalog', 'played_10_major_8_1_0', 'companyplayed_10_major_8_1_0']",0,-1,0.0,0.0,actual_path,600
0,out/models/model_spotify100_model-it_5.prism,"Pmax=? [(F ""positive"") & ((X( loc=1 & ((X( loc=42 & ((X( loc=94 & (X( loc=107|loc=108 )))))))))))]",4,0.0071265244387899804,9.328,9.369,random_path,600
0,out/models/model_spotify100_model-it_5.prism,"Pmax=? [(F ""positive"") & ((X( loc=1 & ((X( loc=42 & ((X( loc=94 & ((X( loc=109|loc=112 & (X( loc=117|loc=120 ))))))))))))))]",5,0.014267012723834942,8.982,9.258,random_path,600
0,out/models/model_spotify100_model-it_5.prism,"['start', 'companystart', 'startprofile_2_8_6', 'companystartprofile_2_8_6', 'select_context_editorial_playlist', 'customerselect_context_editorial_playlist', 'song_10_minor_7_7_6', 'companysong_10_minor_7_7_6']",0,-1,0.0,0.0,actual_path,600
0,out/models/model_spotify100_model-it_5.prism,"Pmax=? [(F ""positive"") & ((X( loc=1 & ((X( loc=22 & ((X( loc=74 & ((X( loc=107|loc=108 & (X( loc=115|loc=116 ))))))))))))))]",5,0.0071265244387899804,8.979,8.87,random_path,600
0,out/models/model_spotify100_model-it_5.prism,"['start', 'companystart', 'startprofile_3_6_5', 'companystartprofile_3_6_5', 'select_context_catalog', 'companyselect_context_catalog', 'played_10_major_2_6_4', 'companyplayed_10_major_2_6_4', 'skipped']",0,-1,0.0,0.0,actual_path,600
0,out/models/model_spotify100_model-it_5.prism,"['start', 'companystart', 'startprofile_1_4_5', 'companystartprofile_1_4_5', 'select_context_catalog', 'companyselect_context_catalog', 'played_70_major_5_4_2', 'companyplayed_70_major_5_4_2', 'not_skipped']",0,-1,0.0,0.0,actual_path,600
0,out/models/model_spotify100_model-it_5.prism,"['start', 'companystart', 'startprofile_2_7_5', 'companystartprofile_2_7_5', 'select_context_catalog', 'companyselect_context_catalog', 'played_10_minor_4_7_6', 'companyplayed_10_minor_4_7_6', 'not_skipped']",0,-1,0.0,0.0,actual_path,600
0,out/models/model_spotify100_model-it_5.prism,"['start', 'companystart', 'startprofile_0_6_6', 'companystartprofile_0_6_6', 'select_context_catalog', 'companyselect_context_catalog', 'played_10_minor_0_3_7', 'companyplayed_10_minor_0_3_7', 'skipped']",0,-1,0.0,0.0,actual_path,600
0,out/models/model_spotify100_model-it_5.prism,"Pmax=? [(F ""positive"") & ((X( loc=1 & ((X( loc=42 & ((X( loc=94 & (X( loc=109|loc=112 )))))))))))]",4,0.014267012723834942,9.274,10.624,random_path,600
0,out/models/model_spotify100_model-it_5.prism,"['start', 'companystart', 'startprofile_9_2_0', 'companystartprofile_9_2_0', 'select_context_radio', 'customerselect_context_radio', 'song_10_major_9_2_0', 'companysong_10_major_9_2_0', 'not_skipped', 'companynot_skipped']",0,-1,0.0,0.0,actual_path,600
0,out/models/model_spotify100_model-it_5.prism,"['start', 'companystart', 'startprofile_1_5_6', 'companystartprofile_1_5_6', 'select_context_catalog', 'companyselect_context_catalog', 'played_70_minor_0_7_5', 'companyplayed_70_minor_0_7_5', 'not_skipped', 'companynot_skipped']",0,-1,0.0,0.0,actual_path,600
0,out/models/model_spotify100_model-it_5.prism,"Pmax=? [(F ""positive"") & ((X( loc=1 & ((X( loc=11 & ((X( loc=63 & ((X( loc=106 & (X( loc=114 ))))))))))))))]",5,0.007235449488678665,9.953,9.036,random_path,600
0,out/models/model_spotify100_model-it_5.prism,"['start', 'companystart', 'startprofile_2_6_4', 'companystartprofile_2_6_4', 'select_context_catalog', 'companyselect_context_catalog', 'played_10_major_4_4_4', 'companyplayed_10_major_4_4_4', 'skipped', 'companyskipped']",0,-1,0.0,0.0,actual_path,600
0,out/models/model_spotify100_model-it_5.prism,"['start', 'companystart', 'startprofile_4_5_3', 'companystartprofile_4_5_3', 'select_context_catalog', 'companyselect_context_catalog', 'played_10_major_1_6_6', 'companyplayed_10_major_1_6_6', 'skipped', 'companyskipped']",0,-1,0.0,0.0,actual_path,600
0,out/models/model_spotify100_model-it_5.prism,"Pmax=? [(F ""positive"") & ((X( loc=1 & ((X( loc=20 & ((X( loc=72 & ((X( loc=110 & (X( loc=118 ))))))))))))))]",5,0.007235449488678665,8.558,10.063,random_path,600
0,out/models/model_spotify100_model-it_5.prism,"Pmax=? [(F ""positive"") & ((X( loc=1 & ((X( loc=41 & ((X( loc=93 & ((X( loc=106 & ((X( loc=114 & (X( loc=1317 )))))))))))))))))]",6,0.007019097685021603,9.368,9.696,random_path,600
0,out/models/model_spotify100_model-it_5.prism,"Pmax=? [(F ""positive"") & ((X( loc=1 & ((X( loc=21 & ((X( loc=73 & ((X( loc=106 & ((X( loc=114 & (X( loc=977 )))))))))))))))))]",6,0.007235449488678665,9.874,8.988,random_path,600
0,out/models/model_spotify100_model-it_5.prism,"Pmax=? [(F ""positive"") & ((X( loc=1 & ((X( loc=39 & ((X( loc=91 & ((X( loc=106 & ((X( loc=114 & (X( loc=634 )))))))))))))))))]",6,0.014038195370043204,8.923,10.799,random_path,600
0,out/models/model_spotify100_model-it_5.prism,"Pmax=? [(F ""positive"") & ((X( loc=1 & ((X( loc=43 & ((X( loc=95 & ((X( loc=110 & ((X( loc=118 & ((X( loc=451 & (X( loc=483 ))))))))))))))))))))]",7,0.00709121495290729,8.944,8.87,random_path,600
0,out/models/model_spotify100_model-it_5.prism,"Pmax=? [(F ""positive"") & ((X( loc=1 & ((X( loc=15 & ((X( loc=67 & ((X( loc=107|loc=108 & ((X( loc=115|loc=116 & ((X( loc=841 & (X( loc=867 ))))))))))))))))))))]",7,0.0071265244387899804,10.51,8.97,random_path,600
0,out/models/model_spotify100_model-it_5.prism,"Pmax=? [(F ""positive"") & ((X( loc=1 & ((X( loc=17 & ((X( loc=69 & ((X( loc=110 & ((X( loc=118 & (X( loc=655 )))))))))))))))))]",6,0.007163332220792977,11.149,9.447,random_path,600
0,out/models/model_spotify100_model-it_5.prism,"Pmax=? [(F ""positive"") & ((X( loc=1 & ((X( loc=18 & ((X( loc=70 & ((X( loc=106 & (X( loc=114 ))))))))))))))]",5,0.007235449488678665,11.15,10.337,random_path,600
0,out/models/model_spotify100_model-it_5.prism,"Pmax=? [(F ""positive"") & ((X( loc=1 & ((X( loc=50 & ((X( loc=102 & ((X( loc=106 & ((X( loc=114 & ((X( loc=863 & (X( loc=889 ))))))))))))))))))))]",7,0.007019097685021603,9.678,8.918,random_path,600
0,out/models/model_spotify100_model-it_5.prism,"Pmax=? [(F ""positive"") & ((X( loc=1 & ((X( loc=36 & ((X( loc=88 & ((X( loc=109|loc=112 & ((X( loc=117|loc=120 & ((X( loc=1145 & (X( loc=1154 ))))))))))))))))))))]",7,0.007133506361917472,9.668,8.736,random_path,600
0,out/models/model_spotify100_model-it_5.prism,"Pmax=? [(F ""positive"") & ((X( loc=1 & ((X( loc=50 & ((X( loc=102 & ((X( loc=106 & ((X( loc=114 & ((X( loc=1022 & ((X( loc=1032 & (X( loc=303|loc=304 )))))))))))))))))))))))]",8,0.007019097685021603,9.687,9.026,random_path,600
0,out/models/model_spotify100_model-it_5.prism,"Pmax=? [(F ""positive"") & ((X( loc=1 & ((X( loc=42 & ((X( loc=94 & ((X( loc=107|loc=108 & ((X( loc=115|loc=116 & ((X( loc=1242 & ((X( loc=1251 & (X( loc=302 )))))))))))))))))))))))]",8,0.0071265244387899804,9.983,9.176,random_path,600
0,out/models/model_spotify100_model-it_5.prism,"Pmax=? [(F ""positive"") & ((X( loc=1 & ((X( loc=10 & ((X( loc=62 & ((X( loc=107|loc=108 & ((X( loc=115|loc=116 & ((X( loc=1333 & (X( loc=1338 ))))))))))))))))))))]",7,0.0071265244387899804,10.425,9.428,random_path,600
0,out/models/model_spotify100_model-it_5.prism,"Pmax=? [(F ""positive"") & ((X( loc=1 & ((X( loc=32 & ((X( loc=84 & (X( loc=106 )))))))))))]",4,0.0,0.24,8.748,actual_path,600
0,out/models/model_spotify100_model-it_5.prism,"Pmax=? [(F ""positive"") & ((X( loc=1 & ((X( loc=52 & ((X( loc=104 & ((X( loc=106 & ((X( loc=114 & ((X( loc=827 & ((X( loc=838 & (X( loc=303|loc=304 )))))))))))))))))))))))]",8,0.0017547744212554007,9.638,9.859,random_path,600
0,out/models/model_spotify100_model-it_5.prism,"Pmax=? [(F ""positive"") & ((X( loc=1 & ((X( loc=20 & ((X( loc=72 & ((X( loc=107|loc=108 & ((X( loc=115|loc=116 & (X( loc=802 )))))))))))))))))]",6,0.0071265244387899804,12.334,10.281,random_path,600
0,out/models/model_spotify100_model-it_5.prism,"Pmax=? [(F ""positive"") & ((X( loc=1 & ((X( loc=21 & ((X( loc=73 & ((X( loc=109|loc=112 & ((X( loc=117|loc=120 & ((X( loc=644 & ((X( loc=664 & (X( loc=302 )))))))))))))))))))))))]",8,0.014267012723834944,10.338,8.961,random_path,600
0,out/models/model_spotify100_model-it_5.prism,"Pmax=? [(F ""positive"") & ((X( loc=1 & ((X( loc=24 & ((X( loc=76 & ((X( loc=107|loc=108 & (X( loc=115|loc=116 ))))))))))))))]",5,0.0,0.286,9.861,actual_path,600
0,out/models/model_spotify100_model-it_5.prism,"Pmax=? [(F ""positive"") & ((X( loc=1 & ((X( loc=17 & ((X( loc=69 & ((X( loc=109|loc=112 & (X( loc=117|loc=120 ))))))))))))))]",5,0.0,0.313,10.032,actual_path,600
0,out/models/model_spotify100_model-it_5.prism,"Pmax=? [(F ""positive"") & ((X( loc=1 & ((X( loc=40 & ((X( loc=92 & (X( loc=110 )))))))))))]",4,0.0,0.398,10.888,actual_path,600
0,out/models/model_spotify100_model-it_5.prism,"Pmax=? [(F ""positive"") & ((X( loc=1 & ((X( loc=8 & ((X( loc=60 & ((X( loc=107|loc=108 & ((X( loc=115|loc=116 & (X( loc=465 )))))))))))))))))]",6,0.0,0.7,8.883,actual_path,600
0,out/models/model_spotify100_model-it_5.prism,"Pmax=? [(F ""positive"") & ((X( loc=1 & ((X( loc=43 & ((X( loc=95 & ((X( loc=109|loc=112 & ((X( loc=117|loc=120 & (X( loc=745 )))))))))))))))))]",6,0.0,0.527,9.419,actual_path,600
0,out/models/model_spotify100_model-it_5.prism,"Pmax=? [(F ""positive"") & ((X( loc=1 & ((X( loc=24 & ((X( loc=76 & ((X( loc=109|loc=112 & ((X( loc=117|loc=120 & ((X( loc=848 & (X( loc=874 ))))))))))))))))))))]",7,0.0,0.746,10.35,actual_path,600
0,out/models/model_spotify100_model-it_5.prism,"Pmax=? [(F ""positive"") & (X( loc=1 ))]",1,0.7175744593099056,7.191,9.376,actual_path,600
0,out/models/model_spotify100_model-it_5.prism,"Pmax=? [(F ""positive"") & ((X( loc=1 & ((X( loc=37 & ((X( loc=89 & ((X( loc=109|loc=112 & ((X( loc=117|loc=120 & ((X( loc=126 & ((X( loc=216 & (X( loc=303|loc=304 )))))))))))))))))))))))]",8,0.007133506361917472,9.549,11.45,random_path,600
0,out/models/model_spotify100_model-it_5.prism,"Pmax=? [(F ""positive"") & (X( loc=1 ))]",1,0.7175744593099056,7.926,9.936,actual_path,600
0,out/models/model_spotify100_model-it_5.prism,"Pmax=? [(F ""positive"") & (X( loc=1 ))]",1,0.7175744593099056,8.077,9.45,actual_path,600
0,out/models/model_spotify100_model-it_5.prism,"Pmax=? [(F ""positive"") & ((X( loc=1 & ((X( loc=24 & ((X( loc=76 & ((X( loc=109|loc=112 & ((X( loc=117|loc=120 & ((X( loc=176 & ((X( loc=266 & (X( loc=302 )))))))))))))))))))))))]",8,0.0,1.216,10.301,actual_path,600
0,out/models/model_spotify100_model-it_5.prism,"Pmax=? [(F ""positive"") & ((X( loc=1 & ((X( loc=50 & ((X( loc=102 & ((X( loc=106 & ((X( loc=114 & ((X( loc=776 & ((X( loc=793 & ((X( loc=302 & (X( loc=305 ))))))))))))))))))))))))))]",9,0.004134542564959236,10.212,9.237,random_path,600
0,out/models/model_spotify100_model-it_5.prism,"Pmax=? [(F ""positive"") & (X( loc=1 ))]",1,0.7175744593099056,7.809,10.195,actual_path,600
0,out/models/model_spotify100_model-it_5.prism,"Pmax=? [(F ""positive"") & (X( loc=1 ))]",1,0.7175744593099056,7.674,9.698,actual_path,600
0,out/models/model_spotify100_model-it_6.prism, Pmax=? [F loc=810] ,0,0.806709579272069,1.848,9.222,reach_state,600
0,out/models/model_spotify100_model-it_5.prism,"Pmax=? [(F ""positive"") & ((X( loc=1 & ((X( loc=38 & ((X( loc=90 & ((X( loc=111 & ((X( loc=119 & ((X( loc=357 & ((X( loc=411 & ((X( loc=302 & (X( loc=305 ))))))))))))))))))))))))))]",9,0.0036177247443393325,10.131,9.346,random_path,600
0,out/models/model_spotify100_model-it_5.prism,"Pmax=? [(F ""positive"") & ((X( loc=1 & (X( loc=27 )))))]",2,0.014361973927468645,8.363,8.966,actual_path,600
0,out/models/model_spotify100_model-it_5.prism,"Pmax=? [(F ""positive"") & ((X( loc=1 & (X( loc=36 )))))]",2,0.014368955850596138,8.193,9.439,actual_path,600
0,out/models/model_spotify100_model-it_6.prism, Pmax=? [F loc=1316] ,0,0.806709579272069,2.194,8.383,reach_state,600
0,out/models/model_spotify100_model-it_5.prism,"Pmax=? [(F ""positive"") & ((X( loc=1 & ((X( loc=8 & (X( loc=60 ))))))))]",3,0.014267012723834944,8.827,9.346,actual_path,600
0,out/models/model_spotify100_model-it_5.prism,"Pmax=? [(F ""positive"") & ((X( loc=1 & (X( loc=11 )))))]",2,0.03596637926674345,9.069,10.363,actual_path,600
0,out/models/model_spotify100_model-it_5.prism,"Pmax=? [(F ""positive"") & ((X( loc=1 & (X( loc=35 )))))]",2,0.021706348466035995,9.956,9.842,actual_path,600
0,out/models/model_spotify100_model-it_5.prism,"Pmax=? [(F ""positive"") & ((X( loc=1 & ((X( loc=10 & ((X( loc=62 & ((X( loc=109|loc=112 & ((X( loc=117|loc=120 & ((X( loc=172 & ((X( loc=262 & ((X( loc=303|loc=304 & (X( loc=306|loc=307 ))))))))))))))))))))))))))]",9,0.007133506361917472,12.673,9.684,random_path,600
0,out/models/model_spotify100_model-it_5.prism,"Pmax=? [(F ""positive"") & ((X( loc=1 & ((X( loc=13 & (X( loc=65 ))))))))]",3,0.01447089897735733,8.956,10.56,actual_path,600
0,out/models/model_spotify100_model-it_5.prism,"Pmax=? [(F ""positive"") & ((X( loc=1 & ((X( loc=7 & ((X( loc=59 & ((X( loc=107|loc=108 & ((X( loc=115|loc=116 & ((X( loc=1402 & ((X( loc=1412 & ((X( loc=303|loc=304 & (X( loc=306|loc=307 ))))))))))))))))))))))))))]",9,0.0071265244387899804,12.746,9.847,random_path,600
0,out/models/model_spotify100_model-it_5.prism,"Pmax=? [(F ""positive"") & ((X( loc=1 & ((X( loc=21 & ((X( loc=73 & (X( loc=107|loc=108 )))))))))))]",4,0.0071265244387899804,8.894,9.72,actual_path,600
0,out/models/model_spotify100_model-it_6.prism, Pmax=? [F loc=1022] ,0,0.011203041740884418,5.778,9.342,reach_state,600
0,out/models/model_spotify100_model-it_5.prism,"Pmax=? [(F ""positive"") & ((X( loc=1 & ((X( loc=12 & ((X( loc=64 & ((X( loc=107|loc=108 & ((X( loc=115|loc=116 & ((X( loc=1081 & ((X( loc=1090 & ((X( loc=303|loc=304 & (X( loc=306|loc=307 ))))))))))))))))))))))))))]",9,0.0071265244387899804,15.16,9.026,random_path,600
0,out/models/model_spotify100_model-it_6.prism, Pmax=? [F loc=1149] ,0,0.806709579272069,1.887,8.941,reach_state,600
0,out/models/model_spotify100_model-it_6.prism, Pmax=? [F loc=292] ,0,0.03204737675489184,4.855,8.128,reach_state,600
0,out/models/model_spotify100_model-it_6.prism, Pmax=? [F loc=939] ,0,0.010300669102764644,5.038,8.594,reach_state,600
0,out/models/model_spotify100_model-it_5.prism,"Pmax=? [(F ""positive"") & ((X( loc=1 & ((X( loc=45 & ((X( loc=97 & ((X( loc=107|loc=108 & (X( loc=115|loc=116 ))))))))))))))]",5,0.0071265244387899804,9.85,9.419,actual_path,600
0,out/models/model_spotify100_model-it_5.prism,"Pmax=? [(F ""positive"") & ((X( loc=1 & ((X( loc=9 & ((X( loc=61 & ((X( loc=107|loc=108 & ((X( loc=115|loc=116 & (X( loc=904 )))))))))))))))))]",6,0.0071265244387899804,9.389,10.312,actual_path,600
0,out/models/model_spotify100_model-it_5.prism,"Pmax=? [(F ""positive"") & ((X( loc=1 & ((X( loc=19 & ((X( loc=71 & ((X( loc=107|loc=108 & ((X( loc=115|loc=116 & ((X( loc=156 & (X( loc=246 ))))))))))))))))))))]",7,0.0071265244387899804,9.614,9.172,actual_path,600
0,out/models/model_spotify100_model-it_6.prism, Pmax=? [F loc=1525] ,0,0.6758714528326865,3.913,9.109,reach_state,600
0,out/models/model_spotify100_model-it_5.prism,"Pmax=? [(F ""positive"") & ((X( loc=1 & ((X( loc=20 & ((X( loc=72 & ((X( loc=107|loc=108 & ((X( loc=115|loc=116 & (X( loc=1127 )))))))))))))))))]",6,0.0071265244387899804,10.439,9.433,actual_path,600
0,out/models/model_spotify100_model-it_5.prism,"Pmax=? [(F ""positive"") & ((X( loc=1 & ((X( loc=23 & ((X( loc=75 & ((X( loc=111 & (X( loc=119 ))))))))))))))]",5,0.014470898977357328,10.294,10.691,actual_path,600
0,out/models/model_spotify100_model-it_6.prism, Pmax=? [F loc=505] ,0,0.010300669102764663,5.626,8.527,reach_state,600
0,out/models/model_spotify100_model-it_6.prism, Pmax=? [F loc=542] ,0,0.011203041740884424,5.335,9.305,reach_state,600
0,out/models/model_spotify100_model-it_6.prism, Pmax=? [F loc=285] ,0,0.0204064606260426,5.246,9.555,reach_state,600
0,out/models/model_spotify100_model-it_6.prism,"Pmax=? [(F ""positive"") & (!(""positive"") U loc=538)]",0,0.021766828918285935,6.384,8.531,avoid_state,600
0,out/models/model_spotify100_model-it_5.prism,"Pmax=? [(F ""positive"") & ((X( loc=1 & ((X( loc=21 & ((X( loc=73 & ((X( loc=107|loc=108 & ((X( loc=115|loc=116 & ((X( loc=970 & (X( loc=982 ))))))))))))))))))))]",7,0.0071265244387899804,10.702,10.82,actual_path,600
0,out/models/model_spotify100_model-it_5.prism,"Pmax=? [(F ""positive"") & ((X( loc=1 & ((X( loc=14 & ((X( loc=66 & ((X( loc=109|loc=112 & ((X( loc=117|loc=120 & ((X( loc=140 & ((X( loc=230 & ((X( loc=302 & (X( loc=305 ))))))))))))))))))))))))))]",9,0.007133506361917471,11.458,9.59,actual_path,600
0,out/models/model_spotify100_model-it_6.prism,"Pmax=? [(F ""positive"") & (!(""positive"") U loc=1103)]",0,0.006799054742503921,7.604,8.72,avoid_state,600
0,out/models/model_spotify100_model-it_6.prism,"Pmax=? [(F ""positive"") & (!(""positive"") U loc=1529)]",0,0.44610093060076567,6.233,9.012,avoid_state,600
0,out/models/model_spotify100_model-it_6.prism,"Pmax=? [(F ""positive"") & (!(""positive"") U loc=1197)]",0,0.0070937483085284645,6.229,9.007,avoid_state,600
0,out/models/model_spotify100_model-it_6.prism,"Pmax=? [(F ""positive"") & (!(""positive"") U loc=817)]",0,0.007398706737418601,6.628,8.53,avoid_state,600
0,out/models/model_spotify100_model-it_6.prism,"Pmax=? [(F ""positive"") & (!(""positive"") U loc=1195)]",0,0.5440411299234246,6.531,9.716,avoid_state,600
0,out/models/model_spotify100_model-it_6.prism,"Pmax=? [(F ""positive"") & (!(""positive"") U loc=877)]",0,0.007716457896803297,7.935,8.832,avoid_state,600
0,out/models/model_spotify100_model-it_6.prism,"Pmax=? [(F ""positive"") & (X( loc=1 ))]",1,0.6791845870028534,5.24,9.813,random_path,600
0,out/models/model_spotify100_model-it_6.prism,"Pmax=? [(F ""positive"") & (X( loc=1 ))]",1,0.6791845870028534,5.706,10.004,random_path,600
0,out/models/model_spotify100_model-it_6.prism,"Pmax=? [(F ""positive"") & (X( loc=1 ))]",1,0.6791845870028534,6.384,9.079,random_path,600
0,out/models/model_spotify100_model-it_6.prism,"Pmax=? [(F ""positive"") & (!(""positive"") U loc=449)]",0,0.5832075809532808,6.539,10.624,avoid_state,600
0,out/models/model_spotify100_model-it_6.prism,"Pmax=? [(F ""positive"") & (X( loc=1 ))]",1,0.6791845870028534,5.407,9.144,random_path,600
0,out/models/model_spotify100_model-it_6.prism,"Pmax=? [(F ""positive"") & (X( loc=1 ))]",1,0.6791845870028534,5.078,9.472,random_path,600
0,out/models/model_spotify100_model-it_6.prism,"Pmax=? [(F ""positive"") & (!(""positive"") U loc=741)]",0,0.015267045185810017,7.452,11.12,avoid_state,600
0,out/models/model_spotify100_model-it_6.prism,"Pmax=? [(F ""positive"") & ((X( loc=1 & (X( loc=48 )))))]",2,0.0067695364550362,6.305,8.721,random_path,600
0,out/models/model_spotify100_model-it_6.prism,"['start', 'companystart', 'startprofile_3_7_4']",0,-1,0.0,0.0,actual_path,600
0,out/models/model_spotify100_model-it_6.prism,"Pmax=? [(F ""positive"") & (!(""positive"") U loc=283)]",0,0.007398706737418602,9.231,10.387,avoid_state,600
0,out/models/model_spotify100_model-it_6.prism,"Pmax=? [(F ""positive"") & ((X( loc=1 & (X( loc=44 )))))]",2,0.006887479020625527,6.939,9.196,random_path,600
0,out/models/model_spotify100_model-it_6.prism,"['start', 'companystart', 'startprofile_5_4_5', 'companystartprofile_5_4_5']",0,-1,0.0,0.0,actual_path,600
0,out/models/model_spotify100_model-it_6.prism,"Pmax=? [(F ""positive"") & ((X( loc=1 & ((X( loc=47 & (X( loc=103 ))))))))]",3,0.0067695364550362,6.396,9.241,random_path,600
0,out/models/model_spotify100_model-it_6.prism,"Pmax=? [(F ""positive"") & ((X( loc=1 & (X( loc=44 )))))]",2,0.006887479020625527,6.365,10.13,random_path,600
0,out/models/model_spotify100_model-it_6.prism,"Pmax=? [(F ""positive"") & ((X( loc=1 & ((X( loc=38 & (X( loc=94 ))))))))]",3,0.027166757876084757,7.262,8.998,random_path,600
0,out/models/model_spotify100_model-it_6.prism,"Pmax=? [(F ""positive"") & ((X( loc=1 & ((X( loc=22 & (X( loc=78 ))))))))]",3,0.013627684966012354,7.301,8.917,random_path,600
0,out/models/model_spotify100_model-it_6.prism,"['start', 'companystart', 'startprofile_2_4_7', 'companystartprofile_2_4_7', 'select_context_editorial_playlist']",0,-1,0.0,0.0,actual_path,600
0,out/models/model_spotify100_model-it_6.prism,"['start', 'companystart', 'startprofile_2_8_6', 'companystartprofile_2_8_6', 'select_context_editorial_playlist']",0,-1,0.0,0.0,actual_path,600
0,out/models/model_spotify100_model-it_6.prism,"['start', 'companystart', 'startprofile_5_8_6', 'companystartprofile_5_8_6', 'select_context_catalog']",0,-1,0.0,0.0,actual_path,600
0,out/models/model_spotify100_model-it_6.prism,"Pmax=? [(F ""positive"") & ((X( loc=1 & ((X( loc=34 & (X( loc=90 ))))))))]",3,0.02027927885545923,7.024,9.06,random_path,600
0,out/models/model_spotify100_model-it_6.prism,"Pmax=? [(F ""positive"") & ((X( loc=1 & ((X( loc=39 & (X( loc=95 ))))))))]",3,0.006887479020625527,6.678,9.501,random_path,600
0,out/models/model_spotify100_model-it_6.prism,"['start', 'companystart', 'startprofile_5_5_5', 'companystartprofile_5_5_5', 'select_context_user_collection', 'companyselect_context_user_collection']",0,-1,0.0,0.0,actual_path,600
0,out/models/model_spotify100_model-it_6.prism,"Pmax=? [(F ""positive"") & ((X( loc=1 & (X( loc=39 )))))]",2,0.006887479020625527,6.178,11.172,random_path,600
0,out/models/model_spotify100_model-it_6.prism,"['start', 'companystart', 'startprofile_3_7_7', 'companystartprofile_3_7_7', 'select_context_user_collection', 'companyselect_context_user_collection']",0,-1,0.0,0.0,actual_path,600
0,out/models/model_spotify100_model-it_6.prism,"Pmax=? [(F ""positive"") & ((X( loc=1 & ((X( loc=10 & ((X( loc=66 & (X( loc=116|loc=119 )))))))))))]",4,0.0067695364550362,6.154,8.724,random_path,600
0,out/models/model_spotify100_model-it_6.prism,"Pmax=? [(F ""positive"") & ((X( loc=1 & (X( loc=57 )))))]",2,0.006740205945386828,9.256,9.806,random_path,600
0,out/models/model_spotify100_model-it_6.prism,"['start', 'companystart', 'startprofile_3_8_7', 'companystartprofile_3_8_7', 'select_context_editorial_playlist', 'customerselect_context_editorial_playlist', 'song_10_minor_3_8_6']",0,-1,0.0,0.0,actual_path,600
0,out/models/model_spotify100_model-it_6.prism,"['start', 'companystart', 'startprofile_3_6_5', 'companystartprofile_3_6_5', 'select_context_catalog', 'companyselect_context_catalog', 'played_10_major_3_7_5']",0,-1,0.0,0.0,actual_path,600
0,out/models/model_spotify100_model-it_6.prism,"Pmax=? [(F ""positive"") & ((X( loc=1 & ((X( loc=18 & ((X( loc=74 & (X( loc=114 )))))))))))]",4,0.013480411890773656,8.026,8.812,random_path,600
0,out/models/model_spotify100_model-it_6.prism,"['start', 'companystart', 'startprofile_2_8_7', 'companystartprofile_2_8_7', 'select_context_editorial_playlist', 'customerselect_context_editorial_playlist', 'song_10_minor_6_8_6', 'companysong_10_minor_6_8_6']",0,-1,0.0,0.0,actual_path,600
0,out/models/model_spotify100_model-it_6.prism,"Pmax=? [(F ""positive"") & ((X( loc=1 & ((X( loc=25 & ((X( loc=81 & (X( loc=116|loc=119 )))))))))))]",4,0.0135390729100724,6.923,8.935,random_path,600
0,out/models/model_spotify100_model-it_6.prism,"['start', 'companystart', 'startprofile_0_7_5', 'companystartprofile_0_7_5', 'select_context_catalog', 'companyselect_context_catalog', 'played_10_minor_2_7_4', 'companyplayed_10_minor_2_7_4']",0,-1,0.0,0.0,actual_path,600
0,out/models/model_spotify100_model-it_6.prism,"['start', 'companystart', 'startprofile_1_4_5', 'companystartprofile_1_4_5', 'select_context_catalog', 'companyselect_context_catalog', 'played_10_minor_3_3_6', 'companyplayed_10_minor_3_3_6']",0,-1,0.0,0.0,actual_path,600
0,out/models/model_spotify100_model-it_6.prism,"['start', 'companystart', 'startprofile_1_5_5', 'companystartprofile_1_5_5', 'select_context_user_collection', 'companyselect_context_user_collection', 'played_70_major_4_5_7', 'companyplayed_70_major_4_5_7']",0,-1,0.0,0.0,actual_path,600
0,out/models/model_spotify100_model-it_6.prism,"['start', 'companystart', 'startprofile_9_2_0', 'companystartprofile_9_2_0', 'select_context_editorial_playlist', 'customerselect_context_editorial_playlist', 'song_10_minor_9_1_0', 'companysong_10_minor_9_1_0', 'not_skipped']",0,-1,0.0,0.0,actual_path,600
0,out/models/model_spotify100_model-it_6.prism,"Pmax=? [(F ""positive"") & ((X( loc=1 & ((X( loc=11 & ((X( loc=67 & ((X( loc=114 & ((X( loc=120 & (X( loc=183 )))))))))))))))))]",6,1.2689159140384884E-5,6.168,8.535,random_path,600
0,out/models/model_spotify100_model-it_6.prism,"['start', 'companystart', 'startprofile_2_6_4', 'companystartprofile_2_6_4', 'select_context_user_collection', 'companyselect_context_user_collection', 'played_10_major_0_8_6', 'companyplayed_10_major_0_8_6', 'skipped']",0,-1,0.0,0.0,actual_path,600
0,out/models/model_spotify100_model-it_6.prism,"Pmax=? [(F ""positive"") & ((X( loc=1 & ((X( loc=29 & ((X( loc=85 & ((X( loc=115 & (X( loc=121 ))))))))))))))]",5,0.02066243706187658,6.878,8.906,random_path,600
0,out/models/model_spotify100_model-it_6.prism,"Pmax=? [(F ""positive"") & ((X( loc=1 & ((X( loc=35 & ((X( loc=91 & (X( loc=116|loc=119 )))))))))))]",4,0.026768047679777387,6.845,11.22,random_path,600
0,out/models/model_spotify100_model-it_6.prism,"Pmax=? [(F ""positive"") & ((X( loc=1 & ((X( loc=38 & ((X( loc=94 & ((X( loc=114 & (X( loc=120 ))))))))))))))]",5,0.006740205945386828,6.783,8.929,random_path,600
0,out/models/model_spotify100_model-it_6.prism,"['start', 'companystart', 'startprofile_1_8_5', 'companystartprofile_1_8_5', 'select_context_editorial_playlist', 'customerselect_context_editorial_playlist', 'song_10_major_3_8_4', 'companysong_10_major_3_8_4', 'skipped', 'companyskipped']",0,-1,0.0,0.0,actual_path,600
0,out/models/model_spotify100_model-it_6.prism,"['start', 'companystart', 'startprofile_3_4_7', 'companystartprofile_3_4_7', 'select_context_catalog', 'companyselect_context_catalog', 'played_10_major_0_3_7', 'companyplayed_10_major_0_3_7', 'skipped', 'companyskipped']",0,-1,0.0,0.0,actual_path,600
0,out/models/model_spotify100_model-it_6.prism,"['start', 'companystart', 'startprofile_4_6_4', 'companystartprofile_4_6_4', 'select_context_user_collection', 'companyselect_context_user_collection', 'played_10_major_9_3_3', 'companyplayed_10_major_9_3_3', 'not_skipped', 'companynot_skipped']",0,-1,0.0,0.0,actual_path,600
0,out/models/model_spotify100_model-it_6.prism,"Pmax=? [(F ""positive"") & ((X( loc=1 & ((X( loc=7 & ((X( loc=63 & (X( loc=114 )))))))))))]",4,0.006740205945386828,6.964,9.602,random_path,600
0,out/models/model_spotify100_model-it_6.prism,"Pmax=? [(F ""positive"") & ((X( loc=1 & ((X( loc=40 & ((X( loc=96 & ((X( loc=115 & ((X( loc=121 & (X( loc=953 )))))))))))))))))]",6,0.006887479020625527,6.646,9.143,random_path,600
0,out/models/model_spotify100_model-it_6.prism,"Pmax=? [(F ""positive"") & ((X( loc=1 & ((X( loc=25 & ((X( loc=81 & ((X( loc=115 & (X( loc=121 ))))))))))))))]",5,0.006887479020625527,6.784,10.118,random_path,600
0,out/models/model_spotify100_model-it_6.prism,"Pmax=? [(F ""positive"") & ((X( loc=1 & ((X( loc=24 & ((X( loc=80 & ((X( loc=114 & ((X( loc=120 & (X( loc=874 )))))))))))))))))]",6,2.6019183343894408E-5,7.287,8.784,random_path,600
0,out/models/model_spotify100_model-it_6.prism,"Pmax=? [(F ""positive"") & ((X( loc=1 & ((X( loc=30 & ((X( loc=86 & ((X( loc=117 & (X( loc=123 ))))))))))))))]",5,0.006887479020625527,7.944,9.023,random_path,600
0,out/models/model_spotify100_model-it_6.prism,"Pmax=? [(F ""positive"") & ((X( loc=1 & ((X( loc=39 & ((X( loc=95 & ((X( loc=115 & ((X( loc=121 & ((X( loc=605 & (X( loc=635 ))))))))))))))))))))]",7,0.00681567477955897,6.164,8.535,random_path,600
0,out/models/model_spotify100_model-it_6.prism,"Pmax=? [(F ""positive"") & ((X( loc=1 & ((X( loc=5 & ((X( loc=61 & ((X( loc=116|loc=119 & ((X( loc=122|loc=125 & (X( loc=474 )))))))))))))))))]",6,0.0067695364550362,6.775,9.199,random_path,600
0,out/models/model_spotify100_model-it_6.prism,"Pmax=? [(F ""positive"") & ((X( loc=1 & ((X( loc=32 & ((X( loc=88 & ((X( loc=116|loc=119 & (X( loc=122|loc=125 ))))))))))))))]",5,0.0067695364550362,6.889,10.222,random_path,600
0,out/models/model_spotify100_model-it_6.prism,"Pmax=? [(F ""positive"") & ((X( loc=1 & ((X( loc=22 & ((X( loc=78 & ((X( loc=114 & ((X( loc=120 & ((X( loc=869 & (X( loc=887 ))))))))))))))))))))]",7,1.2571940323835072E-5,6.611,9.079,random_path,600
0,out/models/model_spotify100_model-it_6.prism,"Pmax=? [(F ""positive"") & ((X( loc=1 & ((X( loc=35 & ((X( loc=91 & ((X( loc=116|loc=119 & ((X( loc=122|loc=125 & ((X( loc=189 & (X( loc=278 ))))))))))))))))))))]",7,0.006600268670013414,7.583,8.693,random_path,600
0,out/models/model_spotify100_model-it_6.prism,"Pmax=? [(F ""positive"") & ((X( loc=1 & ((X( loc=31 & ((X( loc=87 & ((X( loc=115 & ((X( loc=121 & (X( loc=1568 )))))))))))))))))]",6,0.006600268670013413,8.652,9.616,random_path,600
0,out/models/model_spotify100_model-it_6.prism,"Pmax=? [(F ""positive"") & ((X( loc=1 & ((X( loc=48 & ((X( loc=104 & ((X( loc=116|loc=119 & ((X( loc=122|loc=125 & ((X( loc=313 & (X( loc=376 ))))))))))))))))))))]",7,0.0067695364550362,7.681,8.719,random_path,600
0,out/models/model_spotify100_model-it_6.prism,"Pmax=? [(F ""positive"") & ((X( loc=1 & ((X( loc=45 & ((X( loc=101 & ((X( loc=117 & ((X( loc=123 & ((X( loc=661 & (X( loc=681 ))))))))))))))))))))]",7,0.006600268670013413,7.184,10.362,random_path,600
0,out/models/model_spotify100_model-it_6.prism,"Pmax=? [(F ""positive"") & ((X( loc=1 & ((X( loc=23 & ((X( loc=79 & ((X( loc=116|loc=119 & ((X( loc=122|loc=125 & ((X( loc=1494 & ((X( loc=1500 & (X( loc=305 )))))))))))))))))))))))]",8,0.0067695364550362,7.631,9.095,random_path,600
0,out/models/model_spotify100_model-it_6.prism,"Pmax=? [(F ""positive"") & ((X( loc=1 & ((X( loc=40 & ((X( loc=96 & ((X( loc=115 & ((X( loc=121 & ((X( loc=707 & ((X( loc=724 & (X( loc=305 )))))))))))))))))))))))]",8,0.006887479020625527,7.739,9.127,random_path,600
0,out/models/model_spotify100_model-it_6.prism,"Pmax=? [(F ""positive"") & ((X( loc=1 & ((X( loc=33 & ((X( loc=89 & ((X( loc=117 & ((X( loc=123 & ((X( loc=142 & ((X( loc=231 & (X( loc=304 )))))))))))))))))))))))]",8,0.006600268670013413,7.558,9.182,random_path,600
0,out/models/model_spotify100_model-it_6.prism,"Pmax=? [(F ""positive"") & ((X( loc=1 & ((X( loc=41 & ((X( loc=97 & ((X( loc=114 & ((X( loc=120 & ((X( loc=899 & ((X( loc=912 & (X( loc=305 )))))))))))))))))))))))]",8,1.3119007658334335E-5,7.143,9.062,random_path,600
0,out/models/model_spotify100_model-it_6.prism,"Pmax=? [(F ""positive"") & ((X( loc=1 & ((X( loc=2 & ((X( loc=58 & ((X( loc=114 & ((X( loc=120 & ((X( loc=549 & ((X( loc=565 & (X( loc=304 )))))))))))))))))))))))]",8,1.2571940323835072E-5,7.332,9.109,random_path,600
0,out/models/model_spotify100_model-it_6.prism,"Pmax=? [(F ""positive"") & ((X( loc=1 & ((X( loc=13 & ((X( loc=69 & ((X( loc=114 & ((X( loc=120 & ((X( loc=1063 & ((X( loc=1080 & ((X( loc=305 & (X( loc=307 ))))))))))))))))))))))))))]",9,1.3119007658334335E-5,7.233,8.469,random_path,600
0,out/models/model_spotify100_model-it_6.prism,"Pmax=? [(F ""positive"") & (X( loc=1 ))]",1,0.6791845870028534,5.55,8.9,actual_path,600
0,out/models/model_spotify100_model-it_6.prism,"Pmax=? [(F ""positive"") & ((X( loc=1 & ((X( loc=42 & ((X( loc=98 & ((X( loc=114 & ((X( loc=120 & ((X( loc=554 & ((X( loc=570 & ((X( loc=304 & (X( loc=306 ))))))))))))))))))))))))))]",9,1.2571940323835072E-5,7.528,8.894,random_path,600
0,out/models/model_spotify100_model-it_6.prism,"Pmax=? [(F ""positive"") & ((X( loc=1 & ((X( loc=13 & ((X( loc=69 & (X( loc=116|loc=119 )))))))))))]",4,0.0,0.234,8.843,actual_path,600
0,out/models/model_spotify100_model-it_6.prism,"Pmax=? [(F ""positive"") & (X( loc=1 ))]",1,0.6791845870028534,6.138,10.163,actual_path,600
0,out/models/model_spotify100_model-it_6.prism,"Pmax=? [(F ""positive"") & (X( loc=1 ))]",1,0.6791845870028534,5.151,9.11,actual_path,600
0,out/models/model_spotify100_model-it_6.prism,"Pmax=? [(F ""positive"") & ((X( loc=1 & ((X( loc=42 & ((X( loc=98 & ((X( loc=117 & (X( loc=123 ))))))))))))))]",5,0.0,0.369,9.191,actual_path,600
0,out/models/model_spotify100_model-it_6.prism,"Pmax=? [(F ""positive"") & ((X( loc=1 & ((X( loc=25 & ((X( loc=81 & ((X( loc=116|loc=119 & ((X( loc=122|loc=125 & ((X( loc=606 & ((X( loc=636 & ((X( loc=305 & (X( loc=307 ))))))))))))))))))))))))))]",9,0.0135390729100724,9.183,8.43,random_path,600
0,out/models/model_spotify100_model-it_6.prism,"Pmax=? [(F ""positive"") & ((X( loc=1 & ((X( loc=29 & ((X( loc=85 & ((X( loc=116|loc=119 & ((X( loc=122|loc=125 & (X( loc=173 )))))))))))))))))]",6,0.0,0.59,8.926,actual_path,600
0,out/models/model_spotify100_model-it_6.prism,"Pmax=? [(F ""positive"") & ((X( loc=1 & ((X( loc=52 & ((X( loc=108 & ((X( loc=116|loc=119 & ((X( loc=122|loc=125 & ((X( loc=1337 & ((X( loc=1347 & ((X( loc=304 & (X( loc=306 ))))))))))))))))))))))))))]",9,0.0067695364550362,9.847,9.071,random_path,600
0,out/models/model_spotify100_model-it_6.prism,"Pmax=? [(F ""positive"") & (X( loc=1 ))]",1,0.6791845870028534,5.545,9.698,actual_path,600
0,out/models/model_spotify100_model-it_6.prism,"Pmax=? [(F ""positive"") & (X( loc=1 ))]",1,0.6791845870028534,5.625,9.789,actual_path,600
0,out/models/model_spotify100_model-it_6.prism,"Pmax=? [(F ""positive"") & ((X( loc=1 & ((X( loc=9 & ((X( loc=65 & ((X( loc=116|loc=119 & (X( loc=122|loc=125 ))))))))))))))]",5,0.0,0.382,10.273,actual_path,600
0,out/models/model_spotify100_model-it_6.prism,"Pmax=? [(F ""positive"") & ((X( loc=1 & ((X( loc=18 & ((X( loc=74 & ((X( loc=116|loc=119 & ((X( loc=122|loc=125 & (X( loc=318 )))))))))))))))))]",6,0.0,0.626,8.795,actual_path,600
0,out/models/model_spotify100_model-it_6.prism,"Pmax=? [(F ""positive"") & ((X( loc=1 & ((X( loc=28 & ((X( loc=84 & ((X( loc=117 & ((X( loc=123 & ((X( loc=1417 & ((X( loc=1423 & (X( loc=304 )))))))))))))))))))))))]",8,0.0,0.653,8.494,actual_path,600
0,out/models/model_spotify100_model-it_6.prism,"Pmax=? [(F ""positive"") & ((X( loc=1 & ((X( loc=32 & ((X( loc=88 & ((X( loc=116|loc=119 & ((X( loc=122|loc=125 & ((X( loc=1398 & ((X( loc=1412 & ((X( loc=305 & (X( loc=307 ))))))))))))))))))))))))))]",9,0.0067695364550362,8.996,10.455,random_path,600
0,out/models/model_spotify100_model-it_6.prism,"Pmax=? [(F ""positive"") & ((X( loc=1 & (X( loc=27 )))))]",2,0.020515163986637882,5.769,9.091,actual_path,600
0,out/models/model_spotify100_model-it_6.prism,"Pmax=? [(F ""positive"") & ((X( loc=1 & ((X( loc=36 & ((X( loc=92 & ((X( loc=116|loc=119 & ((X( loc=122|loc=125 & ((X( loc=1198 & (X( loc=1210 ))))))))))))))))))))]",7,0.0,0.836,9.334,actual_path,600
0,out/models/model_spotify100_model-it_6.prism,"Pmax=? [(F ""positive"") & ((X( loc=1 & (X( loc=16 )))))]",2,0.006887479020625527,6.558,9.444,actual_path,600
0,out/models/model_spotify100_model-it_6.prism,"Pmax=? [(F ""positive"") & ((X( loc=1 & (X( loc=21 )))))]",2,0.0067695364550362,7.241,8.735,actual_path,600
0,out/models/model_spotify100_model-it_6.prism,"Pmax=? [(F ""positive"") & ((X( loc=1 & (X( loc=36 )))))]",2,0.013627684966012354,6.718,9.8,actual_path,600
0,out/models/model_spotify100_model-it_6.prism,"Pmax=? [(F ""positive"") & ((X( loc=1 & ((X( loc=29 & (X( loc=85 ))))))))]",3,0.027402643007263406,6.412,8.822,actual_path,600
0,out/models/model_spotify100_model-it_6.prism,"Pmax=? [(F ""positive"") & ((X( loc=1 & ((X( loc=25 & ((X( loc=81 & ((X( loc=115 & ((X( loc=121 & ((X( loc=819 & ((X( loc=837 & ((X( loc=304 & (X( loc=306 ))))))))))))))))))))))))))]",9,0.0,0.965,9.34,actual_path,600
0,out/models/model_spotify100_model-it_6.prism,"Pmax=? [(F ""positive"") & ((X( loc=1 & ((X( loc=36 & (X( loc=92 ))))))))]",3,0.013627684966012354,6.815,8.85,actual_path,600
0,out/models/model_spotify100_model-it_6.prism,"Pmax=? [(F ""positive"") & ((X( loc=1 & ((X( loc=35 & (X( loc=91 ))))))))]",3,0.033508253625164214,6.43,8.448,actual_path,600
0,out/models/model_spotify100_model-it_6.prism,"Pmax=? [(F ""positive"") & ((X( loc=1 & ((X( loc=14 & ((X( loc=70 & (X( loc=116|loc=119 )))))))))))]",4,0.0135390729100724,6.259,9.087,actual_path,600
0,out/models/model_spotify100_model-it_7.prism, Pmax=? [F loc=96] ,0,0.01,0.107,12.059,reach_state,600
0,out/models/model_spotify100_model-it_6.prism,"Pmax=? [(F ""positive"") & ((X( loc=1 & ((X( loc=18 & (X( loc=74 ))))))))]",3,0.013480411890773656,7.344,10.288,actual_path,600
0,out/models/model_spotify100_model-it_6.prism,"Pmax=? [(F ""positive"") & ((X( loc=1 & ((X( loc=14 & ((X( loc=70 & ((X( loc=116|loc=119 & (X( loc=122|loc=125 ))))))))))))))]",5,0.0135390729100724,7.43,9.104,actual_path,600
0,out/models/model_spotify100_model-it_6.prism,"Pmax=? [(F ""positive"") & ((X( loc=1 & ((X( loc=29 & ((X( loc=85 & ((X( loc=115 & ((X( loc=121 & (X( loc=950 )))))))))))))))))]",6,0.02066243706187658,7.749,9.129,actual_path,600
0,out/models/model_spotify100_model-it_7.prism, Pmax=? [F loc=313] ,0,0.9738230793090528,0.364,13.443,reach_state,600
0,out/models/model_spotify100_model-it_6.prism,"Pmax=? [(F ""positive"") & ((X( loc=1 & ((X( loc=14 & ((X( loc=70 & ((X( loc=116|loc=119 & ((X( loc=122|loc=125 & ((X( loc=318 & ((X( loc=381 & (X( loc=305 )))))))))))))))))))))))]",8,0.0135390729100724,7.855,8.358,actual_path,600
0,out/models/model_spotify100_model-it_6.prism,"Pmax=? [(F ""positive"") & ((X( loc=1 & ((X( loc=28 & ((X( loc=84 & ((X( loc=116|loc=119 & ((X( loc=122|loc=125 & ((X( loc=864 & ((X( loc=882 & ((X( loc=304 & (X( loc=306 ))))))))))))))))))))))))))]",9,0.0135390729100724,9.511,8.786,actual_path,600
0,out/models/model_spotify100_model-it_6.prism,"Pmax=? [(F ""positive"") & ((X( loc=1 & ((X( loc=3 & ((X( loc=59 & ((X( loc=116|loc=119 & ((X( loc=122|loc=125 & ((X( loc=472 & ((X( loc=510 & (X( loc=305 )))))))))))))))))))))))]",8,0.0067695364550362,9.493,9.11,actual_path,600
0,out/models/model_spotify100_model-it_7.prism, Pmax=? [F loc=186] ,0,0.8486083804621285,5.635,13.296,reach_state,600
0,out/models/model_spotify100_model-it_7.prism, Pmax=? [F loc=1043] ,0,0.04208569612786758,12.108,11.719,reach_state,600
0,out/models/model_spotify100_model-it_7.prism, Pmax=? [F loc=224] ,0,0.010260118703164256,12.469,12.321,reach_state,600
0,out/models/model_spotify100_model-it_7.prism, Pmax=? [F loc=327] ,0,0.07995070671762809,12.176,12.529,reach_state,600
0,out/models/model_spotify100_model-it_7.prism, Pmax=? [F loc=1622] ,0,0.010841451664750236,12.573,12.108,reach_state,600
0,out/models/model_spotify100_model-it_7.prism, Pmax=? [F loc=1010] ,0,0.020322719229009235,12.61,13.922,reach_state,600
0,out/models/model_spotify100_model-it_7.prism, Pmax=? [F loc=1547] ,0,0.010838104185386013,13.237,13.193,reach_state,600
0,out/models/model_spotify100_model-it_7.prism, Pmax=? [F loc=1285] ,0,0.03186504961329956,13.429,12.555,reach_state,600
0,out/models/model_spotify100_model-it_7.prism,"Pmax=? [(F ""positive"") & (!(""positive"") U loc=864)]",0,0.6264115586461373,14.035,13.082,avoid_state,600
0,out/models/model_spotify100_model-it_7.prism,"Pmax=? [(F ""positive"") & (!(""positive"") U loc=1221)]",0,0.008178675168675285,14.593,12.518,avoid_state,600
0,out/models/model_spotify100_model-it_7.prism,"Pmax=? [(F ""positive"") & (!(""positive"") U loc=1393)]",0,0.008003108302845858,14.771,13.877,avoid_state,600
0,out/models/model_spotify100_model-it_7.prism,"Pmax=? [(F ""positive"") & (!(""positive"") U loc=130)]",0,0.007573970371786695,15.193,12.123,avoid_state,600
0,out/models/model_spotify100_model-it_7.prism,"Pmax=? [(F ""positive"") & (X( loc=1 ))]",1,0.7500593270548812,12.597,12.521,random_path,600
0,out/models/model_spotify100_model-it_7.prism,"Pmax=? [(F ""positive"") & (!(""positive"") U loc=1220)]",0,0.6903279775483855,14.15,12.924,avoid_state,600
0,out/models/model_spotify100_model-it_7.prism,"Pmax=? [(F ""positive"") & (!(""positive"") U loc=958)]",0,0.5649644092915347,14.454,12.459,avoid_state,600
0,out/models/model_spotify100_model-it_7.prism,"Pmax=? [(F ""positive"") & (X( loc=1 ))]",1,0.7500593270548812,12.987,12.681,random_path,600
0,out/models/model_spotify100_model-it_7.prism,"Pmax=? [(F ""positive"") & (!(""positive"") U loc=788)]",0,0.015594049089877332,14.9,13.458,avoid_state,600
0,out/models/model_spotify100_model-it_7.prism,"Pmax=? [(F ""positive"") & (!(""positive"") U loc=781)]",0,0.6865711082773067,15.59,12.69,avoid_state,600
0,out/models/model_spotify100_model-it_7.prism,"Pmax=? [(F ""positive"") & (X( loc=1 ))]",1,0.7500593270548812,12.019,13.505,random_path,600
0,out/models/model_spotify100_model-it_7.prism,"['start', 'companystart', 'startprofile_0_4_9']",0,-1,0.0,0.0,actual_path,600
0,out/models/model_spotify100_model-it_7.prism,"['start', 'companystart', 'startprofile_3_7_5']",0,-1,0.0,0.0,actual_path,600
0,out/models/model_spotify100_model-it_7.prism,"Pmax=? [(F ""positive"") & (!(""positive"") U loc=514)]",0,0.008003108302845856,14.374,12.485,avoid_state,600
0,out/models/model_spotify100_model-it_7.prism,"Pmax=? [(F ""positive"") & (!(""positive"") U loc=1083)]",0,0.16362823655294115,14.318,13.83,avoid_state,600
0,out/models/model_spotify100_model-it_7.prism,"Pmax=? [(F ""positive"") & (X( loc=1 ))]",1,0.7500593270548812,13.231,12.94,random_path,600
0,out/models/model_spotify100_model-it_7.prism,"Pmax=? [(F ""positive"") & (X( loc=1 ))]",1,0.7500593270548812,12.446,14.543,random_path,600
0,out/models/model_spotify100_model-it_7.prism,"Pmax=? [(F ""positive"") & ((X( loc=1 & (X( loc=20 )))))]",2,0.022562440198280798,14.584,12.879,random_path,600
0,out/models/model_spotify100_model-it_7.prism,"Pmax=? [(F ""positive"") & ((X( loc=1 & (X( loc=20 )))))]",2,0.022562440198280798,14.272,12.419,random_path,600
0,out/models/model_spotify100_model-it_7.prism,"['start', 'companystart', 'startprofile_2_4_6', 'companystartprofile_2_4_6']",0,-1,0.0,0.0,actual_path,600
0,out/models/model_spotify100_model-it_7.prism,"Pmax=? [(F ""positive"") & ((X( loc=1 & (X( loc=36 )))))]",2,0.007545822977591772,14.325,13.038,random_path,600
0,out/models/model_spotify100_model-it_7.prism,"Pmax=? [(F ""positive"") & ((X( loc=1 & ((X( loc=40 & (X( loc=95 ))))))))]",3,0.01493623985457675,14.291,12.022,random_path,600
0,out/models/model_spotify100_model-it_7.prism,"Pmax=? [(F ""positive"") & ((X( loc=1 & ((X( loc=49 & (X( loc=104 ))))))))]",3,0.007470794243097258,13.827,12.465,random_path,600
0,out/models/model_spotify100_model-it_7.prism,"Pmax=? [(F ""positive"") & ((X( loc=1 & ((X( loc=46 & ((X( loc=101 & (X( loc=113 )))))))))))]",4,0.007470794243097258,13.66,12.399,random_path,600
0,out/models/model_spotify100_model-it_7.prism,"Pmax=? [(F ""positive"") & ((X( loc=1 & (X( loc=21 )))))]",2,0.022562440198280798,14.783,13.378,random_path,600
0,out/models/model_spotify100_model-it_7.prism,"Pmax=? [(F ""positive"") & ((X( loc=1 & ((X( loc=9 & (X( loc=64 ))))))))]",3,0.030033234441378058,14.586,12.626,random_path,600
0,out/models/model_spotify100_model-it_7.prism,"['start', 'companystart', 'startprofile_4_5_3', 'companystartprofile_4_5_3', 'select_context_personalized_playlist', 'customerselect_context_personalized_playlist']",0,-1,0.0,0.0,actual_path,600
0,out/models/model_spotify100_model-it_7.prism,"Pmax=? [(F ""positive"") & ((X( loc=1 & ((X( loc=12 & ((X( loc=67 & (X( loc=112 )))))))))))]",4,0.007465445611479493,14.141,12.15,random_path,600
0,out/models/model_spotify100_model-it_7.prism,"Pmax=? [(F ""positive"") & ((X( loc=1 & (X( loc=51 )))))]",2,0.007545822977591772,14.412,13.957,random_path,600
0,out/models/model_spotify100_model-it_7.prism,"Pmax=? [(F ""positive"") & ((X( loc=1 & ((X( loc=56 & ((X( loc=111 & (X( loc=112 )))))))))))]",4,0.007465445611479493,14.523,12.939,random_path,600
0,out/models/model_spotify100_model-it_7.prism,"Pmax=? [(F ""positive"") & ((X( loc=1 & ((X( loc=3 & ((X( loc=58 & ((X( loc=114 & (X( loc=120 ))))))))))))))]",5,0.007545822977591772,13.972,12.383,random_path,600
0,out/models/model_spotify100_model-it_7.prism,"['start', 'companystart', 'startprofile_0_3_5', 'companystartprofile_0_3_5', 'select_context_user_collection', 'companyselect_context_user_collection', 'played_60_major_1_3_2']",0,-1,0.0,0.0,actual_path,600
0,out/models/model_spotify100_model-it_7.prism,"Pmax=? [(F ""positive"") & ((X( loc=1 & ((X( loc=11 & ((X( loc=66 & (X( loc=113 )))))))))))]",4,0.014941588486194516,14.614,12.323,random_path,600
0,out/models/model_spotify100_model-it_7.prism,"['start', 'companystart', 'startprofile_1_7_5', 'companystartprofile_1_7_5', 'select_context_catalog', 'companyselect_context_catalog', 'played_10_major_1_8_5']",0,-1,0.0,0.0,actual_path,600
0,out/models/model_spotify100_model-it_7.prism,"Pmax=? [(F ""positive"") & ((X( loc=1 & ((X( loc=6 & (X( loc=61 ))))))))]",3,0.015011268589071265,14.802,13.174,random_path,600
0,out/models/model_spotify100_model-it_7.prism,"['start', 'companystart', 'startprofile_7_3_3', 'companystartprofile_7_3_3', 'select_context_catalog', 'companyselect_context_catalog', 'played_10_minor_9_2_5']",0,-1,0.0,0.0,actual_path,600
0,out/models/model_spotify100_model-it_7.prism,"Pmax=? [(F ""positive"") & ((X( loc=1 & ((X( loc=51 & ((X( loc=106 & (X( loc=114 )))))))))))]",4,0.007545822977591772,14.591,12.155,random_path,600
0,out/models/model_spotify100_model-it_7.prism,"['start', 'companystart', 'startprofile_2_5_5', 'companystartprofile_2_5_5', 'select_context_user_collection', 'companyselect_context_user_collection', 'played_60_major_6_5_2', 'companyplayed_60_major_6_5_2']",0,-1,0.0,0.0,actual_path,600
0,out/models/model_spotify100_model-it_7.prism,"['start', 'companystart', 'startprofile_2_6_6', 'companystartprofile_2_6_6', 'select_context_user_collection', 'companyselect_context_user_collection', 'played_50_major_5_5_4', 'companyplayed_50_major_5_5_4']",0,-1,0.0,0.0,actual_path,600
0,out/models/model_spotify100_model-it_7.prism,"Pmax=? [(F ""positive"") & ((X( loc=1 & ((X( loc=54 & (X( loc=109 ))))))))]",3,0.007470794243097258,14.817,14.445,random_path,600
0,out/models/model_spotify100_model-it_7.prism,"['start', 'companystart', 'startprofile_0_6_8', 'companystartprofile_0_6_8', 'select_context_catalog', 'companyselect_context_catalog', 'played_10_minor_0_6_9', 'companyplayed_10_minor_0_6_9']",0,-1,0.0,0.0,actual_path,600
0,out/models/model_spotify100_model-it_7.prism,"['start', 'companystart', 'startprofile_0_6_7', 'companystartprofile_0_6_7', 'select_context_user_collection', 'companyselect_context_user_collection', 'played_90_major_0_8_9', 'companyplayed_90_major_0_8_9', 'skipped']",0,-1,0.0,0.0,actual_path,600
0,out/models/model_spotify100_model-it_7.prism,"Pmax=? [(F ""positive"") & ((X( loc=1 & ((X( loc=52 & ((X( loc=107 & ((X( loc=113 & (X( loc=119 ))))))))))))))]",5,0.007470794243097258,14.208,13.031,random_path,600
0,out/models/model_spotify100_model-it_7.prism,"['start', 'companystart', 'startprofile_2_6_5', 'companystartprofile_2_6_5', 'select_context_user_collection', 'companyselect_context_user_collection', 'played_10_major_3_6_3', 'companyplayed_10_major_3_6_3', 'skipped']",0,-1,0.0,0.0,actual_path,600
0,out/models/model_spotify100_model-it_7.prism,"['start', 'companystart', 'startprofile_3_7_7', 'companystartprofile_3_7_7', 'select_context_editorial_playlist', 'customerselect_context_editorial_playlist', 'song_0_minor_4_7_5', 'companysong_0_minor_4_7_5', 'skipped']",0,-1,0.0,0.0,actual_path,600
0,out/models/model_spotify100_model-it_7.prism,"['start', 'companystart', 'startprofile_0_4_5', 'companystartprofile_0_4_5', 'select_context_user_collection', 'companyselect_context_user_collection', 'played_90_major_0_4_5', 'companyplayed_90_major_0_4_5', 'not_skipped']",0,-1,0.0,0.0,actual_path,600
0,out/models/model_spotify100_model-it_7.prism,"['start', 'companystart', 'startprofile_2_5_5', 'companystartprofile_2_5_5', 'select_context_user_collection', 'companyselect_context_user_collection', 'played_10_major_0_5_6', 'companyplayed_10_major_0_5_6', 'not_skipped', 'companynot_skipped']",0,-1,0.0,0.0,actual_path,600
0,out/models/model_spotify100_model-it_7.prism,"Pmax=? [(F ""positive"") & ((X( loc=1 & ((X( loc=52 & ((X( loc=107 & ((X( loc=113 & (X( loc=119 ))))))))))))))]",5,0.007470794243097258,13.27,12.25,random_path,600
0,out/models/model_spotify100_model-it_7.prism,"['start', 'companystart', 'startprofile_0_6_8', 'companystartprofile_0_6_8', 'select_context_catalog', 'companyselect_context_catalog', 'played_10_major_0_8_6', 'companyplayed_10_major_0_8_6', 'skipped', 'companyskipped']",0,-1,0.0,0.0,actual_path,600
0,out/models/model_spotify100_model-it_7.prism,"['start', 'companystart', 'startprofile_2_8_6', 'companystartprofile_2_8_6', 'select_context_catalog', 'companyselect_context_catalog', 'played_10_major_4_7_5', 'companyplayed_10_major_4_7_5', 'skipped', 'companyskipped']",0,-1,0.0,0.0,actual_path,600
0,out/models/model_spotify100_model-it_7.prism,"['start', 'companystart', 'startprofile_2_5_7', 'companystartprofile_2_5_7', 'select_context_user_collection', 'companyselect_context_user_collection', 'played_10_minor_0_5_8', 'companyplayed_10_minor_0_5_8', 'skipped', 'companyskipped']",0,-1,0.0,0.0,actual_path,600
0,out/models/model_spotify100_model-it_7.prism,"Pmax=? [(F ""positive"") & ((X( loc=1 & ((X( loc=47 & ((X( loc=102 & ((X( loc=112 & (X( loc=118 ))))))))))))))]",5,0.007465445611479493,14.441,13.17,random_path,600
0,out/models/model_spotify100_model-it_7.prism,"Pmax=? [(F ""positive"") & ((X( loc=1 & ((X( loc=42 & ((X( loc=97 & ((X( loc=117 & (X( loc=123 ))))))))))))))]",5,0.007545822977591772,15.005,12.417,random_path,600
0,out/models/model_spotify100_model-it_7.prism,"Pmax=? [(F ""positive"") & ((X( loc=1 & ((X( loc=39 & ((X( loc=94 & ((X( loc=113 & ((X( loc=119 & (X( loc=1176 )))))))))))))))))]",6,9.729571174545265E-5,13.829,12.939,random_path,600
0,out/models/model_spotify100_model-it_7.prism,"Pmax=? [(F ""positive"") & ((X( loc=1 & ((X( loc=50 & ((X( loc=105 & ((X( loc=115 & ((X( loc=121 & (X( loc=1358 )))))))))))))))))]",6,0.007545822977591772,14.1,12.263,random_path,600
0,out/models/model_spotify100_model-it_7.prism,"Pmax=? [(F ""positive"") & ((X( loc=1 & ((X( loc=45 & ((X( loc=100 & ((X( loc=113 & ((X( loc=119 & (X( loc=134 )))))))))))))))))]",6,1.3926353299426825E-4,15.087,12.947,random_path,600
0,out/models/model_spotify100_model-it_7.prism,"Pmax=? [(F ""positive"") & ((X( loc=1 & ((X( loc=52 & ((X( loc=107 & ((X( loc=113 & ((X( loc=119 & (X( loc=1490 )))))))))))))))))]",6,1.0575302212897056E-5,13.913,12.518,random_path,600
0,out/models/model_spotify100_model-it_7.prism,"Pmax=? [(F ""positive"") & ((X( loc=1 & ((X( loc=35 & ((X( loc=90 & ((X( loc=114 & ((X( loc=120 & (X( loc=1607 )))))))))))))))))]",6,0.007545822977591772,15.237,11.838,random_path,600
0,out/models/model_spotify100_model-it_7.prism,"Pmax=? [(F ""positive"") & ((X( loc=1 & ((X( loc=14 & ((X( loc=69 & ((X( loc=114 & ((X( loc=120 & ((X( loc=1385 & (X( loc=1390 ))))))))))))))))))))]",7,0.014763121889204292,14.323,12.862,random_path,600
0,out/models/model_spotify100_model-it_7.prism,"Pmax=? [(F ""positive"") & ((X( loc=1 & ((X( loc=14 & ((X( loc=69 & ((X( loc=114 & ((X( loc=120 & ((X( loc=1515 & (X( loc=1522 ))))))))))))))))))))]",7,0.014763121889204292,15.229,12.992,random_path,600
0,out/models/model_spotify100_model-it_7.prism,"Pmax=? [(F ""positive"") & ((X( loc=1 & ((X( loc=42 & ((X( loc=97 & ((X( loc=117 & ((X( loc=123 & ((X( loc=475 & (X( loc=515 ))))))))))))))))))))]",7,0.007509320303594077,15.068,12.18,random_path,600
0,out/models/model_spotify100_model-it_7.prism,"Pmax=? [(F ""positive"") & ((X( loc=1 & ((X( loc=10 & ((X( loc=65 & (X( loc=115 )))))))))))]",4,0.0,0.285,12.109,actual_path,600
0,out/models/model_spotify100_model-it_7.prism,"Pmax=? [(F ""positive"") & ((X( loc=1 & ((X( loc=40 & ((X( loc=95 & (X( loc=116 )))))))))))]",4,0.0,0.304,12.487,actual_path,600
0,out/models/model_spotify100_model-it_7.prism,"Pmax=? [(F ""positive"") & ((X( loc=1 & ((X( loc=46 & ((X( loc=101 & ((X( loc=113 & ((X( loc=119 & ((X( loc=359 & (X( loc=418 ))))))))))))))))))))]",7,5.354888942301835E-5,13.694,11.756,random_path,600
0,out/models/model_spotify100_model-it_7.prism,"Pmax=? [(F ""positive"") & ((X( loc=1 & ((X( loc=9 & ((X( loc=64 & (X( loc=112 )))))))))))]",4,0.0,0.295,12.671,actual_path,600
0,out/models/model_spotify100_model-it_7.prism,"Pmax=? [(F ""positive"") & ((X( loc=1 & ((X( loc=40 & ((X( loc=95 & ((X( loc=115 & (X( loc=121 ))))))))))))))]",5,0.0,0.335,12.517,actual_path,600
0,out/models/model_spotify100_model-it_8.prism, Pmax=? [F loc=23] ,0,0.01,0.086,10.711,reach_state,600
0,out/models/model_spotify100_model-it_7.prism,"Pmax=? [(F ""positive"") & ((X( loc=1 & ((X( loc=28 & ((X( loc=83 & ((X( loc=112 & ((X( loc=118 & ((X( loc=904 & (X( loc=924 ))))))))))))))))))))]",7,0.0,0.457,12.3,actual_path,600
0,out/models/model_spotify100_model-it_7.prism,"Pmax=? [(F ""positive"") & ((X( loc=1 & ((X( loc=33 & ((X( loc=88 & ((X( loc=115 & ((X( loc=121 & ((X( loc=131 & (X( loc=225 ))))))))))))))))))))]",7,0.0,0.489,12.405,actual_path,600
0,out/models/model_spotify100_model-it_7.prism,"Pmax=? [(F ""positive"") & ((X( loc=1 & ((X( loc=16 & ((X( loc=71 & ((X( loc=113 & ((X( loc=119 & ((X( loc=337 & ((X( loc=396 & (X( loc=312 )))))))))))))))))))))))]",8,0.0,0.692,12.834,actual_path,600
0,out/models/model_spotify100_model-it_7.prism,"Pmax=? [(F ""positive"") & ((X( loc=1 & ((X( loc=31 & ((X( loc=86 & ((X( loc=113 & ((X( loc=119 & ((X( loc=730 & ((X( loc=754 & (X( loc=313 )))))))))))))))))))))))]",8,1.0810634638383625E-5,13.974,12.405,random_path,600
0,out/models/model_spotify100_model-it_7.prism,"Pmax=? [(F ""positive"") & ((X( loc=1 & ((X( loc=19 & ((X( loc=74 & ((X( loc=113 & ((X( loc=119 & ((X( loc=1353 & ((X( loc=1360 & (X( loc=313 )))))))))))))))))))))))]",8,1.0810634638383627E-5,14.935,12.109,random_path,600
0,out/models/model_spotify100_model-it_7.prism,"Pmax=? [(F ""positive"") & ((X( loc=1 & ((X( loc=30 & ((X( loc=85 & ((X( loc=113 & ((X( loc=119 & ((X( loc=1036 & ((X( loc=1050 & (X( loc=313 )))))))))))))))))))))))]",8,1.0810634638383627E-5,15.378,12.732,random_path,600
0,out/models/model_spotify100_model-it_7.prism,"Pmax=? [(F ""positive"") & ((X( loc=1 & ((X( loc=37 & ((X( loc=92 & ((X( loc=116 & ((X( loc=122 & ((X( loc=1144 & (X( loc=1153 ))))))))))))))))))))]",7,0.007381560944602146,16.082,12.589,random_path,600
0,out/models/model_spotify100_model-it_7.prism,"Pmax=? [(F ""positive"") & ((X( loc=1 & ((X( loc=5 & ((X( loc=60 & ((X( loc=115 & ((X( loc=121 & ((X( loc=1557 & ((X( loc=1562 & (X( loc=312 )))))))))))))))))))))))]",8,0.007381560944602146,15.551,12.368,random_path,600
0,out/models/model_spotify100_model-it_7.prism,"Pmax=? [(F ""positive"") & ((X( loc=1 & ((X( loc=12 & ((X( loc=67 & ((X( loc=112 & ((X( loc=118 & ((X( loc=207 & ((X( loc=301 & (X( loc=313 )))))))))))))))))))))))]",8,6.672351507516841E-5,15.691,13.753,random_path,600
0,out/models/model_spotify100_model-it_7.prism,"Pmax=? [(F ""positive"") & (X( loc=1 ))]",1,0.7500593270548812,12.491,12.589,actual_path,600
0,out/models/model_spotify100_model-it_8.prism, Pmax=? [F loc=1133] ,0,0.7681000452469265,6.291,11.197,reach_state,600
0,out/models/model_spotify100_model-it_8.prism, Pmax=? [F loc=1396] ,0,0.8278784720239083,4.66,10.553,reach_state,600
0,out/models/model_spotify100_model-it_8.prism, Pmax=? [F loc=1476] ,0,0.7681000452469265,6.327,10.645,reach_state,600
0,out/models/model_spotify100_model-it_7.prism,"Pmax=? [(F ""positive"") & (X( loc=1 ))]",1,0.7500593270548812,13.263,12.35,actual_path,600
0,out/models/model_spotify100_model-it_7.prism,"Pmax=? [(F ""positive"") & (X( loc=1 ))]",1,0.7500593270548812,13.175,12.592,actual_path,600
0,out/models/model_spotify100_model-it_8.prism, Pmax=? [F loc=1393] ,0,0.7681000452469265,6.724,11.531,reach_state,600
0,out/models/model_spotify100_model-it_7.prism,"Pmax=? [(F ""positive"") & ((X( loc=1 & ((X( loc=14 & ((X( loc=69 & ((X( loc=114 & ((X( loc=120 & ((X( loc=1415 & ((X( loc=1424 & ((X( loc=313 & (X( loc=315 ))))))))))))))))))))))))))]",9,0.015091645955183544,15.62,12.653,random_path,600
0,out/models/model_spotify100_model-it_7.prism,"Pmax=? [(F ""positive"") & (X( loc=1 ))]",1,0.7500593270548812,13.635,12.075,actual_path,600
0,out/models/model_spotify100_model-it_7.prism,"Pmax=? [(F ""positive"") & (X( loc=1 ))]",1,0.7500593270548812,12.653,13.767,actual_path,600
0,out/models/model_spotify100_model-it_7.prism,"Pmax=? [(F ""positive"") & ((X( loc=1 & ((X( loc=13 & ((X( loc=68 & ((X( loc=115 & ((X( loc=121 & ((X( loc=191 & ((X( loc=285 & ((X( loc=312 & (X( loc=314 ))))))))))))))))))))))))))]",9,0.004921040629734764,15.959,11.885,random_path,600
0,out/models/model_spotify100_model-it_7.prism,"Pmax=? [(F ""positive"") & ((X( loc=1 & (X( loc=17 )))))]",2,0.007470794243097258,13.435,12.579,actual_path,600
0,out/models/model_spotify100_model-it_7.prism,"Pmax=? [(F ""positive"") & ((X( loc=1 & ((X( loc=33 & ((X( loc=88 & ((X( loc=113 & ((X( loc=119 & ((X( loc=600 & ((X( loc=622 & ((X( loc=312 & (X( loc=314 ))))))))))))))))))))))))))]",9,1.0575302212897056E-5,16.606,12.844,random_path,600
0,out/models/model_spotify100_model-it_7.prism,"Pmax=? [(F ""positive"") & ((X( loc=1 & (X( loc=23 )))))]",2,0.022562440198280798,14.259,12.505,actual_path,600
0,out/models/model_spotify100_model-it_7.prism,"Pmax=? [(F ""positive"") & ((X( loc=1 & (X( loc=6 )))))]",2,0.015011268589071265,13.898,12.433,actual_path,600
0,out/models/model_spotify100_model-it_7.prism,"Pmax=? [(F ""positive"") & ((X( loc=1 & ((X( loc=55 & ((X( loc=110 & ((X( loc=114 & ((X( loc=120 & ((X( loc=437 & ((X( loc=450 & ((X( loc=313 & (X( loc=315 ))))))))))))))))))))))))))]",9,0.0060366583820734175,15.655,13.269,random_path,600
0,out/models/model_spotify100_model-it_7.prism,"Pmax=? [(F ""positive"") & ((X( loc=1 & ((X( loc=50 & ((X( loc=105 & ((X( loc=115 & ((X( loc=121 & ((X( loc=1112 & ((X( loc=1128 & ((X( loc=312 & (X( loc=314 ))))))))))))))))))))))))))]",9,0.003690780472301073,14.581,14.121,random_path,600
0,out/models/model_spotify100_model-it_7.prism,"Pmax=? [(F ""positive"") & ((X( loc=1 & ((X( loc=6 & (X( loc=61 ))))))))]",3,0.015011268589071265,14.671,12.521,actual_path,600
0,out/models/model_spotify100_model-it_8.prism, Pmax=? [F loc=234] ,0,0.04301842781430854,9.118,10.41,reach_state,600
0,out/models/model_spotify100_model-it_8.prism, Pmax=? [F loc=1099] ,0,0.011341442977208328,9.129,11.975,reach_state,600
0,out/models/model_spotify100_model-it_8.prism, Pmax=? [F loc=1537] ,0,0.011341442977208328,9.356,10.87,reach_state,600
0,out/models/model_spotify100_model-it_7.prism,"Pmax=? [(F ""positive"") & ((X( loc=1 & ((X( loc=21 & (X( loc=76 ))))))))]",3,0.022562440198280798,14.797,12.686,actual_path,600
0,out/models/model_spotify100_model-it_7.prism,"Pmax=? [(F ""positive"") & ((X( loc=1 & ((X( loc=6 & ((X( loc=61 & (X( loc=112 )))))))))))]",4,0.007465445611479493,14.468,12.842,actual_path,600
0,out/models/model_spotify100_model-it_7.prism,"Pmax=? [(F ""positive"") & ((X( loc=1 & ((X( loc=10 & ((X( loc=65 & ((X( loc=112 & (X( loc=118 ))))))))))))))]",5,0.007465445611479493,14.706,12.076,actual_path,600
0,out/models/model_spotify100_model-it_7.prism,"Pmax=? [(F ""positive"") & ((X( loc=1 & ((X( loc=26 & (X( loc=81 ))))))))]",3,0.007470794243097258,15.155,12.986,actual_path,600
0,out/models/model_spotify100_model-it_7.prism,"Pmax=? [(F ""positive"") & ((X( loc=1 & ((X( loc=19 & (X( loc=74 ))))))))]",3,0.030108263175872573,15.806,13.521,actual_path,600
0,out/models/model_spotify100_model-it_7.prism,"Pmax=? [(F ""positive"") & ((X( loc=1 & ((X( loc=21 & ((X( loc=76 & (X( loc=114 )))))))))))]",4,0.007545822977591771,15.238,13.086,actual_path,600
0,out/models/model_spotify100_model-it_7.prism,"Pmax=? [(F ""positive"") & ((X( loc=1 & ((X( loc=20 & ((X( loc=75 & ((X( loc=114 & (X( loc=120 ))))))))))))))]",5,0.007545822977591771,15.116,13.108,actual_path,600
0,out/models/model_spotify100_model-it_7.prism,"Pmax=? [(F ""positive"") & ((X( loc=1 & ((X( loc=2 & ((X( loc=57 & ((X( loc=113 & (X( loc=119 ))))))))))))))]",5,0.014941588486194514,15.301,12.222,actual_path,600
0,out/models/model_spotify100_model-it_7.prism,"Pmax=? [(F ""positive"") & ((X( loc=1 & ((X( loc=29 & ((X( loc=84 & ((X( loc=112 & ((X( loc=118 & (X( loc=336 )))))))))))))))))]",6,7.168012431992637E-5,13.942,13.496,actual_path,600
0,out/models/model_spotify100_model-it_7.prism,"Pmax=? [(F ""positive"") & ((X( loc=1 & ((X( loc=10 & ((X( loc=65 & ((X( loc=114 & ((X( loc=120 & (X( loc=334 )))))))))))))))))]",6,0.007463691961096959,14.973,13.138,actual_path,600
0,out/models/model_spotify100_model-it_8.prism, Pmax=? [F loc=546] ,0,0.011341442977208323,9.63,11.127,reach_state,600
0,out/models/model_spotify100_model-it_8.prism, Pmax=? [F loc=1574] ,0,0.011341442977208328,9.65,10.369,reach_state,600
0,out/models/model_spotify100_model-it_7.prism,"Pmax=? [(F ""positive"") & ((X( loc=1 & ((X( loc=34 & ((X( loc=89 & ((X( loc=114 & ((X( loc=120 & ((X( loc=138 & ((X( loc=232 & ((X( loc=312 & (X( loc=314 ))))))))))))))))))))))))))]",9,0.005905248755681716,15.664,12.73,actual_path,600
0,out/models/model_spotify100_model-it_8.prism,"Pmax=? [(F ""positive"") & (!(""positive"") U loc=1312)]",0,0.5253485296720922,10.693,10.711,avoid_state,600
0,out/models/model_spotify100_model-it_8.prism,"Pmax=? [(F ""positive"") & (!(""positive"") U loc=696)]",0,0.02125668648043355,11.084,10.566,avoid_state,600
0,out/models/model_spotify100_model-it_8.prism,"Pmax=? [(F ""positive"") & (!(""positive"") U loc=601)]",0,0.015471946190239453,11.728,10.743,avoid_state,600
0,out/models/model_spotify100_model-it_8.prism,"Pmax=? [(F ""positive"") & (!(""positive"") U loc=228)]",0,0.014525488524271588,12.045,11.036,avoid_state,600
0,out/models/model_spotify100_model-it_8.prism,"Pmax=? [(F ""positive"") & (!(""positive"") U loc=890)]",0,0.007225694390695401,11.662,10.895,avoid_state,600
0,out/models/model_spotify100_model-it_8.prism,"Pmax=? [(F ""positive"") & (!(""positive"") U loc=6)]",0,0.027660618825498716,10.777,10.489,avoid_state,600
0,out/models/model_spotify100_model-it_8.prism,"Pmax=? [(F ""positive"") & (!(""positive"") U loc=929)]",0,0.007225694390695401,11.516,10.315,avoid_state,600
0,out/models/model_spotify100_model-it_8.prism,"Pmax=? [(F ""positive"") & (!(""positive"") U loc=323)]",0,0.022907303471274357,12.29,10.314,avoid_state,600
0,out/models/model_spotify100_model-it_8.prism,"Pmax=? [(F ""positive"") & (!(""positive"") U loc=1478)]",0,0.007880707922833475,12.333,10.788,avoid_state,600
0,out/models/model_spotify100_model-it_8.prism,"Pmax=? [(F ""positive"") & (X( loc=1 ))]",1,0.6919115213279942,9.484,10.05,random_path,600
0,out/models/model_spotify100_model-it_8.prism,"Pmax=? [(F ""positive"") & (!(""positive"") U loc=1473)]",0,0.007880707922833474,13.23,10.547,avoid_state,600
0,out/models/model_spotify100_model-it_8.prism,"['start', 'companystart', 'startprofile_0_6_5']",0,-1,0.0,0.0,actual_path,600
0,out/models/model_spotify100_model-it_8.prism,"Pmax=? [(F ""positive"") & (X( loc=1 ))]",1,0.6919115213279942,10.793,11.174,random_path,600
0,out/models/model_spotify100_model-it_8.prism,"Pmax=? [(F ""positive"") & (X( loc=1 ))]",1,0.6919115213279942,10.931,10.827,random_path,600
0,out/models/model_spotify100_model-it_8.prism,"Pmax=? [(F ""positive"") & (X( loc=1 ))]",1,0.6919115213279942,11.842,11.396,random_path,600
0,out/models/model_spotify100_model-it_8.prism,"Pmax=? [(F ""positive"") & (X( loc=1 ))]",1,0.6919115213279942,10.945,11.457,random_path,600
0,out/models/model_spotify100_model-it_8.prism,"['start', 'companystart', 'startprofile_1_5_5', 'companystartprofile_1_5_5']",0,-1,0.0,0.0,actual_path,600
0,out/models/model_spotify100_model-it_8.prism,"['start', 'companystart', 'startprofile_3_7_6', 'companystartprofile_3_7_6']",0,-1,0.0,0.0,actual_path,600
0,out/models/model_spotify100_model-it_8.prism,"Pmax=? [(F ""positive"") & ((X( loc=1 & (X( loc=10 )))))]",2,0.006905681036647693,12.144,10.489,random_path,600
0,out/models/model_spotify100_model-it_8.prism,"Pmax=? [(F ""positive"") & ((X( loc=1 & (X( loc=11 )))))]",2,0.01385745244848731,11.579,10.777,random_path,600
0,out/models/model_spotify100_model-it_8.prism,"['start', 'companystart', 'startprofile_0_6_8', 'companystartprofile_0_6_8']",0,-1,0.0,0.0,actual_path,600
0,out/models/model_spotify100_model-it_8.prism,"['start', 'companystart', 'startprofile_0_7_4', 'companystartprofile_0_7_4', 'select_context_user_collection']",0,-1,0.0,0.0,actual_path,600
0,out/models/model_spotify100_model-it_8.prism,"Pmax=? [(F ""positive"") & ((X( loc=1 & ((X( loc=21 & (X( loc=72 ))))))))]",3,0.048403609172910006,10.629,11.13,random_path,600
0,out/models/model_spotify100_model-it_8.prism,"['start', 'companystart', 'startprofile_0_7_4', 'companystartprofile_0_7_4', 'select_context_editorial_playlist']",0,-1,0.0,0.0,actual_path,600
0,out/models/model_spotify100_model-it_8.prism,"Pmax=? [(F ""positive"") & ((X( loc=1 & (X( loc=49 )))))]",2,0.006951764513498416,12.925,10.79,random_path,600
0,out/models/model_spotify100_model-it_8.prism,"Pmax=? [(F ""positive"") & ((X( loc=1 & (X( loc=19 )))))]",2,0.020708833632777555,12.629,10.894,random_path,600
0,out/models/model_spotify100_model-it_8.prism,"Pmax=? [(F ""positive"") & ((X( loc=1 & ((X( loc=30 & (X( loc=81 ))))))))]",3,0.03449823856609061,11.341,11.012,random_path,600
0,out/models/model_spotify100_model-it_8.prism,"Pmax=? [(F ""positive"") & ((X( loc=1 & ((X( loc=26 & ((X( loc=77 & (X( loc=105 )))))))))))]",4,0.006951764513498416,10.583,10.584,random_path,600
0,out/models/model_spotify100_model-it_8.prism,"Pmax=? [(F ""positive"") & ((X( loc=1 & ((X( loc=15 & (X( loc=66 ))))))))]",3,0.020661216136737926,11.183,11.378,random_path,600
0,out/models/model_spotify100_model-it_8.prism,"['start', 'companystart', 'startprofile_2_6_7', 'companystartprofile_2_6_7', 'select_context_user_collection', 'companyselect_context_user_collection']",0,-1,0.0,0.0,actual_path,600
0,out/models/model_spotify100_model-it_8.prism,"['start', 'companystart', 'startprofile_7_6_3', 'companystartprofile_7_6_3', 'select_context_user_collection', 'companyselect_context_user_collection']",0,-1,0.0,0.0,actual_path,600
0,out/models/model_spotify100_model-it_8.prism,"Pmax=? [(F ""positive"") & ((X( loc=1 & ((X( loc=43 & (X( loc=94 ))))))))]",3,0.013811362073295386,11.281,11.698,random_path,600
0,out/models/model_spotify100_model-it_8.prism,"Pmax=? [(F ""positive"") & ((X( loc=1 & ((X( loc=25 & ((X( loc=76 & (X( loc=106|loc=108 )))))))))))]",4,0.006905681036647693,10.355,11.217,random_path,600
0,out/models/model_spotify100_model-it_8.prism,"['start', 'companystart', 'startprofile_4_7_5', 'companystartprofile_4_7_5', 'select_context_user_collection', 'companyselect_context_user_collection', 'played_10_minor_7_8_2']",0,-1,0.0,0.0,actual_path,600
0,out/models/model_spotify100_model-it_8.prism,"['start', 'companystart', 'startprofile_3_7_6', 'companystartprofile_3_7_6', 'select_context_catalog', 'companyselect_context_catalog', 'played_10_major_5_7_5']",0,-1,0.0,0.0,actual_path,600
0,out/models/model_spotify100_model-it_8.prism,"['start', 'companystart', 'startprofile_2_5_7', 'companystartprofile_2_5_7', 'select_context_user_collection', 'companyselect_context_user_collection', 'played_60_major_7_6_4']",0,-1,0.0,0.0,actual_path,600
0,out/models/model_spotify100_model-it_8.prism,"['start', 'companystart', 'startprofile_1_7_6', 'companystartprofile_1_7_6', 'select_context_catalog', 'companyselect_context_catalog', 'played_10_major_3_7_7', 'companyplayed_10_major_3_7_7']",0,-1,0.0,0.0,actual_path,600
0,out/models/model_spotify100_model-it_8.prism,"['start', 'companystart', 'startprofile_1_6_5', 'companystartprofile_1_6_5', 'select_context_radio', 'customerselect_context_radio', 'song_10_minor_0_4_6', 'companysong_10_minor_0_4_6']",0,-1,0.0,0.0,actual_path,600
0,out/models/model_spotify100_model-it_8.prism,"Pmax=? [(F ""positive"") & ((X( loc=1 & ((X( loc=48 & ((X( loc=99 & (X( loc=106|loc=108 )))))))))))]",4,0.006905681036647693,10.706,11.094,random_path,600
0,out/models/model_spotify100_model-it_8.prism,"Pmax=? [(F ""positive"") & ((X( loc=1 & (X( loc=6 )))))]",2,0.027660618825498716,11.841,11.956,random_path,600
0,out/models/model_spotify100_model-it_8.prism,"['start', 'companystart', 'startprofile_4_5_5', 'companystartprofile_4_5_5', 'select_context_radio', 'customerselect_context_radio', 'song_10_major_7_5_4', 'companysong_10_major_7_5_4']",0,-1,0.0,0.0,actual_path,600
0,out/models/model_spotify100_model-it_8.prism,"Pmax=? [(F ""positive"") & ((X( loc=1 & ((X( loc=29 & ((X( loc=80 & (X( loc=107 )))))))))))]",4,0.006951764513498416,11.61,11.389,random_path,600
0,out/models/model_spotify100_model-it_8.prism,"['start', 'companystart', 'startprofile_1_5_4', 'companystartprofile_1_5_4', 'select_context_catalog', 'companyselect_context_catalog', 'played_10_minor_1_5_4', 'companyplayed_10_minor_1_5_4', 'not_skipped']",0,-1,0.0,0.0,actual_path,600
0,out/models/model_spotify100_model-it_8.prism,"Pmax=? [(F ""positive"") & ((X( loc=1 & ((X( loc=4 & ((X( loc=55 & ((X( loc=105 & (X( loc=112 ))))))))))))))]",5,0.006951764513498416,11.194,10.384,random_path,600
0,out/models/model_spotify100_model-it_8.prism,"['start', 'companystart', 'startprofile_4_6_4', 'companystartprofile_4_6_4', 'select_context_catalog', 'companyselect_context_catalog', 'played_10_major_7_6_3', 'companyplayed_10_major_7_6_3', 'skipped']",0,-1,0.0,0.0,actual_path,600
0,out/models/model_spotify100_model-it_8.prism,"Pmax=? [(F ""positive"") & ((X( loc=1 & ((X( loc=14 & (X( loc=65 ))))))))]",3,0.006905681036647693,12.937,10.533,random_path,600
0,out/models/model_spotify100_model-it_8.prism,"['start', 'companystart', 'startprofile_2_4_6', 'companystartprofile_2_4_6', 'select_context_editorial_playlist', 'customerselect_context_editorial_playlist', 'song_60_major_7_6_3', 'companysong_60_major_7_6_3', 'not_skipped', 'companynot_skipped']",0,-1,0.0,0.0,actual_path,600
0,out/models/model_spotify100_model-it_8.prism,"['start', 'companystart', 'startprofile_2_5_7', 'companystartprofile_2_5_7', 'select_context_user_collection', 'companyselect_context_user_collection', 'played_70_major_4_3_8', 'companyplayed_70_major_4_3_8', 'not_skipped', 'companynot_skipped']",0,-1,0.0,0.0,actual_path,600
0,out/models/model_spotify100_model-it_8.prism,"Pmax=? [(F ""positive"") & ((X( loc=1 & ((X( loc=31 & ((X( loc=82 & ((X( loc=106|loc=108 & (X( loc=113|loc=115 ))))))))))))))]",5,0.013811362073295386,11.377,10.711,random_path,600
0,out/models/model_spotify100_model-it_8.prism,"['start', 'companystart', 'startprofile_3_7_8', 'companystartprofile_3_7_8', 'select_context_editorial_playlist', 'customerselect_context_editorial_playlist', 'song_10_minor_1_8_8', 'companysong_10_minor_1_8_8', 'skipped', 'companyskipped']",0,-1,0.0,0.0,actual_path,600
0,out/models/model_spotify100_model-it_8.prism,"Pmax=? [(F ""positive"") & ((X( loc=1 & ((X( loc=15 & ((X( loc=66 & ((X( loc=106|loc=108 & (X( loc=113|loc=115 ))))))))))))))]",5,0.020661216136737926,11.913,10.258,random_path,600
0,out/models/model_spotify100_model-it_8.prism,"Pmax=? [(F ""positive"") & ((X( loc=1 & ((X( loc=29 & ((X( loc=80 & (X( loc=104|loc=110 )))))))))))]",4,0.00689747155948217,11.954,12.724,random_path,600
0,out/models/model_spotify100_model-it_8.prism,"Pmax=? [(F ""positive"") & ((X( loc=1 & ((X( loc=50 & ((X( loc=101 & ((X( loc=105 & ((X( loc=112 & (X( loc=312 )))))))))))))))))]",6,0.013791250995196815,11.046,10.708,random_path,600
0,out/models/model_spotify100_model-it_8.prism,"Pmax=? [(F ""positive"") & ((X( loc=1 & ((X( loc=22 & ((X( loc=73 & ((X( loc=104|loc=110 & ((X( loc=111|loc=117 & (X( loc=632 )))))))))))))))))]",6,0.006897471559482169,11.909,10.486,random_path,600
0,out/models/model_spotify100_model-it_8.prism,"Pmax=? [(F ""positive"") & ((X( loc=1 & ((X( loc=44 & ((X( loc=95 & ((X( loc=106|loc=108 & (X( loc=113|loc=115 ))))))))))))))]",5,0.006905681036647693,12.675,11.889,random_path,600
0,out/models/model_spotify100_model-it_8.prism,"Pmax=? [(F ""positive"") & ((X( loc=1 & ((X( loc=49 & ((X( loc=100 & ((X( loc=107 & ((X( loc=114 & (X( loc=1292 )))))))))))))))))]",6,0.006951764513498416,11.727,10.585,random_path,600
0,out/models/model_spotify100_model-it_8.prism,"Pmax=? [(F ""positive"") & ((X( loc=1 & ((X( loc=8 & ((X( loc=59 & ((X( loc=106|loc=108 & ((X( loc=113|loc=115 & ((X( loc=977 & (X( loc=991 ))))))))))))))))))))]",7,0.013811362073295386,10.957,10.896,random_path,600
0,out/models/model_spotify100_model-it_8.prism,"Pmax=? [(F ""positive"") & ((X( loc=1 & ((X( loc=23 & ((X( loc=74 & ((X( loc=107 & (X( loc=114 ))))))))))))))]",5,0.006951764513498416,13.924,12.18,random_path,600
0,out/models/model_spotify100_model-it_8.prism,"Pmax=? [(F ""positive"") & ((X( loc=1 & ((X( loc=52 & ((X( loc=103 & ((X( loc=105 & ((X( loc=112 & (X( loc=303 )))))))))))))))))]",6,0.006839493468723073,10.836,11.352,random_path,600
0,out/models/model_spotify100_model-it_8.prism,"Pmax=? [(F ""positive"") & ((X( loc=1 & ((X( loc=50 & ((X( loc=101 & ((X( loc=105 & ((X( loc=112 & ((X( loc=1134 & (X( loc=1143 ))))))))))))))))))))]",7,0.013903529026996831,11.055,11.562,random_path,600
0,out/models/model_spotify100_model-it_8.prism,"Pmax=? [(F ""positive"") & ((X( loc=1 & ((X( loc=13 & ((X( loc=64 & ((X( loc=105 & ((X( loc=112 & ((X( loc=804 & (X( loc=830 ))))))))))))))))))))]",7,0.006951764513498416,11.483,10.833,random_path,600
0,out/models/model_spotify100_model-it_8.prism,"Pmax=? [(F ""positive"") & ((X( loc=1 & ((X( loc=31 & ((X( loc=82 & ((X( loc=107 & ((X( loc=114 & ((X( loc=1558 & (X( loc=1559 ))))))))))))))))))))]",7,0.006951764513498416,10.966,11.828,random_path,600
0,out/models/model_spotify100_model-it_8.prism,"Pmax=? [(F ""positive"") & ((X( loc=1 & ((X( loc=51 & ((X( loc=102 & ((X( loc=104|loc=110 & ((X( loc=111|loc=117 & (X( loc=1415 )))))))))))))))))]",6,0.00689747155948217,12.906,11.536,random_path,600
0,out/models/model_spotify100_model-it_8.prism,"Pmax=? [(F ""positive"") & ((X( loc=1 & ((X( loc=44 & ((X( loc=95 & ((X( loc=106|loc=108 & ((X( loc=113|loc=115 & ((X( loc=458 & ((X( loc=501 & (X( loc=293 )))))))))))))))))))))))]",8,0.006905681036647693,11.801,10.683,random_path,600
0,out/models/model_spotify100_model-it_8.prism,"Pmax=? [(F ""positive"") & ((X( loc=1 & ((X( loc=13 & ((X( loc=64 & ((X( loc=105 & ((X( loc=112 & ((X( loc=1363 & ((X( loc=1372 & (X( loc=292 )))))))))))))))))))))))]",8,0.006951764513498416,11.858,10.916,random_path,600
0,out/models/model_spotify100_model-it_8.prism,"Pmax=? [(F ""positive"") & ((X( loc=1 & ((X( loc=31 & ((X( loc=82 & ((X( loc=106|loc=108 & ((X( loc=113|loc=115 & ((X( loc=1518 & ((X( loc=1524 & (X( loc=293 )))))))))))))))))))))))]",8,0.013811362073295386,11.771,10.434,random_path,600
0,out/models/model_spotify100_model-it_8.prism,"Pmax=? [(F ""positive"") & ((X( loc=1 & ((X( loc=38 & ((X( loc=89 & ((X( loc=106|loc=108 & ((X( loc=113|loc=115 & ((X( loc=1533 & ((X( loc=1535 & (X( loc=292 )))))))))))))))))))))))]",8,0.006905681036647693,13.723,10.911,random_path,600
0,out/models/model_spotify100_model-it_8.prism,"Pmax=? [(F ""positive"") & ((X( loc=1 & ((X( loc=45 & ((X( loc=96 & ((X( loc=106|loc=108 & ((X( loc=113|loc=115 & ((X( loc=1005 & ((X( loc=1019 & (X( loc=292 )))))))))))))))))))))))]",8,0.006905681036647693,13.326,10.833,random_path,600
0,out/models/model_spotify100_model-it_8.prism,"Pmax=? [(F ""positive"") & ((X( loc=1 & ((X( loc=38 & ((X( loc=89 & (X( loc=105 )))))))))))]",4,0.0,0.234,10.951,actual_path,600
0,out/models/model_spotify100_model-it_8.prism,"Pmax=? [(F ""positive"") & ((X( loc=1 & ((X( loc=10 & ((X( loc=61 & ((X( loc=106|loc=108 & ((X( loc=113|loc=115 & ((X( loc=343 & (X( loc=408 ))))))))))))))))))))]",7,0.006905681036647693,13.486,12.701,random_path,600
0,out/models/model_spotify100_model-it_8.prism,"Pmax=? [(F ""positive"") & ((X( loc=1 & ((X( loc=48 & ((X( loc=99 & ((X( loc=106|loc=108 & ((X( loc=113|loc=115 & ((X( loc=1454 & ((X( loc=1461 & ((X( loc=292 & (X( loc=294 ))))))))))))))))))))))))))]",9,0.006905681036647693,12.606,10.6,random_path,600
0,out/models/model_spotify100_model-it_8.prism,"Pmax=? [(F ""positive"") & ((X( loc=1 & ((X( loc=34 & ((X( loc=85 & (X( loc=104|loc=110 )))))))))))]",4,0.0,0.27,10.867,actual_path,600
0,out/models/model_spotify100_model-it_8.prism,"Pmax=? [(F ""positive"") & ((X( loc=1 & ((X( loc=32 & ((X( loc=83 & ((X( loc=104|loc=110 & (X( loc=111|loc=117 ))))))))))))))]",5,0.0,0.295,10.87,actual_path,600
0,out/models/model_spotify100_model-it_8.prism,"Pmax=? [(F ""positive"") & ((X( loc=1 & ((X( loc=43 & ((X( loc=94 & ((X( loc=104|loc=110 & ((X( loc=111|loc=117 & (X( loc=546 )))))))))))))))))]",6,0.0,0.422,10.433,actual_path,600
0,out/models/model_spotify100_model-it_8.prism,"Pmax=? [(F ""positive"") & (X( loc=1 ))]",1,0.6919115213279942,9.079,11.092,actual_path,600
0,out/models/model_spotify100_model-it_8.prism,"Pmax=? [(F ""positive"") & (X( loc=1 ))]",1,0.6919115213279942,10.226,10.287,actual_path,600
0,out/models/model_spotify100_model-it_8.prism,"Pmax=? [(F ""positive"") & ((X( loc=1 & ((X( loc=30 & ((X( loc=81 & ((X( loc=105 & (X( loc=112 ))))))))))))))]",5,0.0,0.317,11.99,actual_path,600
0,out/models/model_spotify100_model-it_8.prism,"Pmax=? [(F ""positive"") & ((X( loc=1 & ((X( loc=8 & ((X( loc=59 & (X( loc=105 )))))))))))]",4,0.0,0.28,12.431,actual_path,600
0,out/models/model_spotify100_model-it_9.prism, Pmax=? [F loc=539] ,0,0.8253767573841976,2.121,8.298,reach_state,600
0,out/models/model_spotify100_model-it_8.prism,"Pmax=? [(F ""positive"") & (X( loc=1 ))]",1,0.6919115213279942,9.256,11.162,actual_path,600
0,out/models/model_spotify100_model-it_8.prism,"Pmax=? [(F ""positive"") & ((X( loc=1 & ((X( loc=17 & ((X( loc=68 & ((X( loc=106|loc=108 & ((X( loc=113|loc=115 & ((X( loc=1545 & ((X( loc=1551 & (X( loc=292 )))))))))))))))))))))))]",8,0.0,1.33,11.369,actual_path,600
0,out/models/model_spotify100_model-it_8.prism,"Pmax=? [(F ""positive"") & (X( loc=1 ))]",1,0.6919115213279942,11.829,10.565,actual_path,600
0,out/models/model_spotify100_model-it_8.prism,"Pmax=? [(F ""positive"") & ((X( loc=1 & ((X( loc=20 & ((X( loc=71 & ((X( loc=106|loc=108 & ((X( loc=113|loc=115 & ((X( loc=307 & ((X( loc=372 & (X( loc=293 )))))))))))))))))))))))]",8,0.0,1.361,10.957,actual_path,600
0,out/models/model_spotify100_model-it_8.prism,"Pmax=? [(F ""positive"") & ((X( loc=1 & ((X( loc=20 & ((X( loc=71 & ((X( loc=104|loc=110 & ((X( loc=111|loc=117 & ((X( loc=464 & ((X( loc=507 & (X( loc=293 )))))))))))))))))))))))]",8,0.0,1.533,10.842,actual_path,600
0,out/models/model_spotify100_model-it_8.prism,"Pmax=? [(F ""positive"") & ((X( loc=1 & ((X( loc=52 & ((X( loc=103 & ((X( loc=105 & ((X( loc=112 & ((X( loc=1076 & ((X( loc=1089 & ((X( loc=292 & (X( loc=294 ))))))))))))))))))))))))))]",9,0.006951764513498416,12.349,11.476,random_path,600
0,out/models/model_spotify100_model-it_8.prism,"Pmax=? [(F ""positive"") & ((X( loc=1 & ((X( loc=48 & ((X( loc=99 & ((X( loc=106|loc=108 & ((X( loc=113|loc=115 & ((X( loc=1495 & ((X( loc=1504 & ((X( loc=292 & (X( loc=294 ))))))))))))))))))))))))))]",9,0.006905681036647693,13.381,11.683,random_path,600
0,out/models/model_spotify100_model-it_8.prism,"Pmax=? [(F ""positive"") & ((X( loc=1 & ((X( loc=46 & ((X( loc=97 & ((X( loc=106|loc=108 & ((X( loc=113|loc=115 & ((X( loc=1074 & ((X( loc=1087 & ((X( loc=292 & (X( loc=294 ))))))))))))))))))))))))))]",9,0.006905681036647693,14.191,10.117,random_path,600
0,out/models/model_spotify100_model-it_9.prism, Pmax=? [F loc=1280] ,0,0.878088024024966,0.954,9.227,reach_state,600
0,out/models/model_spotify100_model-it_8.prism,"Pmax=? [(F ""positive"") & (X( loc=1 ))]",1,0.6919115213279942,11.257,11.75,actual_path,600
0,out/models/model_spotify100_model-it_8.prism,"Pmax=? [(F ""positive"") & ((X( loc=1 & (X( loc=30 )))))]",2,0.03449823856609061,10.857,10.653,actual_path,600
0,out/models/model_spotify100_model-it_9.prism, Pmax=? [F loc=1025] ,0,0.6407791662625673,4.443,9.086,reach_state,600
0,out/models/model_spotify100_model-it_8.prism,"Pmax=? [(F ""positive"") & ((X( loc=1 & ((X( loc=28 & ((X( loc=79 & ((X( loc=106|loc=108 & ((X( loc=113|loc=115 & ((X( loc=1183 & ((X( loc=1188 & ((X( loc=292 & (X( loc=294 ))))))))))))))))))))))))))]",9,0.006905681036647693,15.278,10.538,random_path,600
0,out/models/model_spotify100_model-it_8.prism,"Pmax=? [(F ""positive"") & ((X( loc=1 & (X( loc=24 )))))]",2,0.027706695404008237,11.506,10.874,actual_path,600
0,out/models/model_spotify100_model-it_9.prism, Pmax=? [F loc=1247] ,0,0.6407791662625673,3.963,8.731,reach_state,600
0,out/models/model_spotify100_model-it_9.prism, Pmax=? [F loc=407] ,0,0.8253767573841976,1.984,10.246,reach_state,600
0,out/models/model_spotify100_model-it_9.prism, Pmax=? [F loc=365] ,0,0.05438580474795798,5.307,8.994,reach_state,600
0,out/models/model_spotify100_model-it_8.prism,"Pmax=? [(F ""positive"") & ((X( loc=1 & ((X( loc=9 & (X( loc=60 ))))))))]",3,0.02070062415561203,11.006,11.493,actual_path,600
0,out/models/model_spotify100_model-it_8.prism,"Pmax=? [(F ""positive"") & ((X( loc=1 & (X( loc=32 )))))]",2,0.006951764513498416,11.157,11.835,actual_path,600
0,out/models/model_spotify100_model-it_9.prism, Pmax=? [F loc=1039] ,0,0.0439291454854418,5.324,9.044,reach_state,600
0,out/models/model_spotify100_model-it_9.prism, Pmax=? [F loc=217] ,0,0.01135452268520861,5.465,9.476,reach_state,600
0,out/models/model_spotify100_model-it_8.prism,"Pmax=? [(F ""positive"") & ((X( loc=1 & (X( loc=40 )))))]",2,0.02070062415561203,12.261,11.506,actual_path,600
0,out/models/model_spotify100_model-it_8.prism,"Pmax=? [(F ""positive"") & ((X( loc=1 & ((X( loc=45 & (X( loc=96 ))))))))]",3,0.006905681036647693,11.627,10.94,actual_path,600
0,out/models/model_spotify100_model-it_9.prism, Pmax=? [F loc=1308] ,0,0.010981673882685335,5.574,8.874,reach_state,600
0,out/models/model_spotify100_model-it_9.prism, Pmax=? [F loc=611] ,0,0.0333047793610915,7.022,8.783,reach_state,600
0,out/models/model_spotify100_model-it_8.prism,"Pmax=? [(F ""positive"") & ((X( loc=1 & ((X( loc=40 & ((X( loc=91 & ((X( loc=104|loc=110 & (X( loc=111|loc=117 ))))))))))))))]",5,0.013794943118964339,11.125,10.729,actual_path,600
0,out/models/model_spotify100_model-it_9.prism,"Pmax=? [(F ""positive"") & (!(""positive"") U loc=765)]",0,0.5448571001743995,6.477,9.19,avoid_state,600
0,out/models/model_spotify100_model-it_8.prism,"Pmax=? [(F ""positive"") & ((X( loc=1 & ((X( loc=18 & ((X( loc=69 & ((X( loc=106|loc=108 & ((X( loc=113|loc=115 & (X( loc=454 )))))))))))))))))]",6,0.013811362073295386,11.659,10.641,actual_path,600
0,out/models/model_spotify100_model-it_9.prism,"Pmax=? [(F ""positive"") & (!(""positive"") U loc=313)]",0,0.02890218913624418,7.609,8.82,avoid_state,600
0,out/models/model_spotify100_model-it_9.prism,"Pmax=? [(F ""positive"") & (!(""positive"") U loc=1)]",0,0.6569678522214542,5.966,8.67,avoid_state,600
0,out/models/model_spotify100_model-it_9.prism,"Pmax=? [(F ""positive"") & (!(""positive"") U loc=1104)]",0,0.5363176042373892,6.444,9.151,avoid_state,600
0,out/models/model_spotify100_model-it_8.prism,"Pmax=? [(F ""positive"") & ((X( loc=1 & ((X( loc=6 & ((X( loc=57 & ((X( loc=104|loc=110 & ((X( loc=111|loc=117 & ((X( loc=941 & (X( loc=953 ))))))))))))))))))))]",7,0.00689747155948217,11.917,10.933,actual_path,600
0,out/models/model_spotify100_model-it_9.prism,"Pmax=? [(F ""positive"") & (!(""positive"") U loc=330)]",0,0.02143264352072686,8.444,8.548,avoid_state,600
0,out/models/model_spotify100_model-it_9.prism,"Pmax=? [(F ""positive"") & (!(""positive"") U loc=1226)]",0,0.5448571001743995,7.686,8.038,avoid_state,600
0,out/models/model_spotify100_model-it_9.prism,"Pmax=? [(F ""positive"") & (!(""positive"") U loc=1086)]",0,0.014351270544527001,7.569,9.081,avoid_state,600
0,out/models/model_spotify100_model-it_8.prism,"Pmax=? [(F ""positive"") & ((X( loc=1 & ((X( loc=32 & ((X( loc=83 & ((X( loc=107 & ((X( loc=114 & ((X( loc=1030 & (X( loc=1048 ))))))))))))))))))))]",7,0.006951764513498416,12.893,11.873,actual_path,600
0,out/models/model_spotify100_model-it_9.prism,"Pmax=? [(F ""positive"") & (!(""positive"") U loc=1000)]",0,0.5448571001743995,6.742,9.12,avoid_state,600
0,out/models/model_spotify100_model-it_8.prism,"Pmax=? [(F ""positive"") & ((X( loc=1 & ((X( loc=18 & ((X( loc=69 & ((X( loc=104|loc=110 & ((X( loc=111|loc=117 & ((X( loc=307 & ((X( loc=372 & ((X( loc=293 & (X( loc=295 ))))))))))))))))))))))))))]",9,0.00689747155948217,12.405,12.245,actual_path,600
0,out/models/model_spotify100_model-it_9.prism,"Pmax=? [(F ""positive"") & (X( loc=1 ))]",1,0.6569678522214542,5.835,8.611,random_path,600
0,out/models/model_spotify100_model-it_9.prism,"Pmax=? [(F ""positive"") & (!(""positive"") U loc=39)]",0,0.006555123668979842,7.118,9.774,avoid_state,600
0,out/models/model_spotify100_model-it_9.prism,"Pmax=? [(F ""positive"") & (X( loc=1 ))]",1,0.6569678522214542,5.704,8.977,random_path,600
0,out/models/model_spotify100_model-it_9.prism,"Pmax=? [(F ""positive"") & (X( loc=1 ))]",1,0.6569678522214542,6.917,8.995,random_path,600
0,out/models/model_spotify100_model-it_9.prism,"Pmax=? [(F ""positive"") & (X( loc=1 ))]",1,0.6569678522214542,5.806,9.725,random_path,600
0,out/models/model_spotify100_model-it_9.prism,"Pmax=? [(F ""positive"") & (!(""positive"") U loc=663)]",0,0.007138986857134651,9.074,9.297,avoid_state,600
0,out/models/model_spotify100_model-it_8.prism,"Pmax=? [(F ""positive"") & ((X( loc=1 & ((X( loc=38 & ((X( loc=89 & ((X( loc=106|loc=108 & ((X( loc=113|loc=115 & ((X( loc=357 & ((X( loc=422 & ((X( loc=292 & (X( loc=294 ))))))))))))))))))))))))))]",9,0.006905681036647693,15.032,11.749,actual_path,600
0,out/models/model_spotify100_model-it_9.prism,"Pmax=? [(F ""positive"") & (X( loc=1 ))]",1,0.6569678522214542,7.409,9.485,random_path,600
0,out/models/model_spotify100_model-it_9.prism,"Pmax=? [(F ""positive"") & ((X( loc=1 & (X( loc=5 )))))]",2,0.00655974975041479,7.123,9.622,random_path,600
0,out/models/model_spotify100_model-it_9.prism,"['start', 'companystart', 'startprofile_4_5_6', 'companystartprofile_4_5_6']",0,-1,0.0,0.0,actual_path,600
0,out/models/model_spotify100_model-it_9.prism,"['start', 'companystart', 'startprofile_1_8_4', 'companystartprofile_1_8_4']",0,-1,0.0,0.0,actual_path,600
0,out/models/model_spotify100_model-it_9.prism,"Pmax=? [(F ""positive"") & ((X( loc=1 & (X( loc=11 )))))]",2,0.006601246022836022,7.485,8.847,random_path,600
0,out/models/model_spotify100_model-it_9.prism,"Pmax=? [(F ""positive"") & ((X( loc=1 & ((X( loc=44 & (X( loc=100 ))))))))]",3,0.00655974975041479,7.235,8.522,random_path,600
0,out/models/model_spotify100_model-it_9.prism,"Pmax=? [(F ""positive"") & ((X( loc=1 & (X( loc=43 )))))]",2,0.00655974975041479,8.018,9.608,random_path,600
0,out/models/model_spotify100_model-it_9.prism,"Pmax=? [(F ""positive"") & ((X( loc=1 & (X( loc=13 )))))]",2,0.0328187353394205,6.625,9.755,random_path,600
0,out/models/model_spotify100_model-it_9.prism,"Pmax=? [(F ""positive"") & ((X( loc=1 & (X( loc=57 )))))]",2,0.006555123668979842,7.589,9.436,random_path,600
0,out/models/model_spotify100_model-it_9.prism,"['start', 'companystart', 'startprofile_2_4_7', 'companystartprofile_2_4_7', 'select_context_editorial_playlist']",0,-1,0.0,0.0,actual_path,600
0,out/models/model_spotify100_model-it_9.prism,"Pmax=? [(F ""positive"") & ((X( loc=1 & ((X( loc=5 & ((X( loc=61 & (X( loc=116|loc=120 )))))))))))]",4,0.00655974975041479,6.574,8.463,random_path,600
0,out/models/model_spotify100_model-it_9.prism,"Pmax=? [(F ""positive"") & ((X( loc=1 & ((X( loc=7 & (X( loc=63 ))))))))]",3,0.006601246022836022,7.517,8.977,random_path,600
0,out/models/model_spotify100_model-it_9.prism,"Pmax=? [(F ""positive"") & ((X( loc=1 & ((X( loc=29 & (X( loc=85 ))))))))]",3,0.006601246022836022,7.811,8.894,random_path,600
0,out/models/model_spotify100_model-it_9.prism,"Pmax=? [(F ""positive"") & ((X( loc=1 & ((X( loc=19 & ((X( loc=75 & (X( loc=115 )))))))))))]",4,0.006601246022836022,7.194,8.593,random_path,600
0,out/models/model_spotify100_model-it_9.prism,"['start', 'companystart', 'startprofile_3_8_6', 'companystartprofile_3_8_6', 'select_context_editorial_playlist', 'customerselect_context_editorial_playlist']",0,-1,0.0,0.0,actual_path,600
0,out/models/model_spotify100_model-it_9.prism,"Pmax=? [(F ""positive"") & ((X( loc=1 & ((X( loc=43 & (X( loc=99 ))))))))]",3,0.00655974975041479,8.605,8.688,random_path,600
0,out/models/model_spotify100_model-it_9.prism,"Pmax=? [(F ""positive"") & ((X( loc=1 & ((X( loc=43 & ((X( loc=99 & (X( loc=116|loc=120 )))))))))))]",4,0.00655974975041479,6.846,9.918,random_path,600
0,out/models/model_spotify100_model-it_9.prism,"['start', 'companystart', 'startprofile_0_8_6', 'companystartprofile_0_8_6', 'select_context_user_collection', 'companyselect_context_user_collection', 'played_10_minor_1_9_6']",0,-1,0.0,0.0,actual_path,600
0,out/models/model_spotify100_model-it_9.prism,"Pmax=? [(F ""positive"") & ((X( loc=1 & ((X( loc=21 & ((X( loc=77 & (X( loc=116|loc=120 )))))))))))]",4,0.019634429831902906,7.17,8.426,random_path,600
0,out/models/model_spotify100_model-it_9.prism,"Pmax=? [(F ""positive"") & ((X( loc=1 & ((X( loc=55 & ((X( loc=111 & (X( loc=116|loc=120 )))))))))))]",4,0.00655974975041479,7.186,8.697,random_path,600
0,out/models/model_spotify100_model-it_9.prism,"['start', 'companystart', 'startprofile_1_5_6', 'companystartprofile_1_5_6', 'select_context_radio', 'customerselect_context_radio', 'song_0_major_1_5_8']",0,-1,0.0,0.0,actual_path,600
0,out/models/model_spotify100_model-it_9.prism,"Pmax=? [(F ""positive"") & ((X( loc=1 & ((X( loc=14 & (X( loc=70 ))))))))]",3,0.006601246022836022,6.942,10.371,random_path,600
0,out/models/model_spotify100_model-it_9.prism,"['start', 'companystart', 'startprofile_1_7_6', 'companystartprofile_1_7_6', 'select_context_user_collection', 'companyselect_context_user_collection', 'played_10_major_2_7_4', 'companyplayed_10_major_2_7_4']",0,-1,0.0,0.0,actual_path,600
0,out/models/model_spotify100_model-it_9.prism,"Pmax=? [(F ""positive"") & ((X( loc=1 & ((X( loc=9 & ((X( loc=65 & ((X( loc=114|loc=118 & (X( loc=122|loc=126 ))))))))))))))]",5,0.013110247337959685,6.908,8.421,random_path,600
0,out/models/model_spotify100_model-it_9.prism,"Pmax=? [(F ""positive"") & ((X( loc=1 & ((X( loc=30 & ((X( loc=86 & ((X( loc=115 & (X( loc=123 ))))))))))))))]",5,0.006601246022836022,6.845,8.518,random_path,600
0,out/models/model_spotify100_model-it_9.prism,"Pmax=? [(F ""positive"") & ((X( loc=1 & ((X( loc=27 & ((X( loc=83 & ((X( loc=115 & (X( loc=123 ))))))))))))))]",5,0.006601246022836022,8.49,8.574,random_path,600
0,out/models/model_spotify100_model-it_9.prism,"Pmax=? [(F ""positive"") & ((X( loc=1 & ((X( loc=51 & ((X( loc=107 & ((X( loc=114|loc=118 & (X( loc=122|loc=126 ))))))))))))))]",5,0.0065551236689798415,6.993,8.819,random_path,600
0,out/models/model_spotify100_model-it_9.prism,"['start', 'companystart', 'startprofile_2_8_4', 'companystartprofile_2_8_4', 'select_context_user_collection', 'companyselect_context_user_collection', 'played_10_major_5_6_6', 'companyplayed_10_major_5_6_6', 'skipped']",0,-1,0.0,0.0,actual_path,600
0,out/models/model_spotify100_model-it_9.prism,"['start', 'companystart', 'startprofile_4_5_7', 'companystartprofile_4_5_7', 'select_context_user_collection', 'companyselect_context_user_collection', 'played_90_minor_0_7_8', 'companyplayed_90_minor_0_7_8', 'skipped']",0,-1,0.0,0.0,actual_path,600
0,out/models/model_spotify100_model-it_9.prism,"Pmax=? [(F ""positive"") & ((X( loc=1 & ((X( loc=47 & ((X( loc=103 & ((X( loc=116|loc=120 & ((X( loc=124|loc=128 & ((X( loc=161 & (X( loc=254 ))))))))))))))))))))]",7,0.00655974975041479,6.958,8.549,random_path,600
0,out/models/model_spotify100_model-it_9.prism,"Pmax=? [(F ""positive"") & ((X( loc=1 & ((X( loc=28 & ((X( loc=84 & ((X( loc=114|loc=118 & ((X( loc=122|loc=126 & (X( loc=537 )))))))))))))))))]",6,0.006555123668979842,8.21,9.147,random_path,600
0,out/models/model_spotify100_model-it_9.prism,"['start', 'companystart', 'startprofile_1_7_5', 'companystartprofile_1_7_5', 'select_context_radio', 'customerselect_context_radio', 'song_10_minor_3_8_7', 'companysong_10_minor_3_8_7', 'skipped']",0,-1,0.0,0.0,actual_path,600
0,out/models/model_spotify100_model-it_9.prism,"['start', 'companystart', 'startprofile_1_6_5', 'companystartprofile_1_6_5', 'select_context_user_collection', 'companyselect_context_user_collection', 'played_10_major_0_7_4', 'companyplayed_10_major_0_7_4', 'not_skipped', 'companynot_skipped']",0,-1,0.0,0.0,actual_path,600
0,out/models/model_spotify100_model-it_9.prism,"Pmax=? [(F ""positive"") & ((X( loc=1 & ((X( loc=3 & ((X( loc=59 & ((X( loc=115 & ((X( loc=123 & (X( loc=1524 )))))))))))))))))]",6,0.006601246022836022,8.108,9.498,random_path,600
0,out/models/model_spotify100_model-it_9.prism,"Pmax=? [(F ""positive"") & ((X( loc=1 & ((X( loc=19 & ((X( loc=75 & ((X( loc=115 & (X( loc=123 ))))))))))))))]",5,0.006601246022836022,7.897,10.081,random_path,600
0,out/models/model_spotify100_model-it_9.prism,"Pmax=? [(F ""positive"") & ((X( loc=1 & ((X( loc=19 & ((X( loc=75 & ((X( loc=115 & ((X( loc=123 & ((X( loc=1205 & (X( loc=1212 ))))))))))))))))))))]",7,0.006497778935922086,7.464,8.73,random_path,600
0,out/models/model_spotify100_model-it_9.prism,"Pmax=? [(F ""positive"") & ((X( loc=1 & ((X( loc=18 & ((X( loc=74 & ((X( loc=114|loc=118 & ((X( loc=122|loc=126 & (X( loc=735 )))))))))))))))))]",6,0.006555123668979842,8.244,8.505,random_path,600
0,out/models/model_spotify100_model-it_9.prism,"Pmax=? [(F ""positive"") & ((X( loc=1 & ((X( loc=13 & ((X( loc=69 & ((X( loc=119 & ((X( loc=127 & ((X( loc=1011 & (X( loc=1019 ))))))))))))))))))))]",7,0.0065598578025641485,7.227,8.41,random_path,600
0,out/models/model_spotify100_model-it_9.prism,"Pmax=? [(F ""positive"") & ((X( loc=1 & ((X( loc=17 & ((X( loc=73 & ((X( loc=115 & ((X( loc=123 & (X( loc=452 )))))))))))))))))]",6,0.006601246022836022,7.845,10.037,random_path,600
0,out/models/model_spotify100_model-it_9.prism,"Pmax=? [(F ""positive"") & ((X( loc=1 & ((X( loc=15 & ((X( loc=71 & ((X( loc=116|loc=120 & ((X( loc=124|loc=128 & (X( loc=575 )))))))))))))))))]",6,0.00655974975041479,7.493,9.253,random_path,600
0,out/models/model_spotify100_model-it_9.prism,"Pmax=? [(F ""positive"") & ((X( loc=1 & ((X( loc=42 & ((X( loc=98 & ((X( loc=116|loc=120 & ((X( loc=124|loc=128 & ((X( loc=1173 & (X( loc=1183 ))))))))))))))))))))]",7,0.00655974975041479,8.656,9.167,random_path,600
0,out/models/model_spotify100_model-it_9.prism,"Pmax=? [(F ""positive"") & ((X( loc=1 & ((X( loc=30 & ((X( loc=86 & ((X( loc=115 & ((X( loc=123 & ((X( loc=1240 & (X( loc=1250 ))))))))))))))))))))]",7,0.006497778935922086,8.846,8.571,random_path,600
0,out/models/model_spotify100_model-it_9.prism,"Pmax=? [(F ""positive"") & ((X( loc=1 & ((X( loc=19 & ((X( loc=75 & ((X( loc=115 & ((X( loc=123 & ((X( loc=737 & ((X( loc=750 & (X( loc=317 )))))))))))))))))))))))]",8,0.004400830681890681,7.802,9.728,random_path,600
0,out/models/model_spotify100_model-it_9.prism,"Pmax=? [(F ""positive"") & ((X( loc=1 & ((X( loc=38 & ((X( loc=94 & ((X( loc=116|loc=120 & ((X( loc=124|loc=128 & ((X( loc=1217 & ((X( loc=1225 & (X( loc=317 )))))))))))))))))))))))]",8,0.00655974975041479,8.4,8.669,random_path,600
0,out/models/model_spotify100_model-it_9.prism,"Pmax=? [(F ""positive"") & (X( loc=1 ))]",1,0.6569678522214542,5.73,8.84,actual_path,600
0,out/models/model_spotify100_model-it_9.prism,"Pmax=? [(F ""positive"") & ((X( loc=1 & ((X( loc=27 & ((X( loc=83 & ((X( loc=115 & ((X( loc=123 & ((X( loc=331 & ((X( loc=387 & (X( loc=317 )))))))))))))))))))))))]",8,0.005658210876716589,8.192,9.807,random_path,600
0,out/models/model_spotify100_model-it_9.prism,"Pmax=? [(F ""positive"") & ((X( loc=1 & ((X( loc=47 & ((X( loc=103 & ((X( loc=117 & ((X( loc=125 & ((X( loc=1455 & ((X( loc=1461 & (X( loc=317 )))))))))))))))))))))))]",8,0.006601246022836022,7.173,10.272,random_path,600
0,out/models/model_spotify100_model-it_9.prism,"Pmax=? [(F ""positive"") & (X( loc=1 ))]",1,0.6569678522214542,5.515,9.376,actual_path,600
0,out/models/model_spotify100_model-it_9.prism,"Pmax=? [(F ""positive"") & ((X( loc=1 & ((X( loc=30 & ((X( loc=86 & ((X( loc=115 & ((X( loc=123 & ((X( loc=1305 & ((X( loc=1315 & ((X( loc=317 & (X( loc=319 ))))))))))))))))))))))))))]",9,0.006601246022836022,6.824,9.621,random_path,600
0,out/models/model_spotify100_model-it_9.prism,"Pmax=? [(F ""positive"") & (X( loc=1 ))]",1,0.6569678522214542,5.876,8.211,actual_path,600
0,out/models/model_spotify100_model-it_9.prism,"Pmax=? [(F ""positive"") & ((X( loc=1 & ((X( loc=36 & ((X( loc=92 & ((X( loc=115 & (X( loc=123 ))))))))))))))]",5,0.0,0.248,9.016,actual_path,600
0,out/models/model_spotify100_model-it_9.prism,"Pmax=? [(F ""positive"") & ((X( loc=1 & ((X( loc=37 & ((X( loc=93 & ((X( loc=114|loc=118 & ((X( loc=122|loc=126 & ((X( loc=590 & ((X( loc=617 & (X( loc=316 )))))))))))))))))))))))]",8,0.006555123668979842,8.746,9.402,random_path,600
0,out/models/model_spotify100_model-it_9.prism,"Pmax=? [(F ""positive"") & ((X( loc=1 & ((X( loc=29 & ((X( loc=85 & ((X( loc=116|loc=120 & (X( loc=124|loc=128 ))))))))))))))]",5,0.0,0.546,9.2,actual_path,600
0,out/models/model_spotify100_model-it_9.prism,"Pmax=? [(F ""positive"") & ((X( loc=1 & ((X( loc=46 & ((X( loc=102 & ((X( loc=114|loc=118 & ((X( loc=122|loc=126 & (X( loc=1476 )))))))))))))))))]",6,0.0,0.821,8.71,actual_path,600
0,out/models/model_spotify100_model-it_9.prism,"Pmax=? [(F ""positive"") & ((X( loc=1 & ((X( loc=12 & ((X( loc=68 & ((X( loc=116|loc=120 & ((X( loc=124|loc=128 & ((X( loc=1499 & ((X( loc=1502 & ((X( loc=317 & (X( loc=319 ))))))))))))))))))))))))))]",9,0.01311949950082958,9.888,8.848,random_path,600
0,out/models/model_spotify100_model-it_9.prism,"Pmax=? [(F ""positive"") & (X( loc=1 ))]",1,0.6569678522214542,7.195,9.741,actual_path,600
0,out/models/model_spotify100_model-it_9.prism,"Pmax=? [(F ""positive"") & ((X( loc=1 & ((X( loc=19 & ((X( loc=75 & ((X( loc=116|loc=120 & ((X( loc=124|loc=128 & ((X( loc=1206 & (X( loc=1213 ))))))))))))))))))))]",7,0.0,0.983,8.314,actual_path,600
0,out/models/model_spotify100_model-it_9.prism,"Pmax=? [(F ""positive"") & (X( loc=1 ))]",1,0.6569678522214542,7.05,8.643,actual_path,600
0,out/models/model_spotify100_model-it_9.prism,"Pmax=? [(F ""positive"") & ((X( loc=1 & (X( loc=26 )))))]",2,0.00655974975041479,6.62,9.197,actual_path,600
0,out/models/model_spotify100_model-it_9.prism,"Pmax=? [(F ""positive"") & ((X( loc=1 & ((X( loc=37 & ((X( loc=93 & ((X( loc=114|loc=118 & ((X( loc=122|loc=126 & ((X( loc=184 & ((X( loc=277 & ((X( loc=317 & (X( loc=319 ))))))))))))))))))))))))))]",9,0.006555123668979842,9.603,9.097,random_path,600
0,out/models/model_spotify100_model-it_9.prism,"Pmax=? [(F ""positive"") & ((X( loc=1 & ((X( loc=8 & ((X( loc=64 & ((X( loc=116|loc=120 & ((X( loc=124|loc=128 & ((X( loc=1291 & ((X( loc=1304 & ((X( loc=316 & (X( loc=318 ))))))))))))))))))))))))))]",9,0.00655974975041479,10.249,9.043,random_path,600
0,out/models/model_spotify100_model-it_9.prism,"Pmax=? [(F ""positive"") & ((X( loc=1 & (X( loc=21 )))))]",2,0.019634429831902906,7.15,8.754,actual_path,600
0,out/models/model_spotify100_model-it_9.prism,"Pmax=? [(F ""positive"") & ((X( loc=1 & (X( loc=35 )))))]",2,0.019634429831902906,6.997,8.994,actual_path,600
0,out/models/model_spotify100_model-it_9.prism,"Pmax=? [(F ""positive"") & ((X( loc=1 & ((X( loc=36 & ((X( loc=92 & ((X( loc=114|loc=118 & ((X( loc=122|loc=126 & ((X( loc=172 & (X( loc=265 ))))))))))))))))))))]",7,0.0,0.92,8.803,actual_path,600
0,out/models/model_spotify100_model-it_9.prism,"Pmax=? [(F ""positive"") & ((X( loc=1 & ((X( loc=21 & ((X( loc=77 & ((X( loc=116|loc=120 & ((X( loc=124|loc=128 & ((X( loc=592 & (X( loc=619 ))))))))))))))))))))]",7,0.0,1.042,10.101,actual_path,600
0,out/models/model_spotify100_model-it_9.prism,"Pmax=? [(F ""positive"") & ((X( loc=1 & ((X( loc=20 & ((X( loc=76 & ((X( loc=116|loc=120 & ((X( loc=124|loc=128 & ((X( loc=1506 & ((X( loc=1509 & ((X( loc=317 & (X( loc=319 ))))))))))))))))))))))))))]",9,0.00655974975041479,9.45,10.014,random_path,600
0,out/models/model_spotify100_model-it_9.prism,"Pmax=? [(F ""positive"") & ((X( loc=1 & (X( loc=24 )))))]",2,0.045947155997271706,7.075,9.899,actual_path,600
0,out/models/model_spotify100_model-it_9.prism,"Pmax=? [(F ""positive"") & ((X( loc=1 & ((X( loc=12 & (X( loc=68 ))))))))]",3,0.01311949950082958,6.558,9.213,actual_path,600
0,out/models/model_spotify100_model-it_9.prism,"Pmax=? [(F ""positive"") & ((X( loc=1 & (X( loc=36 )))))]",2,0.006601246022836022,8.846,8.513,actual_path,600
0,out/models/model_spotify100_model-it_9.prism,"Pmax=? [(F ""positive"") & ((X( loc=1 & ((X( loc=7 & ((X( loc=63 & ((X( loc=116|loc=120 & ((X( loc=124|loc=128 & ((X( loc=810 & ((X( loc=825 & (X( loc=316 )))))))))))))))))))))))]",8,0.0,1.266,9.677,actual_path,600
0,out/models/model_spotify100_model-it_9.prism,"Pmax=? [(F ""positive"") & ((X( loc=1 & ((X( loc=19 & (X( loc=75 ))))))))]",3,0.006601246022836022,7.479,9.936,actual_path,600
0,out/models/model_spotify100_model-it_9.prism,"Pmax=? [(F ""positive"") & ((X( loc=1 & ((X( loc=35 & ((X( loc=91 & (X( loc=116|loc=120 )))))))))))]",4,0.019634429831902906,7.249,9.233,actual_path,600
0,out/models/model_spotify100_model-it_9.prism,"Pmax=? [(F ""positive"") & ((X( loc=1 & ((X( loc=24 & ((X( loc=80 & (X( loc=115 )))))))))))]",4,0.013202492045672042,7.094,9.38,actual_path,600
0,out/models/model_spotify100_model-it_9.prism,"Pmax=? [(F ""positive"") & ((X( loc=1 & ((X( loc=24 & ((X( loc=80 & ((X( loc=115 & ((X( loc=123 & ((X( loc=1310 & ((X( loc=1320 & ((X( loc=316 & (X( loc=318 ))))))))))))))))))))))))))]",9,0.0,0.889,9.745,actual_path,600
0,out/models/model_spotify100_model-it_9.prism,"Pmax=? [(F ""positive"") & ((X( loc=1 & ((X( loc=54 & ((X( loc=110 & (X( loc=116|loc=120 )))))))))))]",4,0.00655974975041479,7.5,9.595,actual_path,600
0,out/models/model_spotify100_model-it_9.prism,"Pmax=? [(F ""positive"") & ((X( loc=1 & ((X( loc=46 & ((X( loc=102 & ((X( loc=115 & ((X( loc=123 & ((X( loc=1043 & ((X( loc=1056 & ((X( loc=317 & (X( loc=319 ))))))))))))))))))))))))))]",9,0.0,0.87,9.805,actual_path,600
0,out/models/model_spotify100_model-it_9.prism,"Pmax=? [(F ""positive"") & ((X( loc=1 & ((X( loc=35 & ((X( loc=91 & (X( loc=116|loc=120 )))))))))))]",4,0.019634429831902906,7.485,9.137,actual_path,600
0,out/models/model_spotify100_model-it_9.prism,"Pmax=? [(F ""positive"") & ((X( loc=1 & ((X( loc=34 & (X( loc=90 ))))))))]",3,0.006601246022836022,8.081,9.461,actual_path,600
0,out/models/model_spotify100_model-it_9.prism,"Pmax=? [(F ""positive"") & ((X( loc=1 & ((X( loc=12 & ((X( loc=68 & ((X( loc=116|loc=120 & (X( loc=124|loc=128 ))))))))))))))]",5,0.01311949950082958,8.624,8.79,actual_path,600
0,out/models/model_spotify100_model-it_9.prism,"Pmax=? [(F ""positive"") & ((X( loc=1 & ((X( loc=32 & ((X( loc=88 & ((X( loc=114|loc=118 & ((X( loc=122|loc=126 & ((X( loc=729 & ((X( loc=742 & ((X( loc=316 & (X( loc=318 ))))))))))))))))))))))))))]",9,0.0,2.508,9.743,actual_path,600
0,out/models/model_spotify100_model-it_9.prism,"Pmax=? [(F ""positive"") & ((X( loc=1 & ((X( loc=37 & ((X( loc=93 & ((X( loc=114|loc=118 & (X( loc=122|loc=126 ))))))))))))))]",5,0.006555123668979842,8.219,9.586,actual_path,600
0,out/models/model_spotify100_model-it_9.prism,"Pmax=? [(F ""positive"") & ((X( loc=1 & ((X( loc=42 & ((X( loc=98 & ((X( loc=116|loc=120 & ((X( loc=124|loc=128 & ((X( loc=145 & (X( loc=238 ))))))))))))))))))))]",7,0.00655974975041479,7.436,9.294,actual_path,600
0,out/models/model_spotify100_model-it_9.prism,"Pmax=? [(F ""positive"") & ((X( loc=1 & ((X( loc=33 & ((X( loc=89 & ((X( loc=116|loc=120 & ((X( loc=124|loc=128 & (X( loc=328 )))))))))))))))))]",6,0.006559749750414791,7.661,9.22,actual_path,600
0,out/models/model_spotify100_model-it_9.prism,"Pmax=? [(F ""positive"") & ((X( loc=1 & ((X( loc=12 & ((X( loc=68 & ((X( loc=116|loc=120 & ((X( loc=124|loc=128 & (X( loc=153 )))))))))))))))))]",6,0.01311949950082958,7.656,9.855,actual_path,600
0,out/models/model_spotify100_model-it_9.prism,"Pmax=? [(F ""positive"") & ((X( loc=1 & ((X( loc=47 & ((X( loc=103 & ((X( loc=117 & ((X( loc=125 & ((X( loc=207 & ((X( loc=300 & (X( loc=317 )))))))))))))))))))))))]",8,0.003300623011418011,9.22,9.118,actual_path,600
0,out/models/model_spotify100_model-it_9.prism,"Pmax=? [(F ""positive"") & ((X( loc=1 & ((X( loc=13 & ((X( loc=69 & ((X( loc=116|loc=120 & ((X( loc=124|loc=128 & ((X( loc=190 & ((X( loc=283 & ((X( loc=317 & (X( loc=319 ))))))))))))))))))))))))))]",9,0.006559749750414791,9.584,9.484,actual_path,600
0,out/models/model_spotify500_model-it_0.prism, Pmax=? [F loc=237] ,0,0.002,0.649,103.309,reach_state,600
0,out/models/model_spotify500_model-it_0.prism, Pmax=? [F loc=1486] ,0,0.897296225545594,8.182,102.005,reach_state,600
0,out/models/model_spotify500_model-it_0.prism, Pmax=? [F loc=458] ,0,0.892670217659508,15.865,105.663,reach_state,600
0,out/models/model_spotify500_model-it_0.prism, Pmax=? [F loc=3599] ,0,0.8222194380724517,70.337,100.602,reach_state,600
0,out/models/model_spotify500_model-it_0.prism, Pmax=? [F loc=3304] ,0,0.8222194380724517,66.941,102.672,reach_state,600
0,out/models/model_spotify500_model-it_0.prism, Pmax=? [F loc=4035] ,0,0.8222194380724517,69.476,104.523,reach_state,600
0,out/models/model_spotify500_model-it_0.prism, Pmax=? [F loc=3406] ,0,0.0020199434654673814,103.289,101.426,reach_state,600
0,out/models/model_spotify500_model-it_0.prism, Pmax=? [F loc=980] ,0,0.004193973682596117,103.309,101.918,reach_state,600
0,out/models/model_spotify500_model-it_0.prism, Pmax=? [F loc=3805] ,0,0.004066926574655138,108.375,103.076,reach_state,600
0,out/models/model_spotify500_model-it_0.prism,"Pmax=? [(F ""positive"") & (X( loc=1 ))]",1,0.6984929607465457,105.554,104.15,random_path,600
0,out/models/model_spotify500_model-it_0.prism,"Pmax=? [(F ""positive"") & (X( loc=1 ))]",1,0.6984929607465457,106.291,103.624,random_path,600
0,out/models/model_spotify500_model-it_0.prism,"Pmax=? [(F ""positive"") & (X( loc=1 ))]",1,0.6984929607465457,109.629,102.187,random_path,600
0,out/models/model_spotify500_model-it_0.prism,"Pmax=? [(F ""positive"") & (X( loc=1 ))]",1,0.6984929607465457,108.836,103.236,random_path,600
0,out/models/model_spotify500_model-it_0.prism,"Pmax=? [(F ""positive"") & (X( loc=1 ))]",1,0.6984929607465457,109.491,103.873,random_path,600
0,out/models/model_spotify500_model-it_0.prism,"Pmax=? [(F ""positive"") & ((X( loc=1 & (X( loc=17 )))))]",2,0.0013935717266018897,112.383,100.382,random_path,600
0,out/models/model_spotify500_model-it_0.prism,"Pmax=? [(F ""positive"") & ((X( loc=1 & ((X( loc=67 & (X( loc=194 ))))))))]",3,0.0013935717266018897,109.662,102.091,random_path,600
0,out/models/model_spotify500_model-it_0.prism,"Pmax=? [(F ""positive"") & ((X( loc=1 & ((X( loc=62 & ((X( loc=189 & ((X( loc=259 & (X( loc=266 ))))))))))))))]",5,0.00140388786198975,109.608,100.037,random_path,600
0,out/models/model_spotify500_model-it_0.prism,"Pmax=? [(F ""positive"") & (!(""positive"") U loc=350)]",0,0.014146261549277797,114.157,102.341,avoid_state,600
0,out/models/model_spotify500_model-it_0.prism,"Pmax=? [(F ""positive"") & ((X( loc=1 & ((X( loc=31 & ((X( loc=158 & (X( loc=257|loc=261 )))))))))))]",4,0.0027883008864131547,109.188,101.422,random_path,600
0,out/models/model_spotify500_model-it_0.prism,"Pmax=? [(F ""positive"") & ((X( loc=1 & ((X( loc=64 & (X( loc=191 ))))))))]",3,0.0028077757239795,110.447,101.945,random_path,600
0,out/models/model_spotify500_model-it_0.prism,"Pmax=? [(F ""positive"") & ((X( loc=1 & ((X( loc=105 & (X( loc=232 ))))))))]",3,0.0013941504432065774,111.989,102.037,random_path,600
0,out/models/model_spotify500_model-it_0.prism,"Pmax=? [(F ""positive"") & ((X( loc=1 & (X( loc=33 )))))]",2,0.015370181828523762,112.428,102.609,random_path,600
0,out/models/model_spotify500_model-it_0.prism,"Pmax=? [(F ""positive"") & (!(""positive"") U loc=1990)]",0,0.0014750369915073524,114.975,102.094,avoid_state,600
0,out/models/model_spotify500_model-it_0.prism,"Pmax=? [(F ""positive"") & (!(""positive"") U loc=2323)]",0,0.0014750369915073518,116.378,102.512,avoid_state,600
0,out/models/model_spotify500_model-it_0.prism,"['start', 'companystart', 'startprofile_7_4_9']",0,-1,0.0,0.0,actual_path,600
0,out/models/model_spotify500_model-it_0.prism, Pmax=? [F loc=1259] ,0,0.004032319879313603,109.935,110.988,reach_state,600
0,out/models/model_spotify500_model-it_0.prism,"Pmax=? [(F ""positive"") & (!(""positive"") U loc=3596)]",0,0.0014540371353254768,117.354,102.467,avoid_state,600
0,out/models/model_spotify500_model-it_0.prism,"Pmax=? [(F ""positive"") & ((X( loc=1 & ((X( loc=31 & ((X( loc=158 & (X( loc=257|loc=261 )))))))))))]",4,0.0027883008864131547,112.75,101.819,random_path,600
0,out/models/model_spotify500_model-it_0.prism,"Pmax=? [(F ""positive"") & (!(""positive"") U loc=986)]",0,0.6240392734602076,119.252,102.573,avoid_state,600
0,out/models/model_spotify500_model-it_0.prism,"Pmax=? [(F ""positive"") & ((X( loc=1 & ((X( loc=54 & ((X( loc=181 & ((X( loc=258 & ((X( loc=265 & (X( loc=1328 )))))))))))))))))]",6,4.373500793612373E-6,113.225,100.403,random_path,600
0,out/models/model_spotify500_model-it_0.prism,"Pmax=? [(F ""positive"") & ((X( loc=1 & ((X( loc=31 & ((X( loc=158 & (X( loc=257|loc=261 )))))))))))]",4,0.0027883008864131547,112.641,103.47,random_path,600
0,out/models/model_spotify500_model-it_0.prism,"Pmax=? [(F ""positive"") & (!(""positive"") U loc=283)]",0,0.47692612044665017,120.538,101.222,avoid_state,600
0,out/models/model_spotify500_model-it_0.prism,"['start', 'companystart', 'startprofile_2_5_5', 'companystartprofile_2_5_5', 'select_context_radio']",0,-1,0.0,0.0,actual_path,600
0,out/models/model_spotify500_model-it_0.prism,"['start', 'companystart', 'startprofile_3_5_4', 'companystartprofile_3_5_4', 'select_context_editorial_playlist']",0,-1,0.0,0.0,actual_path,600
0,out/models/model_spotify500_model-it_0.prism,"Pmax=? [(F ""positive"") & ((X( loc=1 & ((X( loc=9 & ((X( loc=136 & ((X( loc=257|loc=261 & (X( loc=264|loc=268 ))))))))))))))]",5,0.0013941504432065774,112.099,104.377,random_path,600
0,out/models/model_spotify500_model-it_0.prism,"Pmax=? [(F ""positive"") & (!(""positive"") U loc=2997)]",0,0.002923066690597967,117.111,105.261,avoid_state,600
0,out/models/model_spotify500_model-it_0.prism,"Pmax=? [(F ""positive"") & ((X( loc=1 & (X( loc=60 )))))]",2,0.022347489283741317,118.823,102.013,random_path,600
0,out/models/model_spotify500_model-it_0.prism,"Pmax=? [(F ""positive"") & ((X( loc=1 & (X( loc=64 )))))]",2,0.0028077757239795,118.148,103.617,random_path,600
0,out/models/model_spotify500_model-it_0.prism,"['start', 'companystart', 'startprofile_0_4_5', 'companystartprofile_0_4_5', 'select_context_catalog', 'companyselect_context_catalog']",0,-1,0.0,0.0,actual_path,600
0,out/models/model_spotify500_model-it_0.prism,"Pmax=? [(F ""positive"") & (!(""positive"") U loc=3878)]",0,0.48383250663851846,120.826,104.15,avoid_state,600
0,out/models/model_spotify500_model-it_0.prism,"Pmax=? [(F ""positive"") & (!(""positive"") U loc=322)]",0,0.004197531553692044,122.175,103.402,avoid_state,600
0,out/models/model_spotify500_model-it_0.prism,"Pmax=? [(F ""positive"") & ((X( loc=1 & (X( loc=40 )))))]",2,0.00421166358596925,116.757,106.35,random_path,600
0,out/models/model_spotify500_model-it_0.prism,"Pmax=? [(F ""positive"") & ((X( loc=1 & ((X( loc=68 & ((X( loc=195 & (X( loc=258 )))))))))))]",4,0.0013935717266018897,119.294,100.437,random_path,600
0,out/models/model_spotify500_model-it_0.prism,"Pmax=? [(F ""positive"") & ((X( loc=1 & ((X( loc=32 & ((X( loc=159 & (X( loc=257|loc=261 )))))))))))]",4,0.0027883008864131547,118.813,102.243,random_path,600
0,out/models/model_spotify500_model-it_0.prism,"Pmax=? [(F ""positive"") & ((X( loc=1 & ((X( loc=113 & ((X( loc=240 & ((X( loc=259 & (X( loc=266 ))))))))))))))]",5,0.00140388786198975,117.048,103.289,random_path,600
0,out/models/model_spotify500_model-it_0.prism,"Pmax=? [(F ""positive"") & (!(""positive"") U loc=3342)]",0,0.0014179666112392228,122.663,104.313,avoid_state,600
0,out/models/model_spotify500_model-it_0.prism,"Pmax=? [(F ""positive"") & ((X( loc=1 & ((X( loc=86 & (X( loc=213 ))))))))]",3,0.0013941504432065774,115.469,107.208,random_path,600
0,out/models/model_spotify500_model-it_0.prism,"Pmax=? [(F ""positive"") & ((X( loc=1 & ((X( loc=44 & (X( loc=171 ))))))))]",3,0.0027980383051963275,117.665,105.575,random_path,600
0,out/models/model_spotify500_model-it_0.prism,"['start', 'companystart', 'startprofile_1_4_7', 'companystartprofile_1_4_7', 'select_context_catalog', 'companyselect_context_catalog', 'played_70_major_3_3_5', 'companyplayed_70_major_3_3_5']",0,-1,0.0,0.0,actual_path,600
0,out/models/model_spotify500_model-it_0.prism,"Pmax=? [(F ""positive"") & ((X( loc=1 & ((X( loc=20 & ((X( loc=147 & ((X( loc=257|loc=261 & (X( loc=264|loc=268 ))))))))))))))]",5,0.005573791298876271,116.308,105.116,random_path,600
0,out/models/model_spotify500_model-it_0.prism,"Pmax=? [(F ""positive"") & ((X( loc=1 & ((X( loc=42 & ((X( loc=169 & ((X( loc=257|loc=261 & (X( loc=264|loc=268 ))))))))))))))]",5,0.004180343474157203,116.736,105.347,random_path,600
0,out/models/model_spotify500_model-it_0.prism,"Pmax=? [(F ""positive"") & ((X( loc=1 & ((X( loc=87 & ((X( loc=214 & ((X( loc=257|loc=261 & ((X( loc=264|loc=268 & (X( loc=2448 )))))))))))))))))]",6,0.0013941504432065774,118.12,105.954,random_path,600
0,out/models/model_spotify500_model-it_0.prism,"Pmax=? [(F ""positive"") & ((X( loc=1 & ((X( loc=77 & ((X( loc=204 & ((X( loc=259 & ((X( loc=266 & (X( loc=276 )))))))))))))))))]",6,0.0028077757239795,118.68,104.743,random_path,600
0,out/models/model_spotify500_model-it_0.prism,"Pmax=? [(F ""positive"") & ((X( loc=1 & ((X( loc=29 & ((X( loc=156 & ((X( loc=256 & ((X( loc=263 & (X( loc=2701 )))))))))))))))))]",6,0.002797755932016392,121.882,106.405,random_path,600
0,out/models/model_spotify500_model-it_0.prism,"Pmax=? [(F ""positive"") & ((X( loc=1 & ((X( loc=107 & ((X( loc=234 & ((X( loc=259 & ((X( loc=266 & (X( loc=3390 )))))))))))))))))]",6,0.00140388786198975,123.433,98.901,random_path,600
0,out/models/model_spotify500_model-it_0.prism,"Pmax=? [(F ""positive"") & ((X( loc=1 & ((X( loc=58 & ((X( loc=185 & ((X( loc=259 & ((X( loc=266 & ((X( loc=1405 & (X( loc=1502 ))))))))))))))))))))]",7,0.001394981380244765,117.273,99.06,random_path,600
0,out/models/model_spotify500_model-it_0.prism,"Pmax=? [(F ""positive"") & ((X( loc=1 & ((X( loc=16 & ((X( loc=143 & ((X( loc=259 & ((X( loc=266 & ((X( loc=3129 & (X( loc=3155 ))))))))))))))))))))]",7,0.002767699332560953,114.955,105.753,random_path,600
0,out/models/model_spotify500_model-it_0.prism,"Pmax=? [(F ""positive"") & ((X( loc=1 & ((X( loc=54 & ((X( loc=181 & ((X( loc=257|loc=261 & ((X( loc=264|loc=268 & (X( loc=2152 )))))))))))))))))]",6,0.0,1.089,101.46,actual_path,600
0,out/models/model_spotify500_model-it_0.prism,"Pmax=? [(F ""positive"") & ((X( loc=1 & ((X( loc=11 & ((X( loc=138 & (X( loc=256 )))))))))))]",4,0.0,0.823,105.259,actual_path,600
0,out/models/model_spotify500_model-it_0.prism,"Pmax=? [(F ""positive"") & ((X( loc=1 & ((X( loc=21 & ((X( loc=148 & ((X( loc=259 & ((X( loc=266 & (X( loc=522 )))))))))))))))))]",6,0.0,0.928,103.875,actual_path,600
0,out/models/model_spotify500_model-it_0.prism,"Pmax=? [(F ""positive"") & ((X( loc=1 & ((X( loc=34 & ((X( loc=161 & ((X( loc=257|loc=261 & ((X( loc=264|loc=268 & (X( loc=2175 )))))))))))))))))]",6,0.0,1.261,103.723,actual_path,600
0,out/models/model_spotify500_model-it_0.prism,"Pmax=? [(F ""positive"") & ((X( loc=1 & ((X( loc=11 & ((X( loc=138 & ((X( loc=258 & ((X( loc=265 & ((X( loc=2711 & (X( loc=2736 ))))))))))))))))))))]",7,0.0,1.119,104.083,actual_path,600
0,out/models/model_spotify500_model-it_0.prism,"Pmax=? [(F ""positive"") & ((X( loc=1 & ((X( loc=39 & ((X( loc=166 & ((X( loc=259 & ((X( loc=266 & ((X( loc=2772 & (X( loc=2805 ))))))))))))))))))))]",7,0.006919248331402381,121.445,103.25,random_path,600
0,out/models/model_spotify500_model-it_0.prism,"Pmax=? [(F ""positive"") & ((X( loc=1 & ((X( loc=98 & ((X( loc=225 & ((X( loc=257|loc=261 & ((X( loc=264|loc=268 & ((X( loc=413 & (X( loc=746 ))))))))))))))))))))]",7,0.0013941504432065774,116.165,102.374,random_path,600
0,out/models/model_spotify500_model-it_0.prism,"Pmax=? [(F ""positive"") & ((X( loc=1 & ((X( loc=26 & ((X( loc=153 & ((X( loc=258 & ((X( loc=265 & ((X( loc=3175 & (X( loc=3194 ))))))))))))))))))))]",7,1.4536235990341135E-6,119.816,101.24,random_path,600
0,out/models/model_spotify500_model-it_0.prism,"Pmax=? [(F ""positive"") & ((X( loc=1 & ((X( loc=95 & ((X( loc=222 & ((X( loc=257|loc=261 & ((X( loc=264|loc=268 & ((X( loc=1072 & ((X( loc=1245 & (X( loc=937 )))))))))))))))))))))))]",8,0.0013941504432065774,120.901,100.587,random_path,600
0,out/models/model_spotify500_model-it_0.prism,"Pmax=? [(F ""positive"") & ((X( loc=1 & ((X( loc=125 & ((X( loc=252 & ((X( loc=257|loc=261 & ((X( loc=264|loc=268 & ((X( loc=1763 & ((X( loc=1843 & (X( loc=937 )))))))))))))))))))))))]",8,0.0013941504432065774,115.014,100.296,random_path,600
0,out/models/model_spotify500_model-it_0.prism,"Pmax=? [(F ""positive"") & ((X( loc=1 & ((X( loc=116 & ((X( loc=243 & ((X( loc=258 & ((X( loc=265 & ((X( loc=2217 & ((X( loc=2265 & (X( loc=936 )))))))))))))))))))))))]",8,1.4536235990341135E-6,113.408,101.172,random_path,600
0,out/models/model_spotify500_model-it_0.prism,"Pmax=? [(F ""positive"") & ((X( loc=1 & ((X( loc=40 & ((X( loc=167 & ((X( loc=259 & ((X( loc=266 & ((X( loc=1296 & ((X( loc=1341 & (X( loc=936 )))))))))))))))))))))))]",8,0.0013838496662804763,118.157,98.382,random_path,600
0,out/models/model_spotify500_model-it_0.prism,"Pmax=? [(F ""positive"") & (X( loc=1 ))]",1,0.6984929607465457,108.498,100.111,actual_path,600
0,out/models/model_spotify500_model-it_0.prism,"Pmax=? [(F ""positive"") & (X( loc=1 ))]",1,0.6984929607465457,109.273,100.543,actual_path,600
0,out/models/model_spotify500_model-it_0.prism,"Pmax=? [(F ""positive"") & (X( loc=1 ))]",1,0.6984929607465457,111.058,100.803,actual_path,600
0,out/models/model_spotify500_model-it_0.prism,"Pmax=? [(F ""positive"") & ((X( loc=1 & ((X( loc=8 & ((X( loc=135 & ((X( loc=257|loc=261 & ((X( loc=264|loc=268 & ((X( loc=3862 & ((X( loc=3871 & ((X( loc=936 & (X( loc=938 ))))))))))))))))))))))))))]",9,0.0013941504432065774,116.021,100.778,random_path,600
0,out/models/model_spotify500_model-it_0.prism,"Pmax=? [(F ""positive"") & ((X( loc=1 & ((X( loc=69 & (X( loc=196 ))))))))]",3,0.0013935717266018897,112.506,98.245,actual_path,600
0,out/models/model_spotify500_model-it_0.prism,"Pmax=? [(F ""positive"") & ((X( loc=1 & ((X( loc=88 & ((X( loc=215 & ((X( loc=260 & ((X( loc=267 & ((X( loc=438 & ((X( loc=771 & (X( loc=937 )))))))))))))))))))))))]",8,3.509719654974375E-4,118.163,100.86,random_path,600
0,out/models/model_spotify500_model-it_0.prism,"Pmax=? [(F ""positive"") & (X( loc=1 ))]",1,0.6984929607465457,115.528,98.073,actual_path,600
0,out/models/model_spotify500_model-it_0.prism,"Pmax=? [(F ""positive"") & ((X( loc=1 & ((X( loc=7 & ((X( loc=134 & ((X( loc=258 & ((X( loc=265 & ((X( loc=3612 & ((X( loc=3626 & ((X( loc=936 & (X( loc=938 ))))))))))))))))))))))))))]",9,7.268117995170568E-7,115.491,99.799,random_path,600
0,out/models/model_spotify500_model-it_0.prism,"Pmax=? [(F ""positive"") & ((X( loc=1 & (X( loc=74 )))))]",2,0.011147830401518184,111.226,103.101,actual_path,600
0,out/models/model_spotify500_model-it_0.prism,"Pmax=? [(F ""positive"") & ((X( loc=1 & (X( loc=37 )))))]",2,0.026559648477241852,112.264,102.657,actual_path,600
0,out/models/model_spotify500_model-it_0.prism,"Pmax=? [(F ""positive"") & ((X( loc=1 & ((X( loc=54 & (X( loc=181 ))))))))]",3,0.008371374789350731,113.02,98.944,actual_path,600
0,out/models/model_spotify500_model-it_0.prism,"Pmax=? [(F ""positive"") & (X( loc=1 ))]",1,0.6984929607465457,112.704,104.799,actual_path,600
0,out/models/model_spotify500_model-it_0.prism,"Pmax=? [(F ""positive"") & ((X( loc=1 & ((X( loc=55 & ((X( loc=182 & (X( loc=259 )))))))))))]",4,0.0084233271719385,112.518,98.513,actual_path,600
0,out/models/model_spotify500_model-it_0.prism,"Pmax=? [(F ""positive"") & ((X( loc=1 & ((X( loc=114 & ((X( loc=241 & ((X( loc=257|loc=261 & ((X( loc=264|loc=268 & ((X( loc=1981 & ((X( loc=2026 & ((X( loc=937 & (X( loc=939 ))))))))))))))))))))))))))]",9,0.0013941504432065774,120.917,100.142,random_path,600
0,out/models/model_spotify500_model-it_0.prism,"Pmax=? [(F ""positive"") & ((X( loc=1 & ((X( loc=53 & ((X( loc=180 & ((X( loc=256 & ((X( loc=263 & ((X( loc=1592 & ((X( loc=1645 & ((X( loc=937 & (X( loc=939 ))))))))))))))))))))))))))]",9,0.0,1.551,104.782,actual_path,600
0,out/models/model_spotify500_model-it_0.prism,"Pmax=? [(F ""positive"") & ((X( loc=1 & (X( loc=63 )))))]",2,0.006988119198136703,116.835,101.561,actual_path,600
0,out/models/model_spotify500_model-it_0.prism,"Pmax=? [(F ""positive"") & ((X( loc=1 & ((X( loc=35 & (X( loc=162 ))))))))]",3,0.02233729705023628,116.125,99.718,actual_path,600
0,out/models/model_spotify500_model-it_0.prism,"Pmax=? [(F ""positive"") & ((X( loc=1 & ((X( loc=21 & ((X( loc=148 & ((X( loc=260 & ((X( loc=267 & ((X( loc=3356 & ((X( loc=3372 & ((X( loc=936 & (X( loc=938 ))))))))))))))))))))))))))]",9,0.002767699332560952,118.484,103.523,random_path,600
0,out/models/model_spotify500_model-it_0.prism,"Pmax=? [(F ""positive"") & ((X( loc=1 & ((X( loc=68 & ((X( loc=195 & ((X( loc=258 & ((X( loc=265 & ((X( loc=2402 & ((X( loc=2441 & ((X( loc=936 & (X( loc=938 ))))))))))))))))))))))))))]",9,7.268117995170568E-7,121.113,102.961,random_path,600
0,out/models/model_spotify500_model-it_0.prism,"Pmax=? [(F ""positive"") & ((X( loc=1 & ((X( loc=30 & ((X( loc=157 & ((X( loc=257|loc=261 & ((X( loc=264|loc=268 & ((X( loc=1396 & ((X( loc=1493 & ((X( loc=937 & (X( loc=939 ))))))))))))))))))))))))))]",9,0.0,3.938,100.668,actual_path,600
0,out/models/model_spotify500_model-it_0.prism,"Pmax=? [(F ""positive"") & ((X( loc=1 & ((X( loc=10 & ((X( loc=137 & ((X( loc=257|loc=261 & (X( loc=264|loc=268 ))))))))))))))]",5,0.0027883008864131547,110.563,102.505,actual_path,600
0,out/models/model_spotify500_model-it_0.prism,"Pmax=? [(F ""positive"") & ((X( loc=1 & ((X( loc=21 & (X( loc=148 ))))))))]",3,0.012562282202661439,115.496,105.556,actual_path,600
0,out/models/model_spotify500_model-it_0.prism,"Pmax=? [(F ""positive"") & ((X( loc=1 & ((X( loc=35 & ((X( loc=162 & ((X( loc=257|loc=261 & ((X( loc=264|loc=268 & (X( loc=286 )))))))))))))))))]",6,8.768886737408813E-5,114.837,99.437,actual_path,600
0,out/models/model_spotify500_model-it_0.prism,"Pmax=? [(F ""positive"") & ((X( loc=1 & ((X( loc=37 & (X( loc=164 ))))))))]",3,0.026559648477241852,117.223,102.716,actual_path,600
0,out/models/model_spotify500_model-it_0.prism,"Pmax=? [(F ""positive"") & ((X( loc=1 & (X( loc=55 )))))]",2,0.022379057199319007,120.05,103.2,actual_path,600
0,out/models/model_spotify500_model-it_0.prism,"Pmax=? [(F ""positive"") & ((X( loc=1 & ((X( loc=35 & ((X( loc=162 & ((X( loc=257|loc=261 & (X( loc=264|loc=268 ))))))))))))))]",5,0.012541030422471611,113.906,104.812,actual_path,600
0,out/models/model_spotify500_model-it_0.prism,"Pmax=? [(F ""positive"") & ((X( loc=1 & ((X( loc=61 & ((X( loc=188 & (X( loc=258 )))))))))))]",4,0.0027871434532037794,115.352,104.33,actual_path,600
0,out/models/model_spotify500_model-it_0.prism,"Pmax=? [(F ""positive"") & ((X( loc=1 & ((X( loc=22 & ((X( loc=149 & ((X( loc=256 & (X( loc=263 ))))))))))))))]",5,0.0028077757239795,116.324,103.357,actual_path,600
0,out/models/model_spotify500_model-it_0.prism,"Pmax=? [(F ""positive"") & ((X( loc=1 & ((X( loc=19 & ((X( loc=146 & ((X( loc=258 & ((X( loc=265 & (X( loc=1073 )))))))))))))))))]",6,7.320735661904632E-7,116.397,101.551,actual_path,600
0,out/models/model_spotify500_model-it_0.prism,"Pmax=? [(F ""positive"") & ((X( loc=1 & ((X( loc=39 & ((X( loc=166 & ((X( loc=257|loc=261 & ((X( loc=264|loc=268 & ((X( loc=416 & (X( loc=749 ))))))))))))))))))))]",7,0.0027883008864131547,114.426,101.752,actual_path,600
0,out/models/model_spotify500_model-it_0.prism,"Pmax=? [(F ""positive"") & ((X( loc=1 & ((X( loc=34 & ((X( loc=161 & ((X( loc=259 & (X( loc=266 ))))))))))))))]",5,0.00421166358596925,119.709,101.871,actual_path,600
0,out/models/model_spotify500_model-it_0.prism,"Pmax=? [(F ""positive"") & ((X( loc=1 & ((X( loc=38 & ((X( loc=165 & ((X( loc=258 & ((X( loc=265 & ((X( loc=289 & ((X( loc=622 & (X( loc=936 )))))))))))))))))))))))]",8,8.475862708836147E-5,118.078,101.825,actual_path,600
0,out/models/model_spotify500_model-it_0.prism,"Pmax=? [(F ""positive"") & ((X( loc=1 & ((X( loc=55 & ((X( loc=182 & ((X( loc=259 & ((X( loc=266 & ((X( loc=481 & (X( loc=814 ))))))))))))))))))))]",7,0.00836843613770582,117.58,103.238,actual_path,600
0,out/models/model_spotify500_model-it_0.prism,"Pmax=? [(F ""positive"") & ((X( loc=1 & ((X( loc=61 & ((X( loc=188 & ((X( loc=259 & ((X( loc=266 & ((X( loc=1055 & (X( loc=1228 ))))))))))))))))))))]",7,0.0027877361400532835,120.307,102.643,actual_path,600
0,out/models/model_spotify500_model-it_0.prism,"Pmax=? [(F ""positive"") & ((X( loc=1 & ((X( loc=7 & ((X( loc=134 & ((X( loc=258 & ((X( loc=265 & ((X( loc=286 & ((X( loc=619 & (X( loc=937 )))))))))))))))))))))))]",8,4.857743467092561E-6,114.793,104.474,actual_path,600
0,out/models/model_spotify500_model-it_0.prism,"Pmax=? [(F ""positive"") & ((X( loc=1 & ((X( loc=79 & ((X( loc=206 & ((X( loc=257|loc=261 & ((X( loc=264|loc=268 & ((X( loc=330 & ((X( loc=663 & (X( loc=936 )))))))))))))))))))))))]",8,2.6677880544435566E-5,115.976,100.816,actual_path,600
0,out/models/model_spotify500_model-it_0.prism,"Pmax=? [(F ""positive"") & ((X( loc=1 & ((X( loc=5 & ((X( loc=132 & ((X( loc=259 & ((X( loc=266 & ((X( loc=2706 & ((X( loc=2731 & (X( loc=937 )))))))))))))))))))))))]",8,7.01943930994875E-4,118.64,99.577,actual_path,600
0,out/models/model_spotify500_model-it_0.prism,"Pmax=? [(F ""positive"") & ((X( loc=1 & ((X( loc=23 & ((X( loc=150 & ((X( loc=257|loc=261 & ((X( loc=264|loc=268 & ((X( loc=459 & ((X( loc=792 & (X( loc=936 )))))))))))))))))))))))]",8,0.0027883008864131547,119.538,104.405,actual_path,600
0,out/models/model_spotify500_model-it_1.prism, Pmax=? [F loc=525] ,0,0.9092117896563309,12.514,121.251,reach_state,600
0,out/models/model_spotify500_model-it_0.prism,"Pmax=? [(F ""positive"") & ((X( loc=1 & ((X( loc=7 & ((X( loc=134 & ((X( loc=257|loc=261 & ((X( loc=264|loc=268 & ((X( loc=1309 & ((X( loc=1354 & ((X( loc=936 & (X( loc=938 ))))))))))))))))))))))))))]",9,0.0013941504432065774,118.938,105.125,actual_path,600
0,out/models/model_spotify500_model-it_1.prism, Pmax=? [F loc=3115] ,0,0.7132461126610565,97.374,119.574,reach_state,600
0,out/models/model_spotify500_model-it_0.prism,"Pmax=? [(F ""positive"") & ((X( loc=1 & ((X( loc=21 & ((X( loc=148 & ((X( loc=257|loc=261 & ((X( loc=264|loc=268 & ((X( loc=337 & ((X( loc=670 & ((X( loc=936 & (X( loc=938 ))))))))))))))))))))))))))]",9,1.2316525955452424E-5,120.499,106.23,actual_path,600
0,out/models/model_spotify500_model-it_0.prism,"Pmax=? [(F ""positive"") & ((X( loc=1 & ((X( loc=58 & ((X( loc=185 & ((X( loc=258 & ((X( loc=265 & ((X( loc=475 & ((X( loc=808 & ((X( loc=936 & (X( loc=938 ))))))))))))))))))))))))))]",9,4.550473875237225E-6,116.148,107.953,actual_path,600
0,out/models/model_spotify500_model-it_1.prism, Pmax=? [F loc=676] ,0,0.9044786496369713,23.17,115.03,reach_state,600
0,out/models/model_spotify500_model-it_1.prism, Pmax=? [F loc=2181] ,0,0.002213662628508666,139.91,112.114,reach_state,600
0,out/models/model_spotify500_model-it_1.prism, Pmax=? [F loc=3136] ,0,0.0022722856379970772,148.253,122.562,reach_state,600
0,out/models/model_spotify500_model-it_1.prism, Pmax=? [F loc=3878] ,0,0.8640853942415795,90.393,119.967,reach_state,600
0,out/models/model_spotify500_model-it_1.prism, Pmax=? [F loc=515] ,0,0.00877420694007602,145.856,115.843,reach_state,600
0,out/models/model_spotify500_model-it_1.prism, Pmax=? [F loc=2702] ,0,0.006612947744762437,149.742,117.329,reach_state,600
0,out/models/model_spotify500_model-it_1.prism, Pmax=? [F loc=1946] ,0,0.002213662628508668,142.873,117.474,reach_state,600
0,out/models/model_spotify500_model-it_1.prism, Pmax=? [F loc=2251] ,0,0.0022724637590003072,142.798,123.691,reach_state,600
0,out/models/model_spotify500_model-it_1.prism,"Pmax=? [(F ""positive"") & (X( loc=1 ))]",1,0.6764455540536863,145.882,115.875,random_path,600
0,out/models/model_spotify500_model-it_1.prism,"Pmax=? [(F ""positive"") & (X( loc=1 ))]",1,0.6764455540536863,145.084,119.235,random_path,600
0,out/models/model_spotify500_model-it_1.prism,"Pmax=? [(F ""positive"") & (X( loc=1 ))]",1,0.6764455540536863,148.298,117.909,random_path,600
0,out/models/model_spotify500_model-it_1.prism,"Pmax=? [(F ""positive"") & (!(""positive"") U loc=2161)]",0,0.5816133061958432,158.181,115.802,avoid_state,600
0,out/models/model_spotify500_model-it_1.prism,"Pmax=? [(F ""positive"") & (X( loc=1 ))]",1,0.6764455540536863,145.891,121.34,random_path,600
0,out/models/model_spotify500_model-it_1.prism,"Pmax=? [(F ""positive"") & (!(""positive"") U loc=3573)]",0,0.001522197928215632,160.183,116.61,avoid_state,600
0,out/models/model_spotify500_model-it_1.prism,"Pmax=? [(F ""positive"") & (!(""positive"") U loc=867)]",0,0.6129591369316958,158.206,117.659,avoid_state,600
0,out/models/model_spotify500_model-it_1.prism,"Pmax=? [(F ""positive"") & (!(""positive"") U loc=1733)]",0,0.5872870708235469,158.035,118.373,avoid_state,600
0,out/models/model_spotify500_model-it_1.prism,"Pmax=? [(F ""positive"") & (!(""positive"") U loc=1085)]",0,0.5872870708235469,160.359,119.612,avoid_state,600
0,out/models/model_spotify500_model-it_1.prism,"Pmax=? [(F ""positive"") & (!(""positive"") U loc=2484)]",0,0.0059547150447394285,161.304,120.125,avoid_state,600
0,out/models/model_spotify500_model-it_1.prism,"Pmax=? [(F ""positive"") & (!(""positive"") U loc=2208)]",0,0.5872870708235469,162.437,116.075,avoid_state,600
0,out/models/model_spotify500_model-it_1.prism,"Pmax=? [(F ""positive"") & ((X( loc=1 & (X( loc=16 )))))]",2,0.009464421357004524,158.879,114.928,random_path,600
0,out/models/model_spotify500_model-it_1.prism,"Pmax=? [(F ""positive"") & (!(""positive"") U loc=2989)]",0,0.4847714935610416,158.46,119.676,avoid_state,600
0,out/models/model_spotify500_model-it_1.prism,"Pmax=? [(F ""positive"") & (!(""positive"") U loc=3093)]",0,0.0030423627958312822,161.508,117.278,avoid_state,600
0,out/models/model_spotify500_model-it_1.prism,"Pmax=? [(F ""positive"") & (X( loc=1 ))]",1,0.6764455540536863,153.92,122.634,random_path,600
0,out/models/model_spotify500_model-it_1.prism,"['start', 'companystart', 'startprofile_2_8_4']",0,-1,0.0,0.0,actual_path,600
0,out/models/model_spotify500_model-it_1.prism,"Pmax=? [(F ""positive"") & ((X( loc=1 & (X( loc=6 )))))]",2,0.0027088794858475033,163.157,114.801,random_path,600
0,out/models/model_spotify500_model-it_1.prism,"Pmax=? [(F ""positive"") & ((X( loc=1 & ((X( loc=3 & ((X( loc=120 & (X( loc=236|loc=240 )))))))))))]",4,0.0013495645739546006,158.675,114.543,random_path,600
0,out/models/model_spotify500_model-it_1.prism,"Pmax=? [(F ""positive"") & ((X( loc=1 & (X( loc=16 )))))]",2,0.009464421357004524,163.073,117.429,random_path,600
0,out/models/model_spotify500_model-it_1.prism,"Pmax=? [(F ""positive"") & (!(""positive"") U loc=3804)]",0,0.4777466820922746,164.499,122.095,avoid_state,600
0,out/models/model_spotify500_model-it_1.prism,"Pmax=? [(F ""positive"") & ((X( loc=1 & ((X( loc=51 & ((X( loc=168 & (X( loc=238|loc=241 )))))))))))]",4,0.001349407992167738,154.879,118.103,random_path,600
0,out/models/model_spotify500_model-it_1.prism,"Pmax=? [(F ""positive"") & ((X( loc=1 & ((X( loc=41 & (X( loc=158 ))))))))]",3,0.0013593149118929027,161.53,119.583,random_path,600
0,out/models/model_spotify500_model-it_1.prism,"Pmax=? [(F ""positive"") & ((X( loc=1 & ((X( loc=37 & (X( loc=154 ))))))))]",3,0.02028782043305754,158.299,121.69,random_path,600
0,out/models/model_spotify500_model-it_1.prism,"Pmax=? [(F ""positive"") & ((X( loc=1 & (X( loc=54 )))))]",2,0.012163550504913724,168.399,117.391,random_path,600
0,out/models/model_spotify500_model-it_1.prism,"Pmax=? [(F ""positive"") & ((X( loc=1 & (X( loc=110 )))))]",2,0.0013593149118929027,164.21,122.334,random_path,600
0,out/models/model_spotify500_model-it_1.prism,"Pmax=? [(F ""positive"") & ((X( loc=1 & ((X( loc=60 & ((X( loc=177 & (X( loc=236|loc=240 )))))))))))]",4,0.0013495645739546006,164.309,117.343,random_path,600
0,out/models/model_spotify500_model-it_1.prism,"Pmax=? [(F ""positive"") & ((X( loc=1 & ((X( loc=101 & (X( loc=218 ))))))))]",3,0.0013495645739546006,163.504,119.361,random_path,600
0,out/models/model_spotify500_model-it_1.prism,"Pmax=? [(F ""positive"") & ((X( loc=1 & ((X( loc=52 & ((X( loc=169 & ((X( loc=238|loc=241 & (X( loc=246|loc=249 ))))))))))))))]",5,0.0013494079921677381,156.775,116.155,random_path,600
0,out/models/model_spotify500_model-it_1.prism,"Pmax=? [(F ""positive"") & ((X( loc=1 & ((X( loc=77 & ((X( loc=194 & ((X( loc=238|loc=241 & ((X( loc=246|loc=249 & (X( loc=510 )))))))))))))))))]",6,2.932974448566597E-5,153.81,114.357,random_path,600
0,out/models/model_spotify500_model-it_1.prism,"Pmax=? [(F ""positive"") & ((X( loc=1 & ((X( loc=32 & (X( loc=149 ))))))))]",3,0.014882180328699528,164.572,121.998,random_path,600
0,out/models/model_spotify500_model-it_1.prism,"Pmax=? [(F ""positive"") & ((X( loc=1 & ((X( loc=78 & (X( loc=195 ))))))))]",3,0.004058287478015241,168.873,120.293,random_path,600
0,out/models/model_spotify500_model-it_1.prism,"Pmax=? [(F ""positive"") & ((X( loc=1 & ((X( loc=59 & ((X( loc=176 & (X( loc=238|loc=241 )))))))))))]",4,0.006745791533218718,162.495,121.285,random_path,600
0,out/models/model_spotify500_model-it_1.prism,"Pmax=? [(F ""positive"") & ((X( loc=1 & ((X( loc=26 & ((X( loc=143 & (X( loc=239 )))))))))))]",4,0.0013593149118929027,162.811,123.573,random_path,600
0,out/models/model_spotify500_model-it_1.prism,"Pmax=? [(F ""positive"") & ((X( loc=1 & ((X( loc=71 & ((X( loc=188 & ((X( loc=238|loc=241 & (X( loc=246|loc=249 ))))))))))))))]",5,0.0013494079921677381,161.309,119.479,random_path,600
0,out/models/model_spotify500_model-it_1.prism,"['start', 'companystart', 'startprofile_0_5_6', 'companystartprofile_0_5_6', 'select_context_editorial_playlist', 'customerselect_context_editorial_playlist', 'song_90_minor_0_6_4']",0,-1,0.0,0.0,actual_path,600
0,out/models/model_spotify500_model-it_1.prism,"Pmax=? [(F ""positive"") & ((X( loc=1 & ((X( loc=93 & ((X( loc=210 & ((X( loc=238|loc=241 & (X( loc=246|loc=249 ))))))))))))))]",5,0.0013494079921677381,165.652,118.819,random_path,600
0,out/models/model_spotify500_model-it_1.prism,"Pmax=? [(F ""positive"") & ((X( loc=1 & ((X( loc=91 & ((X( loc=208 & ((X( loc=239 & (X( loc=247 ))))))))))))))]",5,0.0013593149118929027,163.662,119.028,random_path,600
0,out/models/model_spotify500_model-it_1.prism,"Pmax=? [(F ""positive"") & ((X( loc=1 & ((X( loc=8 & ((X( loc=125 & ((X( loc=236|loc=240 & ((X( loc=244|loc=248 & (X( loc=494 )))))))))))))))))]",6,0.002699129147909201,164.947,117.129,random_path,600
0,out/models/model_spotify500_model-it_1.prism,"['start', 'companystart', 'startprofile_1_7_8', 'companystartprofile_1_7_8', 'select_context_user_collection', 'companyselect_context_user_collection', 'played_10_minor_5_8_8', 'companyplayed_10_minor_5_8_8']",0,-1,0.0,0.0,actual_path,600
0,out/models/model_spotify500_model-it_1.prism,"Pmax=? [(F ""positive"") & ((X( loc=1 & ((X( loc=31 & ((X( loc=148 & ((X( loc=236|loc=240 & (X( loc=244|loc=248 ))))))))))))))]",5,0.004047222025297921,165.687,122.855,random_path,600
0,out/models/model_spotify500_model-it_1.prism,"Pmax=? [(F ""positive"") & ((X( loc=1 & ((X( loc=74 & ((X( loc=191 & ((X( loc=239 & ((X( loc=247 & (X( loc=3731 )))))))))))))))))]",6,0.0026792342108157776,158.795,123.689,random_path,600
0,out/models/model_spotify500_model-it_1.prism,"Pmax=? [(F ""positive"") & ((X( loc=1 & ((X( loc=23 & ((X( loc=140 & ((X( loc=239 & ((X( loc=247 & ((X( loc=472 & (X( loc=808 ))))))))))))))))))))]",7,0.008089543472452183,151.898,116.625,random_path,600
0,out/models/model_spotify500_model-it_1.prism,"Pmax=? [(F ""positive"") & ((X( loc=1 & ((X( loc=19 & ((X( loc=136 & ((X( loc=238|loc=241 & ((X( loc=246|loc=249 & (X( loc=550 )))))))))))))))))]",6,5.858682742773514E-5,153.334,116.136,random_path,600
0,out/models/model_spotify500_model-it_1.prism,"Pmax=? [(F ""positive"") & ((X( loc=1 & ((X( loc=5 & ((X( loc=122 & ((X( loc=237 & ((X( loc=245 & (X( loc=2952 )))))))))))))))))]",6,0.0027054988448358117,160.244,121.942,random_path,600
0,out/models/model_spotify500_model-it_1.prism,"Pmax=? [(F ""positive"") & ((X( loc=1 & ((X( loc=42 & ((X( loc=159 & ((X( loc=243 & ((X( loc=251 & ((X( loc=314 & (X( loc=650 ))))))))))))))))))))]",7,0.0026991765216376664,160.697,121.196,random_path,600
0,out/models/model_spotify500_model-it_1.prism,"['start', 'companystart', 'startprofile_0_7_7', 'companystartprofile_0_7_7', 'select_context_radio', 'customerselect_context_radio', 'song_0_minor_0_7_6', 'companysong_0_minor_0_7_6', 'skipped']",0,-1,0.0,0.0,actual_path,600
0,out/models/model_spotify500_model-it_1.prism,"Pmax=? [(F ""positive"") & ((X( loc=1 & ((X( loc=110 & ((X( loc=227 & (X( loc=238|loc=241 )))))))))))]",4,0.0,1.62,115.904,actual_path,600
0,out/models/model_spotify500_model-it_1.prism,"Pmax=? [(F ""positive"") & ((X( loc=1 & ((X( loc=88 & ((X( loc=205 & ((X( loc=239 & (X( loc=247 ))))))))))))))]",5,0.0,1.599,117.108,actual_path,600
0,out/models/model_spotify500_model-it_1.prism,"['start', 'companystart', 'startprofile_2_6_3', 'companystartprofile_2_6_3', 'select_context_catalog', 'companyselect_context_catalog', 'played_10_minor_4_5_3', 'companyplayed_10_minor_4_5_3', 'skipped', 'companyskipped']",0,-1,0.0,0.0,actual_path,600
0,out/models/model_spotify500_model-it_1.prism,"Pmax=? [(F ""positive"") & ((X( loc=1 & ((X( loc=20 & ((X( loc=137 & ((X( loc=242 & ((X( loc=250 & (X( loc=2539 )))))))))))))))))]",6,0.0,1.625,113.907,actual_path,600
0,out/models/model_spotify500_model-it_1.prism,"['start', 'companystart', 'startprofile_0_7_5', 'companystartprofile_0_7_5', 'select_context_user_collection', 'companyselect_context_user_collection', 'played_90_minor_1_7_4', 'companyplayed_90_minor_1_7_4', 'skipped', 'companyskipped']",0,-1,0.0,0.0,actual_path,600
0,out/models/model_spotify500_model-it_1.prism,"Pmax=? [(F ""positive"") & ((X( loc=1 & ((X( loc=106 & ((X( loc=223 & ((X( loc=239 & ((X( loc=247 & (X( loc=294 )))))))))))))))))]",6,0.0,1.544,118.52,actual_path,600
0,out/models/model_spotify500_model-it_1.prism,"Pmax=? [(F ""positive"") & ((X( loc=1 & ((X( loc=34 & ((X( loc=151 & ((X( loc=239 & ((X( loc=247 & ((X( loc=3350 & (X( loc=3373 ))))))))))))))))))))]",7,0.0013396171054078888,163.425,122.977,random_path,600
0,out/models/model_spotify500_model-it_1.prism,"Pmax=? [(F ""positive"") & ((X( loc=1 & ((X( loc=82 & ((X( loc=199 & ((X( loc=236|loc=240 & ((X( loc=244|loc=248 & ((X( loc=949 & (X( loc=1111 ))))))))))))))))))))]",7,0.0,1.835,116.968,actual_path,600
0,out/models/model_spotify500_model-it_1.prism,"Pmax=? [(F ""positive"") & ((X( loc=1 & ((X( loc=42 & ((X( loc=159 & ((X( loc=237 & ((X( loc=245 & ((X( loc=344 & (X( loc=680 ))))))))))))))))))))]",7,0.0,1.687,121.352,actual_path,600
0,out/models/model_spotify500_model-it_1.prism,"Pmax=? [(F ""positive"") & ((X( loc=1 & ((X( loc=14 & ((X( loc=131 & ((X( loc=236|loc=240 & ((X( loc=244|loc=248 & ((X( loc=272 & (X( loc=608 ))))))))))))))))))))]",7,0.0,1.93,117.463,actual_path,600
0,out/models/model_spotify500_model-it_1.prism,"Pmax=? [(F ""positive"") & ((X( loc=1 & ((X( loc=65 & ((X( loc=182 & ((X( loc=236|loc=240 & ((X( loc=244|loc=248 & ((X( loc=1016 & (X( loc=1178 ))))))))))))))))))))]",7,0.0013495645739546004,162.78,121.193,random_path,600
0,out/models/model_spotify500_model-it_1.prism,"Pmax=? [(F ""positive"") & ((X( loc=1 & ((X( loc=71 & ((X( loc=188 & ((X( loc=239 & ((X( loc=247 & ((X( loc=2356 & (X( loc=2384 ))))))))))))))))))))]",7,0.001339617105407889,168.61,118.236,random_path,600
0,out/models/model_spotify500_model-it_1.prism,"Pmax=? [(F ""positive"") & ((X( loc=1 & ((X( loc=3 & ((X( loc=120 & ((X( loc=236|loc=240 & ((X( loc=244|loc=248 & ((X( loc=3702 & ((X( loc=3712 & (X( loc=925 )))))))))))))))))))))))]",8,0.0013495645739546006,166.193,119.32,random_path,600
0,out/models/model_spotify500_model-it_1.prism,"Pmax=? [(F ""positive"") & ((X( loc=1 & ((X( loc=76 & ((X( loc=193 & ((X( loc=242 & ((X( loc=250 & ((X( loc=2373 & ((X( loc=2401 & (X( loc=924|loc=926 )))))))))))))))))))))))]",8,0.0013396171054078888,157.818,118.412,random_path,600
0,out/models/model_spotify500_model-it_1.prism,"Pmax=? [(F ""positive"") & ((X( loc=1 & ((X( loc=39 & ((X( loc=156 & ((X( loc=238|loc=241 & ((X( loc=246|loc=249 & ((X( loc=2533 & ((X( loc=2563 & (X( loc=924|loc=926 )))))))))))))))))))))))]",8,0.0,2.787,118.935,actual_path,600
0,out/models/model_spotify500_model-it_1.prism,"Pmax=? [(F ""positive"") & ((X( loc=1 & ((X( loc=38 & ((X( loc=155 & ((X( loc=237 & ((X( loc=245 & ((X( loc=3309 & ((X( loc=3327 & (X( loc=925 )))))))))))))))))))))))]",8,0.0027186298237858054,166.161,118.429,random_path,600
0,out/models/model_spotify500_model-it_1.prism,"Pmax=? [(F ""positive"") & ((X( loc=1 & ((X( loc=21 & ((X( loc=138 & ((X( loc=242 & ((X( loc=250 & ((X( loc=3170 & ((X( loc=3192 & (X( loc=924|loc=926 )))))))))))))))))))))))]",8,0.001339617105407889,165.816,118.81,random_path,600
0,out/models/model_spotify500_model-it_2.prism, Pmax=? [F loc=823] ,0,0.8788616350191328,10.633,101.52,reach_state,600
0,out/models/model_spotify500_model-it_2.prism, Pmax=? [F loc=2751] ,0,0.8788616350191328,11.214,95.606,reach_state,600
0,out/models/model_spotify500_model-it_1.prism,"Pmax=? [(F ""positive"") & (X( loc=1 ))]",1,0.6764455540536863,148.454,119.132,actual_path,600
0,out/models/model_spotify500_model-it_1.prism,"Pmax=? [(F ""positive"") & (X( loc=1 ))]",1,0.6764455540536863,145.231,116.146,actual_path,600
0,out/models/model_spotify500_model-it_1.prism,"Pmax=? [(F ""positive"") & (X( loc=1 ))]",1,0.6764455540536863,149.145,117.486,actual_path,600
0,out/models/model_spotify500_model-it_1.prism,"Pmax=? [(F ""positive"") & ((X( loc=1 & ((X( loc=82 & ((X( loc=199 & ((X( loc=239 & ((X( loc=247 & ((X( loc=1718 & ((X( loc=1781 & (X( loc=924|loc=926 )))))))))))))))))))))))]",8,0.001339617105407889,166.054,118.093,random_path,600
0,out/models/model_spotify500_model-it_1.prism,"Pmax=? [(F ""positive"") & (X( loc=1 ))]",1,0.6764455540536863,149.352,117.061,actual_path,600
0,out/models/model_spotify500_model-it_1.prism,"Pmax=? [(F ""positive"") & (X( loc=1 ))]",1,0.6764455540536863,151.391,116.064,actual_path,600
0,out/models/model_spotify500_model-it_1.prism,"Pmax=? [(F ""positive"") & ((X( loc=1 & ((X( loc=83 & ((X( loc=200 & ((X( loc=236|loc=240 & ((X( loc=244|loc=248 & ((X( loc=3603 & ((X( loc=3616 & ((X( loc=924|loc=926 & (X( loc=927|loc=929 ))))))))))))))))))))))))))]",9,0.0013495645739546006,167.506,116.862,random_path,600
0,out/models/model_spotify500_model-it_1.prism,"Pmax=? [(F ""positive"") & ((X( loc=1 & ((X( loc=117 & ((X( loc=234 & ((X( loc=237 & ((X( loc=245 & ((X( loc=2196 & ((X( loc=2230 & ((X( loc=925 & (X( loc=928 ))))))))))))))))))))))))))]",9,9.062099412619351E-4,164.739,118.478,random_path,600
0,out/models/model_spotify500_model-it_2.prism, Pmax=? [F loc=2825] ,0,0.8124710807011315,42.676,94.465,reach_state,600
0,out/models/model_spotify500_model-it_1.prism,"Pmax=? [(F ""positive"") & ((X( loc=1 & ((X( loc=109 & ((X( loc=226 & ((X( loc=236|loc=240 & ((X( loc=244|loc=248 & ((X( loc=381 & ((X( loc=717 & ((X( loc=924|loc=926 & (X( loc=927|loc=929 ))))))))))))))))))))))))))]",9,0.0013495645739546006,164.752,117.553,random_path,600
0,out/models/model_spotify500_model-it_1.prism,"Pmax=? [(F ""positive"") & ((X( loc=1 & (X( loc=24 )))))]",2,0.01759974472323031,159.738,115.619,actual_path,600
0,out/models/model_spotify500_model-it_2.prism, Pmax=? [F loc=2920] ,0,0.8124710807011315,43.027,93.641,reach_state,600
0,out/models/model_spotify500_model-it_1.prism,"Pmax=? [(F ""positive"") & ((X( loc=1 & ((X( loc=11 & ((X( loc=128 & ((X( loc=239 & ((X( loc=247 & ((X( loc=3273 & ((X( loc=3287 & ((X( loc=924|loc=926 & (X( loc=927|loc=929 ))))))))))))))))))))))))))]",9,0.0026792342108157776,166.549,120.786,random_path,600
0,out/models/model_spotify500_model-it_1.prism,"Pmax=? [(F ""positive"") & ((X( loc=1 & ((X( loc=100 & ((X( loc=217 & ((X( loc=237 & ((X( loc=245 & ((X( loc=1092 & ((X( loc=1254 & ((X( loc=924|loc=926 & (X( loc=927|loc=929 ))))))))))))))))))))))))))]",9,0.001339617105407889,163.792,124.067,random_path,600
0,out/models/model_spotify500_model-it_1.prism,"Pmax=? [(F ""positive"") & ((X( loc=1 & (X( loc=18 )))))]",2,0.010813985930959124,159.571,120.829,actual_path,600
0,out/models/model_spotify500_model-it_1.prism,"Pmax=? [(F ""positive"") & ((X( loc=1 & (X( loc=10 )))))]",2,0.006767166963862745,163.156,117.671,actual_path,600
0,out/models/model_spotify500_model-it_1.prism,"Pmax=? [(F ""positive"") & ((X( loc=1 & ((X( loc=43 & (X( loc=160 ))))))))]",3,0.029772555000560377,163.911,118.159,actual_path,600
0,out/models/model_spotify500_model-it_1.prism,"Pmax=? [(F ""positive"") & ((X( loc=1 & (X( loc=22 )))))]",2,0.0013495645739546006,165.007,120.378,actual_path,600
0,out/models/model_spotify500_model-it_1.prism,"Pmax=? [(F ""positive"") & ((X( loc=1 & ((X( loc=18 & (X( loc=135 ))))))))]",3,0.010813985930959124,158.213,124.419,actual_path,600
0,out/models/model_spotify500_model-it_1.prism,"Pmax=? [(F ""positive"") & ((X( loc=1 & ((X( loc=24 & ((X( loc=141 & (X( loc=236|loc=240 )))))))))))]",4,0.004047222025297921,159.13,117.641,actual_path,600
0,out/models/model_spotify500_model-it_1.prism,"Pmax=? [(F ""positive"") & ((X( loc=1 & ((X( loc=47 & ((X( loc=164 & ((X( loc=237 & (X( loc=245 ))))))))))))))]",5,0.0013593149118929027,157.585,117.052,actual_path,600
0,out/models/model_spotify500_model-it_1.prism,"Pmax=? [(F ""positive"") & ((X( loc=1 & ((X( loc=94 & (X( loc=211 ))))))))]",3,0.004058130896228379,163.847,121.397,actual_path,600
0,out/models/model_spotify500_model-it_1.prism,"Pmax=? [(F ""positive"") & ((X( loc=1 & ((X( loc=39 & (X( loc=156 ))))))))]",3,0.014902493539197847,165.827,119.137,actual_path,600
0,out/models/model_spotify500_model-it_1.prism,"Pmax=? [(F ""positive"") & ((X( loc=1 & ((X( loc=46 & ((X( loc=163 & (X( loc=237 )))))))))))]",4,0.00543725964757161,166.036,118.593,actual_path,600
0,out/models/model_spotify500_model-it_1.prism,"Pmax=? [(F ""positive"") & ((X( loc=1 & ((X( loc=63 & ((X( loc=180 & ((X( loc=236|loc=240 & (X( loc=244|loc=248 ))))))))))))))]",5,0.006745370042163203,162.55,115.249,actual_path,600
0,out/models/model_spotify500_model-it_1.prism,"Pmax=? [(F ""positive"") & ((X( loc=1 & ((X( loc=65 & ((X( loc=182 & ((X( loc=239 & ((X( loc=247 & (X( loc=408 )))))))))))))))))]",6,0.002703857472467062,154.38,120.719,actual_path,600
0,out/models/model_spotify500_model-it_1.prism,"Pmax=? [(F ""positive"") & ((X( loc=1 & ((X( loc=97 & ((X( loc=214 & ((X( loc=239 & ((X( loc=247 & (X( loc=377 )))))))))))))))))]",6,0.0013465486823581866,158.359,115.617,actual_path,600
0,out/models/model_spotify500_model-it_1.prism,"Pmax=? [(F ""positive"") & ((X( loc=1 & ((X( loc=12 & ((X( loc=129 & ((X( loc=239 & (X( loc=247 ))))))))))))))]",5,0.0013593149118929027,164.358,115.511,actual_path,600
0,out/models/model_spotify500_model-it_1.prism,"Pmax=? [(F ""positive"") & ((X( loc=1 & ((X( loc=32 & ((X( loc=149 & (X( loc=238|loc=241 )))))))))))]",4,0.006745791533218717,164.356,121.31,actual_path,600
0,out/models/model_spotify500_model-it_1.prism,"Pmax=? [(F ""positive"") & ((X( loc=1 & ((X( loc=76 & ((X( loc=193 & ((X( loc=238|loc=241 & (X( loc=246|loc=249 ))))))))))))))]",5,0.005396633226574975,163.519,120.352,actual_path,600
0,out/models/model_spotify500_model-it_1.prism,"Pmax=? [(F ""positive"") & ((X( loc=1 & ((X( loc=64 & ((X( loc=181 & ((X( loc=236|loc=240 & ((X( loc=244|loc=248 & ((X( loc=503 & (X( loc=839 ))))))))))))))))))))]",7,0.0026991291479092007,156.649,117.367,actual_path,600
0,out/models/model_spotify500_model-it_1.prism,"Pmax=? [(F ""positive"") & ((X( loc=1 & ((X( loc=15 & ((X( loc=132 & (X( loc=236|loc=240 )))))))))))]",4,0.0013495645739546004,161.589,126.748,actual_path,600
0,out/models/model_spotify500_model-it_1.prism,"Pmax=? [(F ""positive"") & ((X( loc=1 & ((X( loc=11 & (X( loc=128 ))))))))]",3,0.008136075631907085,168.303,123.631,actual_path,600
0,out/models/model_spotify500_model-it_2.prism, Pmax=? [F loc=1529] ,0,0.8124710807011315,43.548,95.178,reach_state,600
0,out/models/model_spotify500_model-it_2.prism, Pmax=? [F loc=1276] ,0,0.006390254932505177,91.626,96.902,reach_state,600
0,out/models/model_spotify500_model-it_2.prism, Pmax=? [F loc=1634] ,0,0.00436181676749176,90.802,96.137,reach_state,600
0,out/models/model_spotify500_model-it_2.prism, Pmax=? [F loc=2661] ,0,0.004082833180852396,89.664,99.938,reach_state,600
0,out/models/model_spotify500_model-it_2.prism, Pmax=? [F loc=3684] ,0,0.8124710807011315,43.818,96.791,reach_state,600
0,out/models/model_spotify500_model-it_1.prism,"Pmax=? [(F ""positive"") & ((X( loc=1 & ((X( loc=44 & ((X( loc=161 & ((X( loc=239 & ((X( loc=247 & ((X( loc=1420 & ((X( loc=1529 & (X( loc=924|loc=926 )))))))))))))))))))))))]",8,0.0011163475878399073,157.649,122.858,actual_path,600
0,out/models/model_spotify500_model-it_1.prism,"Pmax=? [(F ""positive"") & ((X( loc=1 & ((X( loc=32 & ((X( loc=149 & ((X( loc=237 & ((X( loc=245 & ((X( loc=361 & ((X( loc=697 & (X( loc=924|loc=926 )))))))))))))))))))))))]",8,8.930780702719258E-4,160.71,125.338,actual_path,600
0,out/models/model_spotify500_model-it_1.prism,"Pmax=? [(F ""positive"") & ((X( loc=1 & ((X( loc=63 & ((X( loc=180 & ((X( loc=239 & ((X( loc=247 & ((X( loc=1728 & ((X( loc=1791 & (X( loc=924|loc=926 )))))))))))))))))))))))]",8,0.005358468421631556,161.852,116.87,actual_path,600
0,out/models/model_spotify500_model-it_2.prism, Pmax=? [F loc=1794] ,0,0.004082987522530063,95.168,98.648,reach_state,600
0,out/models/model_spotify500_model-it_1.prism,"Pmax=? [(F ""positive"") & ((X( loc=1 & ((X( loc=59 & ((X( loc=176 & ((X( loc=237 & ((X( loc=245 & ((X( loc=294 & ((X( loc=630 & ((X( loc=924|loc=926 & (X( loc=927|loc=929 ))))))))))))))))))))))))))]",9,7.986178897623954E-4,163.578,117.661,actual_path,600
0,out/models/model_spotify500_model-it_1.prism,"Pmax=? [(F ""positive"") & ((X( loc=1 & ((X( loc=58 & ((X( loc=175 & ((X( loc=239 & ((X( loc=247 & ((X( loc=472 & ((X( loc=808 & ((X( loc=924|loc=926 & (X( loc=927|loc=929 ))))))))))))))))))))))))))]",9,0.0030082629735475397,162.194,117.645,actual_path,600
0,out/models/model_spotify500_model-it_1.prism,"Pmax=? [(F ""positive"") & ((X( loc=1 & ((X( loc=57 & ((X( loc=174 & ((X( loc=238|loc=241 & ((X( loc=246|loc=249 & ((X( loc=979 & ((X( loc=1141 & ((X( loc=924|loc=926 & (X( loc=927|loc=929 ))))))))))))))))))))))))))]",9,0.002698815984335476,163.17,119.212,actual_path,600
0,out/models/model_spotify500_model-it_2.prism,"Pmax=? [(F ""positive"") & (!(""positive"") U loc=2119)]",0,0.0014598256604043583,104.091,97.094,avoid_state,600
0,out/models/model_spotify500_model-it_2.prism,"Pmax=? [(F ""positive"") & (!(""positive"") U loc=1849)]",0,0.4523358386848099,105.78,93.788,avoid_state,600
0,out/models/model_spotify500_model-it_2.prism,"Pmax=? [(F ""positive"") & (!(""positive"") U loc=1015)]",0,0.4523358386848099,103.373,95.273,avoid_state,600
0,out/models/model_spotify500_model-it_2.prism,"Pmax=? [(F ""positive"") & (!(""positive"") U loc=86)]",0,0.0013223826811666136,98.93,91.973,avoid_state,600
0,out/models/model_spotify500_model-it_2.prism,"Pmax=? [(F ""positive"") & (!(""positive"") U loc=495)]",0,0.012347739294519702,109.755,94.899,avoid_state,600
0,out/models/model_spotify500_model-it_2.prism,"Pmax=? [(F ""positive"") & (!(""positive"") U loc=920)]",0,0.0013387712872721836,106.671,95.913,avoid_state,600
0,out/models/model_spotify500_model-it_2.prism,"Pmax=? [(F ""positive"") & (!(""positive"") U loc=262)]",0,0.0013223826811666136,100.388,96.37,avoid_state,600
0,out/models/model_spotify500_model-it_2.prism,"Pmax=? [(F ""positive"") & (X( loc=1 ))]",1,0.6630895554271146,96.149,90.55,random_path,600
0,out/models/model_spotify500_model-it_2.prism,"Pmax=? [(F ""positive"") & (X( loc=1 ))]",1,0.6630895554271146,97.025,93.899,random_path,600
0,out/models/model_spotify500_model-it_2.prism,"Pmax=? [(F ""positive"") & (!(""positive"") U loc=2409)]",0,0.4477780301915817,102.898,96.396,avoid_state,600
0,out/models/model_spotify500_model-it_2.prism,"Pmax=? [(F ""positive"") & (X( loc=1 ))]",1,0.6630895554271146,98.939,99.697,random_path,600
0,out/models/model_spotify500_model-it_2.prism,"Pmax=? [(F ""positive"") & (!(""positive"") U loc=2268)]",0,0.004119618786696539,106.914,93.371,avoid_state,600
0,out/models/model_spotify500_model-it_2.prism,"Pmax=? [(F ""positive"") & (X( loc=1 ))]",1,0.6630895554271146,98.756,93.552,random_path,600
0,out/models/model_spotify500_model-it_2.prism,"Pmax=? [(F ""positive"") & (!(""positive"") U loc=1384)]",0,0.004211125805599288,110.592,91.071,avoid_state,600
0,out/models/model_spotify500_model-it_2.prism,"Pmax=? [(F ""positive"") & ((X( loc=1 & (X( loc=3 )))))]",2,0.0013223826811666136,95.77,91.9,random_path,600
0,out/models/model_spotify500_model-it_2.prism,"Pmax=? [(F ""positive"") & (X( loc=1 ))]",1,0.6630895554271146,95.789,96.709,random_path,600
0,out/models/model_spotify500_model-it_2.prism,"Pmax=? [(F ""positive"") & ((X( loc=1 & (X( loc=59 )))))]",2,0.017250874663746932,96.334,93.058,random_path,600
0,out/models/model_spotify500_model-it_2.prism,"Pmax=? [(F ""positive"") & ((X( loc=1 & (X( loc=58 )))))]",2,0.002645588277520801,99.854,93.52,random_path,600
0,out/models/model_spotify500_model-it_2.prism,"Pmax=? [(F ""positive"") & ((X( loc=1 & (X( loc=40 )))))]",2,0.01457914490263672,101.878,94.525,random_path,600
0,out/models/model_spotify500_model-it_2.prism,"Pmax=? [(F ""positive"") & ((X( loc=1 & (X( loc=53 )))))]",2,0.0013232055963541876,100.605,95.795,random_path,600
0,out/models/model_spotify500_model-it_2.prism,"Pmax=? [(F ""positive"") & ((X( loc=1 & ((X( loc=107 & (X( loc=239 ))))))))]",3,0.0026464111927083753,102.581,93.832,random_path,600
0,out/models/model_spotify500_model-it_2.prism,"Pmax=? [(F ""positive"") & ((X( loc=1 & ((X( loc=48 & (X( loc=180 ))))))))]",3,0.00926658325875967,103.556,96.545,random_path,600
0,out/models/model_spotify500_model-it_2.prism,"Pmax=? [(F ""positive"") & ((X( loc=1 & ((X( loc=93 & (X( loc=225 ))))))))]",3,0.00398227607326348,100.705,95.265,random_path,600
0,out/models/model_spotify500_model-it_2.prism,"Pmax=? [(F ""positive"") & ((X( loc=1 & ((X( loc=90 & (X( loc=222 ))))))))]",3,0.0026590704769092924,100.088,94.233,random_path,600
0,out/models/model_spotify500_model-it_2.prism,"Pmax=? [(F ""positive"") & ((X( loc=1 & ((X( loc=11 & (X( loc=143 ))))))))]",3,0.003981453158075907,103.613,93.471,random_path,600
0,out/models/model_spotify500_model-it_2.prism,"['start', 'companystart', 'startprofile_0_3_4', 'companystartprofile_0_3_4', 'select_context_user_collection']",0,-1,0.0,0.0,actual_path,600
0,out/models/model_spotify500_model-it_2.prism,"Pmax=? [(F ""positive"") & ((X( loc=1 & ((X( loc=47 & ((X( loc=179 & (X( loc=266|loc=270 )))))))))))]",4,0.0013223826811666136,98.617,94.123,random_path,600
0,out/models/model_spotify500_model-it_2.prism,"Pmax=? [(F ""positive"") & ((X( loc=1 & ((X( loc=106 & ((X( loc=238 & (X( loc=268|loc=271 )))))))))))]",4,0.0026464111927083753,100.175,94.57,random_path,600
0,out/models/model_spotify500_model-it_2.prism,"Pmax=? [(F ""positive"") & ((X( loc=1 & ((X( loc=70 & ((X( loc=202 & ((X( loc=267 & (X( loc=275 ))))))))))))))]",5,0.001335864880555105,98.71,92.884,random_path,600
0,out/models/model_spotify500_model-it_2.prism,"Pmax=? [(F ""positive"") & ((X( loc=1 & ((X( loc=111 & ((X( loc=243 & (X( loc=268|loc=271 )))))))))))]",4,0.0013232055963541876,103.806,93.458,random_path,600
0,out/models/model_spotify500_model-it_2.prism,"['start', 'companystart', 'startprofile_0_4_6', 'companystartprofile_0_4_6', 'select_context_radio', 'customerselect_context_radio']",0,-1,0.0,0.0,actual_path,600
0,out/models/model_spotify500_model-it_2.prism,"Pmax=? [(F ""positive"") & ((X( loc=1 & ((X( loc=33 & ((X( loc=165 & ((X( loc=268|loc=271 & (X( loc=276|loc=279 ))))))))))))))]",5,0.0026464111927083753,99.454,94.694,random_path,600
0,out/models/model_spotify500_model-it_2.prism,"Pmax=? [(F ""positive"") & ((X( loc=1 & ((X( loc=130 & ((X( loc=262 & (X( loc=266|loc=270 )))))))))))]",4,0.0013223826811666136,103.582,96.626,random_path,600
0,out/models/model_spotify500_model-it_2.prism,"['start', 'companystart', 'startprofile_1_8_7', 'companystartprofile_1_8_7', 'select_context_user_collection', 'companyselect_context_user_collection', 'played_10_major_0_7_8']",0,-1,0.0,0.0,actual_path,600
0,out/models/model_spotify500_model-it_2.prism,"Pmax=? [(F ""positive"") & ((X( loc=1 & ((X( loc=133 & ((X( loc=265 & ((X( loc=266|loc=270 & (X( loc=274|loc=278 ))))))))))))))]",5,0.0013223826811666136,101.699,94.397,random_path,600
0,out/models/model_spotify500_model-it_2.prism,"Pmax=? [(F ""positive"") & ((X( loc=1 & ((X( loc=25 & ((X( loc=157 & (X( loc=267 )))))))))))]",4,0.008015189283330629,99.274,97.627,random_path,600
0,out/models/model_spotify500_model-it_2.prism,"Pmax=? [(F ""positive"") & ((X( loc=1 & ((X( loc=29 & ((X( loc=161 & ((X( loc=267 & ((X( loc=275 & (X( loc=1354 )))))))))))))))))]",6,0.001335864880555105,102.726,92.89,random_path,600
0,out/models/model_spotify500_model-it_2.prism,"Pmax=? [(F ""positive"") & ((X( loc=1 & ((X( loc=96 & ((X( loc=228 & ((X( loc=266|loc=270 & (X( loc=274|loc=278 ))))))))))))))]",5,0.002644765362333227,103.459,94.538,random_path,600
0,out/models/model_spotify500_model-it_2.prism,"Pmax=? [(F ""positive"") & ((X( loc=1 & ((X( loc=45 & ((X( loc=177 & ((X( loc=269 & (X( loc=277 ))))))))))))))]",5,0.00267172976111021,102.592,97.008,random_path,600
0,out/models/model_spotify500_model-it_2.prism,"Pmax=? [(F ""positive"") & ((X( loc=1 & ((X( loc=3 & ((X( loc=135 & ((X( loc=266|loc=270 & ((X( loc=274|loc=278 & (X( loc=2026 )))))))))))))))))]",6,0.0013223826811666136,100.662,96.615,random_path,600
0,out/models/model_spotify500_model-it_2.prism,"Pmax=? [(F ""positive"") & ((X( loc=1 & ((X( loc=40 & ((X( loc=172 & ((X( loc=269 & ((X( loc=277 & (X( loc=1754 )))))))))))))))))]",6,0.0013268912884346665,105.042,98.905,random_path,600
0,out/models/model_spotify500_model-it_2.prism,"['start', 'companystart', 'startprofile_2_6_6', 'companystartprofile_2_6_6', 'select_context_user_collection', 'companyselect_context_user_collection', 'played_90_major_0_2_8', 'companyplayed_90_major_0_2_8', 'skipped']",0,-1,0.0,0.0,actual_path,600
0,out/models/model_spotify500_model-it_2.prism,"Pmax=? [(F ""positive"") & ((X( loc=1 & ((X( loc=74 & ((X( loc=206 & ((X( loc=266|loc=270 & ((X( loc=274|loc=278 & (X( loc=3953 )))))))))))))))))]",6,0.0013223826811666136,100.569,98.351,random_path,600
0,out/models/model_spotify500_model-it_2.prism,"Pmax=? [(F ""positive"") & ((X( loc=1 & ((X( loc=122 & ((X( loc=254 & ((X( loc=267 & ((X( loc=275 & ((X( loc=1354 & (X( loc=1406 ))))))))))))))))))))]",7,0.001335864880555105,101.643,97.512,random_path,600
0,out/models/model_spotify500_model-it_2.prism,"['start', 'companystart', 'startprofile_2_5_7', 'companystartprofile_2_5_7', 'select_context_editorial_playlist', 'customerselect_context_editorial_playlist', 'song_10_major_4_5_3', 'companysong_10_major_4_5_3', 'not_skipped']",0,-1,0.0,0.0,actual_path,600
0,out/models/model_spotify500_model-it_2.prism,"Pmax=? [(F ""positive"") & ((X( loc=1 & ((X( loc=80 & ((X( loc=212 & ((X( loc=273 & ((X( loc=281 & (X( loc=326 )))))))))))))))))]",6,0.0013202791679248697,100.969,100.893,random_path,600
0,out/models/model_spotify500_model-it_2.prism,"['start', 'companystart', 'startprofile_1_5_8', 'companystartprofile_1_5_8', 'select_context_catalog', 'companyselect_context_catalog', 'played_10_minor_2_6_9', 'companyplayed_10_minor_2_6_9', 'skipped', 'companyskipped']",0,-1,0.0,0.0,actual_path,600
0,out/models/model_spotify500_model-it_2.prism,"Pmax=? [(F ""positive"") & ((X( loc=1 & ((X( loc=44 & ((X( loc=176 & ((X( loc=266|loc=270 & ((X( loc=274|loc=278 & ((X( loc=510 & (X( loc=868 ))))))))))))))))))))]",7,1.5557699910287619E-4,102.473,96.994,random_path,600
0,out/models/model_spotify500_model-it_2.prism,"Pmax=? [(F ""positive"") & ((X( loc=1 & ((X( loc=29 & ((X( loc=161 & ((X( loc=267 & ((X( loc=275 & ((X( loc=1339 & (X( loc=1391 ))))))))))))))))))))]",7,0.0013313780844948857,105.667,98.151,random_path,600
0,out/models/model_spotify500_model-it_2.prism,"['start', 'companystart', 'startprofile_7_5_8', 'companystartprofile_7_5_8', 'select_context_radio', 'customerselect_context_radio', 'song_10_minor_9_5_8', 'companysong_10_minor_9_5_8', 'skipped', 'companyskipped']",0,-1,0.0,0.0,actual_path,600
0,out/models/model_spotify500_model-it_2.prism,"Pmax=? [(F ""positive"") & ((X( loc=1 & ((X( loc=7 & ((X( loc=139 & ((X( loc=269 & ((X( loc=277 & ((X( loc=1620 & (X( loc=1669 ))))))))))))))))))))]",7,0.0,1.02,91.865,actual_path,600
0,out/models/model_spotify500_model-it_2.prism,"Pmax=? [(F ""positive"") & ((X( loc=1 & ((X( loc=92 & ((X( loc=224 & ((X( loc=269 & ((X( loc=277 & (X( loc=1887 )))))))))))))))))]",6,0.0,0.904,95.905,actual_path,600
0,out/models/model_spotify500_model-it_2.prism,"Pmax=? [(F ""positive"") & ((X( loc=1 & ((X( loc=67 & ((X( loc=199 & ((X( loc=266|loc=270 & ((X( loc=274|loc=278 & ((X( loc=2164 & (X( loc=2221 ))))))))))))))))))))]",7,0.002644765362333227,102.782,95.559,random_path,600
0,out/models/model_spotify500_model-it_2.prism,"Pmax=? [(F ""positive"") & ((X( loc=1 & ((X( loc=16 & ((X( loc=148 & ((X( loc=268|loc=271 & ((X( loc=276|loc=279 & ((X( loc=570 & (X( loc=928 ))))))))))))))))))))]",7,8.606820096119449E-5,103.472,93.112,random_path,600
0,out/models/model_spotify500_model-it_2.prism,"Pmax=? [(F ""positive"") & ((X( loc=1 & ((X( loc=44 & ((X( loc=176 & ((X( loc=268|loc=271 & ((X( loc=276|loc=279 & ((X( loc=496 & (X( loc=854 ))))))))))))))))))))]",7,0.0,1.392,96.911,actual_path,600
0,out/models/model_spotify500_model-it_2.prism,"Pmax=? [(F ""positive"") & ((X( loc=1 & ((X( loc=26 & ((X( loc=158 & ((X( loc=269 & ((X( loc=277 & ((X( loc=482 & ((X( loc=840 & (X( loc=999 )))))))))))))))))))))))]",8,0.0017811531740734732,103.57,95.229,random_path,600
0,out/models/model_spotify500_model-it_2.prism,"Pmax=? [(F ""positive"") & ((X( loc=1 & ((X( loc=75 & ((X( loc=207 & ((X( loc=268|loc=271 & ((X( loc=276|loc=279 & ((X( loc=3212 & ((X( loc=3239 & (X( loc=999 )))))))))))))))))))))))]",8,0.0026464111927083753,102.74,95.107,random_path,600
0,out/models/model_spotify500_model-it_2.prism,"Pmax=? [(F ""positive"") & ((X( loc=1 & ((X( loc=99 & ((X( loc=231 & ((X( loc=268|loc=271 & ((X( loc=276|loc=279 & ((X( loc=550 & ((X( loc=908 & (X( loc=998 )))))))))))))))))))))))]",8,0.0013232055963541876,105.656,96.873,random_path,600
0,out/models/model_spotify500_model-it_2.prism,"Pmax=? [(F ""positive"") & ((X( loc=1 & ((X( loc=71 & ((X( loc=203 & ((X( loc=268|loc=271 & ((X( loc=276|loc=279 & ((X( loc=1519 & ((X( loc=1612 & (X( loc=998 )))))))))))))))))))))))]",8,0.0013232055963541876,103.997,94.809,random_path,600
0,out/models/model_spotify500_model-it_2.prism,"Pmax=? [(F ""positive"") & ((X( loc=1 & ((X( loc=129 & ((X( loc=261 & ((X( loc=267 & ((X( loc=275 & ((X( loc=3791 & ((X( loc=3800 & (X( loc=999 )))))))))))))))))))))))]",8,0.001335864880555105,103.022,93.876,random_path,600
0,out/models/model_spotify500_model-it_2.prism,"Pmax=? [(F ""positive"") & ((X( loc=1 & ((X( loc=34 & ((X( loc=166 & ((X( loc=268|loc=271 & ((X( loc=276|loc=279 & ((X( loc=3992 & ((X( loc=3999 & ((X( loc=999 & (X( loc=1001 ))))))))))))))))))))))))))]",9,0.007939233578125125,104.945,100.149,random_path,600
0,out/models/model_spotify500_model-it_2.prism,"Pmax=? [(F ""positive"") & ((X( loc=1 & ((X( loc=44 & ((X( loc=176 & ((X( loc=268|loc=271 & ((X( loc=276|loc=279 & ((X( loc=486 & ((X( loc=844 & (X( loc=998 )))))))))))))))))))))))]",8,0.0,1.986,94.98,actual_path,600
0,out/models/model_spotify500_model-it_2.prism,"Pmax=? [(F ""positive"") & ((X( loc=1 & ((X( loc=112 & ((X( loc=244 & ((X( loc=266|loc=270 & ((X( loc=274|loc=278 & ((X( loc=2646 & ((X( loc=2688 & ((X( loc=998 & (X( loc=1000 ))))))))))))))))))))))))))]",9,0.0013223826811666136,104.432,92.549,random_path,600
0,out/models/model_spotify500_model-it_2.prism,"Pmax=? [(F ""positive"") & ((X( loc=1 & ((X( loc=80 & ((X( loc=212 & ((X( loc=268|loc=271 & ((X( loc=276|loc=279 & ((X( loc=2853 & ((X( loc=2889 & ((X( loc=998 & (X( loc=1000 ))))))))))))))))))))))))))]",9,0.0,3.139,97.406,actual_path,600
0,out/models/model_spotify500_model-it_2.prism,"Pmax=? [(F ""positive"") & ((X( loc=1 & ((X( loc=53 & ((X( loc=185 & ((X( loc=268|loc=271 & ((X( loc=276|loc=279 & ((X( loc=2474 & ((X( loc=2523 & ((X( loc=999 & (X( loc=1001 ))))))))))))))))))))))))))]",9,0.0013232055963541876,102.731,92.564,random_path,600
0,out/models/model_spotify500_model-it_2.prism,"Pmax=? [(F ""positive"") & (X( loc=1 ))]",1,0.6630895554271146,95.941,92.105,actual_path,600
0,out/models/model_spotify500_model-it_2.prism,"Pmax=? [(F ""positive"") & (X( loc=1 ))]",1,0.6630895554271146,93.543,97.091,actual_path,600
0,out/models/model_spotify500_model-it_2.prism,"Pmax=? [(F ""positive"") & (X( loc=1 ))]",1,0.6630895554271146,97.646,96.227,actual_path,600
0,out/models/model_spotify500_model-it_2.prism,"Pmax=? [(F ""positive"") & ((X( loc=1 & (X( loc=25 )))))]",2,0.013316046086995293,98.748,90.631,actual_path,600
0,out/models/model_spotify500_model-it_2.prism,"Pmax=? [(F ""positive"") & (X( loc=1 ))]",1,0.6630895554271146,97.508,94.332,actual_path,600
0,out/models/model_spotify500_model-it_2.prism,"Pmax=? [(F ""positive"") & (X( loc=1 ))]",1,0.6630895554271146,96.764,97.868,actual_path,600
0,out/models/model_spotify500_model-it_2.prism,"Pmax=? [(F ""positive"") & ((X( loc=1 & ((X( loc=75 & ((X( loc=207 & ((X( loc=268|loc=271 & ((X( loc=276|loc=279 & ((X( loc=2852 & ((X( loc=2888 & ((X( loc=998 & (X( loc=1000 ))))))))))))))))))))))))))]",9,0.0026464111927083753,107.419,95.734,random_path,600
0,out/models/model_spotify500_model-it_2.prism,"Pmax=? [(F ""positive"") & ((X( loc=1 & (X( loc=79 )))))]",2,0.011909895382310687,99.263,93.343,actual_path,600
0,out/models/model_spotify500_model-it_2.prism,"Pmax=? [(F ""positive"") & ((X( loc=1 & ((X( loc=70 & (X( loc=202 ))))))))]",3,0.001335864880555105,100.794,90.469,actual_path,600
0,out/models/model_spotify500_model-it_2.prism,"Pmax=? [(F ""positive"") & ((X( loc=1 & ((X( loc=66 & ((X( loc=198 & ((X( loc=266|loc=270 & ((X( loc=274|loc=278 & ((X( loc=2798 & ((X( loc=2817 & ((X( loc=999 & (X( loc=1001 ))))))))))))))))))))))))))]",9,0.0013223826811666138,104.625,97.936,random_path,600
0,out/models/model_spotify500_model-it_2.prism,"Pmax=? [(F ""positive"") & ((X( loc=1 & (X( loc=39 )))))]",2,0.03309605427200411,102.907,94.517,actual_path,600
0,out/models/model_spotify500_model-it_2.prism,"Pmax=? [(F ""positive"") & ((X( loc=1 & (X( loc=79 )))))]",2,0.011909895382310687,103.71,93.792,actual_path,600
0,out/models/model_spotify500_model-it_2.prism,"Pmax=? [(F ""positive"") & ((X( loc=1 & ((X( loc=49 & (X( loc=181 ))))))))]",3,0.006623239484831277,103.267,94.555,actual_path,600
0,out/models/model_spotify500_model-it_2.prism,"Pmax=? [(F ""positive"") & ((X( loc=1 & (X( loc=60 )))))]",2,0.017236086579565876,103.257,96.704,actual_path,600
0,out/models/model_spotify500_model-it_2.prism,"Pmax=? [(F ""positive"") & ((X( loc=1 & ((X( loc=97 & (X( loc=229 ))))))))]",3,0.005291176555041602,100.752,97.138,actual_path,600
0,out/models/model_spotify500_model-it_2.prism,"Pmax=? [(F ""positive"") & ((X( loc=1 & ((X( loc=61 & ((X( loc=193 & (X( loc=268|loc=271 )))))))))))]",4,0.0013232055963541874,97.26,95.8,actual_path,600
0,out/models/model_spotify500_model-it_2.prism,"Pmax=? [(F ""positive"") & ((X( loc=1 & ((X( loc=44 & (X( loc=176 ))))))))]",3,0.04647808470873958,102.837,96.109,actual_path,600
0,out/models/model_spotify500_model-it_2.prism,"Pmax=? [(F ""positive"") & ((X( loc=1 & ((X( loc=111 & (X( loc=243 ))))))))]",3,0.0013232055963541876,101.687,98.385,actual_path,600
0,out/models/model_spotify500_model-it_2.prism,"Pmax=? [(F ""positive"") & ((X( loc=1 & ((X( loc=59 & ((X( loc=191 & (X( loc=269 )))))))))))]",4,0.004007594641665315,99.837,93.548,actual_path,600
0,out/models/model_spotify500_model-it_2.prism,"Pmax=? [(F ""positive"") & ((X( loc=1 & ((X( loc=68 & ((X( loc=200 & ((X( loc=268|loc=271 & (X( loc=276|loc=279 ))))))))))))))]",5,0.0026464111927083753,98.192,94.238,actual_path,600
0,out/models/model_spotify500_model-it_2.prism,"Pmax=? [(F ""positive"") & ((X( loc=1 & ((X( loc=43 & ((X( loc=175 & (X( loc=266|loc=270 )))))))))))]",4,0.002644765362333227,100.352,98.529,actual_path,600
0,out/models/model_spotify500_model-it_2.prism,"Pmax=? [(F ""positive"") & ((X( loc=1 & ((X( loc=21 & ((X( loc=153 & ((X( loc=268|loc=271 & ((X( loc=276|loc=279 & (X( loc=363 )))))))))))))))))]",6,7.684473290055663E-5,98.051,95.738,actual_path,600
0,out/models/model_spotify500_model-it_2.prism,"Pmax=? [(F ""positive"") & ((X( loc=1 & ((X( loc=60 & ((X( loc=192 & (X( loc=268|loc=271 )))))))))))]",4,0.006608319871849264,99.772,99.491,actual_path,600
0,out/models/model_spotify500_model-it_2.prism,"Pmax=? [(F ""positive"") & ((X( loc=1 & ((X( loc=39 & ((X( loc=171 & ((X( loc=268|loc=271 & (X( loc=276|loc=279 ))))))))))))))]",5,0.022468287564287502,102.981,95.705,actual_path,600
0,out/models/model_spotify500_model-it_2.prism,"Pmax=? [(F ""positive"") & ((X( loc=1 & ((X( loc=44 & ((X( loc=176 & ((X( loc=267 & (X( loc=275 ))))))))))))))]",5,0.017366243447216368,102.343,98.663,actual_path,600
0,out/models/model_spotify500_model-it_2.prism,"Pmax=? [(F ""positive"") & ((X( loc=1 & ((X( loc=20 & ((X( loc=152 & ((X( loc=268|loc=271 & ((X( loc=276|loc=279 & (X( loc=328 )))))))))))))))))]",6,5.758825290539239E-5,100.615,96.044,actual_path,600
0,out/models/model_spotify500_model-it_2.prism,"Pmax=? [(F ""positive"") & ((X( loc=1 & ((X( loc=43 & ((X( loc=175 & ((X( loc=268|loc=271 & (X( loc=276|loc=279 ))))))))))))))]",5,0.0066083198718492634,103.829,97.273,actual_path,600
0,out/models/model_spotify500_model-it_2.prism,"Pmax=? [(F ""positive"") & ((X( loc=1 & ((X( loc=34 & ((X( loc=166 & ((X( loc=268|loc=271 & ((X( loc=276|loc=279 & ((X( loc=397 & (X( loc=755 ))))))))))))))))))))]",7,0.007939233578125125,99.788,94.465,actual_path,600
0,out/models/model_spotify500_model-it_2.prism,"Pmax=? [(F ""positive"") & ((X( loc=1 & ((X( loc=44 & ((X( loc=176 & ((X( loc=267 & ((X( loc=275 & ((X( loc=337 & (X( loc=695 ))))))))))))))))))))]",7,0.01717340278389348,103.149,97.062,actual_path,600
0,out/models/model_spotify500_model-it_2.prism,"Pmax=? [(F ""positive"") & ((X( loc=1 & ((X( loc=21 & ((X( loc=153 & ((X( loc=269 & ((X( loc=277 & (X( loc=1074 )))))))))))))))))]",6,0.0026494052148593626,104.216,98.931,actual_path,600
0,out/models/model_spotify500_model-it_2.prism,"Pmax=? [(F ""positive"") & ((X( loc=1 & ((X( loc=44 & ((X( loc=176 & ((X( loc=269 & ((X( loc=277 & ((X( loc=1086 & (X( loc=1249 ))))))))))))))))))))]",7,0.0026563464603323156,101.025,96.097,actual_path,600
0,out/models/model_spotify500_model-it_2.prism,"Pmax=? [(F ""positive"") & ((X( loc=1 & ((X( loc=12 & ((X( loc=144 & ((X( loc=268|loc=271 & ((X( loc=276|loc=279 & ((X( loc=1017 & ((X( loc=1180 & (X( loc=998 )))))))))))))))))))))))]",8,0.0013232055963541876,100.588,94.795,actual_path,600
0,out/models/model_spotify500_model-it_3.prism, Pmax=? [F loc=58] ,0,0.004,0.59,129.867,reach_state,600
0,out/models/model_spotify500_model-it_3.prism, Pmax=? [F loc=257] ,0,0.002,0.622,125.149,reach_state,600
0,out/models/model_spotify500_model-it_2.prism,"Pmax=? [(F ""positive"") & ((X( loc=1 & ((X( loc=21 & ((X( loc=153 & ((X( loc=267 & ((X( loc=275 & ((X( loc=365 & ((X( loc=723 & (X( loc=998 )))))))))))))))))))))))]",8,0.003097219852176854,103.966,98.785,actual_path,600
0,out/models/model_spotify500_model-it_2.prism,"Pmax=? [(F ""positive"") & ((X( loc=1 & ((X( loc=59 & ((X( loc=191 & ((X( loc=268|loc=271 & ((X( loc=276|loc=279 & ((X( loc=416 & ((X( loc=774 & ((X( loc=998 & (X( loc=1000 ))))))))))))))))))))))))))]",9,4.948748976157995E-5,104.156,97.896,actual_path,600
0,out/models/model_spotify500_model-it_3.prism, Pmax=? [F loc=1804] ,0,0.8953681206532095,35.696,127.528,reach_state,600
0,out/models/model_spotify500_model-it_3.prism, Pmax=? [F loc=482] ,0,0.8953681206532095,33.191,127.766,reach_state,600
0,out/models/model_spotify500_model-it_2.prism,"Pmax=? [(F ""positive"") & ((X( loc=1 & ((X( loc=39 & ((X( loc=171 & ((X( loc=268|loc=271 & ((X( loc=276|loc=279 & ((X( loc=345 & ((X( loc=703 & ((X( loc=999 & (X( loc=1001 ))))))))))))))))))))))))))]",9,1.8988045961067546E-4,101.547,96.471,actual_path,600
0,out/models/model_spotify500_model-it_3.prism, Pmax=? [F loc=581] ,0,0.823595864845795,100.863,124.165,reach_state,600
0,out/models/model_spotify500_model-it_3.prism, Pmax=? [F loc=1875] ,0,0.823595864845795,100.696,123.313,reach_state,600
0,out/models/model_spotify500_model-it_3.prism, Pmax=? [F loc=2706] ,0,0.7336940492322902,94.129,124.979,reach_state,600
0,out/models/model_spotify500_model-it_3.prism, Pmax=? [F loc=580] ,0,0.823595864845795,102.101,128.926,reach_state,600
0,out/models/model_spotify500_model-it_3.prism, Pmax=? [F loc=1885] ,0,0.00454003772141371,142.305,130.039,reach_state,600
0,out/models/model_spotify500_model-it_3.prism, Pmax=? [F loc=552] ,0,0.013084791384543597,145.174,129.309,reach_state,600
0,out/models/model_spotify500_model-it_3.prism,"Pmax=? [(F ""positive"") & (!(""positive"") U loc=1949)]",0,0.001424272534051821,162.734,122.437,avoid_state,600
0,out/models/model_spotify500_model-it_3.prism,"Pmax=? [(F ""positive"") & (!(""positive"") U loc=2281)]",0,0.0015397121969052195,159.609,124.248,avoid_state,600
0,out/models/model_spotify500_model-it_3.prism,"Pmax=? [(F ""positive"") & (!(""positive"") U loc=3976)]",0,0.5573453139703392,153.625,126.757,avoid_state,600
0,out/models/model_spotify500_model-it_3.prism,"Pmax=? [(F ""positive"") & (!(""positive"") U loc=3872)]",0,0.5573453139703392,151.248,124.732,avoid_state,600
0,out/models/model_spotify500_model-it_3.prism,"Pmax=? [(F ""positive"") & (!(""positive"") U loc=1990)]",0,0.6167036313993166,148.815,123.186,avoid_state,600
0,out/models/model_spotify500_model-it_3.prism,"Pmax=? [(F ""positive"") & (X( loc=1 ))]",1,0.6847405153718044,137.446,129.617,random_path,600
0,out/models/model_spotify500_model-it_3.prism,"Pmax=? [(F ""positive"") & (X( loc=1 ))]",1,0.6847405153718044,140.466,126.642,random_path,600
0,out/models/model_spotify500_model-it_3.prism,"Pmax=? [(F ""positive"") & (!(""positive"") U loc=1083)]",0,0.560575092816314,152.388,127.134,avoid_state,600
0,out/models/model_spotify500_model-it_3.prism,"Pmax=? [(F ""positive"") & (!(""positive"") U loc=1755)]",0,0.0015663331844410528,161.54,127.967,avoid_state,600
0,out/models/model_spotify500_model-it_3.prism,"Pmax=? [(F ""positive"") & (X( loc=1 ))]",1,0.6847405153718044,145.888,126.374,random_path,600
0,out/models/model_spotify500_model-it_3.prism,"Pmax=? [(F ""positive"") & (X( loc=1 ))]",1,0.6847405153718044,148.924,126.559,random_path,600
0,out/models/model_spotify500_model-it_3.prism,"Pmax=? [(F ""positive"") & (X( loc=1 ))]",1,0.6847405153718044,148.058,126.846,random_path,600
0,out/models/model_spotify500_model-it_3.prism,"Pmax=? [(F ""positive"") & (!(""positive"") U loc=3874)]",0,0.0014489813944661217,153.474,126.287,avoid_state,600
0,out/models/model_spotify500_model-it_3.prism,"Pmax=? [(F ""positive"") & ((X( loc=1 & (X( loc=30 )))))]",2,0.0013663356073031795,150.088,126.158,random_path,600
0,out/models/model_spotify500_model-it_3.prism,"Pmax=? [(F ""positive"") & ((X( loc=1 & (X( loc=3 )))))]",2,0.0013653616208763656,150.927,124.817,random_path,600
0,out/models/model_spotify500_model-it_3.prism,"Pmax=? [(F ""positive"") & (!(""positive"") U loc=3334)]",0,0.007531651092065848,161.395,125.983,avoid_state,600
0,out/models/model_spotify500_model-it_3.prism,"Pmax=? [(F ""positive"") & (!(""positive"") U loc=1559)]",0,0.5638048716622914,156.554,133.643,avoid_state,600
0,out/models/model_spotify500_model-it_3.prism,"Pmax=? [(F ""positive"") & ((X( loc=1 & (X( loc=4 )))))]",2,0.0013663356073031795,161.738,123.753,random_path,600
0,out/models/model_spotify500_model-it_3.prism,"Pmax=? [(F ""positive"") & ((X( loc=1 & (X( loc=8 )))))]",2,0.005462420469932276,151.919,133.045,random_path,600
0,out/models/model_spotify500_model-it_3.prism,"Pmax=? [(F ""positive"") & ((X( loc=1 & ((X( loc=107 & (X( loc=237 ))))))))]",3,0.0013653616208763656,150.959,125.174,random_path,600
0,out/models/model_spotify500_model-it_3.prism,"Pmax=? [(F ""positive"") & ((X( loc=1 & ((X( loc=91 & (X( loc=221 ))))))))]",3,0.0027539171279414034,152.139,122.523,random_path,600
0,out/models/model_spotify500_model-it_3.prism,"Pmax=? [(F ""positive"") & ((X( loc=1 & (X( loc=119 )))))]",2,0.002731697228179545,157.161,128.195,random_path,600
0,out/models/model_spotify500_model-it_3.prism,"Pmax=? [(F ""positive"") & ((X( loc=1 & ((X( loc=87 & (X( loc=217 ))))))))]",3,0.004120252735244583,158.833,128.273,random_path,600
0,out/models/model_spotify500_model-it_3.prism,"Pmax=? [(F ""positive"") & ((X( loc=1 & ((X( loc=113 & ((X( loc=243 & (X( loc=263|loc=266 )))))))))))]",4,0.0013653616208763656,152.151,128.064,random_path,600
0,out/models/model_spotify500_model-it_3.prism,"Pmax=? [(F ""positive"") & ((X( loc=1 & ((X( loc=103 & (X( loc=233 ))))))))]",3,0.0013653616208763656,161.106,130.819,random_path,600
0,out/models/model_spotify500_model-it_3.prism,"Pmax=? [(F ""positive"") & ((X( loc=1 & ((X( loc=98 & ((X( loc=228 & (X( loc=264 )))))))))))]",4,0.0027539171279414034,158.652,125.643,random_path,600
0,out/models/model_spotify500_model-it_3.prism,"Pmax=? [(F ""positive"") & ((X( loc=1 & ((X( loc=63 & ((X( loc=193 & ((X( loc=262|loc=268 & (X( loc=270|loc=276 ))))))))))))))]",5,0.005460376935510439,151.386,128.114,random_path,600
0,out/models/model_spotify500_model-it_3.prism,"Pmax=? [(F ""positive"") & ((X( loc=1 & ((X( loc=60 & ((X( loc=190 & ((X( loc=263|loc=266 & (X( loc=271|loc=274 ))))))))))))))]",5,0.004094263245804102,156.578,125.607,random_path,600
0,out/models/model_spotify500_model-it_3.prism,"Pmax=? [(F ""positive"") & ((X( loc=1 & ((X( loc=36 & ((X( loc=166 & (X( loc=267 )))))))))))]",4,0.0013769585639707015,158.353,130.388,random_path,600
0,out/models/model_spotify500_model-it_3.prism,"Pmax=? [(F ""positive"") & ((X( loc=1 & ((X( loc=3 & (X( loc=133 ))))))))]",3,0.0013653616208763656,159.919,131.448,random_path,600
0,out/models/model_spotify500_model-it_3.prism,"Pmax=? [(F ""positive"") & ((X( loc=1 & ((X( loc=4 & ((X( loc=134 & (X( loc=262|loc=268 )))))))))))]",4,0.0013663356073031795,158.56,128.45,random_path,600
0,out/models/model_spotify500_model-it_3.prism,"Pmax=? [(F ""positive"") & ((X( loc=1 & ((X( loc=24 & ((X( loc=154 & (X( loc=267 )))))))))))]",4,0.004130875691912105,163.634,127.462,random_path,600
0,out/models/model_spotify500_model-it_3.prism,"['start', 'companystart', 'startprofile_3_7_6', 'companystartprofile_3_7_6', 'select_context_radio', 'customerselect_context_radio', 'song_10_major_7_5_5']",0,-1,0.0,0.0,actual_path,600
0,out/models/model_spotify500_model-it_3.prism,"Pmax=? [(F ""positive"") & ((X( loc=1 & ((X( loc=33 & ((X( loc=163 & ((X( loc=267 & ((X( loc=275 & (X( loc=3060 )))))))))))))))))]",6,0.0027539171279414034,149.711,128.575,random_path,600
0,out/models/model_spotify500_model-it_3.prism,"Pmax=? [(F ""positive"") & ((X( loc=1 & ((X( loc=113 & ((X( loc=243 & ((X( loc=263|loc=266 & (X( loc=271|loc=274 ))))))))))))))]",5,0.0013653616208763656,156.708,130.865,random_path,600
0,out/models/model_spotify500_model-it_3.prism,"['start', 'companystart', 'startprofile_1_7_6', 'companystartprofile_1_7_6', 'select_context_user_collection', 'companyselect_context_user_collection', 'played_10_major_5_6_8']",0,-1,0.0,0.0,actual_path,600
0,out/models/model_spotify500_model-it_3.prism,"['start', 'companystart', 'startprofile_0_4_5', 'companystartprofile_0_4_5', 'select_context_catalog', 'companyselect_context_catalog', 'played_10_major_0_4_5', 'companyplayed_10_major_0_4_5']",0,-1,0.0,0.0,actual_path,600
0,out/models/model_spotify500_model-it_3.prism,"Pmax=? [(F ""positive"") & ((X( loc=1 & ((X( loc=81 & ((X( loc=211 & ((X( loc=263|loc=266 & ((X( loc=271|loc=274 & (X( loc=315 )))))))))))))))))]",6,2.7319996352454787E-4,159.204,130.169,random_path,600
0,out/models/model_spotify500_model-it_3.prism,"Pmax=? [(F ""positive"") & ((X( loc=1 & ((X( loc=72 & ((X( loc=202 & ((X( loc=267 & (X( loc=275 ))))))))))))))]",5,0.0013769585639707017,163.014,133.339,random_path,600
0,out/models/model_spotify500_model-it_3.prism,"Pmax=? [(F ""positive"") & ((X( loc=1 & ((X( loc=72 & ((X( loc=202 & ((X( loc=267 & (X( loc=275 ))))))))))))))]",5,0.0013769585639707017,161.774,131.6,random_path,600
0,out/models/model_spotify500_model-it_3.prism,"['start', 'companystart', 'startprofile_4_7_5', 'companystartprofile_4_7_5', 'select_context_radio', 'customerselect_context_radio', 'song_10_major_5_7_3', 'companysong_10_major_5_7_3']",0,-1,0.0,0.0,actual_path,600
0,out/models/model_spotify500_model-it_3.prism,"Pmax=? [(F ""positive"") & ((X( loc=1 & ((X( loc=36 & ((X( loc=166 & ((X( loc=262|loc=268 & ((X( loc=270|loc=276 & (X( loc=3330 )))))))))))))))))]",6,0.002732671214606359,149.571,130.745,random_path,600
0,out/models/model_spotify500_model-it_3.prism,"['start', 'companystart', 'startprofile_0_4_5', 'companystartprofile_0_4_5', 'select_context_catalog', 'companyselect_context_catalog', 'played_10_major_0_4_5', 'companyplayed_10_major_0_4_5', 'skipped']",0,-1,0.0,0.0,actual_path,600
0,out/models/model_spotify500_model-it_3.prism,"Pmax=? [(F ""positive"") & ((X( loc=1 & ((X( loc=26 & ((X( loc=156 & ((X( loc=263|loc=266 & ((X( loc=271|loc=274 & (X( loc=4163 )))))))))))))))))]",6,0.0013653616208763656,151.572,123.942,random_path,600
0,out/models/model_spotify500_model-it_3.prism,"Pmax=? [(F ""positive"") & ((X( loc=1 & ((X( loc=103 & ((X( loc=233 & ((X( loc=263|loc=266 & ((X( loc=271|loc=274 & (X( loc=3792 )))))))))))))))))]",6,0.0013653616208763656,158.315,128.55,random_path,600
0,out/models/model_spotify500_model-it_3.prism,"Pmax=? [(F ""positive"") & ((X( loc=1 & ((X( loc=116 & ((X( loc=246 & ((X( loc=263|loc=266 & ((X( loc=271|loc=274 & ((X( loc=4043 & (X( loc=4054 ))))))))))))))))))))]",7,0.002730723241752731,146.605,131.075,random_path,600
0,out/models/model_spotify500_model-it_3.prism,"Pmax=? [(F ""positive"") & ((X( loc=1 & ((X( loc=24 & ((X( loc=154 & ((X( loc=263|loc=266 & ((X( loc=271|loc=274 & ((X( loc=2869 & (X( loc=2896 ))))))))))))))))))))]",7,0.002730723241752731,145.369,138.006,random_path,600
0,out/models/model_spotify500_model-it_3.prism,"Pmax=? [(F ""positive"") & ((X( loc=1 & ((X( loc=76 & ((X( loc=206 & ((X( loc=267 & ((X( loc=275 & ((X( loc=2283 & (X( loc=2324 ))))))))))))))))))))]",7,0.002753917127941403,146.707,131.978,random_path,600
0,out/models/model_spotify500_model-it_3.prism,"Pmax=? [(F ""positive"") & ((X( loc=1 & ((X( loc=30 & ((X( loc=160 & ((X( loc=262|loc=268 & ((X( loc=270|loc=276 & ((X( loc=4120 & (X( loc=4134 ))))))))))))))))))))]",7,0.0013663356073031795,148.954,135.097,random_path,600
0,out/models/model_spotify500_model-it_3.prism,"Pmax=? [(F ""positive"") & ((X( loc=1 & ((X( loc=122 & ((X( loc=252 & (X( loc=262|loc=268 )))))))))))]",4,0.0,1.052,126.642,actual_path,600
0,out/models/model_spotify500_model-it_3.prism,"Pmax=? [(F ""positive"") & ((X( loc=1 & ((X( loc=2 & ((X( loc=132 & (X( loc=264 )))))))))))]",4,0.0,1.08,130.237,actual_path,600
0,out/models/model_spotify500_model-it_3.prism,"Pmax=? [(F ""positive"") & ((X( loc=1 & ((X( loc=21 & ((X( loc=151 & ((X( loc=264 & ((X( loc=272 & ((X( loc=430 & ((X( loc=773 & (X( loc=964 )))))))))))))))))))))))]",8,9.022854312706719E-4,146.418,124.583,random_path,600
0,out/models/model_spotify500_model-it_3.prism,"Pmax=? [(F ""positive"") & ((X( loc=1 & ((X( loc=55 & ((X( loc=185 & ((X( loc=262|loc=268 & ((X( loc=270|loc=276 & (X( loc=525 )))))))))))))))))]",6,0.0,1.369,128.099,actual_path,600
0,out/models/model_spotify500_model-it_3.prism,"Pmax=? [(F ""positive"") & ((X( loc=1 & ((X( loc=64 & ((X( loc=194 & ((X( loc=262|loc=268 & ((X( loc=270|loc=276 & ((X( loc=521 & ((X( loc=864 & (X( loc=965 )))))))))))))))))))))))]",8,4.988980304241671E-5,153.92,130.214,random_path,600
0,out/models/model_spotify500_model-it_3.prism,"Pmax=? [(F ""positive"") & ((X( loc=1 & ((X( loc=114 & ((X( loc=244 & ((X( loc=262|loc=268 & ((X( loc=270|loc=276 & ((X( loc=1714 & (X( loc=1723 ))))))))))))))))))))]",7,0.002732671214606359,155.502,136.354,random_path,600
0,out/models/model_spotify500_model-it_3.prism,"Pmax=? [(F ""positive"") & ((X( loc=1 & ((X( loc=7 & ((X( loc=137 & ((X( loc=264 & ((X( loc=272 & ((X( loc=1713 & (X( loc=1722 ))))))))))))))))))))]",7,0.0,1.263,129.2,actual_path,600
0,out/models/model_spotify500_model-it_3.prism,"Pmax=? [(F ""positive"") & ((X( loc=1 & ((X( loc=127 & ((X( loc=257 & ((X( loc=263|loc=266 & ((X( loc=271|loc=274 & ((X( loc=3654 & ((X( loc=3672 & (X( loc=964 )))))))))))))))))))))))]",8,0.0013653616208763656,156.284,123.366,random_path,600
0,out/models/model_spotify500_model-it_3.prism,"Pmax=? [(F ""positive"") & ((X( loc=1 & ((X( loc=113 & ((X( loc=243 & ((X( loc=267 & ((X( loc=275 & ((X( loc=431 & ((X( loc=774 & (X( loc=965 )))))))))))))))))))))))]",8,4.3029955124084424E-4,159.346,125.857,random_path,600
0,out/models/model_spotify500_model-it_3.prism,"Pmax=? [(F ""positive"") & ((X( loc=1 & ((X( loc=42 & ((X( loc=172 & ((X( loc=263|loc=266 & ((X( loc=271|loc=274 & ((X( loc=1893 & ((X( loc=1943 & (X( loc=964 )))))))))))))))))))))))]",8,0.0,2.899,127.436,actual_path,600
0,out/models/model_spotify500_model-it_3.prism,"Pmax=? [(F ""positive"") & ((X( loc=1 & ((X( loc=43 & ((X( loc=173 & ((X( loc=263|loc=266 & ((X( loc=271|loc=274 & ((X( loc=1348 & ((X( loc=1398 & (X( loc=964 )))))))))))))))))))))))]",8,0.0027307232417527303,157.952,128.989,random_path,600
0,out/models/model_spotify500_model-it_3.prism,"Pmax=? [(F ""positive"") & ((X( loc=1 & ((X( loc=85 & ((X( loc=215 & ((X( loc=264 & ((X( loc=272 & ((X( loc=3666 & ((X( loc=3684 & ((X( loc=965 & (X( loc=967 ))))))))))))))))))))))))))]",9,0.0,2.077,129.632,actual_path,600
0,out/models/model_spotify500_model-it_3.prism,"Pmax=? [(F ""positive"") & ((X( loc=1 & ((X( loc=42 & ((X( loc=172 & ((X( loc=263|loc=266 & ((X( loc=271|loc=274 & ((X( loc=392 & ((X( loc=735 & ((X( loc=964 & (X( loc=966 ))))))))))))))))))))))))))]",9,0.0,3.73,128.808,actual_path,600
0,out/models/model_spotify500_model-it_3.prism,"Pmax=? [(F ""positive"") & ((X( loc=1 & ((X( loc=44 & ((X( loc=174 & ((X( loc=262|loc=268 & ((X( loc=270|loc=276 & ((X( loc=4093 & ((X( loc=4106 & ((X( loc=964 & (X( loc=966 ))))))))))))))))))))))))))]",9,0.0013663356073031795,152.084,122.723,random_path,600
0,out/models/model_spotify500_model-it_3.prism,"Pmax=? [(F ""positive"") & (X( loc=1 ))]",1,0.6847405153718044,142.206,125.37,actual_path,600
0,out/models/model_spotify500_model-it_3.prism,"Pmax=? [(F ""positive"") & (X( loc=1 ))]",1,0.6847405153718044,140.758,125.261,actual_path,600
0,out/models/model_spotify500_model-it_3.prism,"Pmax=? [(F ""positive"") & ((X( loc=1 & ((X( loc=47 & ((X( loc=177 & ((X( loc=267 & ((X( loc=275 & ((X( loc=4151 & ((X( loc=4156 & ((X( loc=965 & (X( loc=967 ))))))))))))))))))))))))))]",9,0.0013769585639707017,156.083,131.351,random_path,600
0,out/models/model_spotify500_model-it_3.prism,"Pmax=? [(F ""positive"") & (X( loc=1 ))]",1,0.6847405153718044,141.397,128.414,actual_path,600
0,out/models/model_spotify500_model-it_3.prism,"Pmax=? [(F ""positive"") & (X( loc=1 ))]",1,0.6847405153718044,145.812,127.651,actual_path,600
0,out/models/model_spotify500_model-it_3.prism,"Pmax=? [(F ""positive"") & ((X( loc=1 & ((X( loc=82 & ((X( loc=212 & ((X( loc=264 & ((X( loc=272 & ((X( loc=2150 & ((X( loc=2201 & ((X( loc=964 & (X( loc=966 ))))))))))))))))))))))))))]",9,0.0013534281469060078,162.008,128.861,random_path,600
0,out/models/model_spotify500_model-it_3.prism,"Pmax=? [(F ""positive"") & ((X( loc=1 & ((X( loc=60 & ((X( loc=190 & ((X( loc=263|loc=266 & ((X( loc=271|loc=274 & ((X( loc=292 & ((X( loc=635 & ((X( loc=965 & (X( loc=967 ))))))))))))))))))))))))))]",9,9.638709947794912E-5,152.86,128.222,random_path,600
0,out/models/model_spotify500_model-it_3.prism,"Pmax=? [(F ""positive"") & (X( loc=1 ))]",1,0.6847405153718044,146.099,127.926,actual_path,600
0,out/models/model_spotify500_model-it_3.prism,"Pmax=? [(F ""positive"") & ((X( loc=1 & ((X( loc=24 & ((X( loc=154 & ((X( loc=264 & ((X( loc=272 & ((X( loc=2424 & ((X( loc=2446 & ((X( loc=964 & (X( loc=966 ))))))))))))))))))))))))))]",9,0.0027068562938120156,159.851,126.022,random_path,600
0,out/models/model_spotify500_model-it_3.prism,"Pmax=? [(F ""positive"") & ((X( loc=1 & (X( loc=43 )))))]",2,0.024679009954632316,154.084,127.205,actual_path,600
0,out/models/model_spotify500_model-it_3.prism,"Pmax=? [(F ""positive"") & ((X( loc=1 & (X( loc=82 )))))]",2,0.016415708434947492,155.654,125.677,actual_path,600
0,out/models/model_spotify500_model-it_3.prism,"Pmax=? [(F ""positive"") & ((X( loc=1 & (X( loc=98 )))))]",2,0.006851949963424128,160.045,125.939,actual_path,600
0,out/models/model_spotify500_model-it_3.prism,"Pmax=? [(F ""positive"") & ((X( loc=1 & (X( loc=39 )))))]",2,0.013698399659148467,152.733,128.16,actual_path,600
0,out/models/model_spotify500_model-it_3.prism,"Pmax=? [(F ""positive"") & ((X( loc=1 & ((X( loc=37 & (X( loc=167 ))))))))]",3,0.005484640369694134,158.238,122.993,actual_path,600
0,out/models/model_spotify500_model-it_3.prism,"Pmax=? [(F ""positive"") & ((X( loc=1 & (X( loc=90 )))))]",2,0.009591252627422543,159.484,126.873,actual_path,600
0,out/models/model_spotify500_model-it_3.prism,"Pmax=? [(F ""positive"") & ((X( loc=1 & ((X( loc=11 & (X( loc=141 ))))))))]",3,0.012320425733314662,152.525,124.473,actual_path,600
0,out/models/model_spotify500_model-it_3.prism,"Pmax=? [(F ""positive"") & ((X( loc=1 & ((X( loc=86 & (X( loc=216 ))))))))]",3,0.016428588126903683,159.649,128.156,actual_path,600
0,out/models/model_spotify500_model-it_3.prism,"Pmax=? [(F ""positive"") & ((X( loc=1 & ((X( loc=105 & (X( loc=235 ))))))))]",3,0.006849199829574233,153.752,129.76,actual_path,600
0,out/models/model_spotify500_model-it_3.prism,"Pmax=? [(F ""positive"") & ((X( loc=1 & ((X( loc=124 & (X( loc=254 ))))))))]",3,0.0013653616208763656,157.575,129.204,actual_path,600
0,out/models/model_spotify500_model-it_3.prism,"Pmax=? [(F ""positive"") & ((X( loc=1 & ((X( loc=21 & ((X( loc=151 & (X( loc=264 )))))))))))]",4,0.0013769585639707017,153.799,129.036,actual_path,600
0,out/models/model_spotify500_model-it_3.prism,"Pmax=? [(F ""positive"") & ((X( loc=1 & ((X( loc=11 & ((X( loc=141 & (X( loc=262|loc=268 )))))))))))]",4,0.004095282701632829,152.14,123.87,actual_path,600
0,out/models/model_spotify500_model-it_3.prism,"Pmax=? [(F ""positive"") & ((X( loc=1 & ((X( loc=60 & ((X( loc=190 & ((X( loc=262|loc=268 & (X( loc=270|loc=276 ))))))))))))))]",5,0.013650942338776098,156.604,125.581,actual_path,600
0,out/models/model_spotify500_model-it_3.prism,"Pmax=? [(F ""positive"") & ((X( loc=1 & ((X( loc=25 & ((X( loc=155 & ((X( loc=267 & (X( loc=275 ))))))))))))))]",5,0.00963870994779491,159.646,127.472,actual_path,600
0,out/models/model_spotify500_model-it_3.prism,"Pmax=? [(F ""positive"") & ((X( loc=1 & ((X( loc=38 & ((X( loc=168 & ((X( loc=264 & (X( loc=272 ))))))))))))))]",5,0.005507834255882807,157.933,128.91,actual_path,600
0,out/models/model_spotify500_model-it_3.prism,"Pmax=? [(F ""positive"") & ((X( loc=1 & ((X( loc=12 & ((X( loc=142 & ((X( loc=267 & (X( loc=275 ))))))))))))))]",5,0.0013769585639707017,159.366,127.769,actual_path,600
0,out/models/model_spotify500_model-it_3.prism,"Pmax=? [(F ""positive"") & ((X( loc=1 & ((X( loc=85 & ((X( loc=215 & ((X( loc=262|loc=268 & ((X( loc=270|loc=276 & (X( loc=313 )))))))))))))))))]",6,0.002732671214606359,158.081,125.53,actual_path,600
0,out/models/model_spotify500_model-it_3.prism,"Pmax=? [(F ""positive"") & ((X( loc=1 & ((X( loc=43 & ((X( loc=173 & ((X( loc=267 & (X( loc=275 ))))))))))))))]",5,0.006884792819853508,158.406,129.695,actual_path,600
0,out/models/model_spotify500_model-it_3.prism,"Pmax=? [(F ""positive"") & ((X( loc=1 & ((X( loc=11 & ((X( loc=141 & ((X( loc=262|loc=268 & ((X( loc=270|loc=276 & ((X( loc=390 & (X( loc=733 ))))))))))))))))))))]",7,5.928708098521822E-5,148.952,128.582,actual_path,600
0,out/models/model_spotify500_model-it_3.prism,"Pmax=? [(F ""positive"") & ((X( loc=1 & ((X( loc=42 & ((X( loc=172 & (X( loc=262|loc=268 )))))))))))]",4,0.012285848104898488,165.823,127.549,actual_path,600
0,out/models/model_spotify500_model-it_3.prism,"Pmax=? [(F ""positive"") & ((X( loc=1 & ((X( loc=86 & ((X( loc=216 & ((X( loc=262|loc=268 & ((X( loc=270|loc=276 & (X( loc=366 )))))))))))))))))]",6,3.1665473127609944E-4,158.09,132.25,actual_path,600
0,out/models/model_spotify500_model-it_3.prism,"Pmax=? [(F ""positive"") & ((X( loc=1 & ((X( loc=24 & ((X( loc=154 & ((X( loc=262|loc=268 & ((X( loc=270|loc=276 & ((X( loc=413 & (X( loc=756 ))))))))))))))))))))]",7,0.0013663356073031795,149.701,129.352,actual_path,600
0,out/models/model_spotify500_model-it_3.prism,"Pmax=? [(F ""positive"") & ((X( loc=1 & ((X( loc=49 & ((X( loc=179 & ((X( loc=263|loc=266 & ((X( loc=271|loc=274 & ((X( loc=1901 & ((X( loc=1951 & (X( loc=964 )))))))))))))))))))))))]",8,0.0027307232417527303,156.263,130.589,actual_path,600
0,out/models/model_spotify500_model-it_3.prism,"Pmax=? [(F ""positive"") & ((X( loc=1 & ((X( loc=20 & ((X( loc=150 & ((X( loc=262|loc=268 & ((X( loc=270|loc=276 & ((X( loc=322 & ((X( loc=665 & (X( loc=964 )))))))))))))))))))))))]",8,0.002732671214606359,152.594,133.072,actual_path,600
0,out/models/model_spotify500_model-it_3.prism,"Pmax=? [(F ""positive"") & ((X( loc=1 & ((X( loc=85 & ((X( loc=215 & ((X( loc=264 & ((X( loc=272 & ((X( loc=550 & ((X( loc=893 & (X( loc=964 )))))))))))))))))))))))]",8,0.0010827425175248065,154.825,126.196,actual_path,600
0,out/models/model_spotify500_model-it_4.prism, Pmax=? [F loc=806] ,0,0.9115817568243758,1.998,145.63,reach_state,600
0,out/models/model_spotify500_model-it_4.prism, Pmax=? [F loc=443] ,0,0.9065682974499107,15.663,145.807,reach_state,600
0,out/models/model_spotify500_model-it_4.prism, Pmax=? [F loc=496] ,0,0.9065682974499107,14.906,140.916,reach_state,600
0,out/models/model_spotify500_model-it_3.prism,"Pmax=? [(F ""positive"") & ((X( loc=1 & ((X( loc=64 & ((X( loc=194 & ((X( loc=263|loc=266 & ((X( loc=271|loc=274 & ((X( loc=334 & ((X( loc=677 & ((X( loc=965 & (X( loc=967 ))))))))))))))))))))))))))]",9,0.002730723241752731,151.602,131.129,actual_path,600
0,out/models/model_spotify500_model-it_3.prism,"Pmax=? [(F ""positive"") & ((X( loc=1 & ((X( loc=38 & ((X( loc=168 & ((X( loc=262|loc=268 & ((X( loc=270|loc=276 & ((X( loc=309 & ((X( loc=652 & ((X( loc=964 & (X( loc=966 ))))))))))))))))))))))))))]",9,4.109788713862273E-5,153.82,136.45,actual_path,600
0,out/models/model_spotify500_model-it_3.prism,"Pmax=? [(F ""positive"") & ((X( loc=1 & ((X( loc=64 & ((X( loc=194 & ((X( loc=263|loc=266 & ((X( loc=271|loc=274 & ((X( loc=414 & ((X( loc=757 & ((X( loc=964 & (X( loc=966 ))))))))))))))))))))))))))]",9,0.002730723241752731,154.658,131.984,actual_path,600
0,out/models/model_spotify500_model-it_4.prism, Pmax=? [F loc=3469] ,0,0.7432421520193162,133.295,146.486,reach_state,600
0,out/models/model_spotify500_model-it_4.prism, Pmax=? [F loc=772] ,0,0.017263343207827627,173.513,144.546,reach_state,600
0,out/models/model_spotify500_model-it_4.prism, Pmax=? [F loc=794] ,0,0.0042872959848143976,174.753,145.116,reach_state,600
0,out/models/model_spotify500_model-it_4.prism, Pmax=? [F loc=2902] ,0,0.004248493001509863,175.965,145.367,reach_state,600
0,out/models/model_spotify500_model-it_4.prism, Pmax=? [F loc=3367] ,0,0.0022914493781289744,173.888,143.346,reach_state,600
0,out/models/model_spotify500_model-it_4.prism, Pmax=? [F loc=3531] ,0,0.21180670640433716,176.731,147.609,reach_state,600
0,out/models/model_spotify500_model-it_4.prism, Pmax=? [F loc=3825] ,0,0.0021284376612834646,176.667,142.239,reach_state,600
0,out/models/model_spotify500_model-it_4.prism,"Pmax=? [(F ""positive"") & (!(""positive"") U loc=2779)]",0,0.556232333610604,182.894,137.04,avoid_state,600
0,out/models/model_spotify500_model-it_4.prism,"Pmax=? [(F ""positive"") & (!(""positive"") U loc=3298)]",0,0.5069771596699315,194.055,140.461,avoid_state,600
0,out/models/model_spotify500_model-it_4.prism,"Pmax=? [(F ""positive"") & (X( loc=1 ))]",1,0.6775893865548305,168.893,144.193,random_path,600
0,out/models/model_spotify500_model-it_4.prism,"Pmax=? [(F ""positive"") & (!(""positive"") U loc=895)]",0,0.003008480512307345,195.889,144.095,avoid_state,600
0,out/models/model_spotify500_model-it_4.prism,"Pmax=? [(F ""positive"") & (X( loc=1 ))]",1,0.6775893865548305,170.786,142.637,random_path,600
0,out/models/model_spotify500_model-it_4.prism,"Pmax=? [(F ""positive"") & (!(""positive"") U loc=2036)]",0,0.6083782889415097,194.165,141.781,avoid_state,600
0,out/models/model_spotify500_model-it_4.prism,"Pmax=? [(F ""positive"") & (!(""positive"") U loc=3675)]",0,0.0014518955534572257,188.99,142.698,avoid_state,600
0,out/models/model_spotify500_model-it_4.prism,"Pmax=? [(F ""positive"") & (X( loc=1 ))]",1,0.6775893865548305,178.391,149.163,random_path,600
0,out/models/model_spotify500_model-it_4.prism,"Pmax=? [(F ""positive"") & (X( loc=1 ))]",1,0.6775893865548305,171.978,144.484,random_path,600
0,out/models/model_spotify500_model-it_4.prism,"Pmax=? [(F ""positive"") & (!(""positive"") U loc=3456)]",0,0.4967241406895415,190.392,143.323,avoid_state,600
0,out/models/model_spotify500_model-it_4.prism,"Pmax=? [(F ""positive"") & (!(""positive"") U loc=1569)]",0,0.6021629946696002,194.471,148.256,avoid_state,600
0,out/models/model_spotify500_model-it_4.prism,"Pmax=? [(F ""positive"") & (!(""positive"") U loc=1558)]",0,0.0015316237516391695,199.648,140.245,avoid_state,600
0,out/models/model_spotify500_model-it_4.prism,"Pmax=? [(F ""positive"") & (!(""positive"") U loc=1148)]",0,0.0030565741114277666,198.801,141.123,avoid_state,600
0,out/models/model_spotify500_model-it_4.prism,"Pmax=? [(F ""positive"") & ((X( loc=1 & (X( loc=10 )))))]",2,0.0013508038949083742,181.418,142.209,random_path,600
0,out/models/model_spotify500_model-it_4.prism,"Pmax=? [(F ""positive"") & (!(""positive"") U loc=1503)]",0,0.0015630936133109513,197.189,141.261,avoid_state,600
0,out/models/model_spotify500_model-it_4.prism,"Pmax=? [(F ""positive"") & (X( loc=1 ))]",1,0.6775893865548305,172.503,159.029,random_path,600
0,out/models/model_spotify500_model-it_4.prism,"Pmax=? [(F ""positive"") & ((X( loc=1 & (X( loc=132 )))))]",2,0.0013500694861741502,178.091,142.547,random_path,600
0,out/models/model_spotify500_model-it_4.prism,"Pmax=? [(F ""positive"") & ((X( loc=1 & (X( loc=55 )))))]",2,0.009493834856103996,184.941,141.019,random_path,600
0,out/models/model_spotify500_model-it_4.prism,"Pmax=? [(F ""positive"") & ((X( loc=1 & (X( loc=110 )))))]",2,0.0013642124933231387,178.601,146.642,random_path,600
0,out/models/model_spotify500_model-it_4.prism,"Pmax=? [(F ""positive"") & ((X( loc=1 & ((X( loc=82 & (X( loc=215 ))))))))]",3,0.0027001389723483003,178.45,138.195,random_path,600
0,out/models/model_spotify500_model-it_4.prism,"Pmax=? [(F ""positive"") & ((X( loc=1 & (X( loc=69 )))))]",2,0.004060301008762721,186.869,145.501,random_path,600
0,out/models/model_spotify500_model-it_4.prism,"Pmax=? [(F ""positive"") & ((X( loc=1 & ((X( loc=71 & (X( loc=204 ))))))))]",3,0.0027008733810825244,186.031,139.564,random_path,600
0,out/models/model_spotify500_model-it_4.prism,"Pmax=? [(F ""positive"") & ((X( loc=1 & ((X( loc=92 & (X( loc=225 ))))))))]",3,0.0013508038949083742,183.913,142.861,random_path,600
0,out/models/model_spotify500_model-it_4.prism,"Pmax=? [(F ""positive"") & ((X( loc=1 & ((X( loc=5 & (X( loc=138 ))))))))]",3,0.004045119217566611,187.938,145.559,random_path,600
0,out/models/model_spotify500_model-it_4.prism,"Pmax=? [(F ""positive"") & ((X( loc=1 & ((X( loc=4 & ((X( loc=137 & (X( loc=268|loc=270 )))))))))))]",4,0.0013500694861741502,179.219,141.896,random_path,600
0,out/models/model_spotify500_model-it_4.prism,"Pmax=? [(F ""positive"") & ((X( loc=1 & ((X( loc=34 & ((X( loc=167 & (X( loc=269|loc=273 )))))))))))]",4,0.00540120146963337,181.426,143.57,random_path,600
0,out/models/model_spotify500_model-it_4.prism,"Pmax=? [(F ""positive"") & ((X( loc=1 & ((X( loc=121 & ((X( loc=254 & (X( loc=268|loc=270 )))))))))))]",4,0.0013500694861741502,178.849,145.19,random_path,600
0,out/models/model_spotify500_model-it_4.prism,"Pmax=? [(F ""positive"") & ((X( loc=1 & ((X( loc=22 & ((X( loc=155 & (X( loc=269|loc=273 )))))))))))]",4,0.005401201469633371,185.103,138.462,random_path,600
0,out/models/model_spotify500_model-it_4.prism,"Pmax=? [(F ""positive"") & ((X( loc=1 & ((X( loc=28 & (X( loc=161 ))))))))]",3,0.0013508038949083742,186.15,148.234,random_path,600
0,out/models/model_spotify500_model-it_4.prism,"Pmax=? [(F ""positive"") & ((X( loc=1 & ((X( loc=76 & ((X( loc=209 & (X( loc=271 )))))))))))]",4,0.0013642124933231387,187.794,148.299,random_path,600
0,out/models/model_spotify500_model-it_4.prism,"Pmax=? [(F ""positive"") & ((X( loc=1 & ((X( loc=113 & ((X( loc=246 & ((X( loc=272 & (X( loc=280 ))))))))))))))]",5,0.0013642124933231387,181.549,147.07,random_path,600
0,out/models/model_spotify500_model-it_4.prism,"Pmax=? [(F ""positive"") & ((X( loc=1 & ((X( loc=10 & ((X( loc=143 & ((X( loc=269|loc=273 & (X( loc=277|loc=281 ))))))))))))))]",5,0.0013508038949083742,187.198,148.728,random_path,600
0,out/models/model_spotify500_model-it_4.prism,"Pmax=? [(F ""positive"") & ((X( loc=1 & ((X( loc=25 & ((X( loc=158 & ((X( loc=271 & (X( loc=279 ))))))))))))))]",5,0.013642124933231388,185.265,148.905,random_path,600
0,out/models/model_spotify500_model-it_4.prism,"['start', 'companystart', 'startprofile_0_5_5', 'companystartprofile_0_5_5', 'select_context_catalog', 'companyselect_context_catalog', 'played_70_major_0_4_6']",0,-1,0.0,0.0,actual_path,600
0,out/models/model_spotify500_model-it_4.prism,"['start', 'companystart', 'startprofile_3_7_9', 'companystartprofile_3_7_9', 'select_context_user_collection', 'companyselect_context_user_collection', 'played_10_major_6_6_9']",0,-1,0.0,0.0,actual_path,600
0,out/models/model_spotify500_model-it_4.prism,"Pmax=? [(F ""positive"") & ((X( loc=1 & ((X( loc=74 & ((X( loc=207 & ((X( loc=274 & (X( loc=282 ))))))))))))))]",5,0.0013642124933231387,185.041,150.966,random_path,600
0,out/models/model_spotify500_model-it_4.prism,"Pmax=? [(F ""positive"") & ((X( loc=1 & ((X( loc=25 & ((X( loc=158 & ((X( loc=271 & (X( loc=279 ))))))))))))))]",5,0.013642124933231388,177.018,150.261,random_path,600
0,out/models/model_spotify500_model-it_4.prism,"['start', 'companystart', 'startprofile_4_6_3', 'companystartprofile_4_6_3', 'select_context_user_collection', 'companyselect_context_user_collection', 'played_10_minor_3_7_2', 'companyplayed_10_minor_3_7_2']",0,-1,0.0,0.0,actual_path,600
0,out/models/model_spotify500_model-it_4.prism,"['start', 'companystart', 'startprofile_1_6_5', 'companystartprofile_1_6_5', 'select_context_editorial_playlist', 'customerselect_context_editorial_playlist', 'song_60_minor_2_4_5', 'companysong_60_minor_2_4_5']",0,-1,0.0,0.0,actual_path,600
0,out/models/model_spotify500_model-it_4.prism,"['start', 'companystart', 'startprofile_2_7_6', 'companystartprofile_2_7_6', 'select_context_user_collection', 'companyselect_context_user_collection', 'played_10_minor_8_7_7', 'companyplayed_10_minor_8_7_7']",0,-1,0.0,0.0,actual_path,600
0,out/models/model_spotify500_model-it_4.prism,"Pmax=? [(F ""positive"") & ((X( loc=1 & ((X( loc=30 & ((X( loc=163 & ((X( loc=268|loc=270 & ((X( loc=276|loc=278 & (X( loc=2407 )))))))))))))))))]",6,0.0013500694861741502,177.787,138.707,random_path,600
0,out/models/model_spotify500_model-it_4.prism,"Pmax=? [(F ""positive"") & ((X( loc=1 & ((X( loc=83 & ((X( loc=216 & ((X( loc=269|loc=273 & ((X( loc=277|loc=281 & (X( loc=2132 )))))))))))))))))]",6,0.0027016077898167484,183.794,136.666,random_path,600
0,out/models/model_spotify500_model-it_4.prism,"['start', 'companystart', 'startprofile_3_6_5', 'companystartprofile_3_6_5', 'select_context_personalized_playlist', 'customerselect_context_personalized_playlist', 'song_10_minor_8_5_2', 'companysong_10_minor_8_5_2', 'skipped']",0,-1,0.0,0.0,actual_path,600
0,out/models/model_spotify500_model-it_4.prism,"Pmax=? [(F ""positive"") & ((X( loc=1 & ((X( loc=111 & ((X( loc=244 & ((X( loc=268|loc=270 & ((X( loc=276|loc=278 & (X( loc=1349 )))))))))))))))))]",6,0.0027001389723483003,176.418,140.004,random_path,600
0,out/models/model_spotify500_model-it_4.prism,"Pmax=? [(F ""positive"") & ((X( loc=1 & ((X( loc=119 & ((X( loc=252 & ((X( loc=271 & ((X( loc=279 & (X( loc=3126 )))))))))))))))))]",6,0.0026732431588713935,186.146,144.052,random_path,600
0,out/models/model_spotify500_model-it_4.prism,"Pmax=? [(F ""positive"") & ((X( loc=1 & ((X( loc=62 & ((X( loc=195 & ((X( loc=269|loc=273 & ((X( loc=277|loc=281 & ((X( loc=608 & (X( loc=951 ))))))))))))))))))))]",7,0.0013508038949083742,175.55,145.222,random_path,600
0,out/models/model_spotify500_model-it_4.prism,"['start', 'companystart', 'startprofile_3_6_4', 'companystartprofile_3_6_4', 'select_context_user_collection', 'companyselect_context_user_collection', 'played_10_major_8_4_1', 'companyplayed_10_major_8_4_1', 'not_skipped', 'companynot_skipped']",0,-1,0.0,0.0,actual_path,600
0,out/models/model_spotify500_model-it_4.prism,"Pmax=? [(F ""positive"") & ((X( loc=1 & ((X( loc=49 & ((X( loc=182 & ((X( loc=271 & ((X( loc=279 & ((X( loc=592 & (X( loc=935 ))))))))))))))))))))]",7,0.0013450183988146062,176.454,146.679,random_path,600
0,out/models/model_spotify500_model-it_4.prism,"['start', 'companystart', 'startprofile_0_6_7', 'companystartprofile_0_6_7', 'select_context_editorial_playlist', 'customerselect_context_editorial_playlist', 'song_0_major_0_8_4', 'companysong_0_major_0_8_4', 'not_skipped', 'companynot_skipped']",0,-1,0.0,0.0,actual_path,600
0,out/models/model_spotify500_model-it_4.prism,"Pmax=? [(F ""positive"") & ((X( loc=1 & ((X( loc=11 & ((X( loc=144 & ((X( loc=268|loc=270 & ((X( loc=276|loc=278 & (X( loc=2410 )))))))))))))))))]",6,0.0013500694861741502,185.799,157.931,random_path,600
0,out/models/model_spotify500_model-it_4.prism,"Pmax=? [(F ""positive"") & ((X( loc=1 & ((X( loc=96 & ((X( loc=229 & ((X( loc=271 & ((X( loc=279 & ((X( loc=308 & (X( loc=651 ))))))))))))))))))))]",7,0.0013450183988146062,190.874,145.736,random_path,600
0,out/models/model_spotify500_model-it_4.prism,"Pmax=? [(F ""positive"") & ((X( loc=1 & ((X( loc=13 & ((X( loc=146 & ((X( loc=269|loc=273 & ((X( loc=277|loc=281 & ((X( loc=1918 & (X( loc=1972 ))))))))))))))))))))]",7,0.0027016077898167484,184.659,151.954,random_path,600
0,out/models/model_spotify500_model-it_4.prism,"Pmax=? [(F ""positive"") & ((X( loc=1 & ((X( loc=67 & ((X( loc=200 & ((X( loc=272 & (X( loc=280 ))))))))))))))]",5,0.0,1.207,144.864,actual_path,600
0,out/models/model_spotify500_model-it_4.prism,"Pmax=? [(F ""positive"") & ((X( loc=1 & ((X( loc=84 & ((X( loc=217 & ((X( loc=268|loc=270 & (X( loc=276|loc=278 ))))))))))))))]",5,0.0,1.32,146.837,actual_path,600
0,out/models/model_spotify500_model-it_4.prism,"Pmax=? [(F ""positive"") & ((X( loc=1 & ((X( loc=82 & ((X( loc=215 & ((X( loc=269|loc=273 & (X( loc=277|loc=281 ))))))))))))))]",5,0.0,1.12,149.818,actual_path,600
0,out/models/model_spotify500_model-it_4.prism,"Pmax=? [(F ""positive"") & ((X( loc=1 & ((X( loc=42 & ((X( loc=175 & ((X( loc=269|loc=273 & ((X( loc=277|loc=281 & ((X( loc=394 & ((X( loc=737 & (X( loc=971 )))))))))))))))))))))))]",8,0.0,2.192,146.149,actual_path,600
0,out/models/model_spotify500_model-it_4.prism,"Pmax=? [(F ""positive"") & ((X( loc=1 & ((X( loc=107 & ((X( loc=240 & ((X( loc=268|loc=270 & ((X( loc=276|loc=278 & ((X( loc=3614 & (X( loc=3633 ))))))))))))))))))))]",7,0.0013500694861741502,192.269,145.846,random_path,600
0,out/models/model_spotify500_model-it_4.prism,"Pmax=? [(F ""positive"") & ((X( loc=1 & ((X( loc=79 & ((X( loc=212 & ((X( loc=271 & ((X( loc=279 & ((X( loc=1496 & ((X( loc=1587 & (X( loc=971 )))))))))))))))))))))))]",8,0.0027284249866462774,180.326,147.518,random_path,600
0,out/models/model_spotify500_model-it_4.prism,"Pmax=? [(F ""positive"") & ((X( loc=1 & ((X( loc=110 & ((X( loc=243 & ((X( loc=271 & ((X( loc=279 & ((X( loc=3742 & ((X( loc=3756 & (X( loc=971 )))))))))))))))))))))))]",8,0.0013642124933231387,187.497,145.158,random_path,600
0,out/models/model_spotify500_model-it_4.prism,"Pmax=? [(F ""positive"") & ((X( loc=1 & ((X( loc=134 & ((X( loc=267 & ((X( loc=271 & ((X( loc=279 & ((X( loc=369 & ((X( loc=712 & (X( loc=971 )))))))))))))))))))))))]",8,7.073694409823683E-4,184.418,143.406,random_path,600
0,out/models/model_spotify500_model-it_4.prism,"Pmax=? [(F ""positive"") & ((X( loc=1 & ((X( loc=10 & ((X( loc=143 & ((X( loc=269|loc=273 & ((X( loc=277|loc=281 & ((X( loc=3085 & ((X( loc=3105 & (X( loc=970 )))))))))))))))))))))))]",8,0.0013508038949083742,188.367,147.9,random_path,600
0,out/models/model_spotify500_model-it_4.prism,"Pmax=? [(F ""positive"") & ((X( loc=1 & ((X( loc=60 & ((X( loc=193 & ((X( loc=269|loc=273 & ((X( loc=277|loc=281 & ((X( loc=524 & ((X( loc=867 & (X( loc=971 )))))))))))))))))))))))]",8,1.598686515613053E-5,189.957,146.354,random_path,600
0,out/models/model_spotify500_model-it_4.prism,"Pmax=? [(F ""positive"") & ((X( loc=1 & ((X( loc=86 & ((X( loc=219 & ((X( loc=268|loc=270 & ((X( loc=276|loc=278 & ((X( loc=1921 & ((X( loc=1975 & (X( loc=970 )))))))))))))))))))))))]",8,0.0,2.32,144.563,actual_path,600
0,out/models/model_spotify500_model-it_4.prism,"Pmax=? [(F ""positive"") & ((X( loc=1 & ((X( loc=98 & ((X( loc=231 & ((X( loc=268|loc=270 & ((X( loc=276|loc=278 & ((X( loc=1649 & ((X( loc=1713 & ((X( loc=971 & (X( loc=973 ))))))))))))))))))))))))))]",9,0.0,3.547,146.877,actual_path,600
0,out/models/model_spotify500_model-it_4.prism,"Pmax=? [(F ""positive"") & ((X( loc=1 & ((X( loc=64 & ((X( loc=197 & ((X( loc=272 & ((X( loc=280 & ((X( loc=2337 & ((X( loc=2382 & ((X( loc=970 & (X( loc=972 ))))))))))))))))))))))))))]",9,0.0,1.791,147.727,actual_path,600
0,out/models/model_spotify500_model-it_4.prism,"Pmax=? [(F ""positive"") & ((X( loc=1 & ((X( loc=87 & ((X( loc=220 & ((X( loc=272 & ((X( loc=280 & ((X( loc=3298 & ((X( loc=3319 & ((X( loc=971 & (X( loc=973 ))))))))))))))))))))))))))]",9,0.0027284249866462774,189.422,140.871,random_path,600
0,out/models/model_spotify500_model-it_4.prism,"Pmax=? [(F ""positive"") & ((X( loc=1 & ((X( loc=79 & ((X( loc=212 & ((X( loc=271 & ((X( loc=279 & ((X( loc=2119 & ((X( loc=2172 & ((X( loc=971 & (X( loc=973 ))))))))))))))))))))))))))]",9,0.0027284249866462774,188.078,145.275,random_path,600
0,out/models/model_spotify500_model-it_4.prism,"Pmax=? [(F ""positive"") & (X( loc=1 ))]",1,0.6775893865548305,167.91,139.698,actual_path,600
0,out/models/model_spotify500_model-it_4.prism,"Pmax=? [(F ""positive"") & (X( loc=1 ))]",1,0.6775893865548305,167.114,143.082,actual_path,600
0,out/models/model_spotify500_model-it_4.prism,"Pmax=? [(F ""positive"") & (X( loc=1 ))]",1,0.6775893865548305,170.013,138.984,actual_path,600
0,out/models/model_spotify500_model-it_4.prism,"Pmax=? [(F ""positive"") & ((X( loc=1 & ((X( loc=94 & ((X( loc=227 & ((X( loc=272 & ((X( loc=280 & ((X( loc=2318 & ((X( loc=2363 & ((X( loc=971 & (X( loc=973 ))))))))))))))))))))))))))]",9,6.821062466615693E-4,184.213,137.896,random_path,600
0,out/models/model_spotify500_model-it_4.prism,"Pmax=? [(F ""positive"") & (X( loc=1 ))]",1,0.6775893865548305,170.871,141.288,actual_path,600
0,out/models/model_spotify500_model-it_4.prism,"Pmax=? [(F ""positive"") & ((X( loc=1 & ((X( loc=3 & ((X( loc=136 & ((X( loc=269|loc=273 & ((X( loc=277|loc=281 & ((X( loc=1447 & ((X( loc=1538 & ((X( loc=970 & (X( loc=972 ))))))))))))))))))))))))))]",9,0.0013508038949083742,183.032,141.083,random_path,600
0,out/models/model_spotify500_model-it_4.prism,"Pmax=? [(F ""positive"") & (X( loc=1 ))]",1,0.6775893865548305,173.595,143.065,actual_path,600
0,out/models/model_spotify500_model-it_4.prism,"Pmax=? [(F ""positive"") & ((X( loc=1 & ((X( loc=65 & ((X( loc=198 & ((X( loc=268|loc=270 & ((X( loc=276|loc=278 & ((X( loc=356 & ((X( loc=699 & ((X( loc=970 & (X( loc=972 ))))))))))))))))))))))))))]",9,4.004641293142122E-5,189.795,143.446,random_path,600
0,out/models/model_spotify500_model-it_4.prism,"Pmax=? [(F ""positive"") & ((X( loc=1 & (X( loc=101 )))))]",2,0.002715015023731916,180.114,138.553,actual_path,600
0,out/models/model_spotify500_model-it_4.prism,"Pmax=? [(F ""positive"") & ((X( loc=1 & (X( loc=101 )))))]",2,0.002715015023731916,184.578,139.188,actual_path,600
0,out/models/model_spotify500_model-it_4.prism,"Pmax=? [(F ""positive"") & ((X( loc=1 & (X( loc=43 )))))]",2,0.008130169019812132,186.397,142.255,actual_path,600
0,out/models/model_spotify500_model-it_4.prism,"Pmax=? [(F ""positive"") & ((X( loc=1 & (X( loc=17 )))))]",2,0.0040509428672566745,186.256,144.027,actual_path,600
0,out/models/model_spotify500_model-it_4.prism,"Pmax=? [(F ""positive"") & ((X( loc=1 & ((X( loc=78 & (X( loc=211 ))))))))]",3,0.009521929025200234,177.877,139.765,actual_path,600
0,out/models/model_spotify500_model-it_4.prism,"Pmax=? [(F ""positive"") & ((X( loc=1 & (X( loc=98 )))))]",2,0.0013508038949083742,185.904,144.581,actual_path,600
0,out/models/model_spotify500_model-it_4.prism,"Pmax=? [(F ""positive"") & ((X( loc=1 & ((X( loc=9 & (X( loc=142 ))))))))]",3,0.005401746762165049,190.29,137.48,actual_path,600
0,out/models/model_spotify500_model-it_4.prism,"Pmax=? [(F ""positive"") & ((X( loc=1 & ((X( loc=27 & (X( loc=160 ))))))))]",3,0.004065084509906066,188.307,137.97,actual_path,600
0,out/models/model_spotify500_model-it_4.prism,"Pmax=? [(F ""positive"") & ((X( loc=1 & ((X( loc=46 & ((X( loc=179 & (X( loc=269|loc=273 )))))))))))]",4,0.0027016077898167484,181.129,138.853,actual_path,600
0,out/models/model_spotify500_model-it_4.prism,"Pmax=? [(F ""positive"") & ((X( loc=1 & ((X( loc=60 & (X( loc=193 ))))))))]",3,0.012183135796384694,186.546,146.042,actual_path,600
0,out/models/model_spotify500_model-it_4.prism,"Pmax=? [(F ""positive"") & ((X( loc=1 & ((X( loc=13 & (X( loc=146 ))))))))]",3,0.006794241176287375,186.743,145.731,actual_path,600
0,out/models/model_spotify500_model-it_4.prism,"Pmax=? [(F ""positive"") & ((X( loc=1 & ((X( loc=60 & ((X( loc=193 & (X( loc=269|loc=273 )))))))))))]",4,0.004050901102225027,178.367,147.352,actual_path,600
0,out/models/model_spotify500_model-it_4.prism,"Pmax=? [(F ""positive"") & ((X( loc=1 & ((X( loc=59 & ((X( loc=192 & (X( loc=269|loc=273 )))))))))))]",4,0.010802402939266742,175.184,141.809,actual_path,600
0,out/models/model_spotify500_model-it_4.prism,"Pmax=? [(F ""positive"") & ((X( loc=1 & ((X( loc=81 & ((X( loc=214 & (X( loc=269|loc=273 )))))))))))]",4,0.004050901102225028,188.602,142.722,actual_path,600
0,out/models/model_spotify500_model-it_4.prism,"Pmax=? [(F ""positive"") & ((X( loc=1 & ((X( loc=27 & ((X( loc=160 & (X( loc=269|loc=273 )))))))))))]",4,0.0013508038949083742,187.597,143.603,actual_path,600
0,out/models/model_spotify500_model-it_4.prism,"Pmax=? [(F ""positive"") & ((X( loc=1 & ((X( loc=70 & ((X( loc=203 & ((X( loc=271 & (X( loc=279 ))))))))))))))]",5,0.002728424986646278,181.466,144.296,actual_path,600
0,out/models/model_spotify500_model-it_4.prism,"Pmax=? [(F ""positive"") & ((X( loc=1 & ((X( loc=42 & ((X( loc=175 & ((X( loc=272 & ((X( loc=280 & (X( loc=344 )))))))))))))))))]",6,0.0027016687552103855,187.255,145.051,actual_path,600
0,out/models/model_spotify500_model-it_4.prism,"Pmax=? [(F ""positive"") & ((X( loc=1 & ((X( loc=56 & ((X( loc=189 & ((X( loc=271 & ((X( loc=279 & ((X( loc=406 & (X( loc=749 ))))))))))))))))))))]",7,0.004023659513001013,184.466,146.043,actual_path,600
0,out/models/model_spotify500_model-it_4.prism,"Pmax=? [(F ""positive"") & ((X( loc=1 & ((X( loc=56 & ((X( loc=189 & ((X( loc=271 & ((X( loc=279 & ((X( loc=482 & (X( loc=825 ))))))))))))))))))))]",7,0.004037454287694936,182.591,146.046,actual_path,600
0,out/models/model_spotify500_model-it_4.prism,"Pmax=? [(F ""positive"") & ((X( loc=1 & ((X( loc=90 & ((X( loc=223 & ((X( loc=268|loc=270 & (X( loc=276|loc=278 ))))))))))))))]",5,0.004045119217566611,191.272,146.967,actual_path,600
0,out/models/model_spotify500_model-it_4.prism,"Pmax=? [(F ""positive"") & ((X( loc=1 & ((X( loc=37 & ((X( loc=170 & ((X( loc=269|loc=273 & ((X( loc=277|loc=281 & (X( loc=314 )))))))))))))))))]",6,8.97403658025179E-5,186.247,149.37,actual_path,600
0,out/models/model_spotify500_model-it_4.prism,"Pmax=? [(F ""positive"") & ((X( loc=1 & ((X( loc=65 & ((X( loc=198 & ((X( loc=271 & ((X( loc=279 & (X( loc=432 )))))))))))))))))]",6,0.0013523870362287507,188.207,146.39,actual_path,600
0,out/models/model_spotify500_model-it_4.prism,"Pmax=? [(F ""positive"") & ((X( loc=1 & ((X( loc=17 & ((X( loc=150 & ((X( loc=268|loc=270 & ((X( loc=276|loc=278 & ((X( loc=318 & ((X( loc=661 & (X( loc=971 )))))))))))))))))))))))]",8,0.0027001389723483003,187.425,148.768,actual_path,600
0,out/models/model_spotify500_model-it_5.prism, Pmax=? [F loc=1023] ,0,0.838272332400573,94.731,124.897,reach_state,600
0,out/models/model_spotify500_model-it_4.prism,"Pmax=? [(F ""positive"") & ((X( loc=1 & ((X( loc=20 & ((X( loc=153 & ((X( loc=269|loc=273 & ((X( loc=277|loc=281 & ((X( loc=399 & ((X( loc=742 & (X( loc=970 )))))))))))))))))))))))]",8,4.2862126597937954E-5,184.476,152.853,actual_path,600
0,out/models/model_spotify500_model-it_4.prism,"Pmax=? [(F ""positive"") & ((X( loc=1 & ((X( loc=37 & ((X( loc=170 & ((X( loc=272 & ((X( loc=280 & ((X( loc=570 & ((X( loc=913 & ((X( loc=971 & (X( loc=973 ))))))))))))))))))))))))))]",9,0.001515791659247932,184.222,138.735,actual_path,600
0,out/models/model_spotify500_model-it_5.prism, Pmax=? [F loc=3506] ,0,0.7019909187705121,90.963,121.365,reach_state,600
0,out/models/model_spotify500_model-it_5.prism, Pmax=? [F loc=1140] ,0,0.002237420242554648,140.231,129.863,reach_state,600
0,out/models/model_spotify500_model-it_5.prism, Pmax=? [F loc=3581] ,0,0.0022372426644952648,135.796,121.274,reach_state,600
0,out/models/model_spotify500_model-it_5.prism, Pmax=? [F loc=1894] ,0,0.0020623764078036024,143.92,127.293,reach_state,600
0,out/models/model_spotify500_model-it_5.prism, Pmax=? [F loc=3781] ,0,0.0022372426644952648,141.977,125.04,reach_state,600
0,out/models/model_spotify500_model-it_5.prism, Pmax=? [F loc=1815] ,0,0.004464573516019845,133.735,120.468,reach_state,600
0,out/models/model_spotify500_model-it_5.prism, Pmax=? [F loc=308] ,0,0.060074793541423796,143.157,121.599,reach_state,600
0,out/models/model_spotify500_model-it_5.prism, Pmax=? [F loc=3309] ,0,0.0022374202425546478,142.08,122.87,reach_state,600
0,out/models/model_spotify500_model-it_5.prism, Pmax=? [F loc=3528] ,0,0.004464573516019846,143.138,123.762,reach_state,600
0,out/models/model_spotify500_model-it_5.prism,"Pmax=? [(F ""positive"") & (!(""positive"") U loc=2254)]",0,0.5448413715409799,158.441,120.008,avoid_state,600
0,out/models/model_spotify500_model-it_5.prism,"Pmax=? [(F ""positive"") & (!(""positive"") U loc=207)]",0,0.00517548600225506,152.338,123.051,avoid_state,600
0,out/models/model_spotify500_model-it_5.prism,"Pmax=? [(F ""positive"") & (!(""positive"") U loc=401)]",0,0.035998811624363386,156.168,123.906,avoid_state,600
0,out/models/model_spotify500_model-it_5.prism,"Pmax=? [(F ""positive"") & (!(""positive"") U loc=2671)]",0,0.0014541725953406497,155.774,118.415,avoid_state,600
0,out/models/model_spotify500_model-it_5.prism,"Pmax=? [(F ""positive"") & (!(""positive"") U loc=2214)]",0,0.45626698096167584,160.889,118.666,avoid_state,600
0,out/models/model_spotify500_model-it_5.prism,"Pmax=? [(F ""positive"") & (!(""positive"") U loc=3424)]",0,0.002627845289936599,154.806,124.661,avoid_state,600
0,out/models/model_spotify500_model-it_5.prism,"Pmax=? [(F ""positive"") & (X( loc=1 ))]",1,0.646207823043915,141.789,116.706,random_path,600
0,out/models/model_spotify500_model-it_5.prism,"Pmax=? [(F ""positive"") & (X( loc=1 ))]",1,0.646207823043915,142.966,116.419,random_path,600
0,out/models/model_spotify500_model-it_5.prism,"Pmax=? [(F ""positive"") & (!(""positive"") U loc=3969)]",0,0.4480926998014519,152.383,120.665,avoid_state,600
0,out/models/model_spotify500_model-it_5.prism,"Pmax=? [(F ""positive"") & (!(""positive"") U loc=60)]",0,0.005165485569226352,155.945,123.463,avoid_state,600
0,out/models/model_spotify500_model-it_5.prism,"Pmax=? [(F ""positive"") & (!(""positive"") U loc=3794)]",0,0.5775424572778306,152.462,118.042,avoid_state,600
0,out/models/model_spotify500_model-it_5.prism,"['start', 'companystart', 'startprofile_1_3_9']",0,-1,0.0,0.0,actual_path,600
0,out/models/model_spotify500_model-it_5.prism,"Pmax=? [(F ""positive"") & (X( loc=1 ))]",1,0.646207823043915,143.852,117.589,random_path,600
0,out/models/model_spotify500_model-it_5.prism,"Pmax=? [(F ""positive"") & (X( loc=1 ))]",1,0.646207823043915,148.092,119.388,random_path,600
0,out/models/model_spotify500_model-it_5.prism,"Pmax=? [(F ""positive"") & (!(""positive"") U loc=382)]",0,0.03632082777348617,161.513,121.582,avoid_state,600
0,out/models/model_spotify500_model-it_5.prism,"Pmax=? [(F ""positive"") & (X( loc=1 ))]",1,0.646207823043915,145.669,120.413,random_path,600
0,out/models/model_spotify500_model-it_5.prism,"Pmax=? [(F ""positive"") & ((X( loc=1 & (X( loc=23 )))))]",2,0.0012878409567649797,154.268,118.736,random_path,600
0,out/models/model_spotify500_model-it_5.prism,"['start', 'companystart', 'startprofile_3_7_8', 'companystartprofile_3_7_8']",0,-1,0.0,0.0,actual_path,600
0,out/models/model_spotify500_model-it_5.prism,"Pmax=? [(F ""positive"") & ((X( loc=1 & (X( loc=36 )))))]",2,0.012901715298646959,155.248,118.699,random_path,600
0,out/models/model_spotify500_model-it_5.prism,"Pmax=? [(F ""positive"") & ((X( loc=1 & (X( loc=19 )))))]",2,0.014231383273417187,160.242,118.63,random_path,600
0,out/models/model_spotify500_model-it_5.prism,"['start', 'companystart', 'startprofile_5_6_5', 'companystartprofile_5_6_5']",0,-1,0.0,0.0,actual_path,600
0,out/models/model_spotify500_model-it_5.prism,"['start', 'companystart', 'startprofile_3_6_7', 'companystartprofile_3_6_7', 'select_context_radio']",0,-1,0.0,0.0,actual_path,600
0,out/models/model_spotify500_model-it_5.prism,"Pmax=? [(F ""positive"") & ((X( loc=1 & (X( loc=84 )))))]",2,0.006475388046617609,157.016,120.195,random_path,600
0,out/models/model_spotify500_model-it_5.prism,"Pmax=? [(F ""positive"") & ((X( loc=1 & ((X( loc=64 & (X( loc=189 ))))))))]",3,0.0038696277447373612,158.96,119.793,random_path,600
0,out/models/model_spotify500_model-it_5.prism,"['start', 'companystart', 'startprofile_0_3_7', 'companystartprofile_0_3_7', 'select_context_radio']",0,-1,0.0,0.0,actual_path,600
0,out/models/model_spotify500_model-it_5.prism,"Pmax=? [(F ""positive"") & ((X( loc=1 & (X( loc=89 )))))]",2,0.0012878409567649797,159.975,122.537,random_path,600
0,out/models/model_spotify500_model-it_5.prism,"Pmax=? [(F ""positive"") & ((X( loc=1 & ((X( loc=16 & (X( loc=141 ))))))))]",3,0.011641126747365697,160.549,120.869,random_path,600
0,out/models/model_spotify500_model-it_5.prism,"Pmax=? [(F ""positive"") & ((X( loc=1 & ((X( loc=73 & ((X( loc=198 & (X( loc=253|loc=255|loc=256 )))))))))))]",4,0.0012878409567649797,153.057,117.997,random_path,600
0,out/models/model_spotify500_model-it_5.prism,"Pmax=? [(F ""positive"") & ((X( loc=1 & ((X( loc=82 & (X( loc=207 ))))))))]",3,0.00517548600225506,156.281,118.314,random_path,600
0,out/models/model_spotify500_model-it_5.prism,"Pmax=? [(F ""positive"") & ((X( loc=1 & ((X( loc=3 & (X( loc=128 ))))))))]",3,0.0025767122408143902,158.228,118.536,random_path,600
0,out/models/model_spotify500_model-it_5.prism,"Pmax=? [(F ""positive"") & ((X( loc=1 & ((X( loc=25 & (X( loc=150 ))))))))]",3,0.01425299192368837,159.685,117.571,random_path,600
0,out/models/model_spotify500_model-it_5.prism,"Pmax=? [(F ""positive"") & ((X( loc=1 & ((X( loc=16 & ((X( loc=141 & (X( loc=254|loc=259 )))))))))))]",4,0.0038658366563855376,159.832,122.211,random_path,600
0,out/models/model_spotify500_model-it_5.prism,"Pmax=? [(F ""positive"") & ((X( loc=1 & ((X( loc=32 & ((X( loc=157 & (X( loc=253|loc=255|loc=256 )))))))))))]",4,0.0038660363952188965,162.263,122.252,random_path,600
0,out/models/model_spotify500_model-it_5.prism,"Pmax=? [(F ""positive"") & ((X( loc=1 & ((X( loc=18 & ((X( loc=143 & (X( loc=253|loc=255|loc=256 )))))))))))]",4,0.0012878409567649797,161.086,120.226,random_path,600
0,out/models/model_spotify500_model-it_5.prism,"Pmax=? [(F ""positive"") & ((X( loc=1 & ((X( loc=82 & ((X( loc=207 & ((X( loc=258 & (X( loc=267 ))))))))))))))]",5,0.0012999033445928233,157.688,118.771,random_path,600
0,out/models/model_spotify500_model-it_5.prism,"Pmax=? [(F ""positive"") & ((X( loc=1 & ((X( loc=106 & ((X( loc=231 & (X( loc=257 )))))))))))]",4,0.0012999033445928233,159.984,122.207,random_path,600
0,out/models/model_spotify500_model-it_5.prism,"Pmax=? [(F ""positive"") & ((X( loc=1 & ((X( loc=15 & ((X( loc=140 & ((X( loc=257 & (X( loc=266 ))))))))))))))]",5,0.0025998066891856466,153.692,124.006,random_path,600
0,out/models/model_spotify500_model-it_5.prism,"['start', 'companystart', 'startprofile_1_5_4', 'companystartprofile_1_5_4', 'select_context_user_collection', 'companyselect_context_user_collection', 'played_10_major_0_7_7', 'companyplayed_10_major_0_7_7']",0,-1,0.0,0.0,actual_path,600
0,out/models/model_spotify500_model-it_5.prism,"Pmax=? [(F ""positive"") & ((X( loc=1 & ((X( loc=115 & ((X( loc=240 & ((X( loc=254|loc=259 & (X( loc=263|loc=268 ))))))))))))))]",5,0.001288871284049411,154.521,120.5,random_path,600
0,out/models/model_spotify500_model-it_5.prism,"Pmax=? [(F ""positive"") & ((X( loc=1 & ((X( loc=23 & ((X( loc=148 & ((X( loc=253|loc=255|loc=256 & (X( loc=262|loc=264|loc=265 ))))))))))))))]",5,0.0012878409567649797,159.121,123.185,random_path,600
0,out/models/model_spotify500_model-it_5.prism,"['start', 'companystart', 'startprofile_1_4_5', 'companystartprofile_1_4_5', 'select_context_catalog', 'companyselect_context_catalog', 'played_10_minor_0_4_8', 'companyplayed_10_minor_0_4_8']",0,-1,0.0,0.0,actual_path,600
0,out/models/model_spotify500_model-it_5.prism,"['start', 'companystart', 'startprofile_1_8_4', 'companystartprofile_1_8_4', 'select_context_catalog', 'companyselect_context_catalog', 'played_10_major_0_9_4', 'companyplayed_10_major_0_9_4', 'not_skipped']",0,-1,0.0,0.0,actual_path,600
0,out/models/model_spotify500_model-it_5.prism,"Pmax=? [(F ""positive"") & ((X( loc=1 & ((X( loc=42 & ((X( loc=167 & ((X( loc=253|loc=255|loc=256 & (X( loc=262|loc=264|loc=265 ))))))))))))))]",5,0.006442649133505529,159.62,123.195,random_path,600
0,out/models/model_spotify500_model-it_5.prism,"Pmax=? [(F ""positive"") & ((X( loc=1 & ((X( loc=114 & ((X( loc=239 & ((X( loc=253|loc=255|loc=256 & ((X( loc=262|loc=264|loc=265 & (X( loc=2532 )))))))))))))))))]",6,0.0012878409567649797,159.674,120.077,random_path,600
0,out/models/model_spotify500_model-it_5.prism,"Pmax=? [(F ""positive"") & ((X( loc=1 & ((X( loc=66 & ((X( loc=191 & ((X( loc=257 & ((X( loc=266 & (X( loc=336 )))))))))))))))))]",6,0.0025718579269667823,157.638,122.476,random_path,600
0,out/models/model_spotify500_model-it_5.prism,"Pmax=? [(F ""positive"") & ((X( loc=1 & ((X( loc=47 & ((X( loc=172 & ((X( loc=253|loc=255|loc=256 & ((X( loc=262|loc=264|loc=265 & (X( loc=2643 )))))))))))))))))]",6,0.0012878409567649797,151.363,120.063,random_path,600
0,out/models/model_spotify500_model-it_5.prism,"Pmax=? [(F ""positive"") & ((X( loc=1 & ((X( loc=110 & ((X( loc=235 & ((X( loc=254|loc=259 & ((X( loc=263|loc=268 & (X( loc=1102 )))))))))))))))))]",6,0.002577742568098822,155.7,121.806,random_path,600
0,out/models/model_spotify500_model-it_5.prism,"Pmax=? [(F ""positive"") & ((X( loc=1 & ((X( loc=68 & ((X( loc=193 & ((X( loc=253|loc=255|loc=256 & ((X( loc=262|loc=264|loc=265 & (X( loc=1494 )))))))))))))))))]",6,0.0012878409567649797,154.242,118.195,random_path,600
0,out/models/model_spotify500_model-it_5.prism,"Pmax=? [(F ""positive"") & ((X( loc=1 & ((X( loc=39 & ((X( loc=164 & ((X( loc=253|loc=255|loc=256 & ((X( loc=262|loc=264|loc=265 & ((X( loc=2607 & (X( loc=2628 ))))))))))))))))))))]",7,0.0025756819135299594,150.651,119.356,random_path,600
0,out/models/model_spotify500_model-it_5.prism,"Pmax=? [(F ""positive"") & ((X( loc=1 & ((X( loc=57 & ((X( loc=182 & ((X( loc=254|loc=259 & ((X( loc=263|loc=268 & ((X( loc=375 & (X( loc=711 ))))))))))))))))))))]",7,0.002577742568098822,155.002,121.094,random_path,600
0,out/models/model_spotify500_model-it_5.prism,"['start', 'companystart', 'startprofile_1_4_6', 'companystartprofile_1_4_6', 'select_context_radio', 'customerselect_context_radio', 'song_10_minor_6_3_4', 'companysong_10_minor_6_3_4', 'not_skipped', 'companynot_skipped']",0,-1,0.0,0.0,actual_path,600
0,out/models/model_spotify500_model-it_5.prism,"Pmax=? [(F ""positive"") & ((X( loc=1 & ((X( loc=110 & ((X( loc=235 & ((X( loc=257 & ((X( loc=266 & ((X( loc=3694 & (X( loc=3709 ))))))))))))))))))))]",7,0.001299903344592823,158.445,121.18,random_path,600
0,out/models/model_spotify500_model-it_5.prism,"Pmax=? [(F ""positive"") & ((X( loc=1 & ((X( loc=78 & ((X( loc=203 & ((X( loc=253|loc=255|loc=256 & ((X( loc=262|loc=264|loc=265 & ((X( loc=493 & (X( loc=829 ))))))))))))))))))))]",7,0.0012878409567649797,152.829,119.488,random_path,600
0,out/models/model_spotify500_model-it_5.prism,"Pmax=? [(F ""positive"") & ((X( loc=1 & ((X( loc=98 & ((X( loc=223 & ((X( loc=253|loc=255|loc=256 & ((X( loc=262|loc=264|loc=265 & ((X( loc=1079 & (X( loc=1256 ))))))))))))))))))))]",7,0.0012878409567649797,154.92,121.405,random_path,600
0,out/models/model_spotify500_model-it_5.prism,"Pmax=? [(F ""positive"") & ((X( loc=1 & ((X( loc=13 & ((X( loc=138 & (X( loc=254|loc=259 )))))))))))]",4,0.0,1.076,125.075,actual_path,600
0,out/models/model_spotify500_model-it_5.prism,"Pmax=? [(F ""positive"") & ((X( loc=1 & ((X( loc=30 & ((X( loc=155 & ((X( loc=253|loc=255|loc=256 & ((X( loc=262|loc=264|loc=265 & ((X( loc=2750 & ((X( loc=2777 & (X( loc=942 )))))))))))))))))))))))]",8,0.0012878409567649797,156.729,121.726,random_path,600
0,out/models/model_spotify500_model-it_5.prism,"Pmax=? [(F ""positive"") & ((X( loc=1 & ((X( loc=20 & ((X( loc=145 & ((X( loc=253|loc=255|loc=256 & ((X( loc=262|loc=264|loc=265 & (X( loc=391 )))))))))))))))))]",6,0.0,1.339,122.275,actual_path,600
0,out/models/model_spotify500_model-it_5.prism,"Pmax=? [(F ""positive"") & ((X( loc=1 & ((X( loc=41 & ((X( loc=166 & ((X( loc=254|loc=259 & ((X( loc=263|loc=268 & (X( loc=1054 )))))))))))))))))]",6,0.0,1.567,119.133,actual_path,600
0,out/models/model_spotify500_model-it_5.prism,"Pmax=? [(F ""positive"") & ((X( loc=1 & ((X( loc=38 & ((X( loc=163 & ((X( loc=254|loc=259 & ((X( loc=263|loc=268 & (X( loc=290 )))))))))))))))))]",6,0.0,1.295,117.993,actual_path,600
0,out/models/model_spotify500_model-it_5.prism,"Pmax=? [(F ""positive"") & ((X( loc=1 & ((X( loc=74 & ((X( loc=199 & ((X( loc=254|loc=259 & ((X( loc=263|loc=268 & ((X( loc=1768 & ((X( loc=1846 & (X( loc=943|loc=944 )))))))))))))))))))))))]",8,0.001288871284049411,160.086,126.388,random_path,600
0,out/models/model_spotify500_model-it_5.prism,"Pmax=? [(F ""positive"") & ((X( loc=1 & ((X( loc=98 & ((X( loc=223 & ((X( loc=253|loc=255|loc=256 & ((X( loc=262|loc=264|loc=265 & ((X( loc=2262 & ((X( loc=2308 & (X( loc=943|loc=944 )))))))))))))))))))))))]",8,0.0012878409567649797,152.845,124.727,random_path,600
0,out/models/model_spotify500_model-it_5.prism,"Pmax=? [(F ""positive"") & ((X( loc=1 & ((X( loc=49 & ((X( loc=174 & ((X( loc=253|loc=255|loc=256 & ((X( loc=262|loc=264|loc=265 & ((X( loc=1888 & ((X( loc=1929 & (X( loc=942 )))))))))))))))))))))))]",8,0.0025756819135299594,157.284,121.691,random_path,600
0,out/models/model_spotify500_model-it_5.prism,"Pmax=? [(F ""positive"") & ((X( loc=1 & ((X( loc=115 & ((X( loc=240 & ((X( loc=257 & ((X( loc=266 & ((X( loc=3330 & ((X( loc=3355 & (X( loc=943|loc=944 )))))))))))))))))))))))]",8,0.0012999033445928233,158.515,120.933,random_path,600
0,out/models/model_spotify500_model-it_5.prism,"Pmax=? [(F ""positive"") & ((X( loc=1 & ((X( loc=84 & ((X( loc=209 & ((X( loc=253|loc=255|loc=256 & ((X( loc=262|loc=264|loc=265 & ((X( loc=485 & ((X( loc=821 & ((X( loc=943|loc=944 & (X( loc=946|loc=947 ))))))))))))))))))))))))))]",9,0.0025756819135299594,163.478,121.559,random_path,600
0,out/models/model_spotify500_model-it_5.prism,"Pmax=? [(F ""positive"") & ((X( loc=1 & ((X( loc=4 & ((X( loc=129 & ((X( loc=257 & ((X( loc=266 & ((X( loc=3014 & (X( loc=3044 ))))))))))))))))))))]",7,0.0,1.183,126.226,actual_path,600
0,out/models/model_spotify500_model-it_5.prism,"Pmax=? [(F ""positive"") & ((X( loc=1 & ((X( loc=114 & ((X( loc=239 & ((X( loc=254|loc=259 & ((X( loc=263|loc=268 & ((X( loc=2114 & ((X( loc=2159 & ((X( loc=943|loc=944 & (X( loc=946|loc=947 ))))))))))))))))))))))))))]",9,0.001288871284049411,156.35,119.477,random_path,600
0,out/models/model_spotify500_model-it_5.prism,"Pmax=? [(F ""positive"") & ((X( loc=1 & ((X( loc=61 & ((X( loc=186 & ((X( loc=260 & ((X( loc=269 & ((X( loc=521 & ((X( loc=857 & ((X( loc=942 & (X( loc=945 ))))))))))))))))))))))))))]",9,0.0011832028267503287,158.366,121.428,random_path,600
0,out/models/model_spotify500_model-it_5.prism,"Pmax=? [(F ""positive"") & ((X( loc=1 & ((X( loc=37 & ((X( loc=162 & ((X( loc=254|loc=259 & ((X( loc=263|loc=268 & ((X( loc=1056 & ((X( loc=1233 & ((X( loc=942 & (X( loc=945 ))))))))))))))))))))))))))]",9,0.0,3.74,124.847,actual_path,600
0,out/models/model_spotify500_model-it_5.prism,"Pmax=? [(F ""positive"") & ((X( loc=1 & ((X( loc=121 & ((X( loc=246 & ((X( loc=253|loc=255|loc=256 & ((X( loc=262|loc=264|loc=265 & ((X( loc=993 & ((X( loc=1170 & ((X( loc=943|loc=944 & (X( loc=946|loc=947 ))))))))))))))))))))))))))]",9,0.0012878409567649797,157.399,124.22,random_path,600
0,out/models/model_spotify500_model-it_5.prism,"Pmax=? [(F ""positive"") & ((X( loc=1 & ((X( loc=40 & ((X( loc=165 & ((X( loc=253|loc=255|loc=256 & ((X( loc=262|loc=264|loc=265 & ((X( loc=980 & ((X( loc=1157 & ((X( loc=943|loc=944 & (X( loc=946|loc=947 ))))))))))))))))))))))))))]",9,0.0,5.968,122.271,actual_path,600
0,out/models/model_spotify500_model-it_5.prism,"Pmax=? [(F ""positive"") & ((X( loc=1 & ((X( loc=37 & ((X( loc=162 & ((X( loc=254|loc=259 & ((X( loc=263|loc=268 & ((X( loc=1478 & ((X( loc=1591 & ((X( loc=942 & (X( loc=945 ))))))))))))))))))))))))))]",9,0.0,3.741,120.039,actual_path,600
0,out/models/model_spotify500_model-it_5.prism,"Pmax=? [(F ""positive"") & (X( loc=1 ))]",1,0.646207823043915,144.769,121.027,actual_path,600
0,out/models/model_spotify500_model-it_5.prism,"Pmax=? [(F ""positive"") & ((X( loc=1 & ((X( loc=49 & ((X( loc=174 & ((X( loc=253|loc=255|loc=256 & ((X( loc=262|loc=264|loc=265 & ((X( loc=964 & ((X( loc=1141 & ((X( loc=943|loc=944 & (X( loc=946|loc=947 ))))))))))))))))))))))))))]",9,0.0025756819135299594,159.085,121.685,random_path,600
0,out/models/model_spotify500_model-it_5.prism,"Pmax=? [(F ""positive"") & (X( loc=1 ))]",1,0.646207823043915,150.338,120.131,actual_path,600
0,out/models/model_spotify500_model-it_5.prism,"Pmax=? [(F ""positive"") & (X( loc=1 ))]",1,0.646207823043915,142.193,120.368,actual_path,600
0,out/models/model_spotify500_model-it_5.prism,"Pmax=? [(F ""positive"") & (X( loc=1 ))]",1,0.646207823043915,146.399,120.389,actual_path,600
0,out/models/model_spotify500_model-it_5.prism,"Pmax=? [(F ""positive"") & (X( loc=1 ))]",1,0.646207823043915,151.079,124.246,actual_path,600
0,out/models/model_spotify500_model-it_5.prism,"Pmax=? [(F ""positive"") & ((X( loc=1 & (X( loc=11 )))))]",2,0.01164225731095573,156.269,120.181,actual_path,600
0,out/models/model_spotify500_model-it_5.prism,"Pmax=? [(F ""positive"") & ((X( loc=1 & (X( loc=16 )))))]",2,0.011641126747365697,157.788,124.952,actual_path,600
0,out/models/model_spotify500_model-it_5.prism,"Pmax=? [(F ""positive"") & ((X( loc=1 & (X( loc=44 )))))]",2,0.010341224703003148,155.513,120.954,actual_path,600
0,out/models/model_spotify500_model-it_6.prism, Pmax=? [F loc=1664] ,0,0.8880432729074889,15.927,102.686,reach_state,600
0,out/models/model_spotify500_model-it_5.prism,"Pmax=? [(F ""positive"") & ((X( loc=1 & (X( loc=36 )))))]",2,0.012901715298646959,157.474,123.195,actual_path,600
0,out/models/model_spotify500_model-it_5.prism,"Pmax=? [(F ""positive"") & ((X( loc=1 & ((X( loc=57 & (X( loc=182 ))))))))]",3,0.0038776446124613724,159.604,121.538,actual_path,600
0,out/models/model_spotify500_model-it_5.prism,"Pmax=? [(F ""positive"") & ((X( loc=1 & ((X( loc=60 & (X( loc=185 ))))))))]",3,0.005165485569226352,153.12,121.524,actual_path,600
0,out/models/model_spotify500_model-it_5.prism,"Pmax=? [(F ""positive"") & ((X( loc=1 & ((X( loc=11 & (X( loc=136 ))))))))]",3,0.01164225731095573,162.405,119.625,actual_path,600
0,out/models/model_spotify500_model-it_5.prism,"Pmax=? [(F ""positive"") & ((X( loc=1 & ((X( loc=65 & ((X( loc=190 & (X( loc=257 )))))))))))]",4,0.0012999033445928233,156.92,118.126,actual_path,600
0,out/models/model_spotify500_model-it_6.prism, Pmax=? [F loc=3086] ,0,0.7128453647831302,78.54,101.358,reach_state,600
0,out/models/model_spotify500_model-it_5.prism,"Pmax=? [(F ""positive"") & ((X( loc=1 & ((X( loc=75 & ((X( loc=200 & (X( loc=254|loc=259 )))))))))))]",4,0.001288871284049411,157.505,125.953,actual_path,600
0,out/models/model_spotify500_model-it_5.prism,"Pmax=? [(F ""positive"") & ((X( loc=1 & ((X( loc=16 & ((X( loc=141 & ((X( loc=253|loc=255|loc=256 & (X( loc=262|loc=264|loc=265 ))))))))))))))]",5,0.0025756819135299585,151.213,121.848,actual_path,600
0,out/models/model_spotify500_model-it_5.prism,"Pmax=? [(F ""positive"") & ((X( loc=1 & ((X( loc=14 & ((X( loc=139 & ((X( loc=253|loc=255|loc=256 & (X( loc=262|loc=264|loc=265 ))))))))))))))]",5,0.0012878409567649797,151.133,121.028,actual_path,600
0,out/models/model_spotify500_model-it_5.prism,"Pmax=? [(F ""positive"") & ((X( loc=1 & ((X( loc=56 & ((X( loc=181 & ((X( loc=254|loc=259 & (X( loc=263|loc=268 ))))))))))))))]",5,0.014174734406746973,157.895,119.268,actual_path,600
0,out/models/model_spotify500_model-it_5.prism,"Pmax=? [(F ""positive"") & ((X( loc=1 & ((X( loc=32 & ((X( loc=157 & ((X( loc=257 & (X( loc=266 ))))))))))))))]",5,0.001299903344592823,156.148,119.584,actual_path,600
0,out/models/model_spotify500_model-it_5.prism,"Pmax=? [(F ""positive"") & ((X( loc=1 & ((X( loc=43 & ((X( loc=168 & ((X( loc=257 & (X( loc=266 ))))))))))))))]",5,0.0025998066891856466,157.359,123.752,actual_path,600
0,out/models/model_spotify500_model-it_5.prism,"Pmax=? [(F ""positive"") & ((X( loc=1 & ((X( loc=17 & ((X( loc=142 & ((X( loc=253|loc=255|loc=256 & ((X( loc=262|loc=264|loc=265 & (X( loc=306 )))))))))))))))))]",6,0.0012878409567649797,155.025,120.08,actual_path,600
0,out/models/model_spotify500_model-it_6.prism, Pmax=? [F loc=968] ,0,0.7918173205704532,97.591,101.538,reach_state,600
0,out/models/model_spotify500_model-it_5.prism,"Pmax=? [(F ""positive"") & ((X( loc=1 & ((X( loc=15 & ((X( loc=140 & ((X( loc=257 & ((X( loc=266 & (X( loc=468 )))))))))))))))))]",6,0.0025828098011693662,152.39,122.288,actual_path,600
0,out/models/model_spotify500_model-it_5.prism,"Pmax=? [(F ""positive"") & ((X( loc=1 & ((X( loc=76 & ((X( loc=201 & ((X( loc=253|loc=255|loc=256 & ((X( loc=262|loc=264|loc=265 & ((X( loc=2809 & (X( loc=2842 ))))))))))))))))))))]",7,0.003866036395218897,153.781,122.222,actual_path,600
0,out/models/model_spotify500_model-it_6.prism, Pmax=? [F loc=3476] ,0,0.002397096143299563,103.949,102.055,reach_state,600
0,out/models/model_spotify500_model-it_6.prism, Pmax=? [F loc=681] ,0,0.12562078905079135,100.839,98.602,reach_state,600
0,out/models/model_spotify500_model-it_5.prism,"Pmax=? [(F ""positive"") & ((X( loc=1 & ((X( loc=43 & ((X( loc=168 & ((X( loc=253|loc=255|loc=256 & ((X( loc=262|loc=264|loc=265 & ((X( loc=317 & ((X( loc=653 & (X( loc=942 )))))))))))))))))))))))]",8,0.0025756819135299594,150.039,120.477,actual_path,600
0,out/models/model_spotify500_model-it_5.prism,"Pmax=? [(F ""positive"") & ((X( loc=1 & ((X( loc=33 & ((X( loc=158 & ((X( loc=253|loc=255|loc=256 & ((X( loc=262|loc=264|loc=265 & ((X( loc=279 & (X( loc=615 ))))))))))))))))))))]",7,0.0012878409567649795,156.733,121.346,actual_path,600
0,out/models/model_spotify500_model-it_6.prism, Pmax=? [F loc=1989] ,0,0.002397096143299561,103.617,100.909,reach_state,600
0,out/models/model_spotify500_model-it_6.prism, Pmax=? [F loc=1971] ,0,0.009346301764426202,102.018,104.167,reach_state,600
0,out/models/model_spotify500_model-it_5.prism,"Pmax=? [(F ""positive"") & ((X( loc=1 & ((X( loc=42 & ((X( loc=167 & ((X( loc=257 & ((X( loc=266 & ((X( loc=472 & ((X( loc=808 & (X( loc=943|loc=944 )))))))))))))))))))))))]",8,0.005571014333969242,157.807,121.674,actual_path,600
0,out/models/model_spotify500_model-it_5.prism,"Pmax=? [(F ""positive"") & ((X( loc=1 & ((X( loc=42 & ((X( loc=167 & ((X( loc=258 & ((X( loc=267 & ((X( loc=315 & ((X( loc=651 & (X( loc=943|loc=944 )))))))))))))))))))))))]",8,0.0013287900855837747,153.564,124.977,actual_path,600
0,out/models/model_spotify500_model-it_5.prism,"Pmax=? [(F ""positive"") & ((X( loc=1 & ((X( loc=43 & ((X( loc=168 & ((X( loc=257 & ((X( loc=266 & ((X( loc=1328 & ((X( loc=1367 & (X( loc=943|loc=944 )))))))))))))))))))))))]",8,0.0014443370495475813,157.236,121.482,actual_path,600
0,out/models/model_spotify500_model-it_6.prism, Pmax=? [F loc=875] ,0,0.014045892051981796,106.089,97.804,reach_state,600
0,out/models/model_spotify500_model-it_6.prism, Pmax=? [F loc=3541] ,0,0.006809766060689379,106.407,99.774,reach_state,600
0,out/models/model_spotify500_model-it_6.prism, Pmax=? [F loc=1642] ,0,0.004607367568625016,101.744,100.687,reach_state,600
0,out/models/model_spotify500_model-it_5.prism,"Pmax=? [(F ""positive"") & ((X( loc=1 & ((X( loc=25 & ((X( loc=150 & ((X( loc=257 & ((X( loc=266 & ((X( loc=1400 & ((X( loc=1513 & ((X( loc=943|loc=944 & (X( loc=946|loc=947 ))))))))))))))))))))))))))]",9,0.005307938657087362,158.091,120.283,actual_path,600
0,out/models/model_spotify500_model-it_6.prism,"Pmax=? [(F ""positive"") & (!(""positive"") U loc=240)]",0,0.0013479161025335062,112.113,100.648,avoid_state,600
0,out/models/model_spotify500_model-it_6.prism,"Pmax=? [(F ""positive"") & (!(""positive"") U loc=674)]",0,0.6008460826444668,112.76,98.517,avoid_state,600
0,out/models/model_spotify500_model-it_6.prism,"Pmax=? [(F ""positive"") & (!(""positive"") U loc=3696)]",0,0.001600053141836308,121.031,97.516,avoid_state,600
0,out/models/model_spotify500_model-it_6.prism,"Pmax=? [(F ""positive"") & (!(""positive"") U loc=8)]",0,0.005392280552811293,115.149,98.728,avoid_state,600
0,out/models/model_spotify500_model-it_6.prism,"Pmax=? [(F ""positive"") & (!(""positive"") U loc=1552)]",0,0.008802630334352858,120.614,98.924,avoid_state,600
0,out/models/model_spotify500_model-it_6.prism,"Pmax=? [(F ""positive"") & (!(""positive"") U loc=1599)]",0,0.551177518352258,115.129,99.472,avoid_state,600
0,out/models/model_spotify500_model-it_6.prism,"Pmax=? [(F ""positive"") & (!(""positive"") U loc=1086)]",0,0.004754539622139192,120.014,100.666,avoid_state,600
0,out/models/model_spotify500_model-it_6.prism,"Pmax=? [(F ""positive"") & (!(""positive"") U loc=3795)]",0,0.163828206469693,116.249,97.976,avoid_state,600
0,out/models/model_spotify500_model-it_6.prism,"Pmax=? [(F ""positive"") & (X( loc=1 ))]",1,0.6762813305014773,104.053,102.412,random_path,600
0,out/models/model_spotify500_model-it_6.prism,"Pmax=? [(F ""positive"") & (!(""positive"") U loc=3211)]",0,0.551177518352258,115.712,101.727,avoid_state,600
0,out/models/model_spotify500_model-it_6.prism,"Pmax=? [(F ""positive"") & (X( loc=1 ))]",1,0.6762813305014773,104.835,100.976,random_path,600
0,out/models/model_spotify500_model-it_6.prism,"Pmax=? [(F ""positive"") & (X( loc=1 ))]",1,0.6762813305014773,108.241,97.151,random_path,600
0,out/models/model_spotify500_model-it_6.prism,"Pmax=? [(F ""positive"") & (X( loc=1 ))]",1,0.6762813305014773,105.748,99.522,random_path,600
0,out/models/model_spotify500_model-it_6.prism,"Pmax=? [(F ""positive"") & (X( loc=1 ))]",1,0.6762813305014773,104.307,100.067,random_path,600
0,out/models/model_spotify500_model-it_6.prism,"Pmax=? [(F ""positive"") & (!(""positive"") U loc=3215)]",0,0.004754539622139204,119.329,98.848,avoid_state,600
0,out/models/model_spotify500_model-it_6.prism,"Pmax=? [(F ""positive"") & ((X( loc=1 & (X( loc=119 )))))]",2,0.0013617760234718229,117.168,98.267,random_path,600
0,out/models/model_spotify500_model-it_6.prism,"Pmax=? [(F ""positive"") & ((X( loc=1 & (X( loc=102 )))))]",2,0.0026958322050670124,114.361,98.565,random_path,600
0,out/models/model_spotify500_model-it_6.prism,"Pmax=? [(F ""positive"") & ((X( loc=1 & (X( loc=119 )))))]",2,0.0013617760234718229,115.193,99.345,random_path,600
0,out/models/model_spotify500_model-it_6.prism,"Pmax=? [(F ""positive"") & ((X( loc=1 & ((X( loc=110 & (X( loc=234 ))))))))]",3,0.0013479161025335062,112.962,95.6,random_path,600
0,out/models/model_spotify500_model-it_6.prism,"Pmax=? [(F ""positive"") & ((X( loc=1 & ((X( loc=81 & (X( loc=205 ))))))))]",3,0.0013493189786309696,116.615,95.764,random_path,600
0,out/models/model_spotify500_model-it_6.prism,"Pmax=? [(F ""positive"") & ((X( loc=1 & (X( loc=42 )))))]",2,0.014897198256129843,114.648,100.619,random_path,600
0,out/models/model_spotify500_model-it_6.prism,"Pmax=? [(F ""positive"") & ((X( loc=1 & ((X( loc=117 & (X( loc=241 ))))))))]",3,0.0013479161025335062,115.79,99.618,random_path,600
0,out/models/model_spotify500_model-it_6.prism,"Pmax=? [(F ""positive"") & ((X( loc=1 & (X( loc=9 )))))]",2,0.004059011104636298,115.791,104.115,random_path,600
0,out/models/model_spotify500_model-it_6.prism,"Pmax=? [(F ""positive"") & ((X( loc=1 & ((X( loc=88 & (X( loc=212 ))))))))]",3,0.0013617760234718229,111.502,97.365,random_path,600
0,out/models/model_spotify500_model-it_6.prism,"Pmax=? [(F ""positive"") & ((X( loc=1 & ((X( loc=25 & (X( loc=149 ))))))))]",3,0.0013493189786309696,114.444,97.634,random_path,600
0,out/models/model_spotify500_model-it_6.prism,"Pmax=? [(F ""positive"") & ((X( loc=1 & ((X( loc=65 & ((X( loc=189 & (X( loc=250|loc=253 )))))))))))]",4,0.0013479161025335062,115.77,105.263,random_path,600
0,out/models/model_spotify500_model-it_6.prism,"Pmax=? [(F ""positive"") & ((X( loc=1 & ((X( loc=28 & ((X( loc=152 & (X( loc=251|loc=254 )))))))))))]",4,0.0013493189786309696,114.336,94.822,random_path,600
0,out/models/model_spotify500_model-it_6.prism,"Pmax=? [(F ""positive"") & ((X( loc=1 & ((X( loc=75 & ((X( loc=199 & (X( loc=251|loc=254 )))))))))))]",4,0.0013493189786309696,115.627,98.143,random_path,600
0,out/models/model_spotify500_model-it_6.prism,"Pmax=? [(F ""positive"") & ((X( loc=1 & ((X( loc=10 & ((X( loc=134 & (X( loc=251|loc=254 )))))))))))]",4,0.0013493189786309696,115.992,95.866,random_path,600
0,out/models/model_spotify500_model-it_6.prism,"Pmax=? [(F ""positive"") & ((X( loc=1 & ((X( loc=38 & ((X( loc=162 & (X( loc=251|loc=254 )))))))))))]",4,0.005392485933703716,112.857,96.65,random_path,600
0,out/models/model_spotify500_model-it_6.prism,"Pmax=? [(F ""positive"") & ((X( loc=1 & ((X( loc=99 & ((X( loc=223 & ((X( loc=250|loc=253 & (X( loc=258|loc=261 ))))))))))))))]",5,0.004041806121503727,116.32,95.169,random_path,600
0,out/models/model_spotify500_model-it_6.prism,"Pmax=? [(F ""positive"") & ((X( loc=1 & ((X( loc=101 & ((X( loc=225 & ((X( loc=252 & (X( loc=260 ))))))))))))))]",5,0.0013617760234718229,114.702,100.325,random_path,600
0,out/models/model_spotify500_model-it_6.prism,"Pmax=? [(F ""positive"") & ((X( loc=1 & ((X( loc=56 & ((X( loc=180 & ((X( loc=255 & (X( loc=263 ))))))))))))))]",5,0.0013617760234718229,113.981,99.374,random_path,600
0,out/models/model_spotify500_model-it_6.prism,"['start', 'companystart', 'startprofile_1_7_8', 'companystartprofile_1_7_8', 'select_context_catalog', 'companyselect_context_catalog', 'played_0_minor_0_8_9']",0,-1,0.0,0.0,actual_path,600
0,out/models/model_spotify500_model-it_6.prism,"['start', 'companystart', 'startprofile_5_7_3', 'companystartprofile_5_7_3', 'select_context_catalog', 'companyselect_context_catalog', 'played_10_major_4_5_1']",0,-1,0.0,0.0,actual_path,600
0,out/models/model_spotify500_model-it_6.prism,"Pmax=? [(F ""positive"") & ((X( loc=1 & ((X( loc=29 & ((X( loc=153 & ((X( loc=252 & (X( loc=260 ))))))))))))))]",5,0.004085328070415469,114.346,102.745,random_path,600
0,out/models/model_spotify500_model-it_6.prism,"Pmax=? [(F ""positive"") & ((X( loc=1 & ((X( loc=122 & ((X( loc=246 & ((X( loc=251|loc=254 & (X( loc=259|loc=262 ))))))))))))))]",5,0.0013493189786309696,116.397,97.528,random_path,600
0,out/models/model_spotify500_model-it_6.prism,"Pmax=? [(F ""positive"") & ((X( loc=1 & ((X( loc=13 & ((X( loc=137 & ((X( loc=251|loc=254 & ((X( loc=259|loc=262 & (X( loc=391 )))))))))))))))))]",6,3.991692609845789E-5,112.336,98.807,random_path,600
0,out/models/model_spotify500_model-it_6.prism,"Pmax=? [(F ""positive"") & ((X( loc=1 & ((X( loc=71 & ((X( loc=195 & ((X( loc=255 & ((X( loc=263 & (X( loc=1407 )))))))))))))))))]",6,0.0013483472901110226,115.7,97.241,random_path,600
0,out/models/model_spotify500_model-it_6.prism,"['start', 'companystart', 'startprofile_3_3_6', 'companystartprofile_3_3_6', 'select_context_user_collection', 'companyselect_context_user_collection', 'played_70_major_1_3_6', 'companyplayed_70_major_1_3_6']",0,-1,0.0,0.0,actual_path,600
0,out/models/model_spotify500_model-it_6.prism,"Pmax=? [(F ""positive"") & ((X( loc=1 & ((X( loc=102 & ((X( loc=226 & ((X( loc=250|loc=253 & ((X( loc=258|loc=261 & (X( loc=3609 )))))))))))))))))]",6,0.0026958322050670124,116.174,100.474,random_path,600
0,out/models/model_spotify500_model-it_6.prism,"Pmax=? [(F ""positive"") & ((X( loc=1 & ((X( loc=86 & ((X( loc=210 & ((X( loc=251|loc=254 & ((X( loc=259|loc=262 & (X( loc=1339 )))))))))))))))))]",6,0.0013493189786309696,112.814,99.326,random_path,600
0,out/models/model_spotify500_model-it_6.prism,"Pmax=? [(F ""positive"") & ((X( loc=1 & ((X( loc=46 & ((X( loc=170 & ((X( loc=250|loc=253 & ((X( loc=258|loc=261 & (X( loc=1700 )))))))))))))))))]",6,0.0013479161025335062,114.232,96.587,random_path,600
0,out/models/model_spotify500_model-it_6.prism,"Pmax=? [(F ""positive"") & ((X( loc=1 & ((X( loc=33 & ((X( loc=157 & ((X( loc=252 & ((X( loc=260 & ((X( loc=3489 & (X( loc=3503 ))))))))))))))))))))]",7,0.0013528235345646226,113.419,95.725,random_path,600
0,out/models/model_spotify500_model-it_6.prism,"Pmax=? [(F ""positive"") & ((X( loc=1 & ((X( loc=103 & ((X( loc=227 & ((X( loc=251|loc=254 & ((X( loc=259|loc=262 & ((X( loc=3927 & (X( loc=3933 ))))))))))))))))))))]",7,0.0013493189786309696,119.35,96.86,random_path,600
0,out/models/model_spotify500_model-it_6.prism,"Pmax=? [(F ""positive"") & ((X( loc=1 & ((X( loc=78 & ((X( loc=202 & ((X( loc=252 & ((X( loc=260 & ((X( loc=474 & (X( loc=822 ))))))))))))))))))))]",7,0.0013483472901110226,112.98,99.21,random_path,600
0,out/models/model_spotify500_model-it_6.prism,"Pmax=? [(F ""positive"") & ((X( loc=1 & ((X( loc=46 & ((X( loc=170 & ((X( loc=250|loc=253 & ((X( loc=258|loc=261 & ((X( loc=1393 & (X( loc=1485 ))))))))))))))))))))]",7,0.0013479161025335062,113.123,100.445,random_path,600
0,out/models/model_spotify500_model-it_6.prism,"Pmax=? [(F ""positive"") & ((X( loc=1 & ((X( loc=46 & ((X( loc=170 & ((X( loc=250|loc=253 & ((X( loc=258|loc=261 & ((X( loc=612 & (X( loc=960 ))))))))))))))))))))]",7,0.0013479161025335062,120.192,100.094,random_path,600
0,out/models/model_spotify500_model-it_6.prism,"Pmax=? [(F ""positive"") & ((X( loc=1 & ((X( loc=96 & ((X( loc=220 & ((X( loc=251|loc=254 & ((X( loc=259|loc=262 & ((X( loc=2666 & ((X( loc=2685 & (X( loc=962|loc=964 )))))))))))))))))))))))]",8,0.0026986379572619392,115.108,97.398,random_path,600
0,out/models/model_spotify500_model-it_6.prism,"['start', 'companystart', 'startprofile_3_5_6', 'companystartprofile_3_5_6', 'select_context_editorial_playlist', 'customerselect_context_editorial_playlist', 'song_60_minor_7_4_3', 'companysong_60_minor_7_4_3', 'not_skipped', 'companynot_skipped']",0,-1,0.0,0.0,actual_path,600
0,out/models/model_spotify500_model-it_6.prism,"['start', 'companystart', 'startprofile_2_6_7', 'companystartprofile_2_6_7', 'select_context_catalog', 'companyselect_context_catalog', 'played_0_minor_2_5_8', 'companyplayed_0_minor_2_5_8', 'not_skipped', 'companynot_skipped']",0,-1,0.0,0.0,actual_path,600
0,out/models/model_spotify500_model-it_6.prism,"Pmax=? [(F ""positive"") & ((X( loc=1 & ((X( loc=26 & ((X( loc=150 & ((X( loc=251|loc=254 & ((X( loc=259|loc=262 & ((X( loc=404 & ((X( loc=752 & (X( loc=962|loc=964 )))))))))))))))))))))))]",8,0.0013493189786309696,113.826,94.557,random_path,600
0,out/models/model_spotify500_model-it_6.prism,"Pmax=? [(F ""positive"") & ((X( loc=1 & ((X( loc=29 & ((X( loc=153 & ((X( loc=252 & ((X( loc=260 & ((X( loc=989 & ((X( loc=1158 & (X( loc=963 )))))))))))))))))))))))]",8,0.004085328070415469,118.001,98.673,random_path,600
0,out/models/model_spotify500_model-it_6.prism,"Pmax=? [(F ""positive"") & ((X( loc=1 & ((X( loc=14 & ((X( loc=138 & ((X( loc=252 & ((X( loc=260 & ((X( loc=2980 & ((X( loc=3004 & (X( loc=962|loc=964 )))))))))))))))))))))))]",8,0.002002375842571805,115.713,102.611,random_path,600
0,out/models/model_spotify500_model-it_6.prism,"Pmax=? [(F ""positive"") & ((X( loc=1 & ((X( loc=12 & ((X( loc=136 & ((X( loc=251|loc=254 & ((X( loc=259|loc=262 & ((X( loc=322 & ((X( loc=670 & (X( loc=963 )))))))))))))))))))))))]",8,6.052337882096991E-5,116.127,102.023,random_path,600
0,out/models/model_spotify500_model-it_6.prism,"Pmax=? [(F ""positive"") & ((X( loc=1 & ((X( loc=90 & ((X( loc=214 & ((X( loc=250|loc=253 & ((X( loc=258|loc=261 & ((X( loc=466 & ((X( loc=814 & ((X( loc=962|loc=964 & (X( loc=965|loc=967 ))))))))))))))))))))))))))]",9,0.0013479161025335062,116.753,98.927,random_path,600
0,out/models/model_spotify500_model-it_6.prism,"Pmax=? [(F ""positive"") & ((X( loc=1 & ((X( loc=92 & ((X( loc=216 & ((X( loc=251|loc=254 & ((X( loc=259|loc=262 & ((X( loc=2208 & ((X( loc=2253 & ((X( loc=963 & (X( loc=966 ))))))))))))))))))))))))))]",9,0.0026986379572619392,118.481,97.897,random_path,600
0,out/models/model_spotify500_model-it_6.prism,"Pmax=? [(F ""positive"") & ((X( loc=1 & ((X( loc=39 & ((X( loc=163 & (X( loc=255 )))))))))))]",4,0.0,0.926,98.953,actual_path,600
0,out/models/model_spotify500_model-it_6.prism,"Pmax=? [(F ""positive"") & ((X( loc=1 & ((X( loc=108 & ((X( loc=232 & ((X( loc=251|loc=254 & ((X( loc=259|loc=262 & ((X( loc=2927 & ((X( loc=2952 & ((X( loc=962|loc=964 & (X( loc=965|loc=967 ))))))))))))))))))))))))))]",9,0.0013493189786309696,117.308,101.028,random_path,600
0,out/models/model_spotify500_model-it_6.prism,"Pmax=? [(F ""positive"") & ((X( loc=1 & ((X( loc=18 & ((X( loc=142 & ((X( loc=251|loc=254 & (X( loc=259|loc=262 ))))))))))))))]",5,0.0,0.962,97.408,actual_path,600
0,out/models/model_spotify500_model-it_6.prism,"Pmax=? [(F ""positive"") & ((X( loc=1 & ((X( loc=65 & ((X( loc=189 & ((X( loc=257 & (X( loc=265 ))))))))))))))]",5,0.0,0.872,99.761,actual_path,600
0,out/models/model_spotify500_model-it_6.prism,"Pmax=? [(F ""positive"") & ((X( loc=1 & ((X( loc=79 & ((X( loc=203 & ((X( loc=255 & ((X( loc=263 & ((X( loc=2928 & ((X( loc=2953 & ((X( loc=963 & (X( loc=966 ))))))))))))))))))))))))))]",9,0.0013617760234718229,113.828,99.063,random_path,600
0,out/models/model_spotify500_model-it_6.prism,"Pmax=? [(F ""positive"") & (X( loc=1 ))]",1,0.6762813305014773,107.552,102.429,actual_path,600
0,out/models/model_spotify500_model-it_6.prism,"Pmax=? [(F ""positive"") & ((X( loc=1 & ((X( loc=101 & ((X( loc=225 & ((X( loc=252 & ((X( loc=260 & ((X( loc=1456 & ((X( loc=1548 & ((X( loc=962|loc=964 & (X( loc=965|loc=967 ))))))))))))))))))))))))))]",9,6.674586141906017E-4,117.461,97.711,random_path,600
0,out/models/model_spotify500_model-it_6.prism,"Pmax=? [(F ""positive"") & (X( loc=1 ))]",1,0.6762813305014773,109.187,100.765,actual_path,600
0,out/models/model_spotify500_model-it_6.prism,"Pmax=? [(F ""positive"") & (X( loc=1 ))]",1,0.6762813305014773,102.121,99.908,actual_path,600
0,out/models/model_spotify500_model-it_6.prism,"Pmax=? [(F ""positive"") & ((X( loc=1 & ((X( loc=7 & ((X( loc=131 & ((X( loc=250|loc=253 & ((X( loc=258|loc=261 & ((X( loc=352 & (X( loc=700 ))))))))))))))))))))]",7,0.0,1.367,96.898,actual_path,600
0,out/models/model_spotify500_model-it_6.prism,"Pmax=? [(F ""positive"") & ((X( loc=1 & ((X( loc=33 & ((X( loc=157 & ((X( loc=251|loc=254 & ((X( loc=259|loc=262 & ((X( loc=580 & (X( loc=928 ))))))))))))))))))))]",7,0.0,1.454,95.88,actual_path,600
0,out/models/model_spotify500_model-it_6.prism,"Pmax=? [(F ""positive"") & (X( loc=1 ))]",1,0.6762813305014773,106.123,99.955,actual_path,600
0,out/models/model_spotify500_model-it_6.prism,"Pmax=? [(F ""positive"") & ((X( loc=1 & ((X( loc=11 & ((X( loc=135 & ((X( loc=252 & ((X( loc=260 & ((X( loc=1584 & (X( loc=1626 ))))))))))))))))))))]",7,0.0,0.962,95.27,actual_path,600
0,out/models/model_spotify500_model-it_6.prism,"Pmax=? [(F ""positive"") & (X( loc=1 ))]",1,0.6762813305014773,106.227,97.38,actual_path,600
0,out/models/model_spotify500_model-it_6.prism,"Pmax=? [(F ""positive"") & ((X( loc=1 & (X( loc=12 )))))]",2,0.01756613214288991,112.486,95.971,actual_path,600
0,out/models/model_spotify500_model-it_6.prism,"Pmax=? [(F ""positive"") & ((X( loc=1 & ((X( loc=29 & ((X( loc=153 & ((X( loc=251|loc=254 & ((X( loc=259|loc=262 & ((X( loc=486 & ((X( loc=834 & (X( loc=962|loc=964 )))))))))))))))))))))))]",8,0.0,1.9,97.367,actual_path,600
0,out/models/model_spotify500_model-it_6.prism,"Pmax=? [(F ""positive"") & ((X( loc=1 & (X( loc=52 )))))]",2,0.009450504924027395,113.887,96.741,actual_path,600
0,out/models/model_spotify500_model-it_6.prism,"Pmax=? [(F ""positive"") & ((X( loc=1 & (X( loc=29 )))))]",2,0.009477814004119185,114.54,98.688,actual_path,600
0,out/models/model_spotify500_model-it_6.prism,"Pmax=? [(F ""positive"") & ((X( loc=1 & (X( loc=56 )))))]",2,0.013505802247213039,113.144,96.051,actual_path,600
0,out/models/model_spotify500_model-it_6.prism,"Pmax=? [(F ""positive"") & ((X( loc=1 & (X( loc=13 )))))]",2,0.009463954083180867,113.845,100.84,actual_path,600
0,out/models/model_spotify500_model-it_6.prism,"Pmax=? [(F ""positive"") & ((X( loc=1 & ((X( loc=42 & (X( loc=166 ))))))))]",3,0.014897198256129843,112.948,96.903,actual_path,600
0,out/models/model_spotify500_model-it_6.prism,"Pmax=? [(F ""positive"") & ((X( loc=1 & ((X( loc=112 & ((X( loc=236 & ((X( loc=251|loc=254 & ((X( loc=259|loc=262 & ((X( loc=302 & ((X( loc=650 & (X( loc=963 )))))))))))))))))))))))]",8,0.0,1.887,98.92,actual_path,600
0,out/models/model_spotify500_model-it_6.prism,"Pmax=? [(F ""positive"") & ((X( loc=1 & ((X( loc=37 & ((X( loc=161 & ((X( loc=257 & ((X( loc=265 & ((X( loc=339 & ((X( loc=687 & (X( loc=963 )))))))))))))))))))))))]",8,0.0,1.189,101.605,actual_path,600
0,out/models/model_spotify500_model-it_6.prism,"Pmax=? [(F ""positive"") & ((X( loc=1 & ((X( loc=39 & (X( loc=163 ))))))))]",3,0.018980378759556094,114.924,96.365,actual_path,600
0,out/models/model_spotify500_model-it_6.prism,"Pmax=? [(F ""positive"") & ((X( loc=1 & ((X( loc=37 & ((X( loc=161 & ((X( loc=251|loc=254 & ((X( loc=259|loc=262 & ((X( loc=1050 & ((X( loc=1219 & ((X( loc=962|loc=964 & (X( loc=965|loc=967 ))))))))))))))))))))))))))]",9,0.0,5.29,97.519,actual_path,600
0,out/models/model_spotify500_model-it_6.prism,"Pmax=? [(F ""positive"") & ((X( loc=1 & ((X( loc=30 & (X( loc=154 ))))))))]",3,0.013508113152566233,116.112,101.247,actual_path,600
0,out/models/model_spotify500_model-it_6.prism,"Pmax=? [(F ""positive"") & ((X( loc=1 & ((X( loc=72 & (X( loc=196 ))))))))]",3,0.008144339175051767,114.763,97.817,actual_path,600
0,out/models/model_spotify500_model-it_6.prism,"Pmax=? [(F ""positive"") & ((X( loc=1 & ((X( loc=35 & (X( loc=159 ))))))))]",3,0.0040465540597954455,114.872,100.449,actual_path,600
0,out/models/model_spotify500_model-it_6.prism,"Pmax=? [(F ""positive"") & ((X( loc=1 & ((X( loc=57 & ((X( loc=181 & (X( loc=251|loc=254 )))))))))))]",4,0.006740607417129644,114.024,100.14,actual_path,600
0,out/models/model_spotify500_model-it_6.prism,"Pmax=? [(F ""positive"") & ((X( loc=1 & ((X( loc=57 & ((X( loc=181 & (X( loc=251|loc=254 )))))))))))]",4,0.006740607417129644,112.859,95.48,actual_path,600
0,out/models/model_spotify500_model-it_6.prism,"Pmax=? [(F ""positive"") & ((X( loc=1 & ((X( loc=84 & ((X( loc=208 & (X( loc=250|loc=253 )))))))))))]",4,0.0013479161025335062,114.66,99.53,actual_path,600
0,out/models/model_spotify500_model-it_6.prism,"Pmax=? [(F ""positive"") & ((X( loc=1 & ((X( loc=16 & ((X( loc=140 & (X( loc=252 )))))))))))]",4,0.0027235520469436458,115.156,104.483,actual_path,600
0,out/models/model_spotify500_model-it_6.prism,"Pmax=? [(F ""positive"") & ((X( loc=1 & ((X( loc=100 & ((X( loc=224 & ((X( loc=255 & (X( loc=263 ))))))))))))))]",5,0.0013617760234718229,112.114,98.413,actual_path,600
0,out/models/model_spotify500_model-it_6.prism,"Pmax=? [(F ""positive"") & ((X( loc=1 & ((X( loc=11 & ((X( loc=135 & ((X( loc=250|loc=253 & ((X( loc=258|loc=261 & (X( loc=292 )))))))))))))))))]",6,0.0026958322050670124,111.424,95.893,actual_path,600
0,out/models/model_spotify500_model-it_6.prism,"Pmax=? [(F ""positive"") & ((X( loc=1 & ((X( loc=38 & ((X( loc=162 & ((X( loc=251|loc=254 & (X( loc=259|loc=262 ))))))))))))))]",5,0.005392485933703716,115.408,96.853,actual_path,600
0,out/models/model_spotify500_model-it_6.prism,"Pmax=? [(F ""positive"") & ((X( loc=1 & ((X( loc=9 & ((X( loc=133 & ((X( loc=250|loc=253 & (X( loc=258|loc=261 ))))))))))))))]",5,0.0013479161025335062,116.367,98.314,actual_path,600
0,out/models/model_spotify500_model-it_6.prism,"Pmax=? [(F ""positive"") & ((X( loc=1 & ((X( loc=20 & ((X( loc=144 & ((X( loc=251|loc=254 & ((X( loc=259|loc=262 & (X( loc=303 )))))))))))))))))]",6,9.018823563764149E-5,111.37,95.667,actual_path,600
0,out/models/model_spotify500_model-it_7.prism, Pmax=? [F loc=2711] ,0,0.8859275140040345,22.959,104.635,reach_state,600
0,out/models/model_spotify500_model-it_6.prism,"Pmax=? [(F ""positive"") & ((X( loc=1 & ((X( loc=38 & ((X( loc=162 & ((X( loc=252 & ((X( loc=260 & (X( loc=339 )))))))))))))))))]",6,0.008085229981620062,115.044,99.157,actual_path,600
0,out/models/model_spotify500_model-it_6.prism,"Pmax=? [(F ""positive"") & ((X( loc=1 & ((X( loc=71 & ((X( loc=195 & ((X( loc=251|loc=254 & ((X( loc=259|loc=262 & ((X( loc=519 & (X( loc=867 ))))))))))))))))))))]",7,0.0013493189786309696,114.144,99.906,actual_path,600
0,out/models/model_spotify500_model-it_7.prism, Pmax=? [F loc=1863] ,0,0.7236995563221688,83.635,104.13,reach_state,600
0,out/models/model_spotify500_model-it_6.prism,"Pmax=? [(F ""positive"") & ((X( loc=1 & ((X( loc=38 & ((X( loc=162 & ((X( loc=252 & ((X( loc=260 & ((X( loc=339 & ((X( loc=687 & (X( loc=962|loc=964 )))))))))))))))))))))))]",8,0.0042460017866582855,118.388,100.18,actual_path,600
0,out/models/model_spotify500_model-it_7.prism, Pmax=? [F loc=2992] ,0,0.8039202720053245,72.49,105.159,reach_state,600
0,out/models/model_spotify500_model-it_7.prism, Pmax=? [F loc=3208] ,0,0.8039202720053245,71.289,106.578,reach_state,600
0,out/models/model_spotify500_model-it_6.prism,"Pmax=? [(F ""positive"") & ((X( loc=1 & ((X( loc=16 & ((X( loc=140 & ((X( loc=255 & ((X( loc=263 & ((X( loc=545 & ((X( loc=893 & (X( loc=962|loc=964 )))))))))))))))))))))))]",8,0.0013349172283812034,115.867,97.111,actual_path,600
0,out/models/model_spotify500_model-it_7.prism, Pmax=? [F loc=3921] ,0,0.7236995563221688,84.588,107.573,reach_state,600
0,out/models/model_spotify500_model-it_6.prism,"Pmax=? [(F ""positive"") & ((X( loc=1 & ((X( loc=57 & ((X( loc=181 & ((X( loc=250|loc=253 & ((X( loc=258|loc=261 & ((X( loc=472 & ((X( loc=820 & ((X( loc=963 & (X( loc=966 ))))))))))))))))))))))))))]",9,3.344713040106232E-5,117.9,98.429,actual_path,600
0,out/models/model_spotify500_model-it_6.prism,"Pmax=? [(F ""positive"") & ((X( loc=1 & ((X( loc=79 & ((X( loc=203 & ((X( loc=251|loc=254 & ((X( loc=259|loc=262 & ((X( loc=3879 & ((X( loc=3891 & ((X( loc=962|loc=964 & (X( loc=965|loc=967 ))))))))))))))))))))))))))]",9,0.0013493189786309696,118.53,99.913,actual_path,600
0,out/models/model_spotify500_model-it_7.prism, Pmax=? [F loc=1168] ,0,0.004198542734951868,113.428,104.502,reach_state,600
0,out/models/model_spotify500_model-it_7.prism, Pmax=? [F loc=1732] ,0,0.01705039298696519,112.751,105.197,reach_state,600
0,out/models/model_spotify500_model-it_7.prism, Pmax=? [F loc=2942] ,0,0.7236995563221688,84.466,107.097,reach_state,600
0,out/models/model_spotify500_model-it_7.prism, Pmax=? [F loc=2853] ,0,0.0021034702399110815,113.282,107.084,reach_state,600
0,out/models/model_spotify500_model-it_7.prism, Pmax=? [F loc=2276] ,0,0.0021977695955575803,112.728,105.282,reach_state,600
0,out/models/model_spotify500_model-it_7.prism,"Pmax=? [(F ""positive"") & (!(""positive"") U loc=1993)]",0,0.0014852993240137278,127.334,109.717,avoid_state,600
0,out/models/model_spotify500_model-it_7.prism,"Pmax=? [(F ""positive"") & (!(""positive"") U loc=634)]",0,0.5989825776688016,123.471,103.237,avoid_state,600
0,out/models/model_spotify500_model-it_7.prism,"Pmax=? [(F ""positive"") & (!(""positive"") U loc=1215)]",0,0.5942583858955245,126.04,105.218,avoid_state,600
0,out/models/model_spotify500_model-it_7.prism,"Pmax=? [(F ""positive"") & (!(""positive"") U loc=777)]",0,0.002761338849392907,129.042,105.95,avoid_state,600
0,out/models/model_spotify500_model-it_7.prism,"Pmax=? [(F ""positive"") & (!(""positive"") U loc=891)]",0,0.582590294009555,125.463,105.091,avoid_state,600
0,out/models/model_spotify500_model-it_7.prism,"Pmax=? [(F ""positive"") & (X( loc=1 ))]",1,0.6699767389067105,116.593,105.312,random_path,600
0,out/models/model_spotify500_model-it_7.prism,"Pmax=? [(F ""positive"") & (X( loc=1 ))]",1,0.6699767389067105,112.39,106.957,random_path,600
0,out/models/model_spotify500_model-it_7.prism,"Pmax=? [(F ""positive"") & (!(""positive"") U loc=239)]",0,0.0013333882949903458,126.048,103.438,avoid_state,600
0,out/models/model_spotify500_model-it_7.prism,"Pmax=? [(F ""positive"") & (!(""positive"") U loc=3967)]",0,0.4890743689930255,126.641,105.293,avoid_state,600
0,out/models/model_spotify500_model-it_7.prism,"Pmax=? [(F ""positive"") & (X( loc=1 ))]",1,0.6699767389067105,116.6,105.287,random_path,600
0,out/models/model_spotify500_model-it_7.prism,"Pmax=? [(F ""positive"") & (X( loc=1 ))]",1,0.6699767389067105,113.309,106.187,random_path,600
0,out/models/model_spotify500_model-it_7.prism,"Pmax=? [(F ""positive"") & (!(""positive"") U loc=2372)]",0,0.0014215707802911267,128.014,104.559,avoid_state,600
0,out/models/model_spotify500_model-it_7.prism,"Pmax=? [(F ""positive"") & (X( loc=1 ))]",1,0.6699767389067105,116.714,108.38,random_path,600
0,out/models/model_spotify500_model-it_7.prism,"Pmax=? [(F ""positive"") & (!(""positive"") U loc=2220)]",0,0.0014852993240137278,126.608,108.632,avoid_state,600
0,out/models/model_spotify500_model-it_7.prism,"Pmax=? [(F ""positive"") & (!(""positive"") U loc=3013)]",0,0.002823089266908571,127.168,110.284,avoid_state,600
0,out/models/model_spotify500_model-it_7.prism,"Pmax=? [(F ""positive"") & ((X( loc=1 & (X( loc=108 )))))]",2,0.001334461425021825,127.229,106.627,random_path,600
0,out/models/model_spotify500_model-it_7.prism,"Pmax=? [(F ""positive"") & ((X( loc=1 & (X( loc=108 )))))]",2,0.001334461425021825,127.611,107.048,random_path,600
0,out/models/model_spotify500_model-it_7.prism,"Pmax=? [(F ""positive"") & ((X( loc=1 & (X( loc=19 )))))]",2,0.0026849606406274353,127.052,101.25,random_path,600
0,out/models/model_spotify500_model-it_7.prism,"Pmax=? [(F ""positive"") & ((X( loc=1 & (X( loc=106 )))))]",2,0.0013333882949903458,125.492,105.561,random_path,600
0,out/models/model_spotify500_model-it_7.prism,"Pmax=? [(F ""positive"") & ((X( loc=1 & (X( loc=43 )))))]",2,0.0013333882949903458,127.782,107.807,random_path,600
0,out/models/model_spotify500_model-it_7.prism,"Pmax=? [(F ""positive"") & ((X( loc=1 & ((X( loc=92 & (X( loc=211 ))))))))]",3,0.001334461425021825,125.794,108.822,random_path,600
0,out/models/model_spotify500_model-it_7.prism,"Pmax=? [(F ""positive"") & ((X( loc=1 & ((X( loc=32 & (X( loc=151 ))))))))]",3,0.02537957048559382,129.318,106.921,random_path,600
0,out/models/model_spotify500_model-it_7.prism,"Pmax=? [(F ""positive"") & ((X( loc=1 & ((X( loc=59 & (X( loc=178 ))))))))]",3,0.006705455836308175,123.939,109.807,random_path,600
0,out/models/model_spotify500_model-it_7.prism,"Pmax=? [(F ""positive"") & ((X( loc=1 & ((X( loc=38 & (X( loc=157 ))))))))]",3,0.014814889910130713,125.587,105.341,random_path,600
0,out/models/model_spotify500_model-it_7.prism,"Pmax=? [(F ""positive"") & ((X( loc=1 & ((X( loc=21 & (X( loc=140 ))))))))]",3,0.010759099743187964,125.361,103.947,random_path,600
0,out/models/model_spotify500_model-it_7.prism,"['start', 'companystart', 'startprofile_0_9_3', 'companystartprofile_0_9_3', 'select_context_user_collection']",0,-1,0.0,0.0,actual_path,600
0,out/models/model_spotify500_model-it_7.prism,"Pmax=? [(F ""positive"") & ((X( loc=1 & ((X( loc=52 & ((X( loc=171 & (X( loc=241|loc=244 )))))))))))]",4,0.001334461425021825,125.814,104.452,random_path,600
0,out/models/model_spotify500_model-it_7.prism,"Pmax=? [(F ""positive"") & ((X( loc=1 & ((X( loc=17 & ((X( loc=136 & (X( loc=242 )))))))))))]",4,0.0054062893825483575,124.478,107.015,random_path,600
0,out/models/model_spotify500_model-it_7.prism,"Pmax=? [(F ""positive"") & ((X( loc=1 & ((X( loc=16 & ((X( loc=135 & (X( loc=242 )))))))))))]",4,0.0013515723456370896,126.026,102.023,random_path,600
0,out/models/model_spotify500_model-it_7.prism,"Pmax=? [(F ""positive"") & ((X( loc=1 & ((X( loc=18 & ((X( loc=137 & (X( loc=245 )))))))))))]",4,0.0013515723456370896,127.099,105.698,random_path,600
0,out/models/model_spotify500_model-it_7.prism,"Pmax=? [(F ""positive"") & ((X( loc=1 & ((X( loc=47 & ((X( loc=166 & ((X( loc=240|loc=246 & (X( loc=248|loc=254 ))))))))))))))]",5,0.0013333882949903458,124.536,103.957,random_path,600
0,out/models/model_spotify500_model-it_7.prism,"Pmax=? [(F ""positive"") & ((X( loc=1 & ((X( loc=89 & ((X( loc=208 & (X( loc=240|loc=246 )))))))))))]",4,0.0026667765899806915,125.73,107.053,random_path,600
0,out/models/model_spotify500_model-it_7.prism,"Pmax=? [(F ""positive"") & ((X( loc=1 & ((X( loc=75 & ((X( loc=194 & ((X( loc=240|loc=246 & (X( loc=248|loc=254 ))))))))))))))]",5,0.004000164884971037,125.351,109.178,random_path,600
0,out/models/model_spotify500_model-it_7.prism,"Pmax=? [(F ""positive"") & ((X( loc=1 & ((X( loc=46 & ((X( loc=165 & ((X( loc=241|loc=244 & (X( loc=249|loc=252 ))))))))))))))]",5,0.00266892285004365,127.216,108.854,random_path,600
0,out/models/model_spotify500_model-it_7.prism,"['start', 'companystart', 'startprofile_3_5_6', 'companystartprofile_3_5_6', 'select_context_user_collection', 'companyselect_context_user_collection', 'played_10_minor_6_7_6']",0,-1,0.0,0.0,actual_path,600
0,out/models/model_spotify500_model-it_7.prism,"Pmax=? [(F ""positive"") & ((X( loc=1 & ((X( loc=93 & ((X( loc=212 & ((X( loc=240|loc=246 & (X( loc=248|loc=254 ))))))))))))))]",5,0.0026667765899806915,127.007,107.622,random_path,600
0,out/models/model_spotify500_model-it_7.prism,"Pmax=? [(F ""positive"") & ((X( loc=1 & ((X( loc=14 & ((X( loc=133 & ((X( loc=245 & (X( loc=253 ))))))))))))))]",5,0.0013515723456370894,129.278,105.334,random_path,600
0,out/models/model_spotify500_model-it_7.prism,"Pmax=? [(F ""positive"") & ((X( loc=1 & ((X( loc=85 & ((X( loc=204 & ((X( loc=240|loc=246 & ((X( loc=248|loc=254 & (X( loc=2760 )))))))))))))))))]",6,0.0013333882949903458,125.547,109.068,random_path,600
0,out/models/model_spotify500_model-it_7.prism,"Pmax=? [(F ""positive"") & ((X( loc=1 & ((X( loc=58 & ((X( loc=177 & ((X( loc=241|loc=244 & ((X( loc=249|loc=252 & (X( loc=3226 )))))))))))))))))]",6,0.001334461425021825,126.418,107.358,random_path,600
0,out/models/model_spotify500_model-it_7.prism,"['start', 'companystart', 'startprofile_0_5_8', 'companystartprofile_0_5_8', 'select_context_editorial_playlist', 'customerselect_context_editorial_playlist', 'song_80_minor_0_5_9', 'companysong_80_minor_0_5_9']",0,-1,0.0,0.0,actual_path,600
0,out/models/model_spotify500_model-it_7.prism,"Pmax=? [(F ""positive"") & ((X( loc=1 & ((X( loc=5 & ((X( loc=124 & ((X( loc=241|loc=244 & ((X( loc=249|loc=252 & (X( loc=2427 )))))))))))))))))]",6,0.00266892285004365,126.67,107.198,random_path,600
0,out/models/model_spotify500_model-it_7.prism,"Pmax=? [(F ""positive"") & ((X( loc=1 & ((X( loc=101 & ((X( loc=220 & ((X( loc=240|loc=246 & ((X( loc=248|loc=254 & (X( loc=309 )))))))))))))))))]",6,0.0013333882949903458,127.021,104.774,random_path,600
0,out/models/model_spotify500_model-it_7.prism,"Pmax=? [(F ""positive"") & ((X( loc=1 & ((X( loc=12 & ((X( loc=131 & ((X( loc=241|loc=244 & ((X( loc=249|loc=252 & ((X( loc=486 & (X( loc=820 ))))))))))))))))))))]",7,2.8405537476502686E-5,125.146,101.675,random_path,600
0,out/models/model_spotify500_model-it_7.prism,"Pmax=? [(F ""positive"") & ((X( loc=1 & ((X( loc=79 & ((X( loc=198 & ((X( loc=247 & ((X( loc=255 & (X( loc=1038 )))))))))))))))))]",6,0.0013350392386247791,124.306,109.52,random_path,600
0,out/models/model_spotify500_model-it_7.prism,"Pmax=? [(F ""positive"") & ((X( loc=1 & ((X( loc=38 & ((X( loc=157 & ((X( loc=243 & ((X( loc=251 & ((X( loc=2134 & (X( loc=2193 ))))))))))))))))))))]",7,0.0013151995102100064,127.722,104.27,random_path,600
0,out/models/model_spotify500_model-it_7.prism,"Pmax=? [(F ""positive"") & ((X( loc=1 & ((X( loc=98 & ((X( loc=217 & ((X( loc=245 & ((X( loc=253 & ((X( loc=2144 & (X( loc=2203 ))))))))))))))))))))]",7,0.0013273237886857008,124.937,105.826,random_path,600
0,out/models/model_spotify500_model-it_7.prism,"Pmax=? [(F ""positive"") & ((X( loc=1 & ((X( loc=3 & ((X( loc=122 & ((X( loc=240|loc=246 & ((X( loc=248|loc=254 & ((X( loc=3671 & (X( loc=3688 ))))))))))))))))))))]",7,0.0013333882949903458,122.549,106.239,random_path,600
0,out/models/model_spotify500_model-it_7.prism,"Pmax=? [(F ""positive"") & ((X( loc=1 & ((X( loc=34 & ((X( loc=153 & ((X( loc=241|loc=244 & ((X( loc=249|loc=252 & ((X( loc=418 & (X( loc=752 ))))))))))))))))))))]",7,0.001334461425021825,122.306,103.989,random_path,600
0,out/models/model_spotify500_model-it_7.prism,"Pmax=? [(F ""positive"") & ((X( loc=1 & ((X( loc=13 & ((X( loc=132 & ((X( loc=241|loc=244 & ((X( loc=249|loc=252 & ((X( loc=395 & ((X( loc=729 & (X( loc=925 )))))))))))))))))))))))]",8,2.818284664735728E-5,125.858,109.109,random_path,600
0,out/models/model_spotify500_model-it_7.prism,"Pmax=? [(F ""positive"") & ((X( loc=1 & ((X( loc=85 & ((X( loc=204 & ((X( loc=240|loc=246 & ((X( loc=248|loc=254 & ((X( loc=1978 & ((X( loc=2037 & (X( loc=924 )))))))))))))))))))))))]",8,0.0013333882949903458,125.357,106.891,random_path,600
0,out/models/model_spotify500_model-it_7.prism,"Pmax=? [(F ""positive"") & ((X( loc=1 & ((X( loc=16 & ((X( loc=135 & ((X( loc=242 & ((X( loc=250 & ((X( loc=3510 & ((X( loc=3530 & (X( loc=925 )))))))))))))))))))))))]",8,0.0013151995102100064,125.887,111.062,random_path,600
0,out/models/model_spotify500_model-it_7.prism,"Pmax=? [(F ""positive"") & ((X( loc=1 & ((X( loc=38 & ((X( loc=157 & ((X( loc=243 & ((X( loc=251 & ((X( loc=414 & ((X( loc=748 & (X( loc=924 )))))))))))))))))))))))]",8,6.238026210632721E-4,126.206,108.668,random_path,600
0,out/models/model_spotify500_model-it_7.prism,"Pmax=? [(F ""positive"") & ((X( loc=1 & ((X( loc=58 & ((X( loc=177 & ((X( loc=241|loc=244 & ((X( loc=249|loc=252 & ((X( loc=1305 & ((X( loc=1348 & (X( loc=924 )))))))))))))))))))))))]",8,0.001334461425021825,124.501,109.646,random_path,600
0,out/models/model_spotify500_model-it_7.prism,"Pmax=? [(F ""positive"") & ((X( loc=1 & ((X( loc=108 & ((X( loc=227 & ((X( loc=241|loc=244 & ((X( loc=249|loc=252 & ((X( loc=1475 & ((X( loc=1590 & ((X( loc=924 & (X( loc=926 ))))))))))))))))))))))))))]",9,0.001334461425021825,127.001,106.229,random_path,600
0,out/models/model_spotify500_model-it_7.prism,"Pmax=? [(F ""positive"") & ((X( loc=1 & ((X( loc=105 & ((X( loc=224 & ((X( loc=242 & ((X( loc=250 & ((X( loc=1780 & ((X( loc=1844 & ((X( loc=924 & (X( loc=926 ))))))))))))))))))))))))))]",9,0.0013515723456370896,127.122,104.344,random_path,600
0,out/models/model_spotify500_model-it_7.prism,"Pmax=? [(F ""positive"") & (X( loc=1 ))]",1,0.6699767389067105,113.57,105.751,actual_path,600
0,out/models/model_spotify500_model-it_7.prism,"Pmax=? [(F ""positive"") & (X( loc=1 ))]",1,0.6699767389067105,114.943,101.861,actual_path,600
0,out/models/model_spotify500_model-it_7.prism,"Pmax=? [(F ""positive"") & ((X( loc=1 & ((X( loc=61 & ((X( loc=180 & ((X( loc=241|loc=244 & ((X( loc=249|loc=252 & ((X( loc=310 & (X( loc=644 ))))))))))))))))))))]",7,0.0,1.723,108.03,actual_path,600
0,out/models/model_spotify500_model-it_7.prism,"Pmax=? [(F ""positive"") & (X( loc=1 ))]",1,0.6699767389067105,113.236,104.864,actual_path,600
0,out/models/model_spotify500_model-it_7.prism,"Pmax=? [(F ""positive"") & (X( loc=1 ))]",1,0.6699767389067105,114.992,101.921,actual_path,600
0,out/models/model_spotify500_model-it_7.prism,"Pmax=? [(F ""positive"") & ((X( loc=1 & ((X( loc=16 & ((X( loc=135 & ((X( loc=242 & ((X( loc=250 & ((X( loc=1723 & ((X( loc=1787 & ((X( loc=924 & (X( loc=926 ))))))))))))))))))))))))))]",9,0.0013515723456370896,125.167,106.455,random_path,600
0,out/models/model_spotify500_model-it_7.prism,"Pmax=? [(F ""positive"") & ((X( loc=1 & ((X( loc=39 & ((X( loc=158 & ((X( loc=242 & ((X( loc=250 & ((X( loc=2270 & ((X( loc=2320 & ((X( loc=924 & (X( loc=926 ))))))))))))))))))))))))))]",9,0.0013515723456370896,124.912,101.992,random_path,600
0,out/models/model_spotify500_model-it_7.prism,"Pmax=? [(F ""positive"") & (X( loc=1 ))]",1,0.6699767389067105,117.915,108.25,actual_path,600
0,out/models/model_spotify500_model-it_7.prism,"Pmax=? [(F ""positive"") & ((X( loc=1 & ((X( loc=45 & ((X( loc=164 & ((X( loc=241|loc=244 & ((X( loc=249|loc=252 & ((X( loc=3313 & ((X( loc=3337 & ((X( loc=925 & (X( loc=927 ))))))))))))))))))))))))))]",9,0.00266892285004365,126.883,106.96,random_path,600
0,out/models/model_spotify500_model-it_7.prism,"Pmax=? [(F ""positive"") & ((X( loc=1 & (X( loc=16 )))))]",2,0.013391829247798984,125.741,102.576,actual_path,600
0,out/models/model_spotify500_model-it_7.prism,"Pmax=? [(F ""positive"") & ((X( loc=1 & (X( loc=61 )))))]",2,0.013410013298445728,126.222,103.547,actual_path,600
0,out/models/model_spotify500_model-it_7.prism,"Pmax=? [(F ""positive"") & ((X( loc=1 & (X( loc=14 )))))]",2,0.012094130224911065,125.003,103.296,actual_path,600
0,out/models/model_spotify500_model-it_7.prism,"Pmax=? [(F ""positive"") & ((X( loc=1 & ((X( loc=10 & ((X( loc=129 & ((X( loc=245 & ((X( loc=253 & ((X( loc=3667 & ((X( loc=3684 & (X( loc=925 )))))))))))))))))))))))]",8,0.0,1.58,108.066,actual_path,600
0,out/models/model_spotify500_model-it_7.prism,"Pmax=? [(F ""positive"") & ((X( loc=1 & ((X( loc=17 & ((X( loc=136 & ((X( loc=247 & ((X( loc=255 & ((X( loc=413 & ((X( loc=747 & (X( loc=925 )))))))))))))))))))))))]",8,0.0,1.519,108.225,actual_path,600
0,out/models/model_spotify500_model-it_7.prism,"Pmax=? [(F ""positive"") & ((X( loc=1 & (X( loc=33 )))))]",2,0.021413737214343097,127.499,108.479,actual_path,600
0,out/models/model_spotify500_model-it_7.prism,"Pmax=? [(F ""positive"") & ((X( loc=1 & (X( loc=91 )))))]",2,0.006721493626891961,125.759,108.448,actual_path,600
0,out/models/model_spotify500_model-it_7.prism,"Pmax=? [(F ""positive"") & ((X( loc=1 & ((X( loc=49 & ((X( loc=168 & ((X( loc=241|loc=244 & ((X( loc=249|loc=252 & ((X( loc=459 & ((X( loc=793 & (X( loc=924 )))))))))))))))))))))))]",8,0.0,2.468,107.899,actual_path,600
0,out/models/model_spotify500_model-it_7.prism,"Pmax=? [(F ""positive"") & ((X( loc=1 & ((X( loc=21 & (X( loc=140 ))))))))]",3,0.010759099743187964,125.819,109.934,actual_path,600
0,out/models/model_spotify500_model-it_7.prism,"Pmax=? [(F ""positive"") & ((X( loc=1 & ((X( loc=9 & (X( loc=128 ))))))))]",3,0.010706189777980489,125.778,108.747,actual_path,600
0,out/models/model_spotify500_model-it_7.prism,"Pmax=? [(F ""positive"") & ((X( loc=1 & ((X( loc=32 & ((X( loc=151 & ((X( loc=241|loc=244 & ((X( loc=249|loc=252 & ((X( loc=455 & ((X( loc=789 & ((X( loc=924 & (X( loc=926 ))))))))))))))))))))))))))]",9,0.0,3.925,108.04,actual_path,600
0,out/models/model_spotify500_model-it_7.prism,"Pmax=? [(F ""positive"") & ((X( loc=1 & ((X( loc=17 & (X( loc=136 ))))))))]",3,0.024099376684161587,126.616,107.645,actual_path,600
0,out/models/model_spotify500_model-it_8.prism, Pmax=? [F loc=249] ,0,0.002,0.516,102.114,reach_state,600
0,out/models/model_spotify500_model-it_7.prism,"Pmax=? [(F ""positive"") & ((X( loc=1 & ((X( loc=32 & ((X( loc=151 & ((X( loc=245 & ((X( loc=253 & ((X( loc=422 & ((X( loc=756 & ((X( loc=925 & (X( loc=927 ))))))))))))))))))))))))))]",9,0.0,2.422,107.912,actual_path,600
0,out/models/model_spotify500_model-it_7.prism,"Pmax=? [(F ""positive"") & ((X( loc=1 & ((X( loc=33 & (X( loc=152 ))))))))]",3,0.021413737214343097,127.131,105.84,actual_path,600
0,out/models/model_spotify500_model-it_7.prism,"Pmax=? [(F ""positive"") & ((X( loc=1 & ((X( loc=42 & (X( loc=161 ))))))))]",3,0.009372232426288866,126.445,111.896,actual_path,600
0,out/models/model_spotify500_model-it_7.prism,"Pmax=? [(F ""positive"") & ((X( loc=1 & ((X( loc=18 & ((X( loc=137 & (X( loc=240|loc=246 )))))))))))]",4,0.005333553179961383,126.293,104.626,actual_path,600
0,out/models/model_spotify500_model-it_7.prism,"Pmax=? [(F ""positive"") & ((X( loc=1 & ((X( loc=16 & ((X( loc=135 & (X( loc=242 )))))))))))]",4,0.0013515723456370896,128.12,103.039,actual_path,600
0,out/models/model_spotify500_model-it_7.prism,"Pmax=? [(F ""positive"") & ((X( loc=1 & ((X( loc=42 & ((X( loc=161 & (X( loc=241|loc=244 )))))))))))]",4,0.00266892285004365,122.945,105.314,actual_path,600
0,out/models/model_spotify500_model-it_7.prism,"Pmax=? [(F ""positive"") & ((X( loc=1 & ((X( loc=54 & ((X( loc=173 & ((X( loc=241|loc=244 & (X( loc=249|loc=252 ))))))))))))))]",5,0.00266892285004365,128.285,104.344,actual_path,600
0,out/models/model_spotify500_model-it_7.prism,"Pmax=? [(F ""positive"") & ((X( loc=1 & ((X( loc=6 & ((X( loc=125 & (X( loc=240|loc=246 )))))))))))]",4,0.0013333882949903458,125.322,108.761,actual_path,600
0,out/models/model_spotify500_model-it_7.prism,"Pmax=? [(F ""positive"") & ((X( loc=1 & ((X( loc=50 & ((X( loc=169 & ((X( loc=243 & (X( loc=251 ))))))))))))))]",5,0.0013515723456370896,128.229,100.884,actual_path,600
0,out/models/model_spotify500_model-it_7.prism,"Pmax=? [(F ""positive"") & ((X( loc=1 & ((X( loc=56 & ((X( loc=175 & ((X( loc=242 & (X( loc=250 ))))))))))))))]",5,0.004054717036911269,124.512,108.609,actual_path,600
0,out/models/model_spotify500_model-it_7.prism,"Pmax=? [(F ""positive"") & ((X( loc=1 & ((X( loc=16 & ((X( loc=135 & ((X( loc=242 & (X( loc=250 ))))))))))))))]",5,0.0013515723456370896,125.421,105.766,actual_path,600
0,out/models/model_spotify500_model-it_7.prism,"Pmax=? [(F ""positive"") & ((X( loc=1 & ((X( loc=17 & ((X( loc=136 & ((X( loc=240|loc=246 & (X( loc=248|loc=254 ))))))))))))))]",5,0.002666776589980691,126.981,111.503,actual_path,600
0,out/models/model_spotify500_model-it_7.prism,"Pmax=? [(F ""positive"") & ((X( loc=1 & ((X( loc=55 & ((X( loc=174 & ((X( loc=242 & ((X( loc=250 & (X( loc=337 )))))))))))))))))]",6,0.001333684065918852,117.432,105.091,actual_path,600
0,out/models/model_spotify500_model-it_7.prism,"Pmax=? [(F ""positive"") & ((X( loc=1 & ((X( loc=33 & ((X( loc=152 & ((X( loc=242 & ((X( loc=250 & (X( loc=481 )))))))))))))))))]",6,0.004000157783770645,116.28,105.735,actual_path,600
0,out/models/model_spotify500_model-it_8.prism, Pmax=? [F loc=234] ,0,0.006,0.563,101.22,reach_state,600
0,out/models/model_spotify500_model-it_7.prism,"Pmax=? [(F ""positive"") & ((X( loc=1 & ((X( loc=38 & ((X( loc=157 & ((X( loc=241|loc=244 & ((X( loc=249|loc=252 & (X( loc=1375 )))))))))))))))))]",6,0.00266892285004365,125.012,107.906,actual_path,600
0,out/models/model_spotify500_model-it_7.prism,"Pmax=? [(F ""positive"") & ((X( loc=1 & ((X( loc=28 & ((X( loc=147 & ((X( loc=240|loc=246 & ((X( loc=248|loc=254 & (X( loc=952 )))))))))))))))))]",6,0.0013333882949903458,126.624,107.98,actual_path,600
0,out/models/model_spotify500_model-it_7.prism,"Pmax=? [(F ""positive"") & ((X( loc=1 & ((X( loc=12 & ((X( loc=131 & ((X( loc=241|loc=244 & ((X( loc=249|loc=252 & ((X( loc=287 & (X( loc=621 ))))))))))))))))))))]",7,2.85272406040589E-5,122.061,102.683,actual_path,600
0,out/models/model_spotify500_model-it_8.prism, Pmax=? [F loc=205] ,0,0.002,0.535,101.742,reach_state,600
0,out/models/model_spotify500_model-it_7.prism,"Pmax=? [(F ""positive"") & ((X( loc=1 & ((X( loc=15 & ((X( loc=134 & ((X( loc=243 & ((X( loc=251 & ((X( loc=308 & (X( loc=642 ))))))))))))))))))))]",7,0.0013349014627330098,128.07,106.428,actual_path,600
0,out/models/model_spotify500_model-it_7.prism,"Pmax=? [(F ""positive"") & ((X( loc=1 & ((X( loc=54 & ((X( loc=173 & ((X( loc=241|loc=244 & ((X( loc=249|loc=252 & ((X( loc=370 & (X( loc=704 ))))))))))))))))))))]",7,0.00266892285004365,123.47,108.68,actual_path,600
0,out/models/model_spotify500_model-it_8.prism, Pmax=? [F loc=2392] ,0,0.9103222945097977,11.99,100.459,reach_state,600
0,out/models/model_spotify500_model-it_8.prism, Pmax=? [F loc=3063] ,0,0.8492591258343528,67.361,102.462,reach_state,600
0,out/models/model_spotify500_model-it_7.prism,"Pmax=? [(F ""positive"") & ((X( loc=1 & ((X( loc=38 & ((X( loc=157 & ((X( loc=242 & ((X( loc=250 & ((X( loc=1312 & ((X( loc=1355 & (X( loc=924 )))))))))))))))))))))))]",8,0.00579245290987324,127.224,109.393,actual_path,600
0,out/models/model_spotify500_model-it_7.prism,"Pmax=? [(F ""positive"") & ((X( loc=1 & ((X( loc=34 & ((X( loc=153 & ((X( loc=241|loc=244 & ((X( loc=249|loc=252 & ((X( loc=276 & ((X( loc=610 & ((X( loc=925 & (X( loc=927 ))))))))))))))))))))))))))]",9,0.001334461425021825,126.414,101.834,actual_path,600
0,out/models/model_spotify500_model-it_7.prism,"Pmax=? [(F ""positive"") & ((X( loc=1 & ((X( loc=16 & ((X( loc=135 & ((X( loc=241|loc=244 & ((X( loc=249|loc=252 & ((X( loc=287 & ((X( loc=621 & (X( loc=924 )))))))))))))))))))))))]",8,2.1328799474339455E-5,124.232,108.079,actual_path,600
0,out/models/model_spotify500_model-it_7.prism,"Pmax=? [(F ""positive"") & ((X( loc=1 & ((X( loc=32 & ((X( loc=151 & ((X( loc=245 & ((X( loc=253 & ((X( loc=425 & ((X( loc=759 & ((X( loc=925 & (X( loc=927 ))))))))))))))))))))))))))]",9,3.287998775525016E-4,127.147,103.114,actual_path,600
0,out/models/model_spotify500_model-it_8.prism, Pmax=? [F loc=1284] ,0,0.004388832715195566,108.425,99.534,reach_state,600
0,out/models/model_spotify500_model-it_8.prism, Pmax=? [F loc=1952] ,0,0.8492591258343528,68.849,101.439,reach_state,600
0,out/models/model_spotify500_model-it_7.prism,"Pmax=? [(F ""positive"") & ((X( loc=1 & ((X( loc=92 & ((X( loc=211 & ((X( loc=241|loc=244 & ((X( loc=249|loc=252 & ((X( loc=538 & ((X( loc=872 & ((X( loc=925 & (X( loc=927 ))))))))))))))))))))))))))]",9,0.001334461425021825,126.353,105.958,actual_path,600
0,out/models/model_spotify500_model-it_8.prism, Pmax=? [F loc=3765] ,0,0.6846238690012735,80.685,102.166,reach_state,600
0,out/models/model_spotify500_model-it_8.prism, Pmax=? [F loc=2059] ,0,0.0020409712405938733,112.46,100.7,reach_state,600
0,out/models/model_spotify500_model-it_8.prism, Pmax=? [F loc=3492] ,0,0.0020409712405938677,110.293,103.162,reach_state,600
0,out/models/model_spotify500_model-it_8.prism,"Pmax=? [(F ""positive"") & (!(""positive"") U loc=232)]",0,0.0040117635912904435,116.708,98.8,avoid_state,600
0,out/models/model_spotify500_model-it_8.prism,"Pmax=? [(F ""positive"") & (!(""positive"") U loc=644)]",0,0.011204032191377392,124.747,99.078,avoid_state,600
0,out/models/model_spotify500_model-it_8.prism,"Pmax=? [(F ""positive"") & (!(""positive"") U loc=2175)]",0,0.17835392749653708,124.773,100.385,avoid_state,600
0,out/models/model_spotify500_model-it_8.prism,"Pmax=? [(F ""positive"") & (!(""positive"") U loc=2080)]",0,0.007056172221247771,124.233,102.374,avoid_state,600
0,out/models/model_spotify500_model-it_8.prism,"Pmax=? [(F ""positive"") & (!(""positive"") U loc=328)]",0,0.6080915897170118,121.569,102.341,avoid_state,600
0,out/models/model_spotify500_model-it_8.prism,"Pmax=? [(F ""positive"") & (!(""positive"") U loc=3487)]",0,0.0013494160778024763,121.547,99.015,avoid_state,600
0,out/models/model_spotify500_model-it_8.prism,"Pmax=? [(F ""positive"") & (!(""positive"") U loc=280)]",0,0.0041623986315065436,122.521,97.309,avoid_state,600
0,out/models/model_spotify500_model-it_8.prism,"Pmax=? [(F ""positive"") & (X( loc=1 ))]",1,0.6699934507253686,113.22,100.476,random_path,600
0,out/models/model_spotify500_model-it_8.prism,"Pmax=? [(F ""positive"") & (!(""positive"") U loc=761)]",0,0.0194463153093863,124.077,98.66,avoid_state,600
0,out/models/model_spotify500_model-it_8.prism,"Pmax=? [(F ""positive"") & (X( loc=1 ))]",1,0.6699934507253686,114.323,99.876,random_path,600
0,out/models/model_spotify500_model-it_8.prism,"Pmax=? [(F ""positive"") & (X( loc=1 ))]",1,0.6699934507253686,111.199,98.821,random_path,600
0,out/models/model_spotify500_model-it_8.prism,"Pmax=? [(F ""positive"") & (!(""positive"") U loc=278)]",0,0.014658513946513381,124.443,103.108,avoid_state,600
0,out/models/model_spotify500_model-it_8.prism,"Pmax=? [(F ""positive"") & (X( loc=1 ))]",1,0.6699934507253686,112.341,99.065,random_path,600
0,out/models/model_spotify500_model-it_8.prism,"Pmax=? [(F ""positive"") & (X( loc=1 ))]",1,0.6699934507253686,114.039,98.851,random_path,600
0,out/models/model_spotify500_model-it_8.prism,"Pmax=? [(F ""positive"") & (!(""positive"") U loc=2437)]",0,0.002929248551629975,127.075,103.266,avoid_state,600
0,out/models/model_spotify500_model-it_8.prism,"Pmax=? [(F ""positive"") & ((X( loc=1 & (X( loc=126 )))))]",2,0.0013348975466936778,113.31,101.425,random_path,600
0,out/models/model_spotify500_model-it_8.prism,"Pmax=? [(F ""positive"") & ((X( loc=1 & (X( loc=23 )))))]",2,0.00668548199107035,117.914,100.424,random_path,600
0,out/models/model_spotify500_model-it_8.prism,"Pmax=? [(F ""positive"") & ((X( loc=1 & (X( loc=126 )))))]",2,0.0013348975466936778,119.404,101.191,random_path,600
0,out/models/model_spotify500_model-it_8.prism,"['start', 'companystart', 'startprofile_1_4_4', 'companystartprofile_1_4_4']",0,-1,0.0,0.0,actual_path,600
0,out/models/model_spotify500_model-it_8.prism,"Pmax=? [(F ""positive"") & ((X( loc=1 & (X( loc=39 )))))]",2,0.008035887985003045,117.273,97.796,random_path,600
0,out/models/model_spotify500_model-it_8.prism,"Pmax=? [(F ""positive"") & ((X( loc=1 & (X( loc=97 )))))]",2,0.006725623416627444,120.59,99.66,random_path,600
0,out/models/model_spotify500_model-it_8.prism,"Pmax=? [(F ""positive"") & ((X( loc=1 & ((X( loc=86 & (X( loc=214 ))))))))]",3,0.009408046620260986,117.52,100.373,random_path,600
0,out/models/model_spotify500_model-it_8.prism,"Pmax=? [(F ""positive"") & ((X( loc=1 & ((X( loc=54 & (X( loc=182 ))))))))]",3,0.0026830464458078448,114.227,105.071,random_path,600
0,out/models/model_spotify500_model-it_8.prism,"Pmax=? [(F ""positive"") & ((X( loc=1 & ((X( loc=85 & (X( loc=213 ))))))))]",3,0.004030572102747712,118.374,100.657,random_path,600
0,out/models/model_spotify500_model-it_8.prism,"Pmax=? [(F ""positive"") & ((X( loc=1 & ((X( loc=112 & (X( loc=240 ))))))))]",3,0.0013355207888679785,115.079,100.612,random_path,600
0,out/models/model_spotify500_model-it_8.prism,"Pmax=? [(F ""positive"") & ((X( loc=1 & ((X( loc=99 & (X( loc=227 ))))))))]",3,0.0040299488605734105,115.014,104.063,random_path,600
0,out/models/model_spotify500_model-it_8.prism,"Pmax=? [(F ""positive"") & ((X( loc=1 & ((X( loc=52 & ((X( loc=180 & (X( loc=260|loc=264 )))))))))))]",4,0.0013355207888679785,116.016,100.029,random_path,600
0,out/models/model_spotify500_model-it_8.prism,"Pmax=? [(F ""positive"") & ((X( loc=1 & ((X( loc=3 & ((X( loc=131 & (X( loc=258|loc=262|loc=266 )))))))))))]",4,0.002669795093387355,118.158,101.245,random_path,600
0,out/models/model_spotify500_model-it_8.prism,"['start', 'companystart', 'startprofile_3_3_5', 'companystartprofile_3_3_5', 'select_context_user_collection', 'companyselect_context_user_collection']",0,-1,0.0,0.0,actual_path,600
0,out/models/model_spotify500_model-it_8.prism,"Pmax=? [(F ""positive"") & ((X( loc=1 & ((X( loc=84 & ((X( loc=212 & (X( loc=261 )))))))))))]",4,0.0013475256569398665,119.481,101.008,random_path,600
0,out/models/model_spotify500_model-it_8.prism,"Pmax=? [(F ""positive"") & ((X( loc=1 & ((X( loc=125 & ((X( loc=253 & (X( loc=259 )))))))))))]",4,0.0013475256569398665,115.164,100.246,random_path,600
0,out/models/model_spotify500_model-it_8.prism,"Pmax=? [(F ""positive"") & ((X( loc=1 & ((X( loc=103 & ((X( loc=231 & (X( loc=258|loc=262|loc=266 )))))))))))]",4,0.0026697950933873556,115.35,102.05,random_path,600
0,out/models/model_spotify500_model-it_8.prism,"Pmax=? [(F ""positive"") & ((X( loc=1 & ((X( loc=60 & ((X( loc=188 & ((X( loc=261 & (X( loc=270 ))))))))))))))]",5,0.0013475256569398665,112.503,101.536,random_path,600
0,out/models/model_spotify500_model-it_8.prism,"Pmax=? [(F ""positive"") & ((X( loc=1 & ((X( loc=49 & ((X( loc=177 & ((X( loc=260|loc=264 & (X( loc=269|loc=273 ))))))))))))))]",5,0.0026710415777359566,115.786,101.365,random_path,600
0,out/models/model_spotify500_model-it_8.prism,"Pmax=? [(F ""positive"") & ((X( loc=1 & ((X( loc=15 & ((X( loc=143 & ((X( loc=258|loc=262|loc=266 & (X( loc=267|loc=271|loc=275 ))))))))))))))]",5,0.002669795093387355,117.961,101.483,random_path,600
0,out/models/model_spotify500_model-it_8.prism,"['start', 'companystart', 'startprofile_3_8_4', 'companystartprofile_3_8_4', 'select_context_catalog', 'companyselect_context_catalog', 'played_10_major_4_8_3']",0,-1,0.0,0.0,actual_path,600
0,out/models/model_spotify500_model-it_8.prism,"Pmax=? [(F ""positive"") & ((X( loc=1 & ((X( loc=73 & ((X( loc=201 & ((X( loc=258|loc=262|loc=266 & (X( loc=267|loc=271|loc=275 ))))))))))))))]",5,0.0013348975466936778,117.934,98.805,random_path,600
0,out/models/model_spotify500_model-it_8.prism,"Pmax=? [(F ""positive"") & ((X( loc=1 & ((X( loc=62 & ((X( loc=190 & ((X( loc=260|loc=264 & ((X( loc=269|loc=273 & (X( loc=468 )))))))))))))))))]",6,8.555718456761057E-5,112.68,101.177,random_path,600
0,out/models/model_spotify500_model-it_8.prism,"Pmax=? [(F ""positive"") & ((X( loc=1 & ((X( loc=89 & ((X( loc=217 & ((X( loc=260|loc=264 & (X( loc=269|loc=273 ))))))))))))))]",5,0.0013355207888679785,117.722,100.698,random_path,600
0,out/models/model_spotify500_model-it_8.prism,"Pmax=? [(F ""positive"") & ((X( loc=1 & ((X( loc=62 & ((X( loc=190 & ((X( loc=260|loc=264 & ((X( loc=269|loc=273 & (X( loc=479 )))))))))))))))))]",6,8.52361334825693E-5,113.261,103.783,random_path,600
0,out/models/model_spotify500_model-it_8.prism,"Pmax=? [(F ""positive"") & ((X( loc=1 & ((X( loc=80 & ((X( loc=208 & ((X( loc=260|loc=264 & ((X( loc=269|loc=273 & (X( loc=2071 )))))))))))))))))]",6,0.0013355207888679785,117.985,100.071,random_path,600
0,out/models/model_spotify500_model-it_8.prism,"['start', 'companystart', 'startprofile_0_6_6', 'companystartprofile_0_6_6', 'select_context_user_collection', 'companyselect_context_user_collection', 'played_70_major_0_7_6', 'companyplayed_70_major_0_7_6', 'skipped']",0,-1,0.0,0.0,actual_path,600
0,out/models/model_spotify500_model-it_8.prism,"['start', 'companystart', 'startprofile_2_6_6', 'companystartprofile_2_6_6', 'select_context_radio', 'customerselect_context_radio', 'song_0_major_2_4_6', 'companysong_0_major_2_4_6', 'not_skipped']",0,-1,0.0,0.0,actual_path,600
0,out/models/model_spotify500_model-it_8.prism,"Pmax=? [(F ""positive"") & ((X( loc=1 & ((X( loc=13 & ((X( loc=141 & ((X( loc=263 & ((X( loc=272 & (X( loc=2440 )))))))))))))))))]",6,0.0013348842704663667,120.233,104.123,random_path,600
0,out/models/model_spotify500_model-it_8.prism,"Pmax=? [(F ""positive"") & ((X( loc=1 & ((X( loc=125 & ((X( loc=253 & ((X( loc=263 & ((X( loc=272 & (X( loc=307 )))))))))))))))))]",6,0.0013374125477610668,119.248,97.83,random_path,600
0,out/models/model_spotify500_model-it_8.prism,"Pmax=? [(F ""positive"") & ((X( loc=1 & ((X( loc=81 & ((X( loc=209 & ((X( loc=261 & ((X( loc=270 & ((X( loc=1017 & (X( loc=1180 ))))))))))))))))))))]",7,0.0013390980659575332,120.178,106.002,random_path,600
0,out/models/model_spotify500_model-it_8.prism,"Pmax=? [(F ""positive"") & ((X( loc=1 & ((X( loc=48 & ((X( loc=176 & ((X( loc=261 & ((X( loc=270 & ((X( loc=3432 & (X( loc=3444 ))))))))))))))))))))]",7,0.002695051313879733,118.702,102.423,random_path,600
0,out/models/model_spotify500_model-it_8.prism,"Pmax=? [(F ""positive"") & ((X( loc=1 & ((X( loc=66 & ((X( loc=194 & ((X( loc=260|loc=264 & ((X( loc=269|loc=273 & ((X( loc=1746 & (X( loc=1811 ))))))))))))))))))))]",7,0.002671041577735957,122.107,99.591,random_path,600
0,out/models/model_spotify500_model-it_8.prism,"Pmax=? [(F ""positive"") & ((X( loc=1 & ((X( loc=93 & ((X( loc=221 & ((X( loc=261 & ((X( loc=270 & ((X( loc=485 & (X( loc=832 ))))))))))))))))))))]",7,0.0013342189343361825,116.732,99.056,random_path,600
0,out/models/model_spotify500_model-it_8.prism,"Pmax=? [(F ""positive"") & ((X( loc=1 & ((X( loc=98 & ((X( loc=226 & ((X( loc=260|loc=264 & ((X( loc=269|loc=273 & ((X( loc=1474 & (X( loc=1582 ))))))))))))))))))))]",7,0.0013355207888679785,119.323,101.038,random_path,600
0,out/models/model_spotify500_model-it_8.prism,"Pmax=? [(F ""positive"") & ((X( loc=1 & ((X( loc=26 & ((X( loc=154 & ((X( loc=260|loc=264 & ((X( loc=269|loc=273 & ((X( loc=1459 & ((X( loc=1567 & (X( loc=970 )))))))))))))))))))))))]",8,0.0013355207888679785,119.12,99.155,random_path,600
0,out/models/model_spotify500_model-it_8.prism,"Pmax=? [(F ""positive"") & ((X( loc=1 & ((X( loc=103 & ((X( loc=231 & ((X( loc=258|loc=262|loc=266 & ((X( loc=267|loc=271|loc=275 & ((X( loc=2189 & ((X( loc=2226 & (X( loc=971|loc=972 )))))))))))))))))))))))]",8,0.0026697950933873556,122.354,105.398,random_path,600
0,out/models/model_spotify500_model-it_8.prism,"Pmax=? [(F ""positive"") & ((X( loc=1 & ((X( loc=77 & ((X( loc=205 & ((X( loc=263 & ((X( loc=272 & (X( loc=3442 )))))))))))))))))]",6,0.0,2.096,100.908,actual_path,600
0,out/models/model_spotify500_model-it_8.prism,"Pmax=? [(F ""positive"") & ((X( loc=1 & ((X( loc=14 & ((X( loc=142 & ((X( loc=263 & ((X( loc=272 & ((X( loc=2159 & ((X( loc=2175 & (X( loc=970 )))))))))))))))))))))))]",8,0.0013475256569398665,124.224,100.482,random_path,600
0,out/models/model_spotify500_model-it_8.prism,"Pmax=? [(F ""positive"") & ((X( loc=1 & ((X( loc=83 & ((X( loc=211 & ((X( loc=260|loc=264 & ((X( loc=269|loc=273 & ((X( loc=2633 & (X( loc=2669 ))))))))))))))))))))]",7,0.0,2.082,101.009,actual_path,600
0,out/models/model_spotify500_model-it_8.prism,"Pmax=? [(F ""positive"") & ((X( loc=1 & ((X( loc=50 & ((X( loc=178 & ((X( loc=260|loc=264 & ((X( loc=269|loc=273 & ((X( loc=364 & (X( loc=711 ))))))))))))))))))))]",7,0.0,1.769,101.49,actual_path,600
0,out/models/model_spotify500_model-it_8.prism,"Pmax=? [(F ""positive"") & ((X( loc=1 & ((X( loc=25 & ((X( loc=153 & ((X( loc=260|loc=264 & ((X( loc=269|loc=273 & ((X( loc=445 & ((X( loc=792 & (X( loc=971|loc=972 )))))))))))))))))))))))]",8,0.0,2.377,103.289,actual_path,600
0,out/models/model_spotify500_model-it_8.prism,"Pmax=? [(F ""positive"") & ((X( loc=1 & ((X( loc=99 & ((X( loc=227 & ((X( loc=261 & ((X( loc=270 & ((X( loc=2798 & ((X( loc=2821 & (X( loc=971|loc=972 )))))))))))))))))))))))]",8,0.0013222428839928671,127.853,98.984,random_path,600
0,out/models/model_spotify500_model-it_8.prism,"Pmax=? [(F ""positive"") & ((X( loc=1 & ((X( loc=93 & ((X( loc=221 & ((X( loc=260|loc=264 & ((X( loc=269|loc=273 & ((X( loc=2001 & ((X( loc=2042 & (X( loc=970 )))))))))))))))))))))))]",8,0.0013355207888679785,121.852,102.962,random_path,600
0,out/models/model_spotify500_model-it_8.prism,"Pmax=? [(F ""positive"") & ((X( loc=1 & ((X( loc=30 & ((X( loc=158 & ((X( loc=259 & ((X( loc=268 & ((X( loc=2446 & ((X( loc=2484 & ((X( loc=970 & (X( loc=973 ))))))))))))))))))))))))))]",9,0.0013475256569398665,120.065,99.173,random_path,600
0,out/models/model_spotify500_model-it_8.prism,"Pmax=? [(F ""positive"") & ((X( loc=1 & ((X( loc=63 & ((X( loc=191 & ((X( loc=261 & ((X( loc=270 & ((X( loc=431 & ((X( loc=778 & ((X( loc=970 & (X( loc=973 ))))))))))))))))))))))))))]",9,0.001684407071174833,121.005,100.852,random_path,600
0,out/models/model_spotify500_model-it_8.prism,"Pmax=? [(F ""positive"") & (X( loc=1 ))]",1,0.6699934507253686,111.557,99.56,actual_path,600
0,out/models/model_spotify500_model-it_8.prism,"Pmax=? [(F ""positive"") & (X( loc=1 ))]",1,0.6699934507253686,113.297,102.489,actual_path,600
0,out/models/model_spotify500_model-it_8.prism,"Pmax=? [(F ""positive"") & ((X( loc=1 & ((X( loc=116 & ((X( loc=244 & ((X( loc=258|loc=262|loc=266 & ((X( loc=267|loc=271|loc=275 & ((X( loc=325 & ((X( loc=672 & ((X( loc=971|loc=972 & (X( loc=974|loc=975 ))))))))))))))))))))))))))]",9,0.0013348975466936778,127.086,100.835,random_path,600
0,out/models/model_spotify500_model-it_8.prism,"Pmax=? [(F ""positive"") & (X( loc=1 ))]",1,0.6699934507253686,117.92,99.688,actual_path,600
0,out/models/model_spotify500_model-it_8.prism,"Pmax=? [(F ""positive"") & (X( loc=1 ))]",1,0.6699934507253686,117.288,102.505,actual_path,600
0,out/models/model_spotify500_model-it_8.prism,"Pmax=? [(F ""positive"") & (X( loc=1 ))]",1,0.6699934507253686,114.231,104.349,actual_path,600
0,out/models/model_spotify500_model-it_8.prism,"Pmax=? [(F ""positive"") & ((X( loc=1 & ((X( loc=119 & ((X( loc=247 & ((X( loc=258|loc=262|loc=266 & ((X( loc=267|loc=271|loc=275 & ((X( loc=575 & ((X( loc=922 & ((X( loc=971|loc=972 & (X( loc=974|loc=975 ))))))))))))))))))))))))))]",9,0.0013348975466936778,123.975,100.566,random_path,600
0,out/models/model_spotify500_model-it_8.prism,"Pmax=? [(F ""positive"") & ((X( loc=1 & (X( loc=22 )))))]",2,0.014735381184988338,115.109,97.809,actual_path,600
0,out/models/model_spotify500_model-it_8.prism,"Pmax=? [(F ""positive"") & ((X( loc=1 & (X( loc=83 )))))]",2,0.009371978666241865,114.369,99.202,actual_path,600
0,out/models/model_spotify500_model-it_8.prism,"Pmax=? [(F ""positive"") & ((X( loc=1 & ((X( loc=36 & ((X( loc=164 & ((X( loc=260|loc=264 & ((X( loc=269|loc=273 & ((X( loc=392 & ((X( loc=739 & ((X( loc=970 & (X( loc=973 ))))))))))))))))))))))))))]",9,1.4259530761268427E-5,127.029,105.118,random_path,600
0,out/models/model_spotify500_model-it_8.prism,"Pmax=? [(F ""positive"") & ((X( loc=1 & (X( loc=10 )))))]",2,0.0040299488605734105,120.963,97.717,actual_path,600
0,out/models/model_spotify500_model-it_8.prism,"Pmax=? [(F ""positive"") & ((X( loc=1 & (X( loc=105 )))))]",2,0.004018567234675824,118.498,97.955,actual_path,600
0,out/models/model_spotify500_model-it_8.prism,"Pmax=? [(F ""positive"") & ((X( loc=1 & (X( loc=44 )))))]",2,0.01741548645244495,121.854,101.121,actual_path,600
0,out/models/model_spotify500_model-it_8.prism,"Pmax=? [(F ""positive"") & ((X( loc=1 & ((X( loc=61 & ((X( loc=189 & ((X( loc=260|loc=264 & ((X( loc=269|loc=273 & ((X( loc=576 & ((X( loc=923 & ((X( loc=971|loc=972 & (X( loc=974|loc=975 ))))))))))))))))))))))))))]",9,0.0,5.604,101.478,actual_path,600
0,out/models/model_spotify500_model-it_8.prism,"Pmax=? [(F ""positive"") & ((X( loc=1 & ((X( loc=113 & ((X( loc=241 & ((X( loc=258|loc=262|loc=266 & ((X( loc=267|loc=271|loc=275 & ((X( loc=594 & ((X( loc=941 & ((X( loc=970 & (X( loc=973 ))))))))))))))))))))))))))]",9,0.0,3.47,103.409,actual_path,600
0,out/models/model_spotify500_model-it_8.prism,"Pmax=? [(F ""positive"") & ((X( loc=1 & ((X( loc=61 & ((X( loc=189 & ((X( loc=258|loc=262|loc=266 & ((X( loc=267|loc=271|loc=275 & ((X( loc=489 & ((X( loc=836 & ((X( loc=971|loc=972 & (X( loc=974|loc=975 ))))))))))))))))))))))))))]",9,0.0,6.99,101.133,actual_path,600
0,out/models/model_spotify500_model-it_8.prism,"Pmax=? [(F ""positive"") & ((X( loc=1 & ((X( loc=68 & (X( loc=196 ))))))))]",3,0.021464264866855844,119.076,101.836,actual_path,600
0,out/models/model_spotify500_model-it_8.prism,"Pmax=? [(F ""positive"") & ((X( loc=1 & ((X( loc=27 & (X( loc=155 ))))))))]",3,0.012103097934140718,114.617,103.131,actual_path,600
0,out/models/model_spotify500_model-it_8.prism,"Pmax=? [(F ""positive"") & ((X( loc=1 & ((X( loc=42 & (X( loc=170 ))))))))]",3,0.0053660928916156895,118.673,103.034,actual_path,600
0,out/models/model_spotify500_model-it_8.prism,"Pmax=? [(F ""positive"") & ((X( loc=1 & ((X( loc=26 & (X( loc=154 ))))))))]",3,0.008073149073567312,121.142,99.354,actual_path,600
0,out/models/model_spotify500_model-it_8.prism,"Pmax=? [(F ""positive"") & ((X( loc=1 & ((X( loc=63 & ((X( loc=191 & (X( loc=260|loc=264 )))))))))))]",4,0.00534284301196637,117.482,99.822,actual_path,600
0,out/models/model_spotify500_model-it_8.prism,"Pmax=? [(F ""positive"") & ((X( loc=1 & ((X( loc=45 & ((X( loc=173 & (X( loc=258|loc=262|loc=266 )))))))))))]",4,0.00667072590877084,118.756,99.746,actual_path,600
0,out/models/model_spotify500_model-it_8.prism,"Pmax=? [(F ""positive"") & ((X( loc=1 & ((X( loc=87 & ((X( loc=215 & (X( loc=260|loc=264 )))))))))))]",4,0.0013355207888679785,116.672,102.179,actual_path,600
0,out/models/model_spotify500_model-it_8.prism,"Pmax=? [(F ""positive"") & ((X( loc=1 & ((X( loc=78 & ((X( loc=206 & (X( loc=258|loc=262|loc=266 )))))))))))]",4,0.0013348975466936776,117.045,102.587,actual_path,600
0,out/models/model_spotify500_model-it_8.prism,"Pmax=? [(F ""positive"") & ((X( loc=1 & ((X( loc=18 & ((X( loc=146 & ((X( loc=260|loc=264 & (X( loc=269|loc=273 ))))))))))))))]",5,0.009349975270941146,112.93,101.579,actual_path,600
0,out/models/model_spotify500_model-it_8.prism,"Pmax=? [(F ""positive"") & ((X( loc=1 & ((X( loc=22 & ((X( loc=150 & (X( loc=260|loc=264 )))))))))))]",4,0.005342843011966369,121.328,102.891,actual_path,600
0,out/models/model_spotify500_model-it_8.prism,"Pmax=? [(F ""positive"") & ((X( loc=1 & ((X( loc=40 & ((X( loc=168 & ((X( loc=260|loc=264 & (X( loc=269|loc=273 ))))))))))))))]",5,0.008014264517949553,115.474,102.266,actual_path,600
0,out/models/model_spotify500_model-it_8.prism,"Pmax=? [(F ""positive"") & ((X( loc=1 & ((X( loc=105 & ((X( loc=233 & ((X( loc=260|loc=264 & (X( loc=269|loc=273 ))))))))))))))]",5,0.002671041577735957,120.226,101.361,actual_path,600
0,out/models/model_spotify500_model-it_8.prism,"Pmax=? [(F ""positive"") & ((X( loc=1 & ((X( loc=49 & ((X( loc=177 & ((X( loc=260|loc=264 & (X( loc=269|loc=273 ))))))))))))))]",5,0.0026710415777359566,121.941,102.086,actual_path,600
0,out/models/model_spotify500_model-it_8.prism,"Pmax=? [(F ""positive"") & ((X( loc=1 & ((X( loc=68 & ((X( loc=196 & ((X( loc=261 & ((X( loc=270 & (X( loc=3763 )))))))))))))))))]",6,0.003966728651978601,122.201,100.159,actual_path,600
0,out/models/model_spotify500_model-it_8.prism,"Pmax=? [(F ""positive"") & ((X( loc=1 & ((X( loc=67 & ((X( loc=195 & ((X( loc=258|loc=262|loc=266 & ((X( loc=267|loc=271|loc=275 & (X( loc=454 )))))))))))))))))]",6,0.004002435545262504,112.713,101.01,actual_path,600
0,out/models/model_spotify500_model-it_8.prism,"Pmax=? [(F ""positive"") & ((X( loc=1 & ((X( loc=14 & ((X( loc=142 & ((X( loc=261 & ((X( loc=270 & (X( loc=509 )))))))))))))))))]",6,0.001331723923847992,117.115,100.083,actual_path,600
0,out/models/model_spotify500_model-it_9.prism, Pmax=? [F loc=963] ,0,0.9807369516303094,10.609,111.02,reach_state,600
0,out/models/model_spotify500_model-it_8.prism,"Pmax=? [(F ""positive"") & ((X( loc=1 & ((X( loc=66 & ((X( loc=194 & ((X( loc=260|loc=264 & ((X( loc=269|loc=273 & ((X( loc=1472 & (X( loc=1580 ))))))))))))))))))))]",7,0.002671041577735957,121.018,105.703,actual_path,600
0,out/models/model_spotify500_model-it_8.prism,"Pmax=? [(F ""positive"") & ((X( loc=1 & ((X( loc=40 & ((X( loc=168 & ((X( loc=258|loc=262|loc=266 & ((X( loc=267|loc=271|loc=275 & ((X( loc=1004 & (X( loc=1167 ))))))))))))))))))))]",7,0.0013348975466936776,121.19,101.188,actual_path,600
0,out/models/model_spotify500_model-it_8.prism,"Pmax=? [(F ""positive"") & ((X( loc=1 & ((X( loc=14 & ((X( loc=142 & ((X( loc=260|loc=264 & ((X( loc=269|loc=273 & ((X( loc=1093 & (X( loc=1256 ))))))))))))))))))))]",7,0.0013355207888679785,116.754,97.593,actual_path,600
0,out/models/model_spotify500_model-it_8.prism,"Pmax=? [(F ""positive"") & ((X( loc=1 & ((X( loc=14 & ((X( loc=142 & ((X( loc=261 & ((X( loc=270 & ((X( loc=2344 & ((X( loc=2380 & (X( loc=970 )))))))))))))))))))))))]",8,3.368814142349666E-4,118.796,102.833,actual_path,600
0,out/models/model_spotify500_model-it_8.prism,"Pmax=? [(F ""positive"") & ((X( loc=1 & ((X( loc=21 & ((X( loc=149 & ((X( loc=260|loc=264 & ((X( loc=269|loc=273 & ((X( loc=378 & ((X( loc=725 & (X( loc=970 )))))))))))))))))))))))]",8,1.913779128486026E-5,123.176,100.29,actual_path,600
0,out/models/model_spotify500_model-it_8.prism,"Pmax=? [(F ""positive"") & ((X( loc=1 & ((X( loc=39 & ((X( loc=167 & ((X( loc=260|loc=264 & ((X( loc=269|loc=273 & ((X( loc=303 & ((X( loc=650 & ((X( loc=971|loc=972 & (X( loc=974|loc=975 ))))))))))))))))))))))))))]",9,0.002671041577735957,127.238,105.657,actual_path,600
0,out/models/model_spotify500_model-it_8.prism,"Pmax=? [(F ""positive"") & ((X( loc=1 & ((X( loc=67 & ((X( loc=195 & ((X( loc=258|loc=262|loc=266 & ((X( loc=267|loc=271|loc=275 & ((X( loc=499 & ((X( loc=846 & ((X( loc=971|loc=972 & (X( loc=974|loc=975 ))))))))))))))))))))))))))]",9,0.004002435545262504,129.389,103.559,actual_path,600
0,out/models/model_spotify500_model-it_9.prism, Pmax=? [F loc=2765] ,0,0.0023405337615498745,122.928,110.006,reach_state,600
0,out/models/model_spotify500_model-it_9.prism, Pmax=? [F loc=3530] ,0,0.0023405337615498745,126.003,111.428,reach_state,600
0,out/models/model_spotify500_model-it_9.prism, Pmax=? [F loc=491] ,0,0.07600041479912145,124.933,112.397,reach_state,600
0,out/models/model_spotify500_model-it_9.prism, Pmax=? [F loc=1653] ,0,0.002340264683090433,126.833,115.689,reach_state,600
0,out/models/model_spotify500_model-it_9.prism, Pmax=? [F loc=3856] ,0,0.0021621363665034967,127.115,112.783,reach_state,600
0,out/models/model_spotify500_model-it_9.prism, Pmax=? [F loc=2333] ,0,0.3174188537420959,118.931,111.866,reach_state,600
0,out/models/model_spotify500_model-it_9.prism, Pmax=? [F loc=1008] ,0,0.015642389154745848,123.53,115.731,reach_state,600
0,out/models/model_spotify500_model-it_9.prism, Pmax=? [F loc=3646] ,0,0.0023405337615498745,129.731,114.427,reach_state,600
0,out/models/model_spotify500_model-it_9.prism, Pmax=? [F loc=2371] ,0,0.002340264683090429,129.254,111.348,reach_state,600
0,out/models/model_spotify500_model-it_9.prism,"Pmax=? [(F ""positive"") & (!(""positive"") U loc=2435)]",0,0.0015744132606113645,143.458,110.19,avoid_state,600
0,out/models/model_spotify500_model-it_9.prism,"Pmax=? [(F ""positive"") & (!(""positive"") U loc=2536)]",0,0.523224420512501,138.393,111.967,avoid_state,600
0,out/models/model_spotify500_model-it_9.prism,"Pmax=? [(F ""positive"") & (X( loc=1 ))]",1,0.6680981452533125,129.2,108.38,random_path,600
0,out/models/model_spotify500_model-it_9.prism,"Pmax=? [(F ""positive"") & (!(""positive"") U loc=1717)]",0,0.00718219067533352,139.195,109.882,avoid_state,600
0,out/models/model_spotify500_model-it_9.prism,"Pmax=? [(F ""positive"") & (X( loc=1 ))]",1,0.6680981452533125,127.75,110.867,random_path,600
0,out/models/model_spotify500_model-it_9.prism,"Pmax=? [(F ""positive"") & (!(""positive"") U loc=162)]",0,0.006684109380657356,143.486,112.278,avoid_state,600
0,out/models/model_spotify500_model-it_9.prism,"Pmax=? [(F ""positive"") & (!(""positive"") U loc=335)]",0,0.06681850965172885,141.089,114.306,avoid_state,600
0,out/models/model_spotify500_model-it_9.prism,"Pmax=? [(F ""positive"") & (X( loc=1 ))]",1,0.6680981452533125,127.144,114.095,random_path,600
0,out/models/model_spotify500_model-it_9.prism,"Pmax=? [(F ""positive"") & (!(""positive"") U loc=2141)]",0,0.589470620800847,137.727,110.15,avoid_state,600
0,out/models/model_spotify500_model-it_9.prism,"Pmax=? [(F ""positive"") & (!(""positive"") U loc=2315)]",0,0.0015424497162148418,139.275,109.751,avoid_state,600
0,out/models/model_spotify500_model-it_9.prism,"Pmax=? [(F ""positive"") & (X( loc=1 ))]",1,0.6680981452533125,132.313,109.24,random_path,600
0,out/models/model_spotify500_model-it_9.prism,"['start', 'companystart', 'startprofile_7_7_3']",0,-1,0.0,0.0,actual_path,600
0,out/models/model_spotify500_model-it_9.prism,"Pmax=? [(F ""positive"") & (!(""positive"") U loc=2692)]",0,0.00142488184798196,145.689,113.155,avoid_state,600
0,out/models/model_spotify500_model-it_9.prism,"Pmax=? [(F ""positive"") & (!(""positive"") U loc=1295)]",0,0.2135405414005113,143.983,109.617,avoid_state,600
0,out/models/model_spotify500_model-it_9.prism,"Pmax=? [(F ""positive"") & (X( loc=1 ))]",1,0.6680981452533125,131.87,110.676,random_path,600
0,out/models/model_spotify500_model-it_9.prism,"Pmax=? [(F ""positive"") & (!(""positive"") U loc=2390)]",0,0.0015424497162148407,146.754,112.249,avoid_state,600
0,out/models/model_spotify500_model-it_9.prism,"Pmax=? [(F ""positive"") & ((X( loc=1 & (X( loc=52 )))))]",2,0.0013312369441469234,137.538,109.766,random_path,600
0,out/models/model_spotify500_model-it_9.prism,"Pmax=? [(F ""positive"") & ((X( loc=1 & (X( loc=123 )))))]",2,0.002677325231865699,138.416,111.547,random_path,600
0,out/models/model_spotify500_model-it_9.prism,"Pmax=? [(F ""positive"") & ((X( loc=1 & (X( loc=77 )))))]",2,0.002676664073986129,139.518,113.484,random_path,600
0,out/models/model_spotify500_model-it_9.prism,"Pmax=? [(F ""positive"") & ((X( loc=1 & (X( loc=45 )))))]",2,0.004008562176012622,143.454,108.92,random_path,600
0,out/models/model_spotify500_model-it_9.prism,"Pmax=? [(F ""positive"") & ((X( loc=1 & ((X( loc=117 & (X( loc=244 ))))))))]",3,0.0013318981020264936,138.577,113.089,random_path,600
0,out/models/model_spotify500_model-it_9.prism,"Pmax=? [(F ""positive"") & ((X( loc=1 & ((X( loc=16 & (X( loc=143 ))))))))]",3,0.008030653379837955,139.428,112.383,random_path,600
0,out/models/model_spotify500_model-it_9.prism,"Pmax=? [(F ""positive"") & ((X( loc=1 & (X( loc=72 )))))]",2,0.0013318981020264936,144.888,116.767,random_path,600
0,out/models/model_spotify500_model-it_9.prism,"Pmax=? [(F ""positive"") & ((X( loc=1 & ((X( loc=41 & (X( loc=168 ))))))))]",3,0.0013312369441469234,143.909,112.803,random_path,600
0,out/models/model_spotify500_model-it_9.prism,"Pmax=? [(F ""positive"") & ((X( loc=1 & ((X( loc=83 & (X( loc=210 ))))))))]",3,0.012038759844388751,141.682,114.931,random_path,600
0,out/models/model_spotify500_model-it_9.prism,"Pmax=? [(F ""positive"") & ((X( loc=1 & ((X( loc=76 & (X( loc=203 ))))))))]",3,0.005353989305851828,139.41,113.287,random_path,600
0,out/models/model_spotify500_model-it_9.prism,"Pmax=? [(F ""positive"") & ((X( loc=1 & ((X( loc=51 & ((X( loc=178 & (X( loc=258|loc=262 )))))))))))]",4,0.0013318981020264936,140.577,111.193,random_path,600
0,out/models/model_spotify500_model-it_9.prism,"Pmax=? [(F ""positive"") & ((X( loc=1 & ((X( loc=73 & ((X( loc=200 & (X( loc=258|loc=262 )))))))))))]",4,0.0013318981020264936,136.311,111.226,random_path,600
0,out/models/model_spotify500_model-it_9.prism,"Pmax=? [(F ""positive"") & ((X( loc=1 & ((X( loc=45 & ((X( loc=172 & (X( loc=261 )))))))))))]",4,0.0013454271298392053,139.324,109.914,random_path,600
0,out/models/model_spotify500_model-it_9.prism,"Pmax=? [(F ""positive"") & ((X( loc=1 & ((X( loc=83 & ((X( loc=210 & (X( loc=258|loc=262 )))))))))))]",4,0.0026637962040529867,140.854,110.022,random_path,600
0,out/models/model_spotify500_model-it_9.prism,"Pmax=? [(F ""positive"") & ((X( loc=1 & ((X( loc=58 & ((X( loc=185 & (X( loc=261 )))))))))))]",4,0.0026908542596784106,144.453,113.489,random_path,600
0,out/models/model_spotify500_model-it_9.prism,"Pmax=? [(F ""positive"") & ((X( loc=1 & ((X( loc=29 & ((X( loc=156 & ((X( loc=258|loc=262 & (X( loc=266|loc=270 ))))))))))))))]",5,0.005326535705191405,144.984,113.955,random_path,600
0,out/models/model_spotify500_model-it_9.prism,"Pmax=? [(F ""positive"") & ((X( loc=1 & ((X( loc=43 & ((X( loc=170 & ((X( loc=257 & (X( loc=265 ))))))))))))))]",5,0.00269085425967841,146.168,115.499,random_path,600
0,out/models/model_spotify500_model-it_9.prism,"Pmax=? [(F ""positive"") & ((X( loc=1 & ((X( loc=52 & ((X( loc=179 & ((X( loc=256|loc=259 & (X( loc=264|loc=267 ))))))))))))))]",5,0.0013312369441469234,144.841,114.173,random_path,600
0,out/models/model_spotify500_model-it_9.prism,"Pmax=? [(F ""positive"") & ((X( loc=1 & ((X( loc=109 & ((X( loc=236 & ((X( loc=256|loc=259 & (X( loc=264|loc=267 ))))))))))))))]",5,0.0013312369441469234,144.608,116.802,random_path,600
0,out/models/model_spotify500_model-it_9.prism,"Pmax=? [(F ""positive"") & ((X( loc=1 & ((X( loc=118 & ((X( loc=245 & ((X( loc=258|loc=262 & (X( loc=266|loc=270 ))))))))))))))]",5,0.0013318981020264936,139.561,114.671,random_path,600
0,out/models/model_spotify500_model-it_9.prism,"Pmax=? [(F ""positive"") & ((X( loc=1 & ((X( loc=9 & ((X( loc=136 & ((X( loc=258|loc=262 & ((X( loc=266|loc=270 & (X( loc=342 )))))))))))))))))]",6,0.0013318981020264936,137.09,114.704,random_path,600
0,out/models/model_spotify500_model-it_9.prism,"Pmax=? [(F ""positive"") & ((X( loc=1 & ((X( loc=94 & ((X( loc=221 & ((X( loc=260 & ((X( loc=268 & (X( loc=524 )))))))))))))))))]",6,0.0013385609012476914,145.891,114.068,random_path,600
0,out/models/model_spotify500_model-it_9.prism,"['start', 'companystart', 'startprofile_0_8_7', 'companystartprofile_0_8_7', 'select_context_catalog', 'companyselect_context_catalog', 'played_10_major_0_8_6', 'companyplayed_10_major_0_8_6']",0,-1,0.0,0.0,actual_path,600
0,out/models/model_spotify500_model-it_9.prism,"Pmax=? [(F ""positive"") & ((X( loc=1 & ((X( loc=114 & ((X( loc=241 & ((X( loc=258|loc=262 & ((X( loc=266|loc=270 & (X( loc=1486 )))))))))))))))))]",6,0.0013318981020264936,137.539,112.489,random_path,600
0,out/models/model_spotify500_model-it_9.prism,"['start', 'companystart', 'startprofile_3_5_5', 'companystartprofile_3_5_5', 'select_context_editorial_playlist', 'customerselect_context_editorial_playlist', 'song_70_minor_0_7_6', 'companysong_70_minor_0_7_6']",0,-1,0.0,0.0,actual_path,600
0,out/models/model_spotify500_model-it_9.prism,"Pmax=? [(F ""positive"") & ((X( loc=1 & ((X( loc=37 & ((X( loc=164 & ((X( loc=257 & ((X( loc=265 & (X( loc=3333 )))))))))))))))))]",6,0.005271843606864919,142.19,119.329,random_path,600
0,out/models/model_spotify500_model-it_9.prism,"Pmax=? [(F ""positive"") & ((X( loc=1 & ((X( loc=59 & ((X( loc=186 & (X( loc=256|loc=259 )))))))))))]",4,0.0,1.046,110.165,actual_path,600
0,out/models/model_spotify500_model-it_9.prism,"Pmax=? [(F ""positive"") & ((X( loc=1 & ((X( loc=107 & ((X( loc=234 & (X( loc=258|loc=262 )))))))))))]",4,0.0,1.26,112.67,actual_path,600
0,out/models/model_spotify500_model-it_9.prism,"['start', 'companystart', 'startprofile_3_7_5', 'companystartprofile_3_7_5', 'select_context_catalog', 'companyselect_context_catalog', 'played_90_minor_2_6_7', 'companyplayed_90_minor_2_6_7', 'skipped']",0,-1,0.0,0.0,actual_path,600
0,out/models/model_spotify500_model-it_9.prism,"Pmax=? [(F ""positive"") & ((X( loc=1 & ((X( loc=34 & ((X( loc=161 & (X( loc=260 )))))))))))]",4,0.0,0.987,109.203,actual_path,600
0,out/models/model_spotify500_model-it_9.prism,"Pmax=? [(F ""positive"") & ((X( loc=1 & ((X( loc=121 & ((X( loc=248 & ((X( loc=258|loc=262 & ((X( loc=266|loc=270 & (X( loc=3899 )))))))))))))))))]",6,0.0013318981020264936,148.508,115.137,random_path,600
0,out/models/model_spotify500_model-it_9.prism,"Pmax=? [(F ""positive"") & ((X( loc=1 & ((X( loc=87 & ((X( loc=214 & ((X( loc=257 & (X( loc=265 ))))))))))))))]",5,0.0,0.975,112.41,actual_path,600
0,out/models/model_spotify500_model-it_9.prism,"Pmax=? [(F ""positive"") & ((X( loc=1 & ((X( loc=85 & ((X( loc=212 & ((X( loc=256|loc=259 & ((X( loc=264|loc=267 & ((X( loc=3104 & (X( loc=3131 ))))))))))))))))))))]",7,0.0013312369441469234,145.066,117.044,random_path,600
0,out/models/model_spotify500_model-it_9.prism,"Pmax=? [(F ""positive"") & ((X( loc=1 & ((X( loc=54 & ((X( loc=181 & ((X( loc=256|loc=259 & ((X( loc=264|loc=267 & ((X( loc=419 & (X( loc=763 ))))))))))))))))))))]",7,0.0013312369441469234,141.39,117.147,random_path,600
0,out/models/model_spotify500_model-it_9.prism,"Pmax=? [(F ""positive"") & ((X( loc=1 & ((X( loc=102 & ((X( loc=229 & ((X( loc=261 & ((X( loc=269 & ((X( loc=608 & (X( loc=952 ))))))))))))))))))))]",7,0.001333220501232069,152.25,118.499,random_path,600
0,out/models/model_spotify500_model-it_9.prism,"Pmax=? [(F ""positive"") & ((X( loc=1 & ((X( loc=73 & ((X( loc=200 & ((X( loc=260 & ((X( loc=268 & ((X( loc=2991 & (X( loc=3012 ))))))))))))))))))))]",7,0.0013179609017162296,137.284,107.688,random_path,600
0,out/models/model_spotify500_model-it_9.prism,"Pmax=? [(F ""positive"") & ((X( loc=1 & ((X( loc=20 & ((X( loc=147 & ((X( loc=258|loc=262 & ((X( loc=266|loc=270 & (X( loc=335 )))))))))))))))))]",6,0.0,1.278,114.934,actual_path,600
0,out/models/model_spotify500_model-it_9.prism,"Pmax=? [(F ""positive"") & ((X( loc=1 & ((X( loc=53 & ((X( loc=180 & ((X( loc=261 & ((X( loc=269 & ((X( loc=3117 & (X( loc=3144 ))))))))))))))))))))]",7,0.001327117186928501,142.268,109.595,random_path,600
0,out/models/model_spotify500_model-it_9.prism,"Pmax=? [(F ""positive"") & ((X( loc=1 & ((X( loc=80 & ((X( loc=207 & ((X( loc=258|loc=262 & ((X( loc=266|loc=270 & ((X( loc=1741 & (X( loc=1814 ))))))))))))))))))))]",7,0.0,2.04,116.195,actual_path,600
0,out/models/model_spotify500_model-it_9.prism,"Pmax=? [(F ""positive"") & ((X( loc=1 & ((X( loc=82 & ((X( loc=209 & ((X( loc=256|loc=259 & ((X( loc=264|loc=267 & ((X( loc=2178 & ((X( loc=2220 & (X( loc=961 )))))))))))))))))))))))]",8,0.0013312369441469234,139.84,112.951,random_path,600
0,out/models/model_spotify500_model-it_9.prism,"Pmax=? [(F ""positive"") & ((X( loc=1 & ((X( loc=19 & ((X( loc=146 & ((X( loc=258|loc=262 & ((X( loc=266|loc=270 & ((X( loc=315 & (X( loc=659 ))))))))))))))))))))]",7,0.0,1.753,116.852,actual_path,600
0,out/models/model_spotify500_model-it_9.prism,"Pmax=? [(F ""positive"") & ((X( loc=1 & ((X( loc=82 & ((X( loc=209 & ((X( loc=256|loc=259 & ((X( loc=264|loc=267 & ((X( loc=600 & ((X( loc=944 & (X( loc=960|loc=962 )))))))))))))))))))))))]",8,0.0013312369441469234,146.319,110.33,random_path,600
0,out/models/model_spotify500_model-it_9.prism,"Pmax=? [(F ""positive"") & ((X( loc=1 & ((X( loc=65 & ((X( loc=192 & ((X( loc=258|loc=262 & ((X( loc=266|loc=270 & ((X( loc=982 & ((X( loc=1148 & (X( loc=960|loc=962 )))))))))))))))))))))))]",8,0.0,2.339,115.321,actual_path,600
0,out/models/model_spotify500_model-it_9.prism,"Pmax=? [(F ""positive"") & ((X( loc=1 & ((X( loc=90 & ((X( loc=217 & ((X( loc=257 & ((X( loc=265 & ((X( loc=3413 & ((X( loc=3436 & (X( loc=960|loc=962 )))))))))))))))))))))))]",8,0.0013179609017162296,139.427,109.702,random_path,600
0,out/models/model_spotify500_model-it_9.prism,"Pmax=? [(F ""positive"") & ((X( loc=1 & ((X( loc=108 & ((X( loc=235 & ((X( loc=258|loc=262 & ((X( loc=266|loc=270 & ((X( loc=2175 & ((X( loc=2217 & (X( loc=961 )))))))))))))))))))))))]",8,0.0,2.419,122.645,actual_path,600
0,out/models/model_spotify500_model-it_9.prism,"Pmax=? [(F ""positive"") & ((X( loc=1 & ((X( loc=114 & ((X( loc=241 & ((X( loc=258|loc=262 & ((X( loc=266|loc=270 & ((X( loc=3183 & ((X( loc=3206 & (X( loc=960|loc=962 )))))))))))))))))))))))]",8,0.0013318981020264936,140.94,114.119,random_path,600
0,out/models/model_spotify500_model-it_9.prism,"Pmax=? [(F ""positive"") & ((X( loc=1 & ((X( loc=97 & ((X( loc=224 & ((X( loc=257 & ((X( loc=265 & ((X( loc=2386 & ((X( loc=2428 & (X( loc=960|loc=962 )))))))))))))))))))))))]",8,0.0010543687213729839,145.131,112.497,random_path,600
0,out/models/model_spotify500_model-it_9.prism,"Pmax=? [(F ""positive"") & (X( loc=1 ))]",1,0.6680981452533125,131.664,111.745,actual_path,600
0,out/models/model_spotify500_model-it_9.prism,"Pmax=? [(F ""positive"") & ((X( loc=1 & ((X( loc=19 & ((X( loc=146 & ((X( loc=261 & ((X( loc=269 & ((X( loc=547 & ((X( loc=891 & ((X( loc=961 & (X( loc=964 ))))))))))))))))))))))))))]",9,0.0013454271298392053,138.638,109.122,random_path,600
0,out/models/model_spotify500_model-it_9.prism,"Pmax=? [(F ""positive"") & (X( loc=1 ))]",1,0.6680981452533125,134.975,109.609,actual_path,600
0,out/models/model_spotify500_model-it_9.prism,"Pmax=? [(F ""positive"") & (X( loc=1 ))]",1,0.6680981452533125,135.06,109.468,actual_path,600
0,out/models/model_spotify500_model-it_9.prism,"Pmax=? [(F ""positive"") & (X( loc=1 ))]",1,0.6680981452533125,131.052,116.453,actual_path,600
0,out/models/model_spotify500_model-it_9.prism,"Pmax=? [(F ""positive"") & (X( loc=1 ))]",1,0.6680981452533125,133.55,114.718,actual_path,600
0,out/models/model_spotify500_model-it_9.prism,"Pmax=? [(F ""positive"") & ((X( loc=1 & ((X( loc=17 & ((X( loc=144 & ((X( loc=258|loc=262 & ((X( loc=266|loc=270 & ((X( loc=2267 & ((X( loc=2312 & ((X( loc=961 & (X( loc=964 ))))))))))))))))))))))))))]",9,0.0013318981020264936,144.238,110.015,random_path,600
0,out/models/model_spotify500_model-it_9.prism,"Pmax=? [(F ""positive"") & ((X( loc=1 & ((X( loc=99 & ((X( loc=226 & ((X( loc=256|loc=259 & ((X( loc=264|loc=267 & ((X( loc=2396 & ((X( loc=2438 & ((X( loc=960|loc=962 & (X( loc=963|loc=965 ))))))))))))))))))))))))))]",9,0.0013312369441469234,145.701,111.301,random_path,600
0,out/models/model_spotify500_model-it_9.prism,"Pmax=? [(F ""positive"") & ((X( loc=1 & (X( loc=93 )))))]",2,0.0013312369441469234,139.512,111.029,actual_path,600
0,out/models/model_spotify500_model-it_9.prism,"Pmax=? [(F ""positive"") & ((X( loc=1 & ((X( loc=76 & ((X( loc=203 & ((X( loc=256|loc=259 & ((X( loc=264|loc=267 & ((X( loc=3527 & ((X( loc=3548 & ((X( loc=960|loc=962 & (X( loc=963|loc=965 ))))))))))))))))))))))))))]",9,0.0013312369441469234,148.019,115.336,random_path,600
0,out/models/model_spotify500_model-it_9.prism,"Pmax=? [(F ""positive"") & ((X( loc=1 & ((X( loc=66 & ((X( loc=193 & ((X( loc=258|loc=262 & ((X( loc=266|loc=270 & ((X( loc=324 & ((X( loc=668 & ((X( loc=961 & (X( loc=964 ))))))))))))))))))))))))))]",9,1.6913941060835725E-4,148.476,113.575,random_path,600
0,out/models/model_spotify500_model-it_9.prism,"Pmax=? [(F ""positive"") & ((X( loc=1 & ((X( loc=60 & ((X( loc=187 & ((X( loc=258|loc=262 & ((X( loc=266|loc=270 & ((X( loc=1008 & ((X( loc=1174 & (X( loc=961 )))))))))))))))))))))))]",8,0.0,2.689,113.367,actual_path,600
0,out/models/model_spotify500_model-it_9.prism,"Pmax=? [(F ""positive"") & ((X( loc=1 & ((X( loc=19 & (X( loc=146 ))))))))]",3,0.019999350871692797,138.007,112.64,actual_path,600
0,out/models/model_spotify500_model-it_9.prism,"Pmax=? [(F ""positive"") & ((X( loc=1 & (X( loc=10 )))))]",2,0.012010096199877222,139.339,112.161,actual_path,600
0,out/models/model_spotify500_model-it_9.prism,"Pmax=? [(F ""positive"") & ((X( loc=1 & (X( loc=74 )))))]",2,0.004036281389517615,137.587,116.392,actual_path,600
0,out/models/model_spotify500_model-it_9.prism,"Pmax=? [(F ""positive"") & ((X( loc=1 & ((X( loc=33 & ((X( loc=160 & ((X( loc=258|loc=262 & ((X( loc=266|loc=270 & ((X( loc=283 & ((X( loc=627 & ((X( loc=961 & (X( loc=964 ))))))))))))))))))))))))))]",9,0.0,3.575,115.935,actual_path,600
0,out/models/model_spotify500_model-it_9.prism,"Pmax=? [(F ""positive"") & ((X( loc=1 & (X( loc=62 )))))]",2,0.013329735484368941,145.427,120.115,actual_path,600
0,out/models/model_spotify500_model-it_9.prism,"Pmax=? [(F ""positive"") & ((X( loc=1 & ((X( loc=18 & (X( loc=145 ))))))))]",3,0.007989406575636179,139.011,114.262,actual_path,600
0,out/models/model_spotify500_model-it_9.prism,"Pmax=? [(F ""positive"") & ((X( loc=1 & ((X( loc=80 & (X( loc=207 ))))))))]",3,0.014687706141985817,137.796,111.429,actual_path,600
0,out/models/model_spotify500_model-it_9.prism,"Pmax=? [(F ""positive"") & ((X( loc=1 & ((X( loc=66 & (X( loc=193 ))))))))]",3,0.025368363959451336,143.624,119.605,actual_path,600
0,out/models/model_spotify500_model-it_9.prism,"Pmax=? [(F ""positive"") & ((X( loc=1 & ((X( loc=60 & ((X( loc=187 & (X( loc=258|loc=262 )))))))))))]",4,0.003994901778893553,137.765,109.86,actual_path,600
0,out/models/model_spotify500_model-it_9.prism,"Pmax=? [(F ""positive"") & ((X( loc=1 & ((X( loc=79 & (X( loc=206 ))))))))]",3,0.013356072215687966,144.688,112.458,actual_path,600
0,out/models/model_spotify500_model-it_9.prism,"Pmax=? [(F ""positive"") & ((X( loc=1 & ((X( loc=32 & ((X( loc=159 & ((X( loc=256|loc=259 & (X( loc=264|loc=267 ))))))))))))))]",5,0.0026624738882938467,135.739,109.094,actual_path,600
0,out/models/model_spotify500_model-it_9.prism,"Pmax=? [(F ""positive"") & ((X( loc=1 & ((X( loc=37 & ((X( loc=164 & (X( loc=258|loc=262 )))))))))))]",4,0.010653071410382811,145.731,116.984,actual_path,600
0,out/models/model_spotify500_model-it_9.prism,"Pmax=? [(F ""positive"") & ((X( loc=1 & ((X( loc=79 & ((X( loc=206 & ((X( loc=258|loc=262 & (X( loc=266|loc=270 ))))))))))))))]",5,0.005326535705191406,143.861,112.401,actual_path,600
0,out/models/model_spotify500_model-it_9.prism,"Pmax=? [(F ""positive"") & ((X( loc=1 & ((X( loc=33 & ((X( loc=160 & ((X( loc=258|loc=262 & ((X( loc=266|loc=270 & (X( loc=349 )))))))))))))))))]",6,1.6315088586485704E-4,135.859,111.514,actual_path,600
0,out/models/model_spotify500_model-it_9.prism,"Pmax=? [(F ""positive"") & ((X( loc=1 & ((X( loc=33 & ((X( loc=160 & ((X( loc=258|loc=262 & (X( loc=266|loc=270 ))))))))))))))]",5,0.011984705336680663,145.599,119.159,actual_path,600
0,out/models/model_spotify500_model-it_9.prism,"Pmax=? [(F ""positive"") & ((X( loc=1 & ((X( loc=79 & ((X( loc=206 & ((X( loc=258|loc=262 & (X( loc=266|loc=270 ))))))))))))))]",5,0.005326535705191406,145.542,117.204,actual_path,600
0,out/models/model_spotify500_model-it_9.prism,"Pmax=? [(F ""positive"") & ((X( loc=1 & ((X( loc=16 & ((X( loc=143 & ((X( loc=256|loc=259 & ((X( loc=264|loc=267 & (X( loc=988 )))))))))))))))))]",6,0.0026624738882938467,144.165,117.203,actual_path,600
0,out/models/model_spotify500_model-it_9.prism,"Pmax=? [(F ""positive"") & ((X( loc=1 & ((X( loc=15 & ((X( loc=142 & ((X( loc=256|loc=259 & ((X( loc=264|loc=267 & (X( loc=307 )))))))))))))))))]",6,1.0219428031349834E-4,144.668,113.888,actual_path,600
0,out/models/model_spotify500_model-it_9.prism,"Pmax=? [(F ""positive"") & ((X( loc=1 & ((X( loc=65 & ((X( loc=192 & ((X( loc=256|loc=259 & ((X( loc=264|loc=267 & (X( loc=390 )))))))))))))))))]",6,0.0026624738882938467,142.804,117.66,actual_path,600
0,out/models/model_spotify500_model-it_9.prism,"Pmax=? [(F ""positive"") & ((X( loc=1 & ((X( loc=37 & ((X( loc=164 & ((X( loc=258|loc=262 & ((X( loc=266|loc=270 & ((X( loc=388 & (X( loc=732 ))))))))))))))))))))]",7,1.4484992736616344E-4,143.977,118.619,actual_path,600
0,out/models/model_spotify500_model-it_9.prism,"Pmax=? [(F ""positive"") & ((X( loc=1 & ((X( loc=39 & ((X( loc=166 & ((X( loc=256|loc=259 & ((X( loc=264|loc=267 & ((X( loc=351 & ((X( loc=695 & (X( loc=961 )))))))))))))))))))))))]",8,0.0026624738882938467,138.397,114.167,actual_path,600
0,out/models/model_spotify500_model-it_9.prism,"Pmax=? [(F ""positive"") & ((X( loc=1 & ((X( loc=79 & ((X( loc=206 & ((X( loc=258|loc=262 & ((X( loc=266|loc=270 & ((X( loc=540 & ((X( loc=884 & ((X( loc=960|loc=962 & (X( loc=963|loc=965 ))))))))))))))))))))))))))]",9,1.536980643400851E-5,140.239,110.979,actual_path,600
0,out/models/model_spotify500_model-it_9.prism,"Pmax=? [(F ""positive"") & ((X( loc=1 & ((X( loc=33 & ((X( loc=160 & ((X( loc=257 & ((X( loc=265 & ((X( loc=559 & ((X( loc=903 & ((X( loc=961 & (X( loc=964 ))))))))))))))))))))))))))]",9,0.0013454271298392053,136.058,116.175,actual_path,600
0,out/models/model_spotify500_model-it_9.prism,"Pmax=? [(F ""positive"") & ((X( loc=1 & ((X( loc=18 & ((X( loc=145 & ((X( loc=256|loc=259 & ((X( loc=264|loc=267 & ((X( loc=346 & ((X( loc=690 & ((X( loc=960|loc=962 & (X( loc=963|loc=965 ))))))))))))))))))))))))))]",9,0.0013312369441469234,145.836,111.143,actual_path,600
0,out/models/model_spotify500_model-it_9.prism,"Pmax=? [(F ""positive"") & ((X( loc=1 & ((X( loc=7 & ((X( loc=134 & ((X( loc=258|loc=262 & ((X( loc=266|loc=270 & ((X( loc=280 & ((X( loc=624 & ((X( loc=960|loc=962 & (X( loc=963|loc=965 ))))))))))))))))))))))))))]",9,0.002663796204052987,140.224,115.561,actual_path,600
0,out/models/model_spotify1000_model-it_0.prism, Pmax=? [F loc=5486] ,0,0.6840423953376298,199.315,266.367,reach_state,600
0,out/models/model_spotify1000_model-it_0.prism, Pmax=? [F loc=1955] ,0,0.6840423953376298,198.591,265.801,reach_state,600
0,out/models/model_spotify1000_model-it_0.prism, Pmax=? [F loc=5502] ,0,0.6840423953376298,204.125,268.91,reach_state,600
0,out/models/model_spotify1000_model-it_0.prism, Pmax=? [F loc=5287] ,0,0.6840423953376298,195.241,277.483,reach_state,600
0,out/models/model_spotify1000_model-it_0.prism, Pmax=? [F loc=2175] ,0,0.8088638629214475,232.195,287.118,reach_state,600
0,out/models/model_spotify1000_model-it_0.prism, Pmax=? [F loc=2136] ,0,0.002202715746478727,301.12,276.848,reach_state,600
0,out/models/model_spotify1000_model-it_0.prism, Pmax=? [F loc=2573] ,0,0.0032123274532899143,314.705,271.258,reach_state,600
0,out/models/model_spotify1000_model-it_0.prism, Pmax=? [F loc=3242] ,0,0.0022027157464787183,304.226,273.738,reach_state,600
