,name,states,transitions,encoding,time,lower_reachability_value,lower_importance_value,upper_reachability_value,upper_importance_value,start_state,via_state,target_state,timeout,status
0,out/models/model_greps_model-it_0.pickle,64,78,quadratic,0.010479927062988281,0.81,1.0,0.81,1.0,q0: start,q44: waitingForResultApproval,q52: positive,36000,2
1,out/models/model_greps_model-it_0.pickle,64,78,linear,0.00603032112121582,0.81,1.0,0.81,1.0,q0: start,q44: waitingForResultApproval,q52: positive,36000,2
0,out/models/model_greps_model-it_0.pickle,64,78,quadratic,0.009238004684448242,0.81,1.0,0.81,1.0,q0: start,q30: customerTaskevent3,q52: positive,36000,2
1,out/models/model_greps_model-it_0.pickle,64,78,linear,0.005941867828369141,0.81,1.0,0.81,1.0,q0: start,q30: customerTaskevent3,q52: positive,36000,2
0,out/models/model_greps_model-it_0.pickle,64,78,quadratic,0.009544134140014648,0.81,0.095,0.81,0.095,q0: start,q61: companyResultsshared,q52: positive,36000,2
1,out/models/model_greps_model-it_0.pickle,64,78,linear,0.006725788116455078,0.81,0.095,0.81,0.095,q0: start,q61: companyResultsshared,q52: positive,36000,2
0,out/models/model_greps_model-it_0.pickle,64,78,quadratic,0.009608983993530273,0.81,1.0,0.81,1.0,q0: start,q31: Givefeedback3,q52: positive,36000,2
1,out/models/model_greps_model-it_0.pickle,64,78,linear,0.006124973297119141,0.81,1.0,0.81,1.0,q0: start,q31: Givefeedback3,q52: positive,36000,2
0,out/models/model_greps_model-it_0.pickle,64,78,quadratic,0.01101374626159668,0.81,0.97,0.81,0.97,q0: start,q4: registered,q52: positive,36000,2
1,out/models/model_greps_model-it_0.pickle,64,78,linear,0.007153987884521484,0.81,0.97,0.81,0.97,q0: start,q4: registered,q52: positive,36000,2
0,out/models/model_greps_model-it_0.pickle,64,78,quadratic,0.009490966796875,0.81,1.0,0.81,1.0,q0: start,q49: finished,q52: positive,36000,2
1,out/models/model_greps_model-it_0.pickle,64,78,linear,0.024992942810058594,0.81,1.0,0.81,1.0,q0: start,q49: finished,q52: positive,36000,2
0,out/models/model_greps_model-it_0.pickle,64,78,quadratic,0.010648250579833984,0.81,1.0,0.81,1.0,q0: start,q5: companyvpcAssignInstance,q52: positive,36000,2
1,out/models/model_greps_model-it_0.pickle,64,78,linear,0.01958298683166504,0.81,1.0,0.81,1.0,q0: start,q5: companyvpcAssignInstance,q52: positive,36000,2
0,out/models/model_greps_model-it_0.pickle,64,78,quadratic,0.07762598991394043,0.81,1.0,0.81,1.0,q0: start,q17: Givefeedback0,q52: positive,36000,2
1,out/models/model_greps_model-it_0.pickle,64,78,linear,0.012025117874145508,0.81,1.0,0.81,1.0,q0: start,q17: Givefeedback0,q52: positive,36000,2
0,out/models/model_greps_model-it_0.pickle,64,78,quadratic,0.037335872650146484,0.81,0.0,0.81,0.0,q0: start,q48: customerwaitingForActivityReport,q52: positive,36000,2
1,out/models/model_greps_model-it_0.pickle,64,78,linear,0.023504018783569336,0.81,0.0,0.81,0.0,q0: start,q48: customerwaitingForActivityReport,q52: positive,36000,2
0,out/models/model_greps_model-it_0.pickle,64,78,quadratic,0.1218869686126709,0.81,0.952,0.81,0.952,q0: start,q42: companywaitingForScores,q52: positive,36000,2
1,out/models/model_greps_model-it_0.pickle,64,78,linear,0.03032684326171875,0.81,0.952,0.81,0.952,q0: start,q42: companywaitingForScores,q52: positive,36000,2
0,out/models/model_greps_model-it_0.pickle,64,78,quadratic,0.04196619987487793,0.81,1.0,0.81,1.0,q0: start,q0: start,q52: positive,36000,2
1,out/models/model_greps_model-it_0.pickle,64,78,linear,0.023406028747558594,0.81,1.0,0.81,1.0,q0: start,q0: start,q52: positive,36000,2
0,out/models/model_greps_model-it_0.pickle,64,78,quadratic,0.08052182197570801,0.81,1.0,0.81,1.0,q0: start,q46: waitingForActivityReport,q52: positive,36000,2
1,out/models/model_greps_model-it_0.pickle,64,78,linear,0.0220792293548584,0.81,1.0,0.81,1.0,q0: start,q46: waitingForActivityReport,q52: positive,36000,2
0,out/models/model_greps_model-it_0.pickle,64,78,quadratic,0.03840184211730957,0.81,1.0,0.81,1.0,q0: start,q15: Taskevent0,q52: positive,36000,2
1,out/models/model_greps_model-it_0.pickle,64,78,linear,0.027497053146362305,0.81,1.0,0.81,1.0,q0: start,q15: Taskevent0,q52: positive,36000,2
0,out/models/model_greps_model-it_0.pickle,64,78,quadratic,0.042096853256225586,0.81,1.0,0.81,1.0,q0: start,q9: companyvpcCreateUserOnInstance,q52: positive,36000,2
1,out/models/model_greps_model-it_0.pickle,64,78,linear,0.02435898780822754,0.81,1.0,0.81,1.0,q0: start,q9: companyvpcCreateUserOnInstance,q52: positive,36000,2
0,out/models/model_greps_model-it_0.pickle,64,78,quadratic,0.062401771545410156,0.81,0.97,0.81,0.97,q0: start,q2: customerstart,q52: positive,36000,2
1,out/models/model_greps_model-it_0.pickle,64,78,linear,0.21663308143615723,0.81,0.97,0.81,0.97,q0: start,q2: customerstart,q52: positive,36000,2
0,out/models/model_greps_model-it_0.pickle,64,78,quadratic,0.03931713104248047,0.81,1.0,0.81,1.0,q0: start,q25: customerTaskevent2,q52: positive,36000,2
1,out/models/model_greps_model-it_0.pickle,64,78,linear,0.0210421085357666,0.81,1.0,0.81,1.0,q0: start,q25: customerTaskevent2,q52: positive,36000,2
0,out/models/model_greps_model-it_0.pickle,64,78,quadratic,0.05200600624084473,0.81,0.381,0.81,0.381,q0: start,q53: waitingForSubjectAcceptance,q52: positive,36000,2
1,out/models/model_greps_model-it_0.pickle,64,78,linear,0.022748947143554688,0.81,0.381,0.81,0.381,q0: start,q53: waitingForSubjectAcceptance,q52: positive,36000,2
0,out/models/model_greps_model-it_0.pickle,64,78,quadratic,0.04359292984008789,0.81,1.0,0.81,1.0,q0: start,q20: customerTaskevent1,q52: positive,36000,2
1,out/models/model_greps_model-it_0.pickle,64,78,linear,0.020728111267089844,0.81,1.0,0.81,1.0,q0: start,q20: customerTaskevent1,q52: positive,36000,2
0,out/models/model_greps_model-it_0.pickle,64,78,quadratic,0.04580998420715332,0.81,1.0,0.81,1.0,q0: start,q13: started,q52: positive,36000,2
1,out/models/model_greps_model-it_0.pickle,64,78,linear,0.021687984466552734,0.81,1.0,0.81,1.0,q0: start,q13: started,q52: positive,36000,2
0,out/models/model_greps_model-it_0.pickle,64,78,quadratic,0.03109002113342285,0.81,1.0,0.81,1.0,q0: start,q28: customerGivefeedback2,q52: positive,36000,2
1,out/models/model_greps_model-it_0.pickle,64,78,linear,0.028034687042236328,0.81,1.0,0.81,1.0,q0: start,q28: customerGivefeedback2,q52: positive,36000,2
0,out/models/model_greps_model-it_0.pickle,64,78,quadratic,0.041339874267578125,0.81,0.095,0.81,0.095,q0: start,q60: Resultsshared,q52: positive,36000,2
1,out/models/model_greps_model-it_0.pickle,64,78,linear,0.03431105613708496,0.81,0.095,0.81,0.095,q0: start,q60: Resultsshared,q52: positive,36000,2
0,out/models/model_greps_model-it_0.pickle,64,78,quadratic,0.04232501983642578,0.81,0.095,0.81,0.095,q0: start,q59: customersubjectAcceptanceReceived,q52: positive,36000,2
1,out/models/model_greps_model-it_0.pickle,64,78,linear,0.022343873977661133,0.81,0.095,0.81,0.095,q0: start,q59: customersubjectAcceptanceReceived,q52: positive,36000,2
0,out/models/model_greps_model-it_0.pickle,64,78,quadratic,0.03910398483276367,0.81,0.143,0.81,0.143,q0: start,q55: customerwaitingForSubjectAcceptance,q52: positive,36000,2
1,out/models/model_greps_model-it_0.pickle,64,78,linear,0.026640892028808594,0.81,0.143,0.81,0.143,q0: start,q55: customerwaitingForSubjectAcceptance,q52: positive,36000,2
0,out/models/model_greps_model-it_0.pickle,64,78,quadratic,0.03810381889343262,0.81,0.952,0.81,0.952,q0: start,q40: waitingForScores,q52: positive,36000,2
1,out/models/model_greps_model-it_0.pickle,64,78,linear,0.02136397361755371,0.81,0.952,0.81,0.952,q0: start,q40: waitingForScores,q52: positive,36000,2
0,out/models/model_greps_model-it_0.pickle,64,78,quadratic,0.04080796241760254,0.81,1.0,0.81,1.0,q0: start,q19: Taskevent1,q52: positive,36000,2
1,out/models/model_greps_model-it_0.pickle,64,78,linear,0.033670902252197266,0.81,1.0,0.81,1.0,q0: start,q19: Taskevent1,q52: positive,36000,2
0,out/models/model_greps_model-it_0.pickle,64,78,quadratic,0.036826133728027344,0.81,1.0,0.81,1.0,q0: start,q27: Givefeedback2,q52: positive,36000,2
1,out/models/model_greps_model-it_0.pickle,64,78,linear,0.03390789031982422,0.81,1.0,0.81,1.0,q0: start,q27: Givefeedback2,q52: positive,36000,2
0,out/models/model_greps_model-it_0.pickle,64,78,quadratic,0.03878903388977051,0.81,1.0,0.81,1.0,q0: start,q52: positive,q52: positive,36000,2
1,out/models/model_greps_model-it_0.pickle,64,78,linear,0.026290416717529297,0.81,1.0,0.81,1.0,q0: start,q52: positive,q52: positive,36000,2
0,out/models/model_greps_model-it_0.pickle,64,78,quadratic,0.07053780555725098,0.81,0.213,0.81,0.213,q0: start,q58: customerResultsautomaticallyshared,q52: positive,36000,2
1,out/models/model_greps_model-it_0.pickle,64,78,linear,0.020613670349121094,0.81,0.213,0.81,0.213,q0: start,q58: customerResultsautomaticallyshared,q52: positive,36000,2
0,out/models/model_greps_model-it_0.pickle,64,78,quadratic,0.039852142333984375,0.81,1.0,0.81,1.0,q0: start,q11: readyToStart,q52: positive,36000,2
1,out/models/model_greps_model-it_0.pickle,64,78,linear,0.02231884002685547,0.81,1.0,0.81,1.0,q0: start,q11: readyToStart,q52: positive,36000,2
0,out/models/model_greps_model-it_0.pickle,64,78,quadratic,0.034465789794921875,0.81,0.238,0.81,0.238,q0: start,q54: companywaitingForSubjectAcceptance,q52: positive,36000,2
1,out/models/model_greps_model-it_0.pickle,64,78,linear,0.02358078956604004,0.81,0.238,0.81,0.238,q0: start,q54: companywaitingForSubjectAcceptance,q52: positive,36000,2
0,out/models/model_greps_model-it_0.pickle,64,78,quadratic,0.06437301635742188,0.81,1.0,0.81,1.0,q0: start,q47: companywaitingForActivityReport,q52: positive,36000,2
1,out/models/model_greps_model-it_0.pickle,64,78,linear,0.022778749465942383,0.81,1.0,0.81,1.0,q0: start,q47: companywaitingForActivityReport,q52: positive,36000,2
0,out/models/model_greps_model-it_0.pickle,64,78,quadratic,0.04925107955932617,0.81,0.905,0.81,0.905,q0: start,q36: waitingForManualScores,q52: positive,36000,2
1,out/models/model_greps_model-it_0.pickle,64,78,linear,0.024101972579956055,0.81,0.905,0.81,0.905,q0: start,q36: waitingForManualScores,q52: positive,36000,2
0,out/models/model_greps_model-it_0.pickle,64,78,quadratic,0.05503273010253906,0.81,1.0,0.81,1.0,q0: start,q50: companyfinished,q52: positive,36000,2
1,out/models/model_greps_model-it_0.pickle,64,78,linear,0.024958133697509766,0.81,1.0,0.81,1.0,q0: start,q50: companyfinished,q52: positive,36000,2
0,out/models/model_greps_model-it_0.pickle,64,78,quadratic,0.04943203926086426,0.81,0.381,0.81,0.381,q0: start,q51: customerwaitingForResultApproval,q52: positive,36000,2
1,out/models/model_greps_model-it_0.pickle,64,78,linear,0.023057937622070312,0.81,0.381,0.81,0.381,q0: start,q51: customerwaitingForResultApproval,q52: positive,36000,2
0,out/models/model_greps_model-it_0.pickle,64,78,quadratic,0.05208396911621094,0.81,1.0,0.81,1.0,q0: start,q12: companyreadyToStart,q52: positive,36000,2
1,out/models/model_greps_model-it_0.pickle,64,78,linear,0.021929264068603516,0.81,1.0,0.81,1.0,q0: start,q12: companyreadyToStart,q52: positive,36000,2
0,out/models/model_greps_model-it_0.pickle,64,78,quadratic,0.03976893424987793,0.81,0.619,0.81,0.619,q0: start,q37: Givefeedback4,q52: positive,36000,2
1,out/models/model_greps_model-it_0.pickle,64,78,linear,0.027044057846069336,0.81,0.619,0.81,0.619,q0: start,q37: Givefeedback4,q52: positive,36000,2
0,out/models/model_greps_model-it_0.pickle,64,78,quadratic,0.052770137786865234,0.81,0.256,0.81,0.256,q0: start,q56: Resultsautomaticallyshared,q52: positive,36000,2
1,out/models/model_greps_model-it_0.pickle,64,78,linear,0.02534008026123047,0.81,0.256,0.81,0.256,q0: start,q56: Resultsautomaticallyshared,q52: positive,36000,2
0,out/models/model_greps_model-it_0.pickle,64,78,quadratic,0.06593585014343262,0.81,1.0,0.81,1.0,q0: start,q32: customerGivefeedback3,q52: positive,36000,2
1,out/models/model_greps_model-it_0.pickle,64,78,linear,0.0263979434967041,0.81,1.0,0.81,1.0,q0: start,q32: customerGivefeedback3,q52: positive,36000,2
0,out/models/model_greps_model-it_0.pickle,64,78,quadratic,0.0547330379486084,0.81,0.905,0.81,0.905,q0: start,q38: companywaitingForManualScores,q52: positive,36000,2
1,out/models/model_greps_model-it_0.pickle,64,78,linear,0.024453163146972656,0.81,0.905,0.81,0.905,q0: start,q38: companywaitingForManualScores,q52: positive,36000,2
0,out/models/model_greps_model-it_0.pickle,64,78,quadratic,0.049952030181884766,0.81,0.619,0.81,0.619,q0: start,q41: Taskevent5,q52: positive,36000,2
1,out/models/model_greps_model-it_0.pickle,64,78,linear,0.024799108505249023,0.81,0.619,0.81,0.619,q0: start,q41: Taskevent5,q52: positive,36000,2
0,out/models/model_greps_model-it_0.pickle,64,78,quadratic,0.057660818099975586,0.81,0.619,0.81,0.619,q0: start,q39: customerGivefeedback4,q52: positive,36000,2
1,out/models/model_greps_model-it_0.pickle,64,78,linear,0.02536296844482422,0.81,0.619,0.81,0.619,q0: start,q39: customerGivefeedback4,q52: positive,36000,2
0,out/models/model_greps_model-it_0.pickle,64,78,quadratic,0.2593882083892822,0.81,0.048,0.81,0.048,q0: start,q63: companyResultsautomaticallyshared,q52: positive,36000,2
1,out/models/model_greps_model-it_0.pickle,64,78,linear,0.0271451473236084,0.81,0.048,0.81,0.048,q0: start,q63: companyResultsautomaticallyshared,q52: positive,36000,2
0,out/models/model_greps_model-it_0.pickle,64,78,quadratic,0.07723402976989746,0.81,1.0,0.81,1.0,q0: start,q18: customerGivefeedback0,q52: positive,36000,2
1,out/models/model_greps_model-it_0.pickle,64,78,linear,0.025053977966308594,0.81,1.0,0.81,1.0,q0: start,q18: customerGivefeedback0,q52: positive,36000,2
0,out/models/model_greps_model-it_0.pickle,64,78,quadratic,0.07198190689086914,0.81,1.0,0.81,1.0,q0: start,q29: Taskevent3,q52: positive,36000,2
1,out/models/model_greps_model-it_0.pickle,64,78,linear,0.16745996475219727,0.81,1.0,0.81,1.0,q0: start,q29: Taskevent3,q52: positive,36000,2
0,out/models/model_greps_model-it_0.pickle,64,78,quadratic,0.06909584999084473,0.81,0.619,0.81,0.619,q0: start,q43: companyTaskevent5,q52: positive,36000,2
1,out/models/model_greps_model-it_0.pickle,64,78,linear,0.023935794830322266,0.81,0.619,0.81,0.619,q0: start,q43: companyTaskevent5,q52: positive,36000,2
0,out/models/model_greps_model-it_0.pickle,64,78,quadratic,0.07025527954101562,0.81,1.0,0.81,1.0,q0: start,q23: customerGivefeedback1,q52: positive,36000,2
1,out/models/model_greps_model-it_0.pickle,64,78,linear,0.07290267944335938,0.81,1.0,0.81,1.0,q0: start,q23: customerGivefeedback1,q52: positive,36000,2
0,out/models/model_greps_model-it_0.pickle,64,78,quadratic,0.06952190399169922,0.81,1.0,0.81,1.0,q0: start,q16: customerTaskevent0,q52: positive,36000,2
1,out/models/model_greps_model-it_0.pickle,64,78,linear,0.025475740432739258,0.81,1.0,0.81,1.0,q0: start,q16: customerTaskevent0,q52: positive,36000,2
0,out/models/model_greps_model-it_0.pickle,64,78,quadratic,0.07077908515930176,0.81,1.0,0.81,1.0,q0: start,q3: vpcAssignInstance,q52: positive,36000,2
1,out/models/model_greps_model-it_0.pickle,64,78,linear,0.02971816062927246,0.81,1.0,0.81,1.0,q0: start,q3: vpcAssignInstance,q52: positive,36000,2
0,out/models/model_greps_model-it_0.pickle,64,78,quadratic,0.06665825843811035,0.81,1.0,0.81,1.0,q0: start,q14: customerstarted,q52: positive,36000,2
1,out/models/model_greps_model-it_0.pickle,64,78,linear,0.02605295181274414,0.81,1.0,0.81,1.0,q0: start,q14: customerstarted,q52: positive,36000,2
0,out/models/model_greps_model-it_0.pickle,64,78,quadratic,0.06536984443664551,0.81,0.341,0.81,0.341,q0: start,q57: subjectAcceptanceReceived,q52: positive,36000,2
1,out/models/model_greps_model-it_0.pickle,64,78,linear,0.023309946060180664,0.81,0.341,0.81,0.341,q0: start,q57: subjectAcceptanceReceived,q52: positive,36000,2
0,out/models/model_greps_model-it_0.pickle,64,78,quadratic,0.06527090072631836,0.81,1.0,0.81,1.0,q0: start,q33: Taskevent4,q52: positive,36000,2
1,out/models/model_greps_model-it_0.pickle,64,78,linear,0.028738975524902344,0.81,1.0,0.81,1.0,q0: start,q33: Taskevent4,q52: positive,36000,2
0,out/models/model_greps_model-it_0.pickle,64,78,quadratic,0.06969809532165527,0.81,1.0,0.81,1.0,q0: start,q22: Givefeedback1,q52: positive,36000,2
1,out/models/model_greps_model-it_0.pickle,64,78,linear,0.02261805534362793,0.81,1.0,0.81,1.0,q0: start,q22: Givefeedback1,q52: positive,36000,2
0,out/models/model_greps_model-it_0.pickle,64,78,quadratic,0.07855606079101562,0.81,1.0,0.81,1.0,q0: start,q7: vpcCreateUserOnInstance,q52: positive,36000,2
1,out/models/model_greps_model-it_0.pickle,64,78,linear,0.02791595458984375,0.81,1.0,0.81,1.0,q0: start,q7: vpcCreateUserOnInstance,q52: positive,36000,2
0,out/models/model_greps_model-it_0.pickle,64,78,quadratic,0.06780195236206055,0.81,1.0,0.81,1.0,q0: start,q24: Taskevent2,q52: positive,36000,2
1,out/models/model_greps_model-it_0.pickle,64,78,linear,0.02489304542541504,0.81,1.0,0.81,1.0,q0: start,q24: Taskevent2,q52: positive,36000,2
0,out/models/model_greps_model-it_0.pickle,64,78,quadratic,0.07658600807189941,0.81,0.256,0.81,0.256,q0: start,q62: companysubjectAcceptanceReceived,q52: positive,36000,2
1,out/models/model_greps_model-it_0.pickle,64,78,linear,0.02735304832458496,0.81,0.256,0.81,0.256,q0: start,q62: companysubjectAcceptanceReceived,q52: positive,36000,2
0,out/models/model_greps_model-it_0.pickle,64,78,quadratic,0.08557415008544922,0.81,1.0,0.81,1.0,q0: start,q23: customerGivefeedback1,q52: positive,36000,2
1,out/models/model_greps_model-it_0.pickle,64,78,linear,0.026050090789794922,0.81,1.0,0.81,1.0,q0: start,q23: customerGivefeedback1,q52: positive,36000,2
0,out/models/model_greps_model-it_0.pickle,64,78,quadratic,0.07113790512084961,0.81,0.0,0.81,0.0,q0: start,q26: negative,q52: positive,36000,2
1,out/models/model_greps_model-it_0.pickle,64,78,linear,0.027080774307250977,0.81,0.0,0.81,0.0,q0: start,q26: negative,q52: positive,36000,2
0,out/models/model_greps_model-it_0.pickle,64,78,quadratic,0.06238198280334473,0.81,0.619,0.81,0.619,q0: start,q35: customerTaskevent4,q52: positive,36000,2
1,out/models/model_greps_model-it_0.pickle,64,78,linear,0.02686905860900879,0.81,0.619,0.81,0.619,q0: start,q35: customerTaskevent4,q52: positive,36000,2
0,out/models/model_greps_model-it_0.pickle,64,78,quadratic,0.061274051666259766,0.81,0.97,0.81,0.97,q0: start,q6: companyregistered,q52: positive,36000,2
1,out/models/model_greps_model-it_0.pickle,64,78,linear,0.026523828506469727,0.81,0.97,0.81,0.97,q0: start,q6: companyregistered,q52: positive,36000,2
0,out/models/model_greps_model-it_0.pickle,64,78,quadratic,0.08625197410583496,0.81,1.0,0.81,1.0,q0: start,q12: companyreadyToStart,q52: positive,36000,2
1,out/models/model_greps_model-it_0.pickle,64,78,linear,0.02531123161315918,0.81,1.0,0.81,1.0,q0: start,q12: companyreadyToStart,q52: positive,36000,2
0,out/models/model_greps_model-it_0.pickle,64,78,quadratic,0.07712006568908691,0.81,1.0,0.81,1.0,q0: start,q29: Taskevent3,q52: positive,36000,2
1,out/models/model_greps_model-it_0.pickle,64,78,linear,0.02427506446838379,0.81,1.0,0.81,1.0,q0: start,q29: Taskevent3,q52: positive,36000,2
0,out/models/model_greps_model-it_0.pickle,64,78,quadratic,0.07010817527770996,0.81,0.381,0.81,0.381,q0: start,q34: companyTaskevent4,q52: positive,36000,2
1,out/models/model_greps_model-it_0.pickle,64,78,linear,0.029983997344970703,0.81,0.381,0.81,0.381,q0: start,q34: companyTaskevent4,q52: positive,36000,2
0,out/models/model_greps_model-it_0.pickle,64,78,quadratic,0.2772972583770752,0.81,0.029,0.81,0.029,q0: start,q21: companyTaskevent0,q52: positive,36000,2
1,out/models/model_greps_model-it_0.pickle,64,78,linear,0.030434846878051758,0.81,0.029,0.81,0.029,q0: start,q21: companyTaskevent0,q52: positive,36000,2
0,out/models/model_greps_model-it_0.pickle,64,78,quadratic,0.07007598876953125,0.81,0.619,0.81,0.619,q0: start,q45: companywaitingForResultApproval,q52: positive,36000,2
1,out/models/model_greps_model-it_0.pickle,64,78,linear,0.03177309036254883,0.81,0.619,0.81,0.619,q0: start,q45: companywaitingForResultApproval,q52: positive,36000,2
0,out/models/model_greps_model-it_0.pickle,64,78,quadratic,0.26797986030578613,0.81,1.0,0.81,1.0,q0: start,q22: Givefeedback1,q52: positive,36000,2
1,out/models/model_greps_model-it_0.pickle,64,78,linear,0.02170395851135254,0.81,1.0,0.81,1.0,q0: start,q22: Givefeedback1,q52: positive,36000,2
0,out/models/model_greps_model-it_0.pickle,64,78,quadratic,0.12413787841796875,0.81,0.0,0.81,0.0,q0: start,q26: negative,q52: positive,36000,2
1,out/models/model_greps_model-it_0.pickle,64,78,linear,0.026034832000732422,0.81,0.0,0.81,0.0,q0: start,q26: negative,q52: positive,36000,2
0,out/models/model_greps_model-it_0.pickle,64,78,quadratic,0.06429505348205566,0.81,0.97,0.81,0.97,q0: start,q8: activated,q52: positive,36000,2
1,out/models/model_greps_model-it_0.pickle,64,78,linear,0.0240478515625,0.81,0.97,0.81,0.97,q0: start,q8: activated,q52: positive,36000,2
0,out/models/model_greps_model-it_0.pickle,64,78,quadratic,0.12257909774780273,0.81,1.0,0.81,1.0,q0: start,q44: waitingForResultApproval,q52: positive,36000,2
1,out/models/model_greps_model-it_0.pickle,64,78,linear,0.02365899085998535,0.81,1.0,0.81,1.0,q0: start,q44: waitingForResultApproval,q52: positive,36000,2
0,out/models/model_greps_model-it_0.pickle,64,78,quadratic,0.20136094093322754,0.81,0.341,0.81,0.341,q0: start,q57: subjectAcceptanceReceived,q52: positive,36000,2
1,out/models/model_greps_model-it_0.pickle,64,78,linear,0.020669937133789062,0.81,0.341,0.81,0.341,q0: start,q57: subjectAcceptanceReceived,q52: positive,36000,2
0,out/models/model_greps_model-it_0.pickle,64,78,quadratic,0.08527493476867676,0.81,0.381,0.81,0.381,q0: start,q53: waitingForSubjectAcceptance,q52: positive,36000,2
1,out/models/model_greps_model-it_0.pickle,64,78,linear,0.03002309799194336,0.81,0.381,0.81,0.381,q0: start,q53: waitingForSubjectAcceptance,q52: positive,36000,2
0,out/models/model_greps_model-it_0.pickle,64,78,quadratic,0.07382512092590332,0.81,1.0,0.81,1.0,q0: start,q13: started,q52: positive,36000,2
1,out/models/model_greps_model-it_0.pickle,64,78,linear,0.07120418548583984,0.81,1.0,0.81,1.0,q0: start,q13: started,q52: positive,36000,2
0,out/models/model_greps_model-it_0.pickle,64,78,quadratic,0.0676429271697998,0.81,0.97,0.81,0.97,q0: start,q10: companyactivated,q52: positive,36000,2
1,out/models/model_greps_model-it_0.pickle,64,78,linear,0.02418684959411621,0.81,0.97,0.81,0.97,q0: start,q10: companyactivated,q52: positive,36000,2
0,out/models/model_greps_model-it_0.pickle,64,78,quadratic,0.07036304473876953,0.81,1.0,0.81,1.0,q0: start,q49: finished,q52: positive,36000,2
1,out/models/model_greps_model-it_0.pickle,64,78,linear,0.031861066818237305,0.81,1.0,0.81,1.0,q0: start,q49: finished,q52: positive,36000,2
0,out/models/model_greps_model-it_0.pickle,64,78,quadratic,0.2123570442199707,0.81,0.952,0.81,0.952,q0: start,q40: waitingForScores,q52: positive,36000,2
1,out/models/model_greps_model-it_0.pickle,64,78,linear,0.02696084976196289,0.81,0.952,0.81,0.952,q0: start,q40: waitingForScores,q52: positive,36000,2
0,out/models/model_greps_model-it_0.pickle,64,78,quadratic,0.07241582870483398,0.81,1.0,0.81,1.0,q0: start,q50: companyfinished,q52: positive,36000,2
1,out/models/model_greps_model-it_0.pickle,64,78,linear,0.04116320610046387,0.81,1.0,0.81,1.0,q0: start,q50: companyfinished,q52: positive,36000,2
0,out/models/model_greps_model-it_0.pickle,64,78,quadratic,0.06931900978088379,0.81,0.256,0.81,0.256,q0: start,q62: companysubjectAcceptanceReceived,q52: positive,36000,2
1,out/models/model_greps_model-it_0.pickle,64,78,linear,0.028207063674926758,0.81,0.256,0.81,0.256,q0: start,q62: companysubjectAcceptanceReceived,q52: positive,36000,2
0,out/models/model_greps_model-it_0.pickle,64,78,quadratic,0.07425737380981445,0.81,0.048,0.81,0.048,q0: start,q63: companyResultsautomaticallyshared,q52: positive,36000,2
1,out/models/model_greps_model-it_0.pickle,64,78,linear,0.034111976623535156,0.81,0.048,0.81,0.048,q0: start,q63: companyResultsautomaticallyshared,q52: positive,36000,2
0,out/models/model_greps_model-it_0.pickle,64,78,quadratic,0.07341599464416504,0.81,1.0,0.81,1.0,q0: start,q15: Taskevent0,q52: positive,36000,2
1,out/models/model_greps_model-it_0.pickle,64,78,linear,0.02921319007873535,0.81,1.0,0.81,1.0,q0: start,q15: Taskevent0,q52: positive,36000,2
0,out/models/model_greps_model-it_0.pickle,64,78,quadratic,0.06788802146911621,0.81,0.256,0.81,0.256,q0: start,q56: Resultsautomaticallyshared,q52: positive,36000,2
1,out/models/model_greps_model-it_0.pickle,64,78,linear,0.025877952575683594,0.81,0.256,0.81,0.256,q0: start,q56: Resultsautomaticallyshared,q52: positive,36000,2
0,out/models/model_greps_model-it_0.pickle,64,78,quadratic,0.21879005432128906,0.81,0.03,0.81,0.03,q0: start,q1: companystart,q52: positive,36000,2
1,out/models/model_greps_model-it_0.pickle,64,78,linear,0.028165102005004883,0.81,0.03,0.81,0.03,q0: start,q1: companystart,q52: positive,36000,2
0,out/models/model_greps_model-it_0.pickle,64,78,quadratic,0.12256622314453125,0.81,0.952,0.81,0.952,q0: start,q42: companywaitingForScores,q52: positive,36000,2
1,out/models/model_greps_model-it_0.pickle,64,78,linear,0.01947307586669922,0.81,0.952,0.81,0.952,q0: start,q42: companywaitingForScores,q52: positive,36000,2
0,out/models/model_greps_model-it_0.pickle,64,78,quadratic,0.06924295425415039,0.81,0.095,0.81,0.095,q0: start,q60: Resultsshared,q52: positive,36000,2
1,out/models/model_greps_model-it_0.pickle,64,78,linear,0.02695298194885254,0.81,0.095,0.81,0.095,q0: start,q60: Resultsshared,q52: positive,36000,2
0,out/models/model_greps_model-it_0.pickle,64,78,quadratic,0.10523486137390137,0.81,1.0,0.81,1.0,q0: start,q19: Taskevent1,q52: positive,36000,2
1,out/models/model_greps_model-it_0.pickle,64,78,linear,0.02564406394958496,0.81,1.0,0.81,1.0,q0: start,q19: Taskevent1,q52: positive,36000,2
0,out/models/model_greps_model-it_0.pickle,64,78,quadratic,0.11956477165222168,0.81,0.619,0.81,0.619,q0: start,q43: companyTaskevent5,q52: positive,36000,2
1,out/models/model_greps_model-it_0.pickle,64,78,linear,0.06109619140625,0.81,0.619,0.81,0.619,q0: start,q43: companyTaskevent5,q52: positive,36000,2
0,out/models/model_greps_model-it_0.pickle,64,78,quadratic,0.07288694381713867,0.81,0.619,0.81,0.619,q0: start,q41: Taskevent5,q52: positive,36000,2
1,out/models/model_greps_model-it_0.pickle,64,78,linear,0.07004308700561523,0.81,0.619,0.81,0.619,q0: start,q41: Taskevent5,q52: positive,36000,2
0,out/models/model_greps_model-it_0.pickle,64,78,quadratic,0.06689810752868652,0.81,0.095,0.81,0.095,q0: start,q59: customersubjectAcceptanceReceived,q52: positive,36000,2
1,out/models/model_greps_model-it_0.pickle,64,78,linear,0.03310394287109375,0.81,0.095,0.81,0.095,q0: start,q59: customersubjectAcceptanceReceived,q52: positive,36000,2
0,out/models/model_greps_model-it_0.pickle,64,78,quadratic,0.0754849910736084,0.81,0.905,0.81,0.905,q0: start,q38: companywaitingForManualScores,q52: positive,36000,2
1,out/models/model_greps_model-it_0.pickle,64,78,linear,0.023272991180419922,0.81,0.905,0.81,0.905,q0: start,q38: companywaitingForManualScores,q52: positive,36000,2
0,out/models/model_greps_model-it_0.pickle,64,78,quadratic,0.07785511016845703,0.81,1.0,0.81,1.0,q0: start,q3: vpcAssignInstance,q52: positive,36000,2
1,out/models/model_greps_model-it_0.pickle,64,78,linear,0.08100223541259766,0.81,1.0,0.81,1.0,q0: start,q3: vpcAssignInstance,q52: positive,36000,2
0,out/models/model_greps_model-it_0.pickle,64,78,quadratic,0.2231130599975586,0.81,0.029,0.81,0.029,q0: start,q21: companyTaskevent0,q52: positive,36000,2
1,out/models/model_greps_model-it_0.pickle,64,78,linear,0.03259396553039551,0.81,0.029,0.81,0.029,q0: start,q21: companyTaskevent0,q52: positive,36000,2
0,out/models/model_greps_model-it_0.pickle,64,78,quadratic,0.10982513427734375,0.81,1.0,0.81,1.0,q0: start,q14: customerstarted,q52: positive,36000,2
1,out/models/model_greps_model-it_0.pickle,64,78,linear,0.023546934127807617,0.81,1.0,0.81,1.0,q0: start,q14: customerstarted,q52: positive,36000,2
0,out/models/model_greps_model-it_0.pickle,64,78,quadratic,0.0755622386932373,0.81,0.381,0.81,0.381,q0: start,q34: companyTaskevent4,q52: positive,36000,2
1,out/models/model_greps_model-it_0.pickle,64,78,linear,0.045266151428222656,0.81,0.381,0.81,0.381,q0: start,q34: companyTaskevent4,q52: positive,36000,2
0,out/models/model_greps_model-it_0.pickle,64,78,quadratic,0.06182503700256348,0.81,1.0,0.81,1.0,q0: start,q32: customerGivefeedback3,q52: positive,36000,2
1,out/models/model_greps_model-it_0.pickle,64,78,linear,0.01531529426574707,0.81,1.0,0.81,1.0,q0: start,q32: customerGivefeedback3,q52: positive,36000,2
0,out/models/model_greps_model-it_0.pickle,64,78,quadratic,0.06789278984069824,0.81,0.619,0.81,0.619,q0: start,q35: customerTaskevent4,q52: positive,36000,2
1,out/models/model_greps_model-it_0.pickle,64,78,linear,0.04108381271362305,0.81,0.619,0.81,0.619,q0: start,q35: customerTaskevent4,q52: positive,36000,2
0,out/models/model_greps_model-it_0.pickle,64,78,quadratic,0.07900404930114746,0.81,0.97,0.81,0.97,q0: start,q10: companyactivated,q52: positive,36000,2
1,out/models/model_greps_model-it_0.pickle,64,78,linear,0.024863004684448242,0.81,0.97,0.81,0.97,q0: start,q10: companyactivated,q52: positive,36000,2
0,out/models/model_greps_model-it_0.pickle,64,78,quadratic,0.1373121738433838,0.81,0.0,0.81,0.0,q0: start,q48: customerwaitingForActivityReport,q52: positive,36000,2
1,out/models/model_greps_model-it_0.pickle,64,78,linear,0.042487144470214844,0.81,0.0,0.81,0.0,q0: start,q48: customerwaitingForActivityReport,q52: positive,36000,2
0,out/models/model_greps_model-it_0.pickle,64,78,quadratic,0.0664968490600586,0.81,1.0,0.81,1.0,q0: start,q17: Givefeedback0,q52: positive,36000,2
1,out/models/model_greps_model-it_0.pickle,64,78,linear,0.02263498306274414,0.81,1.0,0.81,1.0,q0: start,q17: Givefeedback0,q52: positive,36000,2
0,out/models/model_greps_model-it_0.pickle,64,78,quadratic,0.11677098274230957,0.81,0.095,0.81,0.095,q0: start,q61: companyResultsshared,q52: positive,36000,2
1,out/models/model_greps_model-it_0.pickle,64,78,linear,0.04175996780395508,0.81,0.095,0.81,0.095,q0: start,q61: companyResultsshared,q52: positive,36000,2
0,out/models/model_greps_model-it_0.pickle,64,78,quadratic,0.0883030891418457,0.81,1.0,0.81,1.0,q0: start,q52: positive,q52: positive,36000,2
1,out/models/model_greps_model-it_0.pickle,64,78,linear,0.031155824661254883,0.81,1.0,0.81,1.0,q0: start,q52: positive,q52: positive,36000,2
0,out/models/model_greps_model-it_0.pickle,64,78,quadratic,0.0779409408569336,0.81,1.0,0.81,1.0,q0: start,q30: customerTaskevent3,q52: positive,36000,2
1,out/models/model_greps_model-it_0.pickle,64,78,linear,0.02923107147216797,0.81,1.0,0.81,1.0,q0: start,q30: customerTaskevent3,q52: positive,36000,2
0,out/models/model_greps_model-it_0.pickle,64,78,quadratic,0.08058404922485352,0.81,1.0,0.81,1.0,q0: start,q33: Taskevent4,q52: positive,36000,2
1,out/models/model_greps_model-it_0.pickle,64,78,linear,0.04504108428955078,0.81,1.0,0.81,1.0,q0: start,q33: Taskevent4,q52: positive,36000,2
0,out/models/model_greps_model-it_0.pickle,64,78,quadratic,0.06294417381286621,0.81,1.0,0.81,1.0,q0: start,q27: Givefeedback2,q52: positive,36000,2
1,out/models/model_greps_model-it_0.pickle,64,78,linear,0.03571319580078125,0.81,1.0,0.81,1.0,q0: start,q27: Givefeedback2,q52: positive,36000,2
0,out/models/model_greps_model-it_0.pickle,64,78,quadratic,0.08505988121032715,0.81,1.0,0.81,1.0,q0: start,q46: waitingForActivityReport,q52: positive,36000,2
1,out/models/model_greps_model-it_0.pickle,64,78,linear,0.03173708915710449,0.81,1.0,0.81,1.0,q0: start,q46: waitingForActivityReport,q52: positive,36000,2
0,out/models/model_greps_model-it_0.pickle,64,78,quadratic,0.1030282974243164,0.81,1.0,0.81,1.0,q0: start,q31: Givefeedback3,q52: positive,36000,2
1,out/models/model_greps_model-it_0.pickle,64,78,linear,0.0848839282989502,0.81,1.0,0.81,1.0,q0: start,q31: Givefeedback3,q52: positive,36000,2
0,out/models/model_greps_model-it_0.pickle,64,78,quadratic,0.10927319526672363,0.81,0.905,0.81,0.905,q0: start,q36: waitingForManualScores,q52: positive,36000,2
1,out/models/model_greps_model-it_0.pickle,64,78,linear,0.028524160385131836,0.81,0.905,0.81,0.905,q0: start,q36: waitingForManualScores,q52: positive,36000,2
0,out/models/model_greps_model-it_0.pickle,64,78,quadratic,0.10385584831237793,0.81,0.97,0.81,0.97,q0: start,q4: registered,q52: positive,36000,2
1,out/models/model_greps_model-it_0.pickle,64,78,linear,0.07468485832214355,0.81,0.97,0.81,0.97,q0: start,q4: registered,q52: positive,36000,2
0,out/models/model_greps_model-it_0.pickle,64,78,quadratic,0.11832404136657715,0.81,1.0,0.81,1.0,q0: start,q25: customerTaskevent2,q52: positive,36000,2
1,out/models/model_greps_model-it_0.pickle,64,78,linear,0.04289579391479492,0.81,1.0,0.81,1.0,q0: start,q25: customerTaskevent2,q52: positive,36000,2
0,out/models/model_greps_model-it_0.pickle,64,78,quadratic,0.10708403587341309,0.81,0.619,0.81,0.619,q0: start,q37: Givefeedback4,q52: positive,36000,2
1,out/models/model_greps_model-it_0.pickle,64,78,linear,0.041871070861816406,0.81,0.619,0.81,0.619,q0: start,q37: Givefeedback4,q52: positive,36000,2
0,out/models/model_greps_model-it_0.pickle,64,78,quadratic,0.10668492317199707,0.81,1.0,0.81,1.0,q0: start,q7: vpcCreateUserOnInstance,q52: positive,36000,2
1,out/models/model_greps_model-it_0.pickle,64,78,linear,0.049130916595458984,0.81,1.0,0.81,1.0,q0: start,q7: vpcCreateUserOnInstance,q52: positive,36000,2
0,out/models/model_greps_model-it_0.pickle,64,78,quadratic,0.06516122817993164,0.81,1.0,0.81,1.0,q0: start,q16: customerTaskevent0,q52: positive,36000,2
1,out/models/model_greps_model-it_0.pickle,64,78,linear,0.015442132949829102,0.81,1.0,0.81,1.0,q0: start,q16: customerTaskevent0,q52: positive,36000,2
0,out/models/model_greps_model-it_0.pickle,64,78,quadratic,0.11598324775695801,0.81,0.619,0.81,0.619,q0: start,q45: companywaitingForResultApproval,q52: positive,36000,2
1,out/models/model_greps_model-it_0.pickle,64,78,linear,0.04443979263305664,0.81,0.619,0.81,0.619,q0: start,q45: companywaitingForResultApproval,q52: positive,36000,2
0,out/models/model_greps_model-it_0.pickle,64,78,quadratic,0.07912993431091309,0.81,1.0,0.81,1.0,q0: start,q11: readyToStart,q52: positive,36000,2
1,out/models/model_greps_model-it_0.pickle,64,78,linear,0.01905202865600586,0.81,1.0,0.81,1.0,q0: start,q11: readyToStart,q52: positive,36000,2
0,out/models/model_greps_model-it_0.pickle,64,78,quadratic,0.08526015281677246,0.81,0.238,0.81,0.238,q0: start,q54: companywaitingForSubjectAcceptance,q52: positive,36000,2
1,out/models/model_greps_model-it_0.pickle,64,78,linear,0.05178999900817871,0.81,0.238,0.81,0.238,q0: start,q54: companywaitingForSubjectAcceptance,q52: positive,36000,2
0,out/models/model_greps_model-it_0.pickle,64,78,quadratic,0.07617998123168945,0.81,1.0,0.81,1.0,q0: start,q5: companyvpcAssignInstance,q52: positive,36000,2
1,out/models/model_greps_model-it_0.pickle,64,78,linear,0.10156083106994629,0.81,1.0,0.81,1.0,q0: start,q5: companyvpcAssignInstance,q52: positive,36000,2
0,out/models/model_greps_model-it_0.pickle,64,78,quadratic,0.10613107681274414,0.81,1.0,0.81,1.0,q0: start,q9: companyvpcCreateUserOnInstance,q52: positive,36000,2
1,out/models/model_greps_model-it_0.pickle,64,78,linear,0.0280301570892334,0.81,1.0,0.81,1.0,q0: start,q9: companyvpcCreateUserOnInstance,q52: positive,36000,2
0,out/models/model_greps_model-it_0.pickle,64,78,quadratic,0.08030986785888672,0.81,0.381,0.81,0.381,q0: start,q51: customerwaitingForResultApproval,q52: positive,36000,2
1,out/models/model_greps_model-it_0.pickle,64,78,linear,0.037468910217285156,0.81,0.381,0.81,0.381,q0: start,q51: customerwaitingForResultApproval,q52: positive,36000,2
0,out/models/model_greps_model-it_0.pickle,64,78,quadratic,0.08269906044006348,0.81,1.0,0.81,1.0,q0: start,q24: Taskevent2,q52: positive,36000,2
1,out/models/model_greps_model-it_0.pickle,64,78,linear,0.026469945907592773,0.81,1.0,0.81,1.0,q0: start,q24: Taskevent2,q52: positive,36000,2
0,out/models/model_greps_model-it_0.pickle,64,78,quadratic,0.09615516662597656,0.81,0.213,0.81,0.213,q0: start,q58: customerResultsautomaticallyshared,q52: positive,36000,2
1,out/models/model_greps_model-it_0.pickle,64,78,linear,0.046231985092163086,0.81,0.213,0.81,0.213,q0: start,q58: customerResultsautomaticallyshared,q52: positive,36000,2
0,out/models/model_greps_model-it_0.pickle,64,78,quadratic,0.13286709785461426,0.81,1.0,0.81,1.0,q0: start,q18: customerGivefeedback0,q52: positive,36000,2
1,out/models/model_greps_model-it_0.pickle,64,78,linear,0.05435609817504883,0.81,1.0,0.81,1.0,q0: start,q18: customerGivefeedback0,q52: positive,36000,2
0,out/models/model_greps_model-it_0.pickle,64,78,quadratic,0.08752226829528809,0.81,0.97,0.81,0.97,q0: start,q8: activated,q52: positive,36000,2
1,out/models/model_greps_model-it_0.pickle,64,78,linear,0.04019808769226074,0.81,0.97,0.81,0.97,q0: start,q8: activated,q52: positive,36000,2
0,out/models/model_greps_model-it_0.pickle,64,78,quadratic,0.12272310256958008,0.81,0.03,0.81,0.03,q0: start,q1: companystart,q52: positive,36000,2
1,out/models/model_greps_model-it_0.pickle,64,78,linear,0.04147934913635254,0.81,0.03,0.81,0.03,q0: start,q1: companystart,q52: positive,36000,2
0,out/models/model_greps_model-it_0.pickle,64,78,quadratic,0.10822391510009766,0.81,1.0,0.81,1.0,q0: start,q47: companywaitingForActivityReport,q52: positive,36000,2
1,out/models/model_greps_model-it_0.pickle,64,78,linear,0.04136490821838379,0.81,1.0,0.81,1.0,q0: start,q47: companywaitingForActivityReport,q52: positive,36000,2
0,out/models/model_greps_model-it_0.pickle,64,78,quadratic,0.0975949764251709,0.81,1.0,0.81,1.0,q0: start,q0: start,q52: positive,36000,2
1,out/models/model_greps_model-it_0.pickle,64,78,linear,0.044523000717163086,0.81,1.0,0.81,1.0,q0: start,q0: start,q52: positive,36000,2
0,out/models/model_greps_model-it_0.pickle,64,78,quadratic,0.12492990493774414,0.81,1.0,0.81,1.0,q0: start,q18: customerGivefeedback0,q52: positive,36000,2
1,out/models/model_greps_model-it_0.pickle,64,78,linear,0.21041393280029297,0.81,1.0,0.81,1.0,q0: start,q18: customerGivefeedback0,q52: positive,36000,2
0,out/models/model_greps_model-it_0.pickle,64,78,quadratic,0.15401721000671387,0.81,0.143,0.81,0.143,q0: start,q55: customerwaitingForSubjectAcceptance,q52: positive,36000,2
1,out/models/model_greps_model-it_0.pickle,64,78,linear,0.04745888710021973,0.81,0.143,0.81,0.143,q0: start,q55: customerwaitingForSubjectAcceptance,q52: positive,36000,2
0,out/models/model_greps_model-it_0.pickle,64,78,quadratic,0.08192896842956543,0.81,1.0,0.81,1.0,q0: start,q27: Givefeedback2,q52: positive,36000,2
1,out/models/model_greps_model-it_0.pickle,64,78,linear,0.025105953216552734,0.81,1.0,0.81,1.0,q0: start,q27: Givefeedback2,q52: positive,36000,2
0,out/models/model_greps_model-it_0.pickle,64,78,quadratic,0.08799195289611816,0.81,1.0,0.81,1.0,q0: start,q49: finished,q52: positive,36000,2
1,out/models/model_greps_model-it_0.pickle,64,78,linear,0.04507112503051758,0.81,1.0,0.81,1.0,q0: start,q49: finished,q52: positive,36000,2
0,out/models/model_greps_model-it_0.pickle,64,78,quadratic,0.15113401412963867,0.81,0.619,0.81,0.619,q0: start,q39: customerGivefeedback4,q52: positive,36000,2
1,out/models/model_greps_model-it_0.pickle,64,78,linear,0.04242205619812012,0.81,0.619,0.81,0.619,q0: start,q39: customerGivefeedback4,q52: positive,36000,2
0,out/models/model_greps_model-it_0.pickle,64,78,quadratic,0.12454891204833984,0.81,1.0,0.81,1.0,q0: start,q28: customerGivefeedback2,q52: positive,36000,2
1,out/models/model_greps_model-it_0.pickle,64,78,linear,0.024342060089111328,0.81,1.0,0.81,1.0,q0: start,q28: customerGivefeedback2,q52: positive,36000,2
0,out/models/model_greps_model-it_0.pickle,64,78,quadratic,0.0768120288848877,0.81,1.0,0.81,1.0,q0: start,q20: customerTaskevent1,q52: positive,36000,2
1,out/models/model_greps_model-it_0.pickle,64,78,linear,0.02468085289001465,0.81,1.0,0.81,1.0,q0: start,q20: customerTaskevent1,q52: positive,36000,2
0,out/models/model_greps_model-it_0.pickle,64,78,quadratic,0.10541701316833496,0.81,1.0,0.81,1.0,q0: start,q23: customerGivefeedback1,q52: positive,36000,2
1,out/models/model_greps_model-it_0.pickle,64,78,linear,0.02954697608947754,0.81,1.0,0.81,1.0,q0: start,q23: customerGivefeedback1,q52: positive,36000,2
0,out/models/model_greps_model-it_0.pickle,64,78,quadratic,0.08872580528259277,0.81,0.97,0.81,0.97,q0: start,q6: companyregistered,q52: positive,36000,2
1,out/models/model_greps_model-it_0.pickle,64,78,linear,0.08003401756286621,0.81,0.97,0.81,0.97,q0: start,q6: companyregistered,q52: positive,36000,2
0,out/models/model_greps_model-it_0.pickle,64,78,quadratic,0.11501574516296387,0.81,1.0,0.81,1.0,q0: start,q29: Taskevent3,q52: positive,36000,2
1,out/models/model_greps_model-it_0.pickle,64,78,linear,0.057288169860839844,0.81,1.0,0.81,1.0,q0: start,q29: Taskevent3,q52: positive,36000,2
0,out/models/model_greps_model-it_0.pickle,64,78,quadratic,0.1162569522857666,0.81,1.0,0.81,1.0,q0: start,q16: customerTaskevent0,q52: positive,36000,2
1,out/models/model_greps_model-it_0.pickle,64,78,linear,0.0562899112701416,0.81,1.0,0.81,1.0,q0: start,q16: customerTaskevent0,q52: positive,36000,2
0,out/models/model_greps_model-it_0.pickle,64,78,quadratic,0.12964701652526855,0.81,1.0,0.81,1.0,q0: start,q33: Taskevent4,q52: positive,36000,2
1,out/models/model_greps_model-it_0.pickle,64,78,linear,0.050393104553222656,0.81,1.0,0.81,1.0,q0: start,q33: Taskevent4,q52: positive,36000,2
0,out/models/model_greps_model-it_0.pickle,64,78,quadratic,0.07736778259277344,0.81,0.143,0.81,0.143,q0: start,q55: customerwaitingForSubjectAcceptance,q52: positive,36000,2
1,out/models/model_greps_model-it_0.pickle,64,78,linear,0.06093406677246094,0.81,0.143,0.81,0.143,q0: start,q55: customerwaitingForSubjectAcceptance,q52: positive,36000,2
0,out/models/model_greps_model-it_0.pickle,64,78,quadratic,0.1199488639831543,0.81,0.341,0.81,0.341,q0: start,q57: subjectAcceptanceReceived,q52: positive,36000,2
1,out/models/model_greps_model-it_0.pickle,64,78,linear,0.04603290557861328,0.81,0.341,0.81,0.341,q0: start,q57: subjectAcceptanceReceived,q52: positive,36000,2
0,out/models/model_greps_model-it_0.pickle,64,78,quadratic,0.16715717315673828,0.81,0.952,0.81,0.952,q0: start,q40: waitingForScores,q52: positive,36000,2
1,out/models/model_greps_model-it_0.pickle,64,78,linear,0.025031328201293945,0.81,0.952,0.81,0.952,q0: start,q40: waitingForScores,q52: positive,36000,2
0,out/models/model_greps_model-it_0.pickle,64,78,quadratic,0.10891890525817871,0.81,1.0,0.81,1.0,q0: start,q0: start,q52: positive,36000,2
1,out/models/model_greps_model-it_0.pickle,64,78,linear,0.040493011474609375,0.81,1.0,0.81,1.0,q0: start,q0: start,q52: positive,36000,2
0,out/models/model_greps_model-it_0.pickle,64,78,quadratic,0.11569809913635254,0.81,0.97,0.81,0.97,q0: start,q2: customerstart,q52: positive,36000,2
1,out/models/model_greps_model-it_0.pickle,64,78,linear,0.047506093978881836,0.81,0.97,0.81,0.97,q0: start,q2: customerstart,q52: positive,36000,2
0,out/models/model_greps_model-it_0.pickle,64,78,quadratic,0.1446681022644043,0.81,1.0,0.81,1.0,q0: start,q7: vpcCreateUserOnInstance,q52: positive,36000,2
1,out/models/model_greps_model-it_0.pickle,64,78,linear,0.026314735412597656,0.81,1.0,0.81,1.0,q0: start,q7: vpcCreateUserOnInstance,q52: positive,36000,2
0,out/models/model_greps_model-it_0.pickle,64,78,quadratic,0.08046889305114746,0.81,0.905,0.81,0.905,q0: start,q38: companywaitingForManualScores,q52: positive,36000,2
1,out/models/model_greps_model-it_0.pickle,64,78,linear,0.03466081619262695,0.81,0.905,0.81,0.905,q0: start,q38: companywaitingForManualScores,q52: positive,36000,2
0,out/models/model_greps_model-it_0.pickle,64,78,quadratic,0.09265804290771484,0.81,0.619,0.81,0.619,q0: start,q43: companyTaskevent5,q52: positive,36000,2
1,out/models/model_greps_model-it_0.pickle,64,78,linear,0.029111862182617188,0.81,0.619,0.81,0.619,q0: start,q43: companyTaskevent5,q52: positive,36000,2
0,out/models/model_greps_model-it_0.pickle,64,78,quadratic,0.2798888683319092,0.81,1.0,0.81,1.0,q0: start,q46: waitingForActivityReport,q52: positive,36000,2
1,out/models/model_greps_model-it_0.pickle,64,78,linear,0.03833913803100586,0.81,1.0,0.81,1.0,q0: start,q46: waitingForActivityReport,q52: positive,36000,2
0,out/models/model_greps_model-it_0.pickle,64,78,quadratic,0.25179195404052734,0.81,1.0,0.81,1.0,q0: start,q20: customerTaskevent1,q52: positive,36000,2
1,out/models/model_greps_model-it_0.pickle,64,78,linear,0.022861957550048828,0.81,1.0,0.81,1.0,q0: start,q20: customerTaskevent1,q52: positive,36000,2
0,out/models/model_greps_model-it_0.pickle,64,78,quadratic,0.14952993392944336,0.81,1.0,0.81,1.0,q0: start,q17: Givefeedback0,q52: positive,36000,2
1,out/models/model_greps_model-it_0.pickle,64,78,linear,0.022069692611694336,0.81,1.0,0.81,1.0,q0: start,q17: Givefeedback0,q52: positive,36000,2
0,out/models/model_greps_model-it_0.pickle,64,78,quadratic,0.09239912033081055,0.81,0.048,0.81,0.048,q0: start,q63: companyResultsautomaticallyshared,q52: positive,36000,2
1,out/models/model_greps_model-it_0.pickle,64,78,linear,0.03758502006530762,0.81,0.048,0.81,0.048,q0: start,q63: companyResultsautomaticallyshared,q52: positive,36000,2
0,out/models/model_greps_model-it_0.pickle,64,78,quadratic,0.2608959674835205,0.81,0.0,0.81,0.0,q0: start,q48: customerwaitingForActivityReport,q52: positive,36000,2
1,out/models/model_greps_model-it_0.pickle,64,78,linear,0.06911015510559082,0.81,0.0,0.81,0.0,q0: start,q48: customerwaitingForActivityReport,q52: positive,36000,2
0,out/models/model_greps_model-it_0.pickle,64,78,quadratic,0.2627589702606201,0.81,1.0,0.81,1.0,q0: start,q52: positive,q52: positive,36000,2
1,out/models/model_greps_model-it_0.pickle,64,78,linear,0.026510953903198242,0.81,1.0,0.81,1.0,q0: start,q52: positive,q52: positive,36000,2
0,out/models/model_greps_model-it_0.pickle,64,78,quadratic,0.10706830024719238,0.81,0.381,0.81,0.381,q0: start,q51: customerwaitingForResultApproval,q52: positive,36000,2
1,out/models/model_greps_model-it_0.pickle,64,78,linear,0.028342247009277344,0.81,0.381,0.81,0.381,q0: start,q51: customerwaitingForResultApproval,q52: positive,36000,2
0,out/models/model_greps_model-it_0.pickle,64,78,quadratic,0.2598080635070801,0.81,1.0,0.81,1.0,q0: start,q32: customerGivefeedback3,q52: positive,36000,2
1,out/models/model_greps_model-it_0.pickle,64,78,linear,0.03685402870178223,0.81,1.0,0.81,1.0,q0: start,q32: customerGivefeedback3,q52: positive,36000,2
0,out/models/model_greps_model-it_0.pickle,64,78,quadratic,0.13705873489379883,0.81,0.619,0.81,0.619,q0: start,q35: customerTaskevent4,q52: positive,36000,2
1,out/models/model_greps_model-it_0.pickle,64,78,linear,0.021999835968017578,0.81,0.619,0.81,0.619,q0: start,q35: customerTaskevent4,q52: positive,36000,2
0,out/models/model_greps_model-it_0.pickle,64,78,quadratic,0.13260817527770996,0.81,0.619,0.81,0.619,q0: start,q45: companywaitingForResultApproval,q52: positive,36000,2
1,out/models/model_greps_model-it_0.pickle,64,78,linear,0.04770207405090332,0.81,0.619,0.81,0.619,q0: start,q45: companywaitingForResultApproval,q52: positive,36000,2
0,out/models/model_greps_model-it_0.pickle,64,78,quadratic,0.11806106567382812,0.81,1.0,0.81,1.0,q0: start,q11: readyToStart,q52: positive,36000,2
1,out/models/model_greps_model-it_0.pickle,64,78,linear,0.027323007583618164,0.81,1.0,0.81,1.0,q0: start,q11: readyToStart,q52: positive,36000,2
0,out/models/model_greps_model-it_0.pickle,64,78,quadratic,0.07888388633728027,0.81,1.0,0.81,1.0,q0: start,q50: companyfinished,q52: positive,36000,2
1,out/models/model_greps_model-it_0.pickle,64,78,linear,0.025250911712646484,0.81,1.0,0.81,1.0,q0: start,q50: companyfinished,q52: positive,36000,2
0,out/models/model_greps_model-it_0.pickle,64,78,quadratic,0.09685397148132324,0.81,1.0,0.81,1.0,q0: start,q47: companywaitingForActivityReport,q52: positive,36000,2
1,out/models/model_greps_model-it_0.pickle,64,78,linear,0.025515079498291016,0.81,1.0,0.81,1.0,q0: start,q47: companywaitingForActivityReport,q52: positive,36000,2
0,out/models/model_greps_model-it_0.pickle,64,78,quadratic,0.05964779853820801,0.81,1.0,0.81,1.0,q0: start,q3: vpcAssignInstance,q52: positive,36000,2
1,out/models/model_greps_model-it_0.pickle,64,78,linear,0.038973093032836914,0.81,1.0,0.81,1.0,q0: start,q3: vpcAssignInstance,q52: positive,36000,2
0,out/models/model_greps_model-it_0.pickle,64,78,quadratic,0.10746407508850098,0.81,0.095,0.81,0.095,q0: start,q59: customersubjectAcceptanceReceived,q52: positive,36000,2
1,out/models/model_greps_model-it_0.pickle,64,78,linear,0.025274038314819336,0.81,0.095,0.81,0.095,q0: start,q59: customersubjectAcceptanceReceived,q52: positive,36000,2
0,out/models/model_greps_model-it_0.pickle,64,78,quadratic,0.09167695045471191,0.81,0.213,0.81,0.213,q0: start,q58: customerResultsautomaticallyshared,q52: positive,36000,2
1,out/models/model_greps_model-it_0.pickle,64,78,linear,0.03104996681213379,0.81,0.213,0.81,0.213,q0: start,q58: customerResultsautomaticallyshared,q52: positive,36000,2
0,out/models/model_greps_model-it_0.pickle,64,78,quadratic,0.08375191688537598,0.81,1.0,0.81,1.0,q0: start,q19: Taskevent1,q52: positive,36000,2
1,out/models/model_greps_model-it_0.pickle,64,78,linear,0.03308987617492676,0.81,1.0,0.81,1.0,q0: start,q19: Taskevent1,q52: positive,36000,2
0,out/models/model_greps_model-it_0.pickle,64,78,quadratic,0.12111091613769531,0.81,0.619,0.81,0.619,q0: start,q41: Taskevent5,q52: positive,36000,2
1,out/models/model_greps_model-it_0.pickle,64,78,linear,0.022800922393798828,0.81,0.619,0.81,0.619,q0: start,q41: Taskevent5,q52: positive,36000,2
0,out/models/model_greps_model-it_0.pickle,64,78,quadratic,0.13103604316711426,0.81,0.381,0.81,0.381,q0: start,q34: companyTaskevent4,q52: positive,36000,2
1,out/models/model_greps_model-it_0.pickle,64,78,linear,0.02406787872314453,0.81,0.381,0.81,0.381,q0: start,q34: companyTaskevent4,q52: positive,36000,2
0,out/models/model_greps_model-it_0.pickle,64,78,quadratic,0.10344409942626953,0.81,0.97,0.81,0.97,q0: start,q10: companyactivated,q52: positive,36000,2
1,out/models/model_greps_model-it_0.pickle,64,78,linear,0.03274893760681152,0.81,0.97,0.81,0.97,q0: start,q10: companyactivated,q52: positive,36000,2
0,out/models/model_greps_model-it_0.pickle,64,78,quadratic,0.12706995010375977,0.81,0.256,0.81,0.256,q0: start,q62: companysubjectAcceptanceReceived,q52: positive,36000,2
1,out/models/model_greps_model-it_0.pickle,64,78,linear,0.03212594985961914,0.81,0.256,0.81,0.256,q0: start,q62: companysubjectAcceptanceReceived,q52: positive,36000,2
0,out/models/model_greps_model-it_0.pickle,64,78,quadratic,0.1008298397064209,0.81,0.97,0.81,0.97,q0: start,q4: registered,q52: positive,36000,2
1,out/models/model_greps_model-it_0.pickle,64,78,linear,0.042700767517089844,0.81,0.97,0.81,0.97,q0: start,q4: registered,q52: positive,36000,2
0,out/models/model_greps_model-it_0.pickle,64,78,quadratic,0.09514904022216797,0.81,1.0,0.81,1.0,q0: start,q25: customerTaskevent2,q52: positive,36000,2
1,out/models/model_greps_model-it_0.pickle,64,78,linear,0.021016836166381836,0.81,1.0,0.81,1.0,q0: start,q25: customerTaskevent2,q52: positive,36000,2
0,out/models/model_greps_model-it_0.pickle,64,78,quadratic,0.10115909576416016,0.81,1.0,0.81,1.0,q0: start,q30: customerTaskevent3,q52: positive,36000,2
1,out/models/model_greps_model-it_0.pickle,64,78,linear,0.022448062896728516,0.81,1.0,0.81,1.0,q0: start,q30: customerTaskevent3,q52: positive,36000,2
0,out/models/model_greps_model-it_0.pickle,64,78,quadratic,0.10974502563476562,0.81,1.0,0.81,1.0,q0: start,q9: companyvpcCreateUserOnInstance,q52: positive,36000,2
1,out/models/model_greps_model-it_0.pickle,64,78,linear,0.028866052627563477,0.81,1.0,0.81,1.0,q0: start,q9: companyvpcCreateUserOnInstance,q52: positive,36000,2
0,out/models/model_greps_model-it_0.pickle,64,78,quadratic,0.06370878219604492,0.81,1.0,0.81,1.0,q0: start,q5: companyvpcAssignInstance,q52: positive,36000,2
1,out/models/model_greps_model-it_0.pickle,64,78,linear,0.01910090446472168,0.81,1.0,0.81,1.0,q0: start,q5: companyvpcAssignInstance,q52: positive,36000,2
0,out/models/model_greps_model-it_0.pickle,64,78,quadratic,0.0695500373840332,0.81,0.0,0.81,0.0,q0: start,q26: negative,q52: positive,36000,2
1,out/models/model_greps_model-it_0.pickle,64,78,linear,0.029908180236816406,0.81,0.0,0.81,0.0,q0: start,q26: negative,q52: positive,36000,2
0,out/models/model_greps_model-it_0.pickle,64,78,quadratic,0.11852407455444336,0.81,1.0,0.81,1.0,q0: start,q31: Givefeedback3,q52: positive,36000,2
1,out/models/model_greps_model-it_0.pickle,64,78,linear,0.02742600440979004,0.81,1.0,0.81,1.0,q0: start,q31: Givefeedback3,q52: positive,36000,2
0,out/models/model_greps_model-it_0.pickle,64,78,quadratic,0.08375692367553711,0.81,1.0,0.81,1.0,q0: start,q44: waitingForResultApproval,q52: positive,36000,2
1,out/models/model_greps_model-it_0.pickle,64,78,linear,0.02354717254638672,0.81,1.0,0.81,1.0,q0: start,q44: waitingForResultApproval,q52: positive,36000,2
0,out/models/model_greps_model-it_0.pickle,64,78,quadratic,0.07386589050292969,0.81,0.095,0.81,0.095,q0: start,q61: companyResultsshared,q52: positive,36000,2
1,out/models/model_greps_model-it_0.pickle,64,78,linear,0.020450115203857422,0.81,0.095,0.81,0.095,q0: start,q61: companyResultsshared,q52: positive,36000,2
0,out/models/model_greps_model-it_0.pickle,64,78,quadratic,0.11652493476867676,0.81,1.0,0.81,1.0,q0: start,q24: Taskevent2,q52: positive,36000,2
1,out/models/model_greps_model-it_0.pickle,64,78,linear,0.04276895523071289,0.81,1.0,0.81,1.0,q0: start,q24: Taskevent2,q52: positive,36000,2
0,out/models/model_greps_model-it_0.pickle,64,78,quadratic,0.06710290908813477,0.81,0.256,0.81,0.256,q0: start,q56: Resultsautomaticallyshared,q52: positive,36000,2
1,out/models/model_greps_model-it_0.pickle,64,78,linear,0.025916099548339844,0.81,0.256,0.81,0.256,q0: start,q56: Resultsautomaticallyshared,q52: positive,36000,2
0,out/models/model_greps_model-it_0.pickle,64,78,quadratic,0.07960820198059082,0.81,0.029,0.81,0.029,q0: start,q21: companyTaskevent0,q52: positive,36000,2
1,out/models/model_greps_model-it_0.pickle,64,78,linear,0.023809194564819336,0.81,0.029,0.81,0.029,q0: start,q21: companyTaskevent0,q52: positive,36000,2
0,out/models/model_greps_model-it_0.pickle,64,78,quadratic,0.1510450839996338,0.81,0.619,0.81,0.619,q0: start,q37: Givefeedback4,q52: positive,36000,2
1,out/models/model_greps_model-it_0.pickle,64,78,linear,0.041593074798583984,0.81,0.619,0.81,0.619,q0: start,q37: Givefeedback4,q52: positive,36000,2
0,out/models/model_greps_model-it_0.pickle,64,78,quadratic,0.1118769645690918,0.81,0.381,0.81,0.381,q0: start,q53: waitingForSubjectAcceptance,q52: positive,36000,2
1,out/models/model_greps_model-it_0.pickle,64,78,linear,0.05117321014404297,0.81,0.381,0.81,0.381,q0: start,q53: waitingForSubjectAcceptance,q52: positive,36000,2
0,out/models/model_greps_model-it_0.pickle,64,78,quadratic,0.09845495223999023,0.81,1.0,0.81,1.0,q0: start,q15: Taskevent0,q52: positive,36000,2
1,out/models/model_greps_model-it_0.pickle,64,78,linear,0.05994772911071777,0.81,1.0,0.81,1.0,q0: start,q15: Taskevent0,q52: positive,36000,2
0,out/models/model_greps_model-it_0.pickle,64,78,quadratic,0.06624102592468262,0.81,0.952,0.81,0.952,q0: start,q42: companywaitingForScores,q52: positive,36000,2
1,out/models/model_greps_model-it_0.pickle,64,78,linear,0.043562889099121094,0.81,0.952,0.81,0.952,q0: start,q42: companywaitingForScores,q52: positive,36000,2
0,out/models/model_greps_model-it_0.pickle,64,78,quadratic,0.09198117256164551,0.81,1.0,0.81,1.0,q0: start,q22: Givefeedback1,q52: positive,36000,2
1,out/models/model_greps_model-it_0.pickle,64,78,linear,0.04782915115356445,0.81,1.0,0.81,1.0,q0: start,q22: Givefeedback1,q52: positive,36000,2
0,out/models/model_greps_model-it_0.pickle,64,78,quadratic,0.08497881889343262,0.81,1.0,0.81,1.0,q0: start,q13: started,q52: positive,36000,2
1,out/models/model_greps_model-it_0.pickle,64,78,linear,0.05266284942626953,0.81,1.0,0.81,1.0,q0: start,q13: started,q52: positive,36000,2
0,out/models/model_greps_model-it_0.pickle,64,78,quadratic,0.0743551254272461,0.81,1.0,0.81,1.0,q0: start,q28: customerGivefeedback2,q52: positive,36000,2
1,out/models/model_greps_model-it_0.pickle,64,78,linear,0.03469705581665039,0.81,1.0,0.81,1.0,q0: start,q28: customerGivefeedback2,q52: positive,36000,2
0,out/models/model_greps_model-it_0.pickle,64,78,quadratic,0.0774080753326416,0.81,0.619,0.81,0.619,q0: start,q39: customerGivefeedback4,q52: positive,36000,2
1,out/models/model_greps_model-it_0.pickle,64,78,linear,0.036405086517333984,0.81,0.619,0.81,0.619,q0: start,q39: customerGivefeedback4,q52: positive,36000,2
0,out/models/model_greps_model-it_0.pickle,64,78,quadratic,0.08065390586853027,0.81,1.0,0.81,1.0,q0: start,q12: companyreadyToStart,q52: positive,36000,2
1,out/models/model_greps_model-it_0.pickle,64,78,linear,0.019943714141845703,0.81,1.0,0.81,1.0,q0: start,q12: companyreadyToStart,q52: positive,36000,2
0,out/models/model_greps_model-it_0.pickle,64,78,quadratic,0.06961703300476074,0.81,0.095,0.81,0.095,q0: start,q60: Resultsshared,q52: positive,36000,2
1,out/models/model_greps_model-it_0.pickle,64,78,linear,0.06209826469421387,0.81,0.095,0.81,0.095,q0: start,q60: Resultsshared,q52: positive,36000,2
0,out/models/model_greps_model-it_0.pickle,64,78,quadratic,0.06143927574157715,0.81,1.0,0.81,1.0,q0: start,q14: customerstarted,q52: positive,36000,2
1,out/models/model_greps_model-it_0.pickle,64,78,linear,0.1770157814025879,0.81,1.0,0.81,1.0,q0: start,q14: customerstarted,q52: positive,36000,2
0,out/models/model_greps_model-it_0.pickle,64,78,quadratic,0.13752007484436035,0.81,0.238,0.81,0.238,q0: start,q54: companywaitingForSubjectAcceptance,q52: positive,36000,2
1,out/models/model_greps_model-it_0.pickle,64,78,linear,0.07678794860839844,0.81,0.238,0.81,0.238,q0: start,q54: companywaitingForSubjectAcceptance,q52: positive,36000,2
0,out/models/model_greps_model-it_0.pickle,64,78,quadratic,0.10070514678955078,0.81,0.905,0.81,0.905,q0: start,q36: waitingForManualScores,q52: positive,36000,2
1,out/models/model_greps_model-it_0.pickle,64,78,linear,0.17586398124694824,0.81,0.905,0.81,0.905,q0: start,q36: waitingForManualScores,q52: positive,36000,2
0,out/models/model_greps_model-it_0.pickle,64,78,quadratic,0.09441590309143066,0.81,0.97,0.81,0.97,q0: start,q6: companyregistered,q52: positive,36000,2
1,out/models/model_greps_model-it_0.pickle,64,78,linear,0.0638420581817627,0.81,0.97,0.81,0.97,q0: start,q6: companyregistered,q52: positive,36000,2
0,out/models/model_greps_model-it_0.pickle,64,78,quadratic,0.10433506965637207,0.81,0.97,0.81,0.97,q0: start,q2: customerstart,q52: positive,36000,2
1,out/models/model_greps_model-it_0.pickle,64,78,linear,0.08853387832641602,0.81,0.97,0.81,0.97,q0: start,q2: customerstart,q52: positive,36000,2
0,out/models/model_greps_model-it_0.pickle,64,78,quadratic,0.143873929977417,0.81,0.03,0.81,0.03,q0: start,q1: companystart,q52: positive,36000,2
1,out/models/model_greps_model-it_0.pickle,64,78,linear,0.0833587646484375,0.81,0.03,0.81,0.03,q0: start,q1: companystart,q52: positive,36000,2
0,out/models/model_greps_model-it_0.pickle,64,78,quadratic,0.15089797973632812,0.81,0.97,0.81,0.97,q0: start,q8: activated,q52: positive,36000,2
1,out/models/model_greps_model-it_0.pickle,64,78,linear,0.03609180450439453,0.81,0.97,0.81,0.97,q0: start,q8: activated,q52: positive,36000,2
0,out/models/model_bpic12_model-it_0.pickle,129,290,quadratic,0.12454414367675781,1.0,1.0,1.0,1.0,q0: start,q2: A_SUBMITTED,q58: positive,36000,2
1,out/models/model_bpic12_model-it_0.pickle,129,290,linear,0.04215407371520996,1.0,1.0,1.0,1.0,q0: start,q2: A_SUBMITTED,q58: positive,36000,2
0,out/models/model_bpic12_model-it_0.pickle,129,290,quadratic,0.12618684768676758,1.0,1.0,1.0,1.0,q0: start,q0: start,q58: positive,36000,2
1,out/models/model_bpic12_model-it_0.pickle,129,290,linear,0.04765605926513672,1.0,1.0,1.0,1.0,q0: start,q0: start,q58: positive,36000,2
0,out/models/model_bpic12_model-it_0.pickle,129,290,quadratic,1.2936930656433105,1.0,0.0,1.0,1.0,q0: start,q46: customerW_Nabellenincompletedossiers1,q58: positive,36000,2
1,out/models/model_bpic12_model-it_0.pickle,129,290,linear,0.12453913688659668,1.0,0.0,1.0,1.0,q0: start,q46: customerW_Nabellenincompletedossiers1,q58: positive,36000,2
0,out/models/model_bpic12_model-it_0.pickle,129,290,quadratic,0.9475109577178955,1.0,0.0,1.0,1.0,q0: start,q113: W_Nabellenoffertes2,q58: positive,36000,2
1,out/models/model_bpic12_model-it_0.pickle,129,290,linear,0.13877415657043457,1.0,0.0,1.0,1.0,q0: start,q113: W_Nabellenoffertes2,q58: positive,36000,2
0,out/models/model_bpic12_model-it_0.pickle,129,290,quadratic,0.8964002132415771,1.0,0.0,1.0,1.0,q0: start,q24: customerO_CANCELLED,q58: positive,36000,2
1,out/models/model_bpic12_model-it_0.pickle,129,290,linear,0.14615917205810547,1.0,0.0,1.0,1.0,q0: start,q24: customerO_CANCELLED,q58: positive,36000,2
0,out/models/model_bpic12_model-it_0.pickle,129,290,quadratic,1.3663678169250488,1.0,0.0,1.0,1.0,q0: start,q59: O_CREATED1,q58: positive,36000,2
1,out/models/model_bpic12_model-it_0.pickle,129,290,linear,0.1062171459197998,1.0,0.0,1.0,1.0,q0: start,q59: O_CREATED1,q58: positive,36000,2
0,out/models/model_bpic12_model-it_0.pickle,129,290,quadratic,1.1863679885864258,1.0,0.0,1.0,1.0,q0: start,q107: A_APPROVED,q58: positive,36000,2
1,out/models/model_bpic12_model-it_0.pickle,129,290,linear,0.09023785591125488,1.0,0.0,1.0,1.0,q0: start,q107: A_APPROVED,q58: positive,36000,2
0,out/models/model_bpic12_model-it_0.pickle,129,290,quadratic,1.3366270065307617,1.0,0.0,1.0,1.0,q0: start,q51: companyO_CANCELLED,q58: positive,36000,2
1,out/models/model_bpic12_model-it_0.pickle,129,290,linear,0.12004709243774414,1.0,0.0,1.0,1.0,q0: start,q51: companyO_CANCELLED,q58: positive,36000,2
0,out/models/model_bpic12_model-it_0.pickle,129,290,quadratic,1.7249901294708252,1.0,0.0,1.0,1.0,q0: start,q127: customerO_CREATED6,q58: positive,36000,2
1,out/models/model_bpic12_model-it_0.pickle,129,290,linear,0.1070401668548584,1.0,0.0,1.0,1.0,q0: start,q127: customerO_CREATED6,q58: positive,36000,2
0,out/models/model_bpic12_model-it_0.pickle,129,290,quadratic,0.846686840057373,1.0,0.0,1.0,1.0,q0: start,q83: companyO_CANCELLED,q58: positive,36000,2
1,out/models/model_bpic12_model-it_0.pickle,129,290,linear,0.12836098670959473,1.0,0.0,1.0,1.0,q0: start,q83: companyO_CANCELLED,q58: positive,36000,2
0,out/models/model_bpic12_model-it_0.pickle,129,290,quadratic,1.6873230934143066,1.0,0.0,1.0,1.0,q0: start,q104: O_CREATED3,q58: positive,36000,2
1,out/models/model_bpic12_model-it_0.pickle,129,290,linear,0.0994558334350586,1.0,0.0,1.0,1.0,q0: start,q104: O_CREATED3,q58: positive,36000,2
0,out/models/model_bpic12_model-it_0.pickle,129,290,quadratic,0.8911409378051758,1.0,0.0,1.0,1.0,q0: start,q73: O_CANCELLED,q58: positive,36000,2
1,out/models/model_bpic12_model-it_0.pickle,129,290,linear,0.11469197273254395,1.0,0.0,1.0,1.0,q0: start,q73: O_CANCELLED,q58: positive,36000,2
0,out/models/model_bpic12_model-it_0.pickle,129,290,quadratic,0.8266472816467285,1.0,0.0,1.0,1.0,q0: start,q77: W_Nabellenoffertes0,q58: positive,36000,2
1,out/models/model_bpic12_model-it_0.pickle,129,290,linear,0.09479689598083496,1.0,0.0,1.0,1.0,q0: start,q77: W_Nabellenoffertes0,q58: positive,36000,2
0,out/models/model_bpic12_model-it_0.pickle,129,290,quadratic,1.669938087463379,1.0,0.0,1.0,1.0,q0: start,q75: W_Nabellenincompletedossiers0,q58: positive,36000,2
1,out/models/model_bpic12_model-it_0.pickle,129,290,linear,0.08670282363891602,1.0,0.0,1.0,1.0,q0: start,q75: W_Nabellenincompletedossiers0,q58: positive,36000,2
0,out/models/model_bpic12_model-it_0.pickle,129,290,quadratic,0.846278190612793,1.0,0.0,1.0,1.0,q0: start,q35: W_Nabellenincompletedossiers2,q58: positive,36000,2
1,out/models/model_bpic12_model-it_0.pickle,129,290,linear,0.08054018020629883,1.0,0.0,1.0,1.0,q0: start,q35: W_Nabellenincompletedossiers2,q58: positive,36000,2
0,out/models/model_bpic12_model-it_0.pickle,129,290,quadratic,0.773740291595459,1.0,0.0,1.0,1.0,q0: start,q62: companyO_CANCELLED,q58: positive,36000,2
1,out/models/model_bpic12_model-it_0.pickle,129,290,linear,0.10426998138427734,1.0,0.0,1.0,1.0,q0: start,q62: companyO_CANCELLED,q58: positive,36000,2
0,out/models/model_bpic12_model-it_0.pickle,129,290,quadratic,1.9305610656738281,1.0,0.0,1.0,1.0,q0: start,q74: O_SENT_BACK,q58: positive,36000,2
1,out/models/model_bpic12_model-it_0.pickle,129,290,linear,0.0939018726348877,1.0,0.0,1.0,1.0,q0: start,q74: O_SENT_BACK,q58: positive,36000,2
0,out/models/model_bpic12_model-it_0.pickle,129,290,quadratic,0.9479892253875732,1.0,0.0,1.0,1.0,q0: start,q48: customerW_Nabellenincompletedossiers2,q58: positive,36000,2
1,out/models/model_bpic12_model-it_0.pickle,129,290,linear,0.10146808624267578,1.0,0.0,1.0,1.0,q0: start,q48: customerW_Nabellenincompletedossiers2,q58: positive,36000,2
0,out/models/model_bpic12_model-it_0.pickle,129,290,quadratic,0.9908268451690674,1.0,0.0,1.0,1.0,q0: start,q31: O_CREATED1,q58: positive,36000,2
1,out/models/model_bpic12_model-it_0.pickle,129,290,linear,0.08456707000732422,1.0,0.0,1.0,1.0,q0: start,q31: O_CREATED1,q58: positive,36000,2
0,out/models/model_bpic12_model-it_0.pickle,129,290,quadratic,1.7951321601867676,1.0,0.0,1.0,1.0,q0: start,q60: O_CREATED1,q58: positive,36000,2
1,out/models/model_bpic12_model-it_0.pickle,129,290,linear,0.09349489212036133,1.0,0.0,1.0,1.0,q0: start,q60: O_CREATED1,q58: positive,36000,2
0,out/models/model_bpic12_model-it_0.pickle,129,290,quadratic,0.9333021640777588,1.0,0.0,1.0,1.0,q0: start,q36: O_CANCELLED,q58: positive,36000,2
1,out/models/model_bpic12_model-it_0.pickle,129,290,linear,0.16313910484313965,1.0,0.0,1.0,1.0,q0: start,q36: O_CANCELLED,q58: positive,36000,2
0,out/models/model_bpic12_model-it_0.pickle,129,290,quadratic,1.5981478691101074,1.0,0.0,1.0,1.0,q0: start,q86: customerO_SENT_BACK,q58: positive,36000,2
1,out/models/model_bpic12_model-it_0.pickle,129,290,linear,0.10407805442810059,1.0,0.0,1.0,1.0,q0: start,q86: customerO_SENT_BACK,q58: positive,36000,2
0,out/models/model_bpic12_model-it_0.pickle,129,290,quadratic,1.9721288681030273,1.0,0.0,1.0,1.0,q0: start,q70: O_CREATED2,q58: positive,36000,2
1,out/models/model_bpic12_model-it_0.pickle,129,290,linear,0.14452791213989258,1.0,0.0,1.0,1.0,q0: start,q70: O_CREATED2,q58: positive,36000,2
0,out/models/model_bpic12_model-it_0.pickle,129,290,quadratic,1.1719741821289062,1.0,0.0,1.0,1.0,q0: start,q81: customerW_Nabellenincompletedossiers0,q58: positive,36000,2
1,out/models/model_bpic12_model-it_0.pickle,129,290,linear,0.3473818302154541,1.0,0.0,1.0,1.0,q0: start,q81: customerW_Nabellenincompletedossiers0,q58: positive,36000,2
0,out/models/model_bpic12_model-it_0.pickle,129,290,quadratic,1.115447998046875,1.0,0.0,1.0,1.0,q0: start,q13: customerA_ACCEPTED,q58: positive,36000,2
1,out/models/model_bpic12_model-it_0.pickle,129,290,linear,0.3341047763824463,1.0,0.0,1.0,1.0,q0: start,q13: customerA_ACCEPTED,q58: positive,36000,2
0,out/models/model_bpic12_model-it_0.pickle,129,290,quadratic,1.1178269386291504,1.0,0.0,1.0,1.0,q0: start,q53: O_CANCELLED,q58: positive,36000,2
1,out/models/model_bpic12_model-it_0.pickle,129,290,linear,0.12206697463989258,1.0,0.0,1.0,1.0,q0: start,q53: O_CANCELLED,q58: positive,36000,2
0,out/models/model_bpic12_model-it_0.pickle,129,290,quadratic,0.8149073123931885,1.0,0.0,1.0,1.0,q0: start,q90: customerW_Nabellenoffertes0,q58: positive,36000,2
1,out/models/model_bpic12_model-it_0.pickle,129,290,linear,0.15850210189819336,1.0,0.0,1.0,1.0,q0: start,q90: customerW_Nabellenoffertes0,q58: positive,36000,2
0,out/models/model_bpic12_model-it_0.pickle,129,290,quadratic,0.7400100231170654,1.0,0.0,1.0,1.0,q0: start,q89: customerW_Nabellenoffertes0,q58: positive,36000,2
1,out/models/model_bpic12_model-it_0.pickle,129,290,linear,0.14578509330749512,1.0,0.0,1.0,1.0,q0: start,q89: customerW_Nabellenoffertes0,q58: positive,36000,2
0,out/models/model_bpic12_model-it_0.pickle,129,290,quadratic,1.355820894241333,1.0,0.0,1.0,1.0,q0: start,q28: customerW_Nabellenoffertes1,q58: positive,36000,2
1,out/models/model_bpic12_model-it_0.pickle,129,290,linear,0.13884902000427246,1.0,0.0,1.0,1.0,q0: start,q28: customerW_Nabellenoffertes1,q58: positive,36000,2
0,out/models/model_bpic12_model-it_0.pickle,129,290,quadratic,2.157099723815918,1.0,0.0,1.0,1.0,q0: start,q68: customerO_CREATED1,q58: positive,36000,2
1,out/models/model_bpic12_model-it_0.pickle,129,290,linear,0.0906071662902832,1.0,0.0,1.0,1.0,q0: start,q68: customerO_CREATED1,q58: positive,36000,2
0,out/models/model_bpic12_model-it_0.pickle,129,290,quadratic,0.8237519264221191,1.0,0.0,1.0,1.0,q0: start,q37: O_SENT_BACK,q58: positive,36000,2
1,out/models/model_bpic12_model-it_0.pickle,129,290,linear,0.09805798530578613,1.0,0.0,1.0,1.0,q0: start,q37: O_SENT_BACK,q58: positive,36000,2
0,out/models/model_bpic12_model-it_0.pickle,129,290,quadratic,1.5439958572387695,1.0,0.0,1.0,1.0,q0: start,q66: customerW_Nabellenoffertes2,q58: positive,36000,2
1,out/models/model_bpic12_model-it_0.pickle,129,290,linear,0.10338401794433594,1.0,0.0,1.0,1.0,q0: start,q66: customerW_Nabellenoffertes2,q58: positive,36000,2
0,out/models/model_bpic12_model-it_0.pickle,129,290,quadratic,1.1667747497558594,1.0,0.0,1.0,1.0,q0: start,q7: companyA_PREACCEPTED,q58: positive,36000,2
1,out/models/model_bpic12_model-it_0.pickle,129,290,linear,0.07822608947753906,1.0,0.0,1.0,1.0,q0: start,q7: companyA_PREACCEPTED,q58: positive,36000,2
0,out/models/model_bpic12_model-it_0.pickle,129,290,quadratic,1.6666481494903564,1.0,0.0,1.0,1.0,q0: start,q120: customerO_CREATED4,q58: positive,36000,2
1,out/models/model_bpic12_model-it_0.pickle,129,290,linear,0.09594011306762695,1.0,0.0,1.0,1.0,q0: start,q120: customerO_CREATED4,q58: positive,36000,2
0,out/models/model_bpic12_model-it_0.pickle,129,290,quadratic,0.9980950355529785,1.0,0.0,1.0,1.0,q0: start,q54: O_SENT_BACK,q58: positive,36000,2
1,out/models/model_bpic12_model-it_0.pickle,129,290,linear,0.09296369552612305,1.0,0.0,1.0,1.0,q0: start,q54: O_SENT_BACK,q58: positive,36000,2
0,out/models/model_bpic12_model-it_0.pickle,129,290,quadratic,1.3489089012145996,1.0,0.0,1.0,1.0,q0: start,q71: W_Nabellenincompletedossiers0,q58: positive,36000,2
1,out/models/model_bpic12_model-it_0.pickle,129,290,linear,0.05300498008728027,1.0,0.0,1.0,1.0,q0: start,q71: W_Nabellenincompletedossiers0,q58: positive,36000,2
0,out/models/model_bpic12_model-it_0.pickle,129,290,quadratic,1.5597081184387207,1.0,0.0,1.0,1.0,q0: start,q85: customerW_Nabellenincompletedossiers0,q58: positive,36000,2
1,out/models/model_bpic12_model-it_0.pickle,129,290,linear,0.07930612564086914,1.0,0.0,1.0,1.0,q0: start,q85: customerW_Nabellenincompletedossiers0,q58: positive,36000,2
0,out/models/model_bpic12_model-it_0.pickle,129,290,quadratic,2.383201837539673,1.0,0.0,1.0,1.0,q0: start,q8: customerA_PREACCEPTED,q58: positive,36000,2
1,out/models/model_bpic12_model-it_0.pickle,129,290,linear,0.10341191291809082,1.0,0.0,1.0,1.0,q0: start,q8: customerA_PREACCEPTED,q58: positive,36000,2
0,out/models/model_bpic12_model-it_0.pickle,129,290,quadratic,0.7137372493743896,1.0,0.0,1.0,1.0,q0: start,q55: W_Nabellenoffertes0,q58: positive,36000,2
1,out/models/model_bpic12_model-it_0.pickle,129,290,linear,0.08518171310424805,1.0,0.0,1.0,1.0,q0: start,q55: W_Nabellenoffertes0,q58: positive,36000,2
0,out/models/model_bpic12_model-it_0.pickle,129,290,quadratic,1.3375020027160645,1.0,0.0,1.0,1.0,q0: start,q116: companyO_CREATED3,q58: positive,36000,2
1,out/models/model_bpic12_model-it_0.pickle,129,290,linear,0.02589583396911621,1.0,0.0,1.0,1.0,q0: start,q116: companyO_CREATED3,q58: positive,36000,2
0,out/models/model_bpic12_model-it_0.pickle,129,290,quadratic,3.40368390083313,1.0,0.0,1.0,1.0,q0: start,q79: W_Nabellenoffertes0,q58: positive,36000,2
1,out/models/model_bpic12_model-it_0.pickle,129,290,linear,0.09897899627685547,1.0,0.0,1.0,1.0,q0: start,q79: W_Nabellenoffertes0,q58: positive,36000,2
0,out/models/model_bpic12_model-it_0.pickle,129,290,quadratic,0.4528231620788574,1.0,0.0,1.0,1.0,q0: start,q43: companyW_Nabellenincompletedossiers0,q58: positive,36000,2
1,out/models/model_bpic12_model-it_0.pickle,129,290,linear,0.019935131072998047,1.0,0.0,1.0,1.0,q0: start,q43: companyW_Nabellenincompletedossiers0,q58: positive,36000,2
0,out/models/model_bpic12_model-it_0.pickle,129,290,quadratic,0.5491092205047607,1.0,0.0,1.0,1.0,q0: start,q45: companyW_Nabellenincompletedossiers1,q58: positive,36000,2
1,out/models/model_bpic12_model-it_0.pickle,129,290,linear,0.015852928161621094,1.0,0.0,1.0,1.0,q0: start,q45: companyW_Nabellenincompletedossiers1,q58: positive,36000,2
0,out/models/model_bpic12_model-it_0.pickle,129,290,quadratic,3.8186070919036865,1.0,0.0,1.0,1.0,q0: start,q9: customerA_CANCELLED,q58: positive,36000,2
1,out/models/model_bpic12_model-it_0.pickle,129,290,linear,0.10297107696533203,1.0,0.0,1.0,1.0,q0: start,q9: customerA_CANCELLED,q58: positive,36000,2
0,out/models/model_bpic12_model-it_0.pickle,129,290,quadratic,0.6513409614562988,1.0,0.0,1.0,1.0,q0: start,q109: companyO_CANCELLED,q58: positive,36000,2
1,out/models/model_bpic12_model-it_0.pickle,129,290,linear,0.1510920524597168,1.0,0.0,1.0,1.0,q0: start,q109: companyO_CANCELLED,q58: positive,36000,2
0,out/models/model_bpic12_model-it_0.pickle,129,290,quadratic,0.6908419132232666,1.0,0.0,1.0,1.0,q0: start,q97: W_Nabellenoffertes0,q58: positive,36000,2
1,out/models/model_bpic12_model-it_0.pickle,129,290,linear,0.1400609016418457,1.0,0.0,1.0,1.0,q0: start,q97: W_Nabellenoffertes0,q58: positive,36000,2
0,out/models/model_bpic12_model-it_0.pickle,129,290,quadratic,0.5295698642730713,1.0,0.0,1.0,1.0,q0: start,q117: W_Nabellenincompletedossiers0,q58: positive,36000,2
1,out/models/model_bpic12_model-it_0.pickle,129,290,linear,0.09986090660095215,1.0,0.0,1.0,1.0,q0: start,q117: W_Nabellenincompletedossiers0,q58: positive,36000,2
0,out/models/model_bpic12_model-it_0.pickle,129,290,quadratic,0.549752950668335,1.0,0.0,1.0,1.0,q0: start,q118: companyW_Nabellenincompletedossiers0,q58: positive,36000,2
1,out/models/model_bpic12_model-it_0.pickle,129,290,linear,0.16521692276000977,1.0,0.0,1.0,1.0,q0: start,q118: companyW_Nabellenincompletedossiers0,q58: positive,36000,2
0,out/models/model_bpic12_model-it_0.pickle,129,290,quadratic,4.700078010559082,1.0,0.0,1.0,1.0,q0: start,q121: O_CREATED5,q58: positive,36000,2
1,out/models/model_bpic12_model-it_0.pickle,129,290,linear,0.1179037094116211,1.0,0.0,1.0,1.0,q0: start,q121: O_CREATED5,q58: positive,36000,2
0,out/models/model_bpic12_model-it_0.pickle,129,290,quadratic,0.07184720039367676,1.0,0.0,1.0,0.0,q0: start,q11: negative,q58: positive,36000,2
1,out/models/model_bpic12_model-it_0.pickle,129,290,linear,0.028071165084838867,1.0,0.0,1.0,0.0,q0: start,q11: negative,q58: positive,36000,2
0,out/models/model_bpic12_model-it_0.pickle,129,290,quadratic,0.5156412124633789,1.0,0.0,1.0,1.0,q0: start,q63: customerO_SENT_BACK,q58: positive,36000,2
1,out/models/model_bpic12_model-it_0.pickle,129,290,linear,0.17493987083435059,1.0,0.0,1.0,1.0,q0: start,q63: customerO_SENT_BACK,q58: positive,36000,2
0,out/models/model_bpic12_model-it_0.pickle,129,290,quadratic,0.6308441162109375,1.0,0.0,1.0,1.0,q0: start,q65: customerW_Nabellenoffertes1,q58: positive,36000,2
1,out/models/model_bpic12_model-it_0.pickle,129,290,linear,0.08786511421203613,1.0,0.0,1.0,1.0,q0: start,q65: customerW_Nabellenoffertes1,q58: positive,36000,2
0,out/models/model_bpic12_model-it_0.pickle,129,290,quadratic,1.6008789539337158,1.0,0.0,1.0,1.0,q0: start,q25: companyO_SENT_BACK,q58: positive,36000,2
1,out/models/model_bpic12_model-it_0.pickle,129,290,linear,0.15880990028381348,1.0,0.0,1.0,1.0,q0: start,q25: companyO_SENT_BACK,q58: positive,36000,2
0,out/models/model_bpic12_model-it_0.pickle,129,290,quadratic,1.39267897605896,1.0,0.0,1.0,1.0,q0: start,q14: A_FINALIZED,q58: positive,36000,2
1,out/models/model_bpic12_model-it_0.pickle,129,290,linear,0.08687090873718262,1.0,0.0,1.0,1.0,q0: start,q14: A_FINALIZED,q58: positive,36000,2
0,out/models/model_bpic12_model-it_0.pickle,129,290,quadratic,0.8546240329742432,1.0,0.0,1.0,1.0,q0: start,q91: O_CANCELLED,q58: positive,36000,2
1,out/models/model_bpic12_model-it_0.pickle,129,290,linear,0.16159987449645996,1.0,0.0,1.0,1.0,q0: start,q91: O_CANCELLED,q58: positive,36000,2
0,out/models/model_bpic12_model-it_0.pickle,129,290,quadratic,0.7939038276672363,1.0,0.0,1.0,1.0,q0: start,q30: O_CANCELLED,q58: positive,36000,2
1,out/models/model_bpic12_model-it_0.pickle,129,290,linear,0.16316676139831543,1.0,0.0,1.0,1.0,q0: start,q30: O_CANCELLED,q58: positive,36000,2
0,out/models/model_bpic12_model-it_0.pickle,129,290,quadratic,0.8689947128295898,1.0,0.0,1.0,1.0,q0: start,q39: O_CANCELLED,q58: positive,36000,2
1,out/models/model_bpic12_model-it_0.pickle,129,290,linear,0.1404120922088623,1.0,0.0,1.0,1.0,q0: start,q39: O_CANCELLED,q58: positive,36000,2
0,out/models/model_bpic12_model-it_0.pickle,129,290,quadratic,7.42105507850647,1.0,0.0,1.0,1.0,q0: start,q22: W_Nabellenoffertes2,q58: positive,36000,2
1,out/models/model_bpic12_model-it_0.pickle,129,290,linear,0.13859295845031738,1.0,0.0,1.0,1.0,q0: start,q22: W_Nabellenoffertes2,q58: positive,36000,2
0,out/models/model_bpic12_model-it_0.pickle,129,290,quadratic,1.153069019317627,1.0,0.0,1.0,1.0,q0: start,q64: customerW_Nabellenoffertes0,q58: positive,36000,2
1,out/models/model_bpic12_model-it_0.pickle,129,290,linear,0.07273197174072266,1.0,0.0,1.0,1.0,q0: start,q64: customerW_Nabellenoffertes0,q58: positive,36000,2
0,out/models/model_bpic12_model-it_0.pickle,129,290,quadratic,0.7506778240203857,1.0,0.0,1.0,1.0,q0: start,q76: O_SENT_BACK,q58: positive,36000,2
1,out/models/model_bpic12_model-it_0.pickle,129,290,linear,0.11690211296081543,1.0,0.0,1.0,1.0,q0: start,q76: O_SENT_BACK,q58: positive,36000,2
0,out/models/model_bpic12_model-it_0.pickle,129,290,quadratic,0.7598729133605957,1.0,0.0,1.0,1.0,q0: start,q93: W_Nabellenincompletedossiers2,q58: positive,36000,2
1,out/models/model_bpic12_model-it_0.pickle,129,290,linear,0.0766289234161377,1.0,0.0,1.0,1.0,q0: start,q93: W_Nabellenincompletedossiers2,q58: positive,36000,2
0,out/models/model_bpic12_model-it_0.pickle,129,290,quadratic,0.6987371444702148,1.0,0.0,1.0,1.0,q0: start,q49: companyO_CANCELLED,q58: positive,36000,2
1,out/models/model_bpic12_model-it_0.pickle,129,290,linear,0.13113713264465332,1.0,0.0,1.0,1.0,q0: start,q49: companyO_CANCELLED,q58: positive,36000,2
0,out/models/model_bpic12_model-it_0.pickle,129,290,quadratic,5.784457206726074,1.0,0.0,1.0,1.0,q0: start,q29: customerW_Nabellenoffertes2,q58: positive,36000,2
1,out/models/model_bpic12_model-it_0.pickle,129,290,linear,0.13062787055969238,1.0,0.0,1.0,1.0,q0: start,q29: customerW_Nabellenoffertes2,q58: positive,36000,2
0,out/models/model_bpic12_model-it_0.pickle,129,290,quadratic,1.2599127292633057,1.0,0.0,1.0,1.0,q0: start,q110: customerW_Nabellenoffertes0,q58: positive,36000,2
1,out/models/model_bpic12_model-it_0.pickle,129,290,linear,0.15671730041503906,1.0,0.0,1.0,1.0,q0: start,q110: customerW_Nabellenoffertes0,q58: positive,36000,2
0,out/models/model_bpic12_model-it_0.pickle,129,290,quadratic,0.8979549407958984,1.0,0.0,1.0,1.0,q0: start,q40: O_SENT_BACK,q58: positive,36000,2
1,out/models/model_bpic12_model-it_0.pickle,129,290,linear,0.1051931381225586,1.0,0.0,1.0,1.0,q0: start,q40: O_SENT_BACK,q58: positive,36000,2
0,out/models/model_bpic12_model-it_0.pickle,129,290,quadratic,0.505134105682373,1.0,0.0,1.0,1.0,q0: start,q128: companyO_CREATED5,q58: positive,36000,2
1,out/models/model_bpic12_model-it_0.pickle,129,290,linear,0.0502161979675293,1.0,0.0,1.0,1.0,q0: start,q128: companyO_CREATED5,q58: positive,36000,2
0,out/models/model_bpic12_model-it_0.pickle,129,290,quadratic,1.6056287288665771,1.0,0.0,1.0,1.0,q0: start,q23: companyO_CANCELLED,q58: positive,36000,2
1,out/models/model_bpic12_model-it_0.pickle,129,290,linear,0.08389616012573242,1.0,0.0,1.0,1.0,q0: start,q23: companyO_CANCELLED,q58: positive,36000,2
0,out/models/model_bpic12_model-it_0.pickle,129,290,quadratic,1.0960419178009033,1.0,0.0,1.0,1.0,q0: start,q87: customerW_Nabellenoffertes0,q58: positive,36000,2
1,out/models/model_bpic12_model-it_0.pickle,129,290,linear,0.10630989074707031,1.0,0.0,1.0,1.0,q0: start,q87: customerW_Nabellenoffertes0,q58: positive,36000,2
0,out/models/model_bpic12_model-it_0.pickle,129,290,quadratic,1.1769142150878906,1.0,0.0,1.0,1.0,q0: start,q96: W_Nabellenincompletedossiers0,q58: positive,36000,2
1,out/models/model_bpic12_model-it_0.pickle,129,290,linear,0.12208104133605957,1.0,0.0,1.0,1.0,q0: start,q96: W_Nabellenincompletedossiers0,q58: positive,36000,2
0,out/models/model_bpic12_model-it_0.pickle,129,290,quadratic,0.7476248741149902,1.0,0.0,1.0,1.0,q0: start,q122: W_Nabellenincompletedossiers2,q58: positive,36000,2
1,out/models/model_bpic12_model-it_0.pickle,129,290,linear,0.1416187286376953,1.0,0.0,1.0,1.0,q0: start,q122: W_Nabellenincompletedossiers2,q58: positive,36000,2
0,out/models/model_bpic12_model-it_0.pickle,129,290,quadratic,7.452999114990234,1.0,0.0,1.0,1.0,q0: start,q27: customerW_Nabellenoffertes0,q58: positive,36000,2
1,out/models/model_bpic12_model-it_0.pickle,129,290,linear,0.09432482719421387,1.0,0.0,1.0,1.0,q0: start,q27: customerW_Nabellenoffertes0,q58: positive,36000,2
0,out/models/model_bpic12_model-it_0.pickle,129,290,quadratic,0.8738789558410645,1.0,0.0,1.0,1.0,q0: start,q119: O_CREATED4,q58: positive,36000,2
1,out/models/model_bpic12_model-it_0.pickle,129,290,linear,0.18159699440002441,1.0,0.0,1.0,1.0,q0: start,q119: O_CREATED4,q58: positive,36000,2
0,out/models/model_bpic12_model-it_0.pickle,129,290,quadratic,1.0019900798797607,1.0,0.0,1.0,1.0,q0: start,q92: O_CREATED2,q58: positive,36000,2
1,out/models/model_bpic12_model-it_0.pickle,129,290,linear,0.1181650161743164,1.0,0.0,1.0,1.0,q0: start,q92: O_CREATED2,q58: positive,36000,2
0,out/models/model_bpic12_model-it_0.pickle,129,290,quadratic,0.9668240547180176,1.0,0.0,1.0,1.0,q0: start,q88: companyO_CREATED1,q58: positive,36000,2
1,out/models/model_bpic12_model-it_0.pickle,129,290,linear,0.028204917907714844,1.0,0.0,1.0,1.0,q0: start,q88: companyO_CREATED1,q58: positive,36000,2
0,out/models/model_bpic12_model-it_0.pickle,129,290,quadratic,0.8863017559051514,1.0,0.0,1.0,1.0,q0: start,q95: O_SENT_BACK,q58: positive,36000,2
1,out/models/model_bpic12_model-it_0.pickle,129,290,linear,0.1445319652557373,1.0,0.0,1.0,1.0,q0: start,q95: O_SENT_BACK,q58: positive,36000,2
0,out/models/model_bpic12_model-it_0.pickle,129,290,quadratic,1.5673677921295166,1.0,0.0,1.0,1.0,q0: start,q57: W_Nabellenoffertes2,q58: positive,36000,2
1,out/models/model_bpic12_model-it_0.pickle,129,290,linear,0.13877105712890625,1.0,0.0,1.0,1.0,q0: start,q57: W_Nabellenoffertes2,q58: positive,36000,2
0,out/models/model_bpic12_model-it_0.pickle,129,290,quadratic,1.7499401569366455,1.0,0.0,1.0,1.0,q0: start,q3: companyA_SUBMITTED,q58: positive,36000,2
1,out/models/model_bpic12_model-it_0.pickle,129,290,linear,0.13423991203308105,1.0,0.0,1.0,1.0,q0: start,q3: companyA_SUBMITTED,q58: positive,36000,2
0,out/models/model_bpic12_model-it_0.pickle,129,290,quadratic,1.6028690338134766,1.0,0.0,1.0,1.0,q0: start,q50: companyO_CANCELLED,q58: positive,36000,2
1,out/models/model_bpic12_model-it_0.pickle,129,290,linear,0.13797998428344727,1.0,0.0,1.0,1.0,q0: start,q50: companyO_CANCELLED,q58: positive,36000,2
0,out/models/model_bpic12_model-it_0.pickle,129,290,quadratic,1.4266090393066406,1.0,0.0,1.0,1.0,q0: start,q98: companyO_CANCELLED,q58: positive,36000,2
1,out/models/model_bpic12_model-it_0.pickle,129,290,linear,0.060494184494018555,1.0,0.0,1.0,1.0,q0: start,q98: companyO_CANCELLED,q58: positive,36000,2
0,out/models/model_bpic12_model-it_0.pickle,129,290,quadratic,0.19347906112670898,1.0,1.0,1.0,1.0,q0: start,q58: positive,q58: positive,36000,2
1,out/models/model_bpic12_model-it_0.pickle,129,290,linear,0.04328799247741699,1.0,1.0,1.0,1.0,q0: start,q58: positive,q58: positive,36000,2
0,out/models/model_bpic12_model-it_0.pickle,129,290,quadratic,1.671678066253662,1.0,0.0,1.0,1.0,q0: start,q106: W_Nabellenoffertes0,q58: positive,36000,2
1,out/models/model_bpic12_model-it_0.pickle,129,290,linear,0.10465312004089355,1.0,0.0,1.0,1.0,q0: start,q106: W_Nabellenoffertes0,q58: positive,36000,2
0,out/models/model_bpic12_model-it_0.pickle,129,290,quadratic,0.5426180362701416,1.0,0.0,1.0,1.0,q0: start,q99: companyO_CREATED2,q58: positive,36000,2
1,out/models/model_bpic12_model-it_0.pickle,129,290,linear,0.06007122993469238,1.0,0.0,1.0,1.0,q0: start,q99: companyO_CREATED2,q58: positive,36000,2
0,out/models/model_bpic12_model-it_0.pickle,129,290,quadratic,0.617516040802002,1.0,0.0,1.0,1.0,q0: start,q103: companyW_Nabellenoffertes0,q58: positive,36000,2
1,out/models/model_bpic12_model-it_0.pickle,129,290,linear,0.06668806076049805,1.0,0.0,1.0,1.0,q0: start,q103: companyW_Nabellenoffertes0,q58: positive,36000,2
0,out/models/model_bpic12_model-it_0.pickle,129,290,quadratic,2.9863860607147217,1.0,0.0,1.0,1.0,q0: start,q6: A_CANCELLED,q58: positive,36000,2
1,out/models/model_bpic12_model-it_0.pickle,129,290,linear,0.08472084999084473,1.0,0.0,1.0,1.0,q0: start,q6: A_CANCELLED,q58: positive,36000,2
0,out/models/model_bpic12_model-it_0.pickle,129,290,quadratic,1.8689758777618408,1.0,0.0,1.0,1.0,q0: start,q15: companyA_FINALIZED,q58: positive,36000,2
1,out/models/model_bpic12_model-it_0.pickle,129,290,linear,0.06811404228210449,1.0,0.0,1.0,1.0,q0: start,q15: companyA_FINALIZED,q58: positive,36000,2
0,out/models/model_bpic12_model-it_0.pickle,129,290,quadratic,8.386308193206787,1.0,0.0,1.0,1.0,q0: start,q4: customerA_SUBMITTED,q58: positive,36000,2
1,out/models/model_bpic12_model-it_0.pickle,129,290,linear,0.1252129077911377,1.0,0.0,1.0,1.0,q0: start,q4: customerA_SUBMITTED,q58: positive,36000,2
0,out/models/model_bpic12_model-it_0.pickle,129,290,quadratic,9.949832677841187,1.0,0.0,1.0,1.0,q0: start,q115: customerW_Nabellenoffertes2,q58: positive,36000,2
1,out/models/model_bpic12_model-it_0.pickle,129,290,linear,0.1519300937652588,1.0,0.0,1.0,1.0,q0: start,q115: customerW_Nabellenoffertes2,q58: positive,36000,2
0,out/models/model_bpic12_model-it_0.pickle,129,290,quadratic,1.2710881233215332,1.0,0.0,1.0,1.0,q0: start,q41: customerO_CREATED1,q58: positive,36000,2
1,out/models/model_bpic12_model-it_0.pickle,129,290,linear,0.09443402290344238,1.0,0.0,1.0,1.0,q0: start,q41: customerO_CREATED1,q58: positive,36000,2
0,out/models/model_bpic12_model-it_0.pickle,129,290,quadratic,0.6928129196166992,1.0,0.0,1.0,1.0,q0: start,q112: O_CREATED3,q58: positive,36000,2
1,out/models/model_bpic12_model-it_0.pickle,129,290,linear,0.12362408638000488,1.0,0.0,1.0,1.0,q0: start,q112: O_CREATED3,q58: positive,36000,2
0,out/models/model_bpic12_model-it_0.pickle,129,290,quadratic,0.18819522857666016,1.0,1.0,1.0,1.0,q0: start,q1: customerstart,q58: positive,36000,2
1,out/models/model_bpic12_model-it_0.pickle,129,290,linear,0.039665937423706055,1.0,1.0,1.0,1.0,q0: start,q1: customerstart,q58: positive,36000,2
0,out/models/model_bpic12_model-it_0.pickle,129,290,quadratic,1.0195870399475098,1.0,0.0,1.0,1.0,q0: start,q38: O_CANCELLED,q58: positive,36000,2
1,out/models/model_bpic12_model-it_0.pickle,129,290,linear,0.07713794708251953,1.0,0.0,1.0,1.0,q0: start,q38: O_CANCELLED,q58: positive,36000,2
0,out/models/model_bpic12_model-it_0.pickle,129,290,quadratic,0.6307961940765381,1.0,0.0,1.0,1.0,q0: start,q42: companyA_APPROVED,q58: positive,36000,2
1,out/models/model_bpic12_model-it_0.pickle,129,290,linear,0.08749604225158691,1.0,0.0,1.0,1.0,q0: start,q42: companyA_APPROVED,q58: positive,36000,2
0,out/models/model_bpic12_model-it_0.pickle,129,290,quadratic,3.60196590423584,1.0,0.0,1.0,1.0,q0: start,q101: customerW_Nabellenincompletedossiers2,q58: positive,36000,2
1,out/models/model_bpic12_model-it_0.pickle,129,290,linear,0.117279052734375,1.0,0.0,1.0,1.0,q0: start,q101: customerW_Nabellenincompletedossiers2,q58: positive,36000,2
0,out/models/model_bpic12_model-it_0.pickle,129,290,quadratic,0.9590480327606201,1.0,0.0,1.0,1.0,q0: start,q44: customerW_Nabellenincompletedossiers0,q58: positive,36000,2
1,out/models/model_bpic12_model-it_0.pickle,129,290,linear,0.12717413902282715,1.0,0.0,1.0,1.0,q0: start,q44: customerW_Nabellenincompletedossiers0,q58: positive,36000,2
0,out/models/model_bpic12_model-it_0.pickle,129,290,quadratic,13.68809986114502,1.0,0.0,1.0,1.0,q0: start,q47: companyW_Nabellenincompletedossiers2,q58: positive,36000,2
1,out/models/model_bpic12_model-it_0.pickle,129,290,linear,0.07774996757507324,1.0,0.0,1.0,1.0,q0: start,q47: companyW_Nabellenincompletedossiers2,q58: positive,36000,2
0,out/models/model_bpic12_model-it_0.pickle,129,290,quadratic,0.6446030139923096,1.0,0.0,1.0,1.0,q0: start,q32: A_APPROVED,q58: positive,36000,2
1,out/models/model_bpic12_model-it_0.pickle,129,290,linear,0.09913277626037598,1.0,0.0,1.0,1.0,q0: start,q32: A_APPROVED,q58: positive,36000,2
0,out/models/model_bpic12_model-it_0.pickle,129,290,quadratic,5.7747581005096436,1.0,0.0,1.0,1.0,q0: start,q114: customerO_CREATED3,q58: positive,36000,2
1,out/models/model_bpic12_model-it_0.pickle,129,290,linear,0.0689859390258789,1.0,0.0,1.0,1.0,q0: start,q114: customerO_CREATED3,q58: positive,36000,2
0,out/models/model_bpic12_model-it_0.pickle,129,290,quadratic,0.8667929172515869,1.0,0.0,1.0,1.0,q0: start,q78: W_Nabellenoffertes0,q58: positive,36000,2
1,out/models/model_bpic12_model-it_0.pickle,129,290,linear,0.1259300708770752,1.0,0.0,1.0,1.0,q0: start,q78: W_Nabellenoffertes0,q58: positive,36000,2
0,out/models/model_bpic12_model-it_0.pickle,129,290,quadratic,0.8726851940155029,1.0,0.0,1.0,1.0,q0: start,q61: O_CREATED1,q58: positive,36000,2
1,out/models/model_bpic12_model-it_0.pickle,129,290,linear,0.11213207244873047,1.0,0.0,1.0,1.0,q0: start,q61: O_CREATED1,q58: positive,36000,2
0,out/models/model_bpic12_model-it_0.pickle,129,290,quadratic,1.6329100131988525,1.0,0.0,1.0,1.0,q0: start,q5: A_PREACCEPTED,q58: positive,36000,2
1,out/models/model_bpic12_model-it_0.pickle,129,290,linear,0.08336305618286133,1.0,0.0,1.0,1.0,q0: start,q5: A_PREACCEPTED,q58: positive,36000,2
0,out/models/model_bpic12_model-it_0.pickle,129,290,quadratic,1.070655345916748,1.0,0.0,1.0,1.0,q0: start,q100: customerO_CREATED2,q58: positive,36000,2
1,out/models/model_bpic12_model-it_0.pickle,129,290,linear,0.06488609313964844,1.0,0.0,1.0,1.0,q0: start,q100: customerO_CREATED2,q58: positive,36000,2
0,out/models/model_bpic12_model-it_0.pickle,129,290,quadratic,0.8317911624908447,1.0,0.0,1.0,1.0,q0: start,q105: O_CANCELLED,q58: positive,36000,2
1,out/models/model_bpic12_model-it_0.pickle,129,290,linear,0.04281306266784668,1.0,0.0,1.0,1.0,q0: start,q105: O_CANCELLED,q58: positive,36000,2
0,out/models/model_bpic12_model-it_0.pickle,129,290,quadratic,0.8641490936279297,1.0,0.0,1.0,1.0,q0: start,q33: W_Nabellenincompletedossiers0,q58: positive,36000,2
1,out/models/model_bpic12_model-it_0.pickle,129,290,linear,0.09500813484191895,1.0,0.0,1.0,1.0,q0: start,q33: W_Nabellenincompletedossiers0,q58: positive,36000,2
0,out/models/model_bpic12_model-it_0.pickle,129,290,quadratic,0.6624100208282471,1.0,0.0,1.0,1.0,q0: start,q124: companyO_CREATED4,q58: positive,36000,2
1,out/models/model_bpic12_model-it_0.pickle,129,290,linear,0.02104783058166504,1.0,0.0,1.0,1.0,q0: start,q124: companyO_CREATED4,q58: positive,36000,2
0,out/models/model_bpic12_model-it_0.pickle,129,290,quadratic,4.422772169113159,1.0,0.0,1.0,1.0,q0: start,q52: customerO_SENT_BACK,q58: positive,36000,2
1,out/models/model_bpic12_model-it_0.pickle,129,290,linear,0.16567206382751465,1.0,0.0,1.0,1.0,q0: start,q52: customerO_SENT_BACK,q58: positive,36000,2
0,out/models/model_bpic12_model-it_0.pickle,129,290,quadratic,0.9277150630950928,1.0,0.0,1.0,1.0,q0: start,q69: customerO_CREATED1,q58: positive,36000,2
1,out/models/model_bpic12_model-it_0.pickle,129,290,linear,0.08469104766845703,1.0,0.0,1.0,1.0,q0: start,q69: customerO_CREATED1,q58: positive,36000,2
0,out/models/model_bpic12_model-it_0.pickle,129,290,quadratic,0.8735818862915039,1.0,0.0,1.0,1.0,q0: start,q56: W_Nabellenoffertes1,q58: positive,36000,2
1,out/models/model_bpic12_model-it_0.pickle,129,290,linear,0.14906787872314453,1.0,0.0,1.0,1.0,q0: start,q56: W_Nabellenoffertes1,q58: positive,36000,2
0,out/models/model_bpic12_model-it_0.pickle,129,290,quadratic,15.612251996994019,1.0,0.0,1.0,1.0,q0: start,q111: customerA_APPROVED,q58: positive,36000,2
1,out/models/model_bpic12_model-it_0.pickle,129,290,linear,0.028848886489868164,1.0,0.0,1.0,1.0,q0: start,q111: customerA_APPROVED,q58: positive,36000,2
0,out/models/model_bpic12_model-it_0.pickle,129,290,quadratic,1.0659918785095215,1.0,0.0,1.0,1.0,q0: start,q125: customerW_Nabellenincompletedossiers2,q58: positive,36000,2
1,out/models/model_bpic12_model-it_0.pickle,129,290,linear,0.11230993270874023,1.0,0.0,1.0,1.0,q0: start,q125: customerW_Nabellenincompletedossiers2,q58: positive,36000,2
0,out/models/model_bpic12_model-it_0.pickle,129,290,quadratic,0.7248609066009521,1.0,0.0,1.0,1.0,q0: start,q103: companyW_Nabellenoffertes0,q58: positive,36000,2
1,out/models/model_bpic12_model-it_0.pickle,129,290,linear,0.09891104698181152,1.0,0.0,1.0,1.0,q0: start,q103: companyW_Nabellenoffertes0,q58: positive,36000,2
0,out/models/model_bpic12_model-it_0.pickle,129,290,quadratic,0.6296079158782959,1.0,0.0,1.0,1.0,q0: start,q126: O_CREATED6,q58: positive,36000,2
1,out/models/model_bpic12_model-it_0.pickle,129,290,linear,0.14978313446044922,1.0,0.0,1.0,1.0,q0: start,q126: O_CREATED6,q58: positive,36000,2
0,out/models/model_bpic12_model-it_0.pickle,129,290,quadratic,0.6387641429901123,1.0,0.0,1.0,1.0,q0: start,q19: O_SENT_BACK,q58: positive,36000,2
1,out/models/model_bpic12_model-it_0.pickle,129,290,linear,0.10451817512512207,1.0,0.0,1.0,1.0,q0: start,q19: O_SENT_BACK,q58: positive,36000,2
0,out/models/model_bpic12_model-it_0.pickle,129,290,quadratic,1.4412260055541992,1.0,0.0,1.0,1.0,q0: start,q16: O_CREATED0,q58: positive,36000,2
1,out/models/model_bpic12_model-it_0.pickle,129,290,linear,0.10180306434631348,1.0,0.0,1.0,1.0,q0: start,q16: O_CREATED0,q58: positive,36000,2
0,out/models/model_bpic12_model-it_0.pickle,129,290,quadratic,0.9497151374816895,1.0,0.0,1.0,1.0,q0: start,q67: customerO_CREATED1,q58: positive,36000,2
1,out/models/model_bpic12_model-it_0.pickle,129,290,linear,0.06592202186584473,1.0,0.0,1.0,1.0,q0: start,q67: customerO_CREATED1,q58: positive,36000,2
0,out/models/model_bpic12_model-it_0.pickle,129,290,quadratic,0.9743030071258545,1.0,0.0,1.0,1.0,q0: start,q84: customerO_SENT_BACK,q58: positive,36000,2
1,out/models/model_bpic12_model-it_0.pickle,129,290,linear,0.08476090431213379,1.0,0.0,1.0,1.0,q0: start,q84: customerO_SENT_BACK,q58: positive,36000,2
0,out/models/model_bpic12_model-it_0.pickle,129,290,quadratic,1.0190479755401611,1.0,0.0,1.0,1.0,q0: start,q72: O_CANCELLED,q58: positive,36000,2
1,out/models/model_bpic12_model-it_0.pickle,129,290,linear,0.1233530044555664,1.0,0.0,1.0,1.0,q0: start,q72: O_CANCELLED,q58: positive,36000,2
0,out/models/model_bpic12_model-it_0.pickle,129,290,quadratic,1.0727920532226562,1.0,0.0,1.0,1.0,q0: start,q21: W_Nabellenoffertes1,q58: positive,36000,2
1,out/models/model_bpic12_model-it_0.pickle,129,290,linear,0.1011199951171875,1.0,0.0,1.0,1.0,q0: start,q21: W_Nabellenoffertes1,q58: positive,36000,2
0,out/models/model_bpic12_model-it_0.pickle,129,290,quadratic,1.8459250926971436,1.0,0.0,1.0,1.0,q0: start,q12: companyA_ACCEPTED,q58: positive,36000,2
1,out/models/model_bpic12_model-it_0.pickle,129,290,linear,0.07148408889770508,1.0,0.0,1.0,1.0,q0: start,q12: companyA_ACCEPTED,q58: positive,36000,2
0,out/models/model_bpic12_model-it_0.pickle,129,290,quadratic,1.043487787246704,1.0,0.0,1.0,1.0,q0: start,q108: customerO_CREATED3,q58: positive,36000,2
1,out/models/model_bpic12_model-it_0.pickle,129,290,linear,0.11015915870666504,1.0,0.0,1.0,1.0,q0: start,q108: customerO_CREATED3,q58: positive,36000,2
0,out/models/model_bpic12_model-it_0.pickle,129,290,quadratic,1.051736831665039,1.0,0.0,1.0,1.0,q0: start,q34: W_Nabellenincompletedossiers1,q58: positive,36000,2
1,out/models/model_bpic12_model-it_0.pickle,129,290,linear,0.14892792701721191,1.0,0.0,1.0,1.0,q0: start,q34: W_Nabellenincompletedossiers1,q58: positive,36000,2
0,out/models/model_bpic12_model-it_0.pickle,129,290,quadratic,0.8119289875030518,1.0,0.0,1.0,1.0,q0: start,q65: customerW_Nabellenoffertes1,q58: positive,36000,2
1,out/models/model_bpic12_model-it_0.pickle,129,290,linear,0.1436781883239746,1.0,0.0,1.0,1.0,q0: start,q65: customerW_Nabellenoffertes1,q58: positive,36000,2
0,out/models/model_bpic12_model-it_0.pickle,129,290,quadratic,1.1102581024169922,1.0,0.0,1.0,1.0,q0: start,q30: O_CANCELLED,q58: positive,36000,2
1,out/models/model_bpic12_model-it_0.pickle,129,290,linear,0.04271101951599121,1.0,0.0,1.0,1.0,q0: start,q30: O_CANCELLED,q58: positive,36000,2
0,out/models/model_bpic12_model-it_0.pickle,129,290,quadratic,0.6241860389709473,1.0,0.0,1.0,1.0,q0: start,q56: W_Nabellenoffertes1,q58: positive,36000,2
1,out/models/model_bpic12_model-it_0.pickle,129,290,linear,0.10660290718078613,1.0,0.0,1.0,1.0,q0: start,q56: W_Nabellenoffertes1,q58: positive,36000,2
0,out/models/model_bpic12_model-it_0.pickle,129,290,quadratic,1.9561059474945068,1.0,0.0,1.0,1.0,q0: start,q82: companyO_CANCELLED,q58: positive,36000,2
1,out/models/model_bpic12_model-it_0.pickle,129,290,linear,0.1433701515197754,1.0,0.0,1.0,1.0,q0: start,q82: companyO_CANCELLED,q58: positive,36000,2
0,out/models/model_bpic12_model-it_0.pickle,129,290,quadratic,1.2708852291107178,1.0,0.0,1.0,1.0,q0: start,q10: A_ACCEPTED,q58: positive,36000,2
1,out/models/model_bpic12_model-it_0.pickle,129,290,linear,0.07902002334594727,1.0,0.0,1.0,1.0,q0: start,q10: A_ACCEPTED,q58: positive,36000,2
0,out/models/model_bpic12_model-it_0.pickle,129,290,quadratic,1.6485438346862793,1.0,0.0,1.0,1.0,q0: start,q17: customerO_CREATED0,q58: positive,36000,2
1,out/models/model_bpic12_model-it_0.pickle,129,290,linear,0.09499692916870117,1.0,0.0,1.0,1.0,q0: start,q17: customerO_CREATED0,q58: positive,36000,2
0,out/models/model_bpic12_model-it_0.pickle,129,290,quadratic,1.2947959899902344,1.0,0.0,1.0,1.0,q0: start,q110: customerW_Nabellenoffertes0,q58: positive,36000,2
1,out/models/model_bpic12_model-it_0.pickle,129,290,linear,0.11813807487487793,1.0,0.0,1.0,1.0,q0: start,q110: customerW_Nabellenoffertes0,q58: positive,36000,2
0,out/models/model_bpic12_model-it_0.pickle,129,290,quadratic,0.8671143054962158,1.0,0.0,1.0,1.0,q0: start,q54: O_SENT_BACK,q58: positive,36000,2
1,out/models/model_bpic12_model-it_0.pickle,129,290,linear,0.16295695304870605,1.0,0.0,1.0,1.0,q0: start,q54: O_SENT_BACK,q58: positive,36000,2
0,out/models/model_bpic12_model-it_0.pickle,129,290,quadratic,3.2612242698669434,1.0,0.0,1.0,1.0,q0: start,q18: O_CANCELLED,q58: positive,36000,2
1,out/models/model_bpic12_model-it_0.pickle,129,290,linear,0.10351109504699707,1.0,0.0,1.0,1.0,q0: start,q18: O_CANCELLED,q58: positive,36000,2
0,out/models/model_bpic12_model-it_0.pickle,129,290,quadratic,1.722841739654541,1.0,0.0,1.0,1.0,q0: start,q12: companyA_ACCEPTED,q58: positive,36000,2
1,out/models/model_bpic12_model-it_0.pickle,129,290,linear,0.11406922340393066,1.0,0.0,1.0,1.0,q0: start,q12: companyA_ACCEPTED,q58: positive,36000,2
0,out/models/model_bpic12_model-it_0.pickle,129,290,quadratic,1.1703190803527832,1.0,0.0,1.0,1.0,q0: start,q21: W_Nabellenoffertes1,q58: positive,36000,2
1,out/models/model_bpic12_model-it_0.pickle,129,290,linear,0.08994507789611816,1.0,0.0,1.0,1.0,q0: start,q21: W_Nabellenoffertes1,q58: positive,36000,2
0,out/models/model_bpic12_model-it_0.pickle,129,290,quadratic,0.5132009983062744,1.0,0.0,1.0,1.0,q0: start,q128: companyO_CREATED5,q58: positive,36000,2
1,out/models/model_bpic12_model-it_0.pickle,129,290,linear,0.0532221794128418,1.0,0.0,1.0,1.0,q0: start,q128: companyO_CREATED5,q58: positive,36000,2
0,out/models/model_bpic12_model-it_0.pickle,129,290,quadratic,1.4174017906188965,1.0,0.0,1.0,1.0,q0: start,q75: W_Nabellenincompletedossiers0,q58: positive,36000,2
1,out/models/model_bpic12_model-it_0.pickle,129,290,linear,0.1530318260192871,1.0,0.0,1.0,1.0,q0: start,q75: W_Nabellenincompletedossiers0,q58: positive,36000,2
0,out/models/model_bpic12_model-it_0.pickle,129,290,quadratic,1.071997880935669,1.0,0.0,1.0,1.0,q0: start,q10: A_ACCEPTED,q58: positive,36000,2
1,out/models/model_bpic12_model-it_0.pickle,129,290,linear,0.11105084419250488,1.0,0.0,1.0,1.0,q0: start,q10: A_ACCEPTED,q58: positive,36000,2
0,out/models/model_bpic12_model-it_0.pickle,129,290,quadratic,4.147913217544556,1.0,0.0,1.0,1.0,q0: start,q94: O_CREATED2,q58: positive,36000,2
1,out/models/model_bpic12_model-it_0.pickle,129,290,linear,0.06953597068786621,1.0,0.0,1.0,1.0,q0: start,q94: O_CREATED2,q58: positive,36000,2
0,out/models/model_bpic12_model-it_0.pickle,129,290,quadratic,1.201491117477417,1.0,0.0,1.0,1.0,q0: start,q7: companyA_PREACCEPTED,q58: positive,36000,2
1,out/models/model_bpic12_model-it_0.pickle,129,290,linear,0.11549186706542969,1.0,0.0,1.0,1.0,q0: start,q7: companyA_PREACCEPTED,q58: positive,36000,2
0,out/models/model_bpic12_model-it_0.pickle,129,290,quadratic,0.9204440116882324,1.0,0.0,1.0,1.0,q0: start,q67: customerO_CREATED1,q58: positive,36000,2
1,out/models/model_bpic12_model-it_0.pickle,129,290,linear,0.0973970890045166,1.0,0.0,1.0,1.0,q0: start,q67: customerO_CREATED1,q58: positive,36000,2
0,out/models/model_bpic12_model-it_0.pickle,129,290,quadratic,0.6521139144897461,1.0,0.0,1.0,1.0,q0: start,q108: customerO_CREATED3,q58: positive,36000,2
1,out/models/model_bpic12_model-it_0.pickle,129,290,linear,0.10414481163024902,1.0,0.0,1.0,1.0,q0: start,q108: customerO_CREATED3,q58: positive,36000,2
0,out/models/model_bpic12_model-it_0.pickle,129,290,quadratic,1.618363857269287,1.0,0.0,1.0,1.0,q0: start,q107: A_APPROVED,q58: positive,36000,2
1,out/models/model_bpic12_model-it_0.pickle,129,290,linear,0.05220389366149902,1.0,0.0,1.0,1.0,q0: start,q107: A_APPROVED,q58: positive,36000,2
0,out/models/model_bpic12_model-it_0.pickle,129,290,quadratic,0.7348010540008545,1.0,0.0,1.0,1.0,q0: start,q76: O_SENT_BACK,q58: positive,36000,2
1,out/models/model_bpic12_model-it_0.pickle,129,290,linear,0.07170438766479492,1.0,0.0,1.0,1.0,q0: start,q76: O_SENT_BACK,q58: positive,36000,2
0,out/models/model_bpic12_model-it_0.pickle,129,290,quadratic,0.7196249961853027,1.0,0.0,1.0,1.0,q0: start,q63: customerO_SENT_BACK,q58: positive,36000,2
1,out/models/model_bpic12_model-it_0.pickle,129,290,linear,0.07696700096130371,1.0,0.0,1.0,1.0,q0: start,q63: customerO_SENT_BACK,q58: positive,36000,2
0,out/models/model_bpic12_model-it_0.pickle,129,290,quadratic,0.8466739654541016,1.0,0.0,1.0,1.0,q0: start,q31: O_CREATED1,q58: positive,36000,2
1,out/models/model_bpic12_model-it_0.pickle,129,290,linear,0.07246613502502441,1.0,0.0,1.0,1.0,q0: start,q31: O_CREATED1,q58: positive,36000,2
0,out/models/model_bpic12_model-it_0.pickle,129,290,quadratic,0.7393481731414795,1.0,0.0,1.0,1.0,q0: start,q118: companyW_Nabellenincompletedossiers0,q58: positive,36000,2
1,out/models/model_bpic12_model-it_0.pickle,129,290,linear,0.05602407455444336,1.0,0.0,1.0,1.0,q0: start,q118: companyW_Nabellenincompletedossiers0,q58: positive,36000,2
0,out/models/model_bpic12_model-it_0.pickle,129,290,quadratic,2.0989208221435547,1.0,0.0,1.0,1.0,q0: start,q8: customerA_PREACCEPTED,q58: positive,36000,2
1,out/models/model_bpic12_model-it_0.pickle,129,290,linear,0.06133008003234863,1.0,0.0,1.0,1.0,q0: start,q8: customerA_PREACCEPTED,q58: positive,36000,2
0,out/models/model_bpic12_model-it_0.pickle,129,290,quadratic,1.1469199657440186,1.0,0.0,1.0,1.0,q0: start,q13: customerA_ACCEPTED,q58: positive,36000,2
1,out/models/model_bpic12_model-it_0.pickle,129,290,linear,0.14543604850769043,1.0,0.0,1.0,1.0,q0: start,q13: customerA_ACCEPTED,q58: positive,36000,2
0,out/models/model_bpic12_model-it_0.pickle,129,290,quadratic,1.5160529613494873,1.0,0.0,1.0,1.0,q0: start,q106: W_Nabellenoffertes0,q58: positive,36000,2
1,out/models/model_bpic12_model-it_0.pickle,129,290,linear,0.06545710563659668,1.0,0.0,1.0,1.0,q0: start,q106: W_Nabellenoffertes0,q58: positive,36000,2
0,out/models/model_bpic12_model-it_0.pickle,129,290,quadratic,0.676732063293457,1.0,0.0,1.0,1.0,q0: start,q42: companyA_APPROVED,q58: positive,36000,2
1,out/models/model_bpic12_model-it_0.pickle,129,290,linear,0.18814802169799805,1.0,0.0,1.0,1.0,q0: start,q42: companyA_APPROVED,q58: positive,36000,2
0,out/models/model_bpic12_model-it_0.pickle,129,290,quadratic,0.8892598152160645,1.0,0.0,1.0,1.0,q0: start,q112: O_CREATED3,q58: positive,36000,2
1,out/models/model_bpic12_model-it_0.pickle,129,290,linear,0.11615705490112305,1.0,0.0,1.0,1.0,q0: start,q112: O_CREATED3,q58: positive,36000,2
0,out/models/model_bpic12_model-it_0.pickle,129,290,quadratic,0.837061882019043,1.0,0.0,1.0,1.0,q0: start,q44: customerW_Nabellenincompletedossiers0,q58: positive,36000,2
1,out/models/model_bpic12_model-it_0.pickle,129,290,linear,0.12254190444946289,1.0,0.0,1.0,1.0,q0: start,q44: customerW_Nabellenincompletedossiers0,q58: positive,36000,2
0,out/models/model_bpic12_model-it_0.pickle,129,290,quadratic,0.12288594245910645,1.0,1.0,1.0,1.0,q0: start,q1: customerstart,q58: positive,36000,2
1,out/models/model_bpic12_model-it_0.pickle,129,290,linear,0.021084070205688477,1.0,1.0,1.0,1.0,q0: start,q1: customerstart,q58: positive,36000,2
0,out/models/model_bpic12_model-it_0.pickle,129,290,quadratic,0.9202358722686768,1.0,0.0,1.0,1.0,q0: start,q100: customerO_CREATED2,q58: positive,36000,2
1,out/models/model_bpic12_model-it_0.pickle,129,290,linear,0.07048678398132324,1.0,0.0,1.0,1.0,q0: start,q100: customerO_CREATED2,q58: positive,36000,2
0,out/models/model_bpic12_model-it_0.pickle,129,290,quadratic,3.0528171062469482,1.0,0.0,1.0,1.0,q0: start,q18: O_CANCELLED,q58: positive,36000,2
1,out/models/model_bpic12_model-it_0.pickle,129,290,linear,0.07862591743469238,1.0,0.0,1.0,1.0,q0: start,q18: O_CANCELLED,q58: positive,36000,2
0,out/models/model_bpic12_model-it_0.pickle,129,290,quadratic,0.6413619518280029,1.0,0.0,1.0,1.0,q0: start,q53: O_CANCELLED,q58: positive,36000,2
1,out/models/model_bpic12_model-it_0.pickle,129,290,linear,0.10334491729736328,1.0,0.0,1.0,1.0,q0: start,q53: O_CANCELLED,q58: positive,36000,2
0,out/models/model_bpic12_model-it_0.pickle,129,290,quadratic,4.619837999343872,1.0,0.0,1.0,1.0,q0: start,q52: customerO_SENT_BACK,q58: positive,36000,2
1,out/models/model_bpic12_model-it_0.pickle,129,290,linear,0.12109684944152832,1.0,0.0,1.0,1.0,q0: start,q52: customerO_SENT_BACK,q58: positive,36000,2
0,out/models/model_bpic12_model-it_0.pickle,129,290,quadratic,0.5595541000366211,1.0,0.0,1.0,1.0,q0: start,q99: companyO_CREATED2,q58: positive,36000,2
1,out/models/model_bpic12_model-it_0.pickle,129,290,linear,0.06197309494018555,1.0,0.0,1.0,1.0,q0: start,q99: companyO_CREATED2,q58: positive,36000,2
0,out/models/model_bpic12_model-it_0.pickle,129,290,quadratic,1.708860158920288,1.0,0.0,1.0,1.0,q0: start,q25: companyO_SENT_BACK,q58: positive,36000,2
1,out/models/model_bpic12_model-it_0.pickle,129,290,linear,0.06949281692504883,1.0,0.0,1.0,1.0,q0: start,q25: companyO_SENT_BACK,q58: positive,36000,2
0,out/models/model_bpic12_model-it_0.pickle,129,290,quadratic,6.804310083389282,1.0,0.0,1.0,1.0,q0: start,q102: customerO_CREATED2,q58: positive,36000,2
1,out/models/model_bpic12_model-it_0.pickle,129,290,linear,0.12698912620544434,1.0,0.0,1.0,1.0,q0: start,q102: customerO_CREATED2,q58: positive,36000,2
0,out/models/model_bpic12_model-it_0.pickle,129,290,quadratic,0.8955988883972168,1.0,0.0,1.0,1.0,q0: start,q96: W_Nabellenincompletedossiers0,q58: positive,36000,2
1,out/models/model_bpic12_model-it_0.pickle,129,290,linear,0.08244991302490234,1.0,0.0,1.0,1.0,q0: start,q96: W_Nabellenincompletedossiers0,q58: positive,36000,2
0,out/models/model_bpic12_model-it_0.pickle,129,290,quadratic,1.53407883644104,1.0,0.0,1.0,1.0,q0: start,q5: A_PREACCEPTED,q58: positive,36000,2
1,out/models/model_bpic12_model-it_0.pickle,129,290,linear,0.08679389953613281,1.0,0.0,1.0,1.0,q0: start,q5: A_PREACCEPTED,q58: positive,36000,2
0,out/models/model_bpic12_model-it_0.pickle,129,290,quadratic,0.10253787040710449,1.0,1.0,1.0,1.0,q0: start,q58: positive,q58: positive,36000,2
1,out/models/model_bpic12_model-it_0.pickle,129,290,linear,0.02768397331237793,1.0,1.0,1.0,1.0,q0: start,q58: positive,q58: positive,36000,2
0,out/models/model_bpic12_model-it_0.pickle,129,290,quadratic,1.1949691772460938,1.0,0.0,1.0,1.0,q0: start,q104: O_CREATED3,q58: positive,36000,2
1,out/models/model_bpic12_model-it_0.pickle,129,290,linear,0.10678696632385254,1.0,0.0,1.0,1.0,q0: start,q104: O_CREATED3,q58: positive,36000,2
0,out/models/model_bpic12_model-it_0.pickle,129,290,quadratic,0.6380727291107178,1.0,0.0,1.0,1.0,q0: start,q77: W_Nabellenoffertes0,q58: positive,36000,2
1,out/models/model_bpic12_model-it_0.pickle,129,290,linear,0.0839240550994873,1.0,0.0,1.0,1.0,q0: start,q77: W_Nabellenoffertes0,q58: positive,36000,2
0,out/models/model_bpic12_model-it_0.pickle,129,290,quadratic,1.4848718643188477,1.0,0.0,1.0,1.0,q0: start,q120: customerO_CREATED4,q58: positive,36000,2
1,out/models/model_bpic12_model-it_0.pickle,129,290,linear,0.12165403366088867,1.0,0.0,1.0,1.0,q0: start,q120: customerO_CREATED4,q58: positive,36000,2
0,out/models/model_bpic12_model-it_0.pickle,129,290,quadratic,1.5905139446258545,1.0,0.0,1.0,1.0,q0: start,q74: O_SENT_BACK,q58: positive,36000,2
1,out/models/model_bpic12_model-it_0.pickle,129,290,linear,0.16628098487854004,1.0,0.0,1.0,1.0,q0: start,q74: O_SENT_BACK,q58: positive,36000,2
0,out/models/model_bpic12_model-it_0.pickle,129,290,quadratic,0.8373808860778809,1.0,0.0,1.0,1.0,q0: start,q84: customerO_SENT_BACK,q58: positive,36000,2
1,out/models/model_bpic12_model-it_0.pickle,129,290,linear,0.10484504699707031,1.0,0.0,1.0,1.0,q0: start,q84: customerO_SENT_BACK,q58: positive,36000,2
0,out/models/model_bpic12_model-it_0.pickle,129,290,quadratic,0.8364930152893066,1.0,0.0,1.0,1.0,q0: start,q34: W_Nabellenincompletedossiers1,q58: positive,36000,2
1,out/models/model_bpic12_model-it_0.pickle,129,290,linear,0.10206007957458496,1.0,0.0,1.0,1.0,q0: start,q34: W_Nabellenincompletedossiers1,q58: positive,36000,2
0,out/models/model_bpic12_model-it_0.pickle,129,290,quadratic,0.5987188816070557,1.0,0.0,1.0,1.0,q0: start,q124: companyO_CREATED4,q58: positive,36000,2
1,out/models/model_bpic12_model-it_0.pickle,129,290,linear,0.05023694038391113,1.0,0.0,1.0,1.0,q0: start,q124: companyO_CREATED4,q58: positive,36000,2
0,out/models/model_bpic12_model-it_0.pickle,129,290,quadratic,0.7560529708862305,1.0,0.0,1.0,1.0,q0: start,q83: companyO_CANCELLED,q58: positive,36000,2
1,out/models/model_bpic12_model-it_0.pickle,129,290,linear,0.05981612205505371,1.0,0.0,1.0,1.0,q0: start,q83: companyO_CANCELLED,q58: positive,36000,2
0,out/models/model_bpic12_model-it_0.pickle,129,290,quadratic,18.606889963150024,1.0,0.0,1.0,1.0,q0: start,q80: customerO_CREATED2,q58: positive,36000,2
1,out/models/model_bpic12_model-it_0.pickle,129,290,linear,0.0678548812866211,1.0,0.0,1.0,1.0,q0: start,q80: customerO_CREATED2,q58: positive,36000,2
0,out/models/model_bpic12_model-it_0.pickle,129,290,quadratic,0.73089599609375,1.0,0.0,1.0,1.0,q0: start,q33: W_Nabellenincompletedossiers0,q58: positive,36000,2
1,out/models/model_bpic12_model-it_0.pickle,129,290,linear,0.10041427612304688,1.0,0.0,1.0,1.0,q0: start,q33: W_Nabellenincompletedossiers0,q58: positive,36000,2
0,out/models/model_bpic12_model-it_0.pickle,129,290,quadratic,0.7106962203979492,1.0,0.0,1.0,1.0,q0: start,q49: companyO_CANCELLED,q58: positive,36000,2
1,out/models/model_bpic12_model-it_0.pickle,129,290,linear,0.07148504257202148,1.0,0.0,1.0,1.0,q0: start,q49: companyO_CANCELLED,q58: positive,36000,2
0,out/models/model_bpic12_model-it_0.pickle,129,290,quadratic,0.9473800659179688,1.0,0.0,1.0,1.0,q0: start,q81: customerW_Nabellenincompletedossiers0,q58: positive,36000,2
1,out/models/model_bpic12_model-it_0.pickle,129,290,linear,0.0741872787475586,1.0,0.0,1.0,1.0,q0: start,q81: customerW_Nabellenincompletedossiers0,q58: positive,36000,2
0,out/models/model_bpic12_model-it_0.pickle,129,290,quadratic,0.7007908821105957,1.0,0.0,1.0,1.0,q0: start,q72: O_CANCELLED,q58: positive,36000,2
1,out/models/model_bpic12_model-it_0.pickle,129,290,linear,0.0828239917755127,1.0,0.0,1.0,1.0,q0: start,q72: O_CANCELLED,q58: positive,36000,2
0,out/models/model_bpic12_model-it_0.pickle,129,290,quadratic,1.3909831047058105,1.0,0.0,1.0,1.0,q0: start,q14: A_FINALIZED,q58: positive,36000,2
1,out/models/model_bpic12_model-it_0.pickle,129,290,linear,0.08704400062561035,1.0,0.0,1.0,1.0,q0: start,q14: A_FINALIZED,q58: positive,36000,2
0,out/models/model_bpic12_model-it_0.pickle,129,290,quadratic,0.6818528175354004,1.0,0.0,1.0,1.0,q0: start,q89: customerW_Nabellenoffertes0,q58: positive,36000,2
1,out/models/model_bpic12_model-it_0.pickle,129,290,linear,0.09950971603393555,1.0,0.0,1.0,1.0,q0: start,q89: customerW_Nabellenoffertes0,q58: positive,36000,2
0,out/models/model_bpic12_model-it_0.pickle,129,290,quadratic,0.07757091522216797,1.0,1.0,1.0,1.0,q0: start,q0: start,q58: positive,36000,2
1,out/models/model_bpic12_model-it_0.pickle,129,290,linear,0.034713029861450195,1.0,1.0,1.0,1.0,q0: start,q0: start,q58: positive,36000,2
0,out/models/model_bpic12_model-it_0.pickle,129,290,quadratic,1.5655348300933838,1.0,0.0,1.0,1.0,q0: start,q86: customerO_SENT_BACK,q58: positive,36000,2
1,out/models/model_bpic12_model-it_0.pickle,129,290,linear,0.13569188117980957,1.0,0.0,1.0,1.0,q0: start,q86: customerO_SENT_BACK,q58: positive,36000,2
0,out/models/model_bpic12_model-it_0.pickle,129,290,quadratic,0.5762321949005127,1.0,0.0,1.0,1.0,q0: start,q97: W_Nabellenoffertes0,q58: positive,36000,2
1,out/models/model_bpic12_model-it_0.pickle,129,290,linear,0.0769498348236084,1.0,0.0,1.0,1.0,q0: start,q97: W_Nabellenoffertes0,q58: positive,36000,2
0,out/models/model_bpic12_model-it_0.pickle,129,290,quadratic,1.075463056564331,1.0,0.0,1.0,1.0,q0: start,q71: W_Nabellenincompletedossiers0,q58: positive,36000,2
1,out/models/model_bpic12_model-it_0.pickle,129,290,linear,0.1114499568939209,1.0,0.0,1.0,1.0,q0: start,q71: W_Nabellenincompletedossiers0,q58: positive,36000,2
0,out/models/model_bpic12_model-it_0.pickle,129,290,quadratic,0.7975142002105713,1.0,0.0,1.0,1.0,q0: start,q113: W_Nabellenoffertes2,q58: positive,36000,2
1,out/models/model_bpic12_model-it_0.pickle,129,290,linear,0.09001302719116211,1.0,0.0,1.0,1.0,q0: start,q113: W_Nabellenoffertes2,q58: positive,36000,2
0,out/models/model_bpic12_model-it_0.pickle,129,290,quadratic,6.481470108032227,1.0,0.0,1.0,1.0,q0: start,q102: customerO_CREATED2,q58: positive,36000,2
1,out/models/model_bpic12_model-it_0.pickle,129,290,linear,0.059876203536987305,1.0,0.0,1.0,1.0,q0: start,q102: customerO_CREATED2,q58: positive,36000,2
0,out/models/model_bpic12_model-it_0.pickle,129,290,quadratic,0.3995249271392822,1.0,0.0,1.0,1.0,q0: start,q43: companyW_Nabellenincompletedossiers0,q58: positive,36000,2
1,out/models/model_bpic12_model-it_0.pickle,129,290,linear,0.036067962646484375,1.0,0.0,1.0,1.0,q0: start,q43: companyW_Nabellenincompletedossiers0,q58: positive,36000,2
0,out/models/model_bpic12_model-it_0.pickle,129,290,quadratic,1.0566320419311523,1.0,0.0,1.0,1.0,q0: start,q125: customerW_Nabellenincompletedossiers2,q58: positive,36000,2
1,out/models/model_bpic12_model-it_0.pickle,129,290,linear,0.06520390510559082,1.0,0.0,1.0,1.0,q0: start,q125: customerW_Nabellenincompletedossiers2,q58: positive,36000,2
0,out/models/model_bpic12_model-it_0.pickle,129,290,quadratic,0.8170180320739746,1.0,0.0,1.0,1.0,q0: start,q38: O_CANCELLED,q58: positive,36000,2
1,out/models/model_bpic12_model-it_0.pickle,129,290,linear,0.07151913642883301,1.0,0.0,1.0,1.0,q0: start,q38: O_CANCELLED,q58: positive,36000,2
0,out/models/model_bpic12_model-it_0.pickle,129,290,quadratic,0.745905876159668,1.0,0.0,1.0,1.0,q0: start,q105: O_CANCELLED,q58: positive,36000,2
1,out/models/model_bpic12_model-it_0.pickle,129,290,linear,0.05710482597351074,1.0,0.0,1.0,1.0,q0: start,q105: O_CANCELLED,q58: positive,36000,2
0,out/models/model_bpic12_model-it_0.pickle,129,290,quadratic,0.57967209815979,1.0,0.0,1.0,1.0,q0: start,q117: W_Nabellenincompletedossiers0,q58: positive,36000,2
1,out/models/model_bpic12_model-it_0.pickle,129,290,linear,0.10405302047729492,1.0,0.0,1.0,1.0,q0: start,q117: W_Nabellenincompletedossiers0,q58: positive,36000,2
0,out/models/model_bpic12_model-it_0.pickle,129,290,quadratic,10.97876501083374,1.0,0.0,1.0,1.0,q0: start,q20: W_Nabellenoffertes0,q58: positive,36000,2
1,out/models/model_bpic12_model-it_0.pickle,129,290,linear,0.05721902847290039,1.0,0.0,1.0,1.0,q0: start,q20: W_Nabellenoffertes0,q58: positive,36000,2
0,out/models/model_bpic12_model-it_0.pickle,129,290,quadratic,5.955686092376709,1.0,0.0,1.0,1.0,q0: start,q29: customerW_Nabellenoffertes2,q58: positive,36000,2
1,out/models/model_bpic12_model-it_0.pickle,129,290,linear,0.1860511302947998,1.0,0.0,1.0,1.0,q0: start,q29: customerW_Nabellenoffertes2,q58: positive,36000,2
0,out/models/model_bpic12_model-it_0.pickle,129,290,quadratic,0.6393468379974365,1.0,0.0,1.0,1.0,q0: start,q126: O_CREATED6,q58: positive,36000,2
1,out/models/model_bpic12_model-it_0.pickle,129,290,linear,0.09289908409118652,1.0,0.0,1.0,1.0,q0: start,q126: O_CREATED6,q58: positive,36000,2
0,out/models/model_bpic12_model-it_0.pickle,129,290,quadratic,0.8590011596679688,1.0,0.0,1.0,1.0,q0: start,q62: companyO_CANCELLED,q58: positive,36000,2
1,out/models/model_bpic12_model-it_0.pickle,129,290,linear,0.11162114143371582,1.0,0.0,1.0,1.0,q0: start,q62: companyO_CANCELLED,q58: positive,36000,2
0,out/models/model_bpic12_model-it_0.pickle,129,290,quadratic,0.8329792022705078,1.0,0.0,1.0,1.0,q0: start,q48: customerW_Nabellenincompletedossiers2,q58: positive,36000,2
1,out/models/model_bpic12_model-it_0.pickle,129,290,linear,0.10442399978637695,1.0,0.0,1.0,1.0,q0: start,q48: customerW_Nabellenincompletedossiers2,q58: positive,36000,2
0,out/models/model_bpic12_model-it_0.pickle,129,290,quadratic,3.350494146347046,1.0,0.0,1.0,1.0,q0: start,q9: customerA_CANCELLED,q58: positive,36000,2
1,out/models/model_bpic12_model-it_0.pickle,129,290,linear,0.11485481262207031,1.0,0.0,1.0,1.0,q0: start,q9: customerA_CANCELLED,q58: positive,36000,2
0,out/models/model_bpic12_model-it_0.pickle,129,290,quadratic,0.6134448051452637,1.0,0.0,1.0,1.0,q0: start,q90: customerW_Nabellenoffertes0,q58: positive,36000,2
1,out/models/model_bpic12_model-it_0.pickle,129,290,linear,0.12050700187683105,1.0,0.0,1.0,1.0,q0: start,q90: customerW_Nabellenoffertes0,q58: positive,36000,2
0,out/models/model_bpic12_model-it_0.pickle,129,290,quadratic,0.8528010845184326,1.0,0.0,1.0,1.0,q0: start,q119: O_CREATED4,q58: positive,36000,2
1,out/models/model_bpic12_model-it_0.pickle,129,290,linear,0.09564208984375,1.0,0.0,1.0,1.0,q0: start,q119: O_CREATED4,q58: positive,36000,2
0,out/models/model_bpic12_model-it_0.pickle,129,290,quadratic,1.5057289600372314,1.0,0.0,1.0,1.0,q0: start,q98: companyO_CANCELLED,q58: positive,36000,2
1,out/models/model_bpic12_model-it_0.pickle,129,290,linear,0.06459212303161621,1.0,0.0,1.0,1.0,q0: start,q98: companyO_CANCELLED,q58: positive,36000,2
0,out/models/model_bpic12_model-it_0.pickle,129,290,quadratic,0.7229480743408203,1.0,0.0,1.0,1.0,q0: start,q35: W_Nabellenincompletedossiers2,q58: positive,36000,2
1,out/models/model_bpic12_model-it_0.pickle,129,290,linear,0.11258697509765625,1.0,0.0,1.0,1.0,q0: start,q35: W_Nabellenincompletedossiers2,q58: positive,36000,2
0,out/models/model_bpic12_model-it_0.pickle,129,290,quadratic,1.0795438289642334,1.0,0.0,1.0,1.0,q0: start,q39: O_CANCELLED,q58: positive,36000,2
1,out/models/model_bpic12_model-it_0.pickle,129,290,linear,0.10343790054321289,1.0,0.0,1.0,1.0,q0: start,q39: O_CANCELLED,q58: positive,36000,2
0,out/models/model_bpic12_model-it_0.pickle,129,290,quadratic,0.6322729587554932,1.0,0.0,1.0,1.0,q0: start,q55: W_Nabellenoffertes0,q58: positive,36000,2
1,out/models/model_bpic12_model-it_0.pickle,129,290,linear,0.06731605529785156,1.0,0.0,1.0,1.0,q0: start,q55: W_Nabellenoffertes0,q58: positive,36000,2
0,out/models/model_bpic12_model-it_0.pickle,129,290,quadratic,0.8632550239562988,1.0,0.0,1.0,1.0,q0: start,q109: companyO_CANCELLED,q58: positive,36000,2
1,out/models/model_bpic12_model-it_0.pickle,129,290,linear,0.14192509651184082,1.0,0.0,1.0,1.0,q0: start,q109: companyO_CANCELLED,q58: positive,36000,2
0,out/models/model_bpic12_model-it_0.pickle,129,290,quadratic,0.8553872108459473,1.0,0.0,1.0,1.0,q0: start,q61: O_CREATED1,q58: positive,36000,2
1,out/models/model_bpic12_model-it_0.pickle,129,290,linear,0.06021475791931152,1.0,0.0,1.0,1.0,q0: start,q61: O_CREATED1,q58: positive,36000,2
0,out/models/model_bpic12_model-it_0.pickle,129,290,quadratic,1.569709062576294,1.0,0.0,1.0,1.0,q0: start,q17: customerO_CREATED0,q58: positive,36000,2
1,out/models/model_bpic12_model-it_0.pickle,129,290,linear,0.04891395568847656,1.0,0.0,1.0,1.0,q0: start,q17: customerO_CREATED0,q58: positive,36000,2
0,out/models/model_bpic12_model-it_0.pickle,129,290,quadratic,0.9462869167327881,1.0,0.0,1.0,1.0,q0: start,q37: O_SENT_BACK,q58: positive,36000,2
1,out/models/model_bpic12_model-it_0.pickle,129,290,linear,0.09400701522827148,1.0,0.0,1.0,1.0,q0: start,q37: O_SENT_BACK,q58: positive,36000,2
0,out/models/model_bpic12_model-it_0.pickle,129,290,quadratic,0.06928515434265137,1.0,1.0,1.0,1.0,q0: start,q2: A_SUBMITTED,q58: positive,36000,2
1,out/models/model_bpic12_model-it_0.pickle,129,290,linear,0.02097606658935547,1.0,1.0,1.0,1.0,q0: start,q2: A_SUBMITTED,q58: positive,36000,2
0,out/models/model_bpic12_model-it_0.pickle,129,290,quadratic,24.686288118362427,1.0,0.0,1.0,1.0,q0: start,q26: customerO_SENT_BACK,q58: positive,36000,2
1,out/models/model_bpic12_model-it_0.pickle,129,290,linear,0.1016387939453125,1.0,0.0,1.0,1.0,q0: start,q26: customerO_SENT_BACK,q58: positive,36000,2
0,out/models/model_bpic12_model-it_0.pickle,129,290,quadratic,0.835979700088501,1.0,0.0,1.0,1.0,q0: start,q87: customerW_Nabellenoffertes0,q58: positive,36000,2
1,out/models/model_bpic12_model-it_0.pickle,129,290,linear,0.08010029792785645,1.0,0.0,1.0,1.0,q0: start,q87: customerW_Nabellenoffertes0,q58: positive,36000,2
0,out/models/model_bpic12_model-it_0.pickle,129,290,quadratic,1.5281097888946533,1.0,0.0,1.0,1.0,q0: start,q50: companyO_CANCELLED,q58: positive,36000,2
1,out/models/model_bpic12_model-it_0.pickle,129,290,linear,0.09177780151367188,1.0,0.0,1.0,1.0,q0: start,q50: companyO_CANCELLED,q58: positive,36000,2
0,out/models/model_bpic12_model-it_0.pickle,129,290,quadratic,3.758340835571289,1.0,0.0,1.0,1.0,q0: start,q79: W_Nabellenoffertes0,q58: positive,36000,2
1,out/models/model_bpic12_model-it_0.pickle,129,290,linear,0.0654149055480957,1.0,0.0,1.0,1.0,q0: start,q79: W_Nabellenoffertes0,q58: positive,36000,2
0,out/models/model_bpic12_model-it_0.pickle,129,290,quadratic,0.9751777648925781,1.0,0.0,1.0,1.0,q0: start,q41: customerO_CREATED1,q58: positive,36000,2
1,out/models/model_bpic12_model-it_0.pickle,129,290,linear,0.07988691329956055,1.0,0.0,1.0,1.0,q0: start,q41: customerO_CREATED1,q58: positive,36000,2
0,out/models/model_bpic12_model-it_0.pickle,129,290,quadratic,0.7031099796295166,1.0,0.0,1.0,1.0,q0: start,q73: O_CANCELLED,q58: positive,36000,2
1,out/models/model_bpic12_model-it_0.pickle,129,290,linear,0.0466310977935791,1.0,0.0,1.0,1.0,q0: start,q73: O_CANCELLED,q58: positive,36000,2
0,out/models/model_bpic12_model-it_0.pickle,129,290,quadratic,1.3837900161743164,1.0,0.0,1.0,1.0,q0: start,q60: O_CREATED1,q58: positive,36000,2
1,out/models/model_bpic12_model-it_0.pickle,129,290,linear,0.10372209548950195,1.0,0.0,1.0,1.0,q0: start,q60: O_CREATED1,q58: positive,36000,2
0,out/models/model_bpic12_model-it_0.pickle,129,290,quadratic,0.7506411075592041,1.0,0.0,1.0,1.0,q0: start,q40: O_SENT_BACK,q58: positive,36000,2
1,out/models/model_bpic12_model-it_0.pickle,129,290,linear,0.08877110481262207,1.0,0.0,1.0,1.0,q0: start,q40: O_SENT_BACK,q58: positive,36000,2
0,out/models/model_bpic12_model-it_0.pickle,129,290,quadratic,1.0797691345214844,1.0,0.0,1.0,1.0,q0: start,q69: customerO_CREATED1,q58: positive,36000,2
1,out/models/model_bpic12_model-it_0.pickle,129,290,linear,0.08014297485351562,1.0,0.0,1.0,1.0,q0: start,q69: customerO_CREATED1,q58: positive,36000,2
0,out/models/model_bpic12_model-it_0.pickle,129,290,quadratic,1.6855790615081787,1.0,0.0,1.0,1.0,q0: start,q66: customerW_Nabellenoffertes2,q58: positive,36000,2
1,out/models/model_bpic12_model-it_0.pickle,129,290,linear,0.06512093544006348,1.0,0.0,1.0,1.0,q0: start,q66: customerW_Nabellenoffertes2,q58: positive,36000,2
0,out/models/model_bpic12_model-it_0.pickle,129,290,quadratic,1.4217760562896729,1.0,0.0,1.0,1.0,q0: start,q16: O_CREATED0,q58: positive,36000,2
1,out/models/model_bpic12_model-it_0.pickle,129,290,linear,0.07042908668518066,1.0,0.0,1.0,1.0,q0: start,q16: O_CREATED0,q58: positive,36000,2
0,out/models/model_bpic12_model-it_0.pickle,129,290,quadratic,0.07886290550231934,1.0,0.0,1.0,0.0,q0: start,q11: negative,q58: positive,36000,2
1,out/models/model_bpic12_model-it_0.pickle,129,290,linear,0.06376886367797852,1.0,0.0,1.0,0.0,q0: start,q11: negative,q58: positive,36000,2
0,out/models/model_bpic12_model-it_0.pickle,129,290,quadratic,1.6861732006072998,1.0,0.0,1.0,1.0,q0: start,q15: companyA_FINALIZED,q58: positive,36000,2
1,out/models/model_bpic12_model-it_0.pickle,129,290,linear,0.052462100982666016,1.0,0.0,1.0,1.0,q0: start,q15: companyA_FINALIZED,q58: positive,36000,2
0,out/models/model_bpic12_model-it_0.pickle,129,290,quadratic,1.2942051887512207,1.0,0.0,1.0,1.0,q0: start,q70: O_CREATED2,q58: positive,36000,2
1,out/models/model_bpic12_model-it_0.pickle,129,290,linear,0.06372714042663574,1.0,0.0,1.0,1.0,q0: start,q70: O_CREATED2,q58: positive,36000,2
0,out/models/model_bpic12_model-it_0.pickle,129,290,quadratic,0.819572925567627,1.0,0.0,1.0,1.0,q0: start,q36: O_CANCELLED,q58: positive,36000,2
1,out/models/model_bpic12_model-it_0.pickle,129,290,linear,0.08102798461914062,1.0,0.0,1.0,1.0,q0: start,q36: O_CANCELLED,q58: positive,36000,2
0,out/models/model_bpic12_model-it_0.pickle,129,290,quadratic,3.0939579010009766,1.0,0.0,1.0,1.0,q0: start,q6: A_CANCELLED,q58: positive,36000,2
1,out/models/model_bpic12_model-it_0.pickle,129,290,linear,0.06180405616760254,1.0,0.0,1.0,1.0,q0: start,q6: A_CANCELLED,q58: positive,36000,2
0,out/models/model_bpic12_model-it_0.pickle,129,290,quadratic,0.44416069984436035,1.0,0.0,1.0,1.0,q0: start,q32: A_APPROVED,q58: positive,36000,2
1,out/models/model_bpic12_model-it_0.pickle,129,290,linear,0.029116153717041016,1.0,0.0,1.0,1.0,q0: start,q32: A_APPROVED,q58: positive,36000,2
0,out/models/model_bpic12_model-it_0.pickle,129,290,quadratic,0.6283750534057617,1.0,0.0,1.0,1.0,q0: start,q122: W_Nabellenincompletedossiers2,q58: positive,36000,2
1,out/models/model_bpic12_model-it_0.pickle,129,290,linear,0.08711814880371094,1.0,0.0,1.0,1.0,q0: start,q122: W_Nabellenincompletedossiers2,q58: positive,36000,2
0,out/models/model_bpic12_model-it_0.pickle,129,290,quadratic,1.0240659713745117,1.0,0.0,1.0,1.0,q0: start,q85: customerW_Nabellenincompletedossiers0,q58: positive,36000,2
1,out/models/model_bpic12_model-it_0.pickle,129,290,linear,0.11375212669372559,1.0,0.0,1.0,1.0,q0: start,q85: customerW_Nabellenincompletedossiers0,q58: positive,36000,2
0,out/models/model_bpic12_model-it_0.pickle,129,290,quadratic,0.3679177761077881,1.0,0.0,1.0,1.0,q0: start,q45: companyW_Nabellenincompletedossiers1,q58: positive,36000,2
1,out/models/model_bpic12_model-it_0.pickle,129,290,linear,0.021485090255737305,1.0,0.0,1.0,1.0,q0: start,q45: companyW_Nabellenincompletedossiers1,q58: positive,36000,2
0,out/models/model_bpic12_model-it_0.pickle,129,290,quadratic,0.9248347282409668,1.0,0.0,1.0,1.0,q0: start,q92: O_CREATED2,q58: positive,36000,2
1,out/models/model_bpic12_model-it_0.pickle,129,290,linear,0.05705595016479492,1.0,0.0,1.0,1.0,q0: start,q92: O_CREATED2,q58: positive,36000,2
0,out/models/model_bpic12_model-it_0.pickle,129,290,quadratic,0.906451940536499,1.0,0.0,1.0,1.0,q0: start,q46: customerW_Nabellenincompletedossiers1,q58: positive,36000,2
1,out/models/model_bpic12_model-it_0.pickle,129,290,linear,0.10178279876708984,1.0,0.0,1.0,1.0,q0: start,q46: customerW_Nabellenincompletedossiers1,q58: positive,36000,2
0,out/models/model_bpic12_model-it_0.pickle,129,290,quadratic,1.3625380992889404,1.0,0.0,1.0,1.0,q0: start,q3: companyA_SUBMITTED,q58: positive,36000,2
1,out/models/model_bpic12_model-it_0.pickle,129,290,linear,0.10587477684020996,1.0,0.0,1.0,1.0,q0: start,q3: companyA_SUBMITTED,q58: positive,36000,2
0,out/models/model_bpic12_model-it_0.pickle,129,290,quadratic,0.6005909442901611,1.0,0.0,1.0,1.0,q0: start,q91: O_CANCELLED,q58: positive,36000,2
1,out/models/model_bpic12_model-it_0.pickle,129,290,linear,0.08017396926879883,1.0,0.0,1.0,1.0,q0: start,q91: O_CANCELLED,q58: positive,36000,2
0,out/models/model_bpic12_model-it_0.pickle,129,290,quadratic,0.41707372665405273,1.0,0.0,1.0,1.0,q0: start,q88: companyO_CREATED1,q58: positive,36000,2
1,out/models/model_bpic12_model-it_0.pickle,129,290,linear,0.025979995727539062,1.0,0.0,1.0,1.0,q0: start,q88: companyO_CREATED1,q58: positive,36000,2
0,out/models/model_bpic12_model-it_0.pickle,129,290,quadratic,0.7971057891845703,1.0,0.0,1.0,1.0,q0: start,q28: customerW_Nabellenoffertes1,q58: positive,36000,2
1,out/models/model_bpic12_model-it_0.pickle,129,290,linear,0.12968969345092773,1.0,0.0,1.0,1.0,q0: start,q28: customerW_Nabellenoffertes1,q58: positive,36000,2
0,out/models/model_bpic12_model-it_0.pickle,129,290,quadratic,1.7376940250396729,1.0,0.0,1.0,1.0,q0: start,q82: companyO_CANCELLED,q58: positive,36000,2
1,out/models/model_bpic12_model-it_0.pickle,129,290,linear,0.09405803680419922,1.0,0.0,1.0,1.0,q0: start,q82: companyO_CANCELLED,q58: positive,36000,2
0,out/models/model_bpic12_model-it_0.pickle,129,290,quadratic,4.2663609981536865,1.0,0.0,1.0,1.0,q0: start,q121: O_CREATED5,q58: positive,36000,2
1,out/models/model_bpic12_model-it_0.pickle,129,290,linear,0.14214706420898438,1.0,0.0,1.0,1.0,q0: start,q121: O_CREATED5,q58: positive,36000,2
0,out/models/model_bpic12_model-it_0.pickle,129,290,quadratic,0.9488959312438965,1.0,0.0,1.0,1.0,q0: start,q64: customerW_Nabellenoffertes0,q58: positive,36000,2
1,out/models/model_bpic12_model-it_0.pickle,129,290,linear,0.044068098068237305,1.0,0.0,1.0,1.0,q0: start,q64: customerW_Nabellenoffertes0,q58: positive,36000,2
0,out/models/model_bpic12_model-it_0.pickle,129,290,quadratic,1.864696979522705,1.0,0.0,1.0,1.0,q0: start,q68: customerO_CREATED1,q58: positive,36000,2
1,out/models/model_bpic12_model-it_0.pickle,129,290,linear,0.039689064025878906,1.0,0.0,1.0,1.0,q0: start,q68: customerO_CREATED1,q58: positive,36000,2
0,out/models/model_bpic12_model-it_0.pickle,129,290,quadratic,5.415478229522705,1.0,0.0,1.0,1.0,q0: start,q114: customerO_CREATED3,q58: positive,36000,2
1,out/models/model_bpic12_model-it_0.pickle,129,290,linear,0.040277957916259766,1.0,0.0,1.0,1.0,q0: start,q114: customerO_CREATED3,q58: positive,36000,2
0,out/models/model_bpic12_model-it_0.pickle,129,290,quadratic,1.1714820861816406,1.0,0.0,1.0,1.0,q0: start,q127: customerO_CREATED6,q58: positive,36000,2
1,out/models/model_bpic12_model-it_0.pickle,129,290,linear,0.07487201690673828,1.0,0.0,1.0,1.0,q0: start,q127: customerO_CREATED6,q58: positive,36000,2
0,out/models/model_bpic12_model-it_0.pickle,129,290,quadratic,0.765434980392456,1.0,0.0,1.0,1.0,q0: start,q93: W_Nabellenincompletedossiers2,q58: positive,36000,2
1,out/models/model_bpic12_model-it_0.pickle,129,290,linear,0.10001301765441895,1.0,0.0,1.0,1.0,q0: start,q93: W_Nabellenincompletedossiers2,q58: positive,36000,2
0,out/models/model_bpic12_model-it_0.pickle,129,290,quadratic,1.1012029647827148,1.0,0.0,1.0,1.0,q0: start,q23: companyO_CANCELLED,q58: positive,36000,2
1,out/models/model_bpic12_model-it_0.pickle,129,290,linear,0.1072230339050293,1.0,0.0,1.0,1.0,q0: start,q23: companyO_CANCELLED,q58: positive,36000,2
0,out/models/model_bpic12_model-it_0.pickle,129,290,quadratic,0.6812241077423096,1.0,0.0,1.0,1.0,q0: start,q24: customerO_CANCELLED,q58: positive,36000,2
1,out/models/model_bpic12_model-it_0.pickle,129,290,linear,0.12802481651306152,1.0,0.0,1.0,1.0,q0: start,q24: customerO_CANCELLED,q58: positive,36000,2
0,out/models/model_bpic12_model-it_0.pickle,129,290,quadratic,0.6035120487213135,1.0,0.0,1.0,1.0,q0: start,q78: W_Nabellenoffertes0,q58: positive,36000,2
1,out/models/model_bpic12_model-it_0.pickle,129,290,linear,0.1287081241607666,1.0,0.0,1.0,1.0,q0: start,q78: W_Nabellenoffertes0,q58: positive,36000,2
0,out/models/model_bpic12_model-it_0.pickle,129,290,quadratic,1.2228639125823975,1.0,0.0,1.0,1.0,q0: start,q116: companyO_CREATED3,q58: positive,36000,2
1,out/models/model_bpic12_model-it_0.pickle,129,290,linear,0.02810382843017578,1.0,0.0,1.0,1.0,q0: start,q116: companyO_CREATED3,q58: positive,36000,2
0,out/models/model_bpic12_model-it_0.pickle,129,290,quadratic,0.5656619071960449,1.0,0.0,1.0,1.0,q0: start,q95: O_SENT_BACK,q58: positive,36000,2
1,out/models/model_bpic12_model-it_0.pickle,129,290,linear,0.08189010620117188,1.0,0.0,1.0,1.0,q0: start,q95: O_SENT_BACK,q58: positive,36000,2
0,out/models/model_bpic12_model-it_0.pickle,129,290,quadratic,1.0211739540100098,1.0,0.0,1.0,1.0,q0: start,q107: A_APPROVED,q58: positive,36000,2
1,out/models/model_bpic12_model-it_0.pickle,129,290,linear,0.0415041446685791,1.0,0.0,1.0,1.0,q0: start,q107: A_APPROVED,q58: positive,36000,2
0,out/models/model_bpic12_model-it_0.pickle,129,290,quadratic,0.5003230571746826,1.0,0.0,1.0,1.0,q0: start,q43: companyW_Nabellenincompletedossiers0,q58: positive,36000,2
1,out/models/model_bpic12_model-it_0.pickle,129,290,linear,0.08643102645874023,1.0,0.0,1.0,1.0,q0: start,q43: companyW_Nabellenincompletedossiers0,q58: positive,36000,2
0,out/models/model_bpic12_model-it_0.pickle,129,290,quadratic,1.5864310264587402,1.0,0.0,1.0,1.0,q0: start,q57: W_Nabellenoffertes2,q58: positive,36000,2
1,out/models/model_bpic12_model-it_0.pickle,129,290,linear,0.06237483024597168,1.0,0.0,1.0,1.0,q0: start,q57: W_Nabellenoffertes2,q58: positive,36000,2
0,out/models/model_bpic12_model-it_0.pickle,129,290,quadratic,0.790734052658081,1.0,0.0,1.0,1.0,q0: start,q51: companyO_CANCELLED,q58: positive,36000,2
1,out/models/model_bpic12_model-it_0.pickle,129,290,linear,0.12261509895324707,1.0,0.0,1.0,1.0,q0: start,q51: companyO_CANCELLED,q58: positive,36000,2
0,out/models/model_bpic12_model-it_0.pickle,129,290,quadratic,1.0162878036499023,1.0,0.0,1.0,1.0,q0: start,q59: O_CREATED1,q58: positive,36000,2
1,out/models/model_bpic12_model-it_0.pickle,129,290,linear,0.037200212478637695,1.0,0.0,1.0,1.0,q0: start,q59: O_CREATED1,q58: positive,36000,2
0,out/models/model_bpic12_model-it_0.pickle,129,290,quadratic,0.6989791393280029,1.0,0.0,1.0,1.0,q0: start,q44: customerW_Nabellenincompletedossiers0,q58: positive,36000,2
1,out/models/model_bpic12_model-it_0.pickle,129,290,linear,0.03313922882080078,1.0,0.0,1.0,1.0,q0: start,q44: customerW_Nabellenincompletedossiers0,q58: positive,36000,2
0,out/models/model_bpic12_model-it_0.pickle,129,290,quadratic,0.6242759227752686,1.0,0.0,1.0,1.0,q0: start,q77: W_Nabellenoffertes0,q58: positive,36000,2
1,out/models/model_bpic12_model-it_0.pickle,129,290,linear,0.041584014892578125,1.0,0.0,1.0,1.0,q0: start,q77: W_Nabellenoffertes0,q58: positive,36000,2
0,out/models/model_bpic12_model-it_0.pickle,129,290,quadratic,0.8970770835876465,1.0,0.0,1.0,1.0,q0: start,q19: O_SENT_BACK,q58: positive,36000,2
1,out/models/model_bpic12_model-it_0.pickle,129,290,linear,0.06496000289916992,1.0,0.0,1.0,1.0,q0: start,q19: O_SENT_BACK,q58: positive,36000,2
0,out/models/model_bpic12_model-it_0.pickle,129,290,quadratic,0.7416150569915771,1.0,0.0,1.0,1.0,q0: start,q117: W_Nabellenincompletedossiers0,q58: positive,36000,2
1,out/models/model_bpic12_model-it_0.pickle,129,290,linear,0.056405067443847656,1.0,0.0,1.0,1.0,q0: start,q117: W_Nabellenincompletedossiers0,q58: positive,36000,2
0,out/models/model_bpic12_model-it_0.pickle,129,290,quadratic,0.6956281661987305,1.0,0.0,1.0,1.0,q0: start,q39: O_CANCELLED,q58: positive,36000,2
1,out/models/model_bpic12_model-it_0.pickle,129,290,linear,0.04923391342163086,1.0,0.0,1.0,1.0,q0: start,q39: O_CANCELLED,q58: positive,36000,2
0,out/models/model_bpic12_model-it_0.pickle,129,290,quadratic,0.8251471519470215,1.0,0.0,1.0,1.0,q0: start,q90: customerW_Nabellenoffertes0,q58: positive,36000,2
1,out/models/model_bpic12_model-it_0.pickle,129,290,linear,0.048357248306274414,1.0,0.0,1.0,1.0,q0: start,q90: customerW_Nabellenoffertes0,q58: positive,36000,2
0,out/models/model_bpic12_model-it_0.pickle,129,290,quadratic,15.16053819656372,1.0,0.0,1.0,1.0,q0: start,q111: customerA_APPROVED,q58: positive,36000,2
1,out/models/model_bpic12_model-it_0.pickle,129,290,linear,0.034800052642822266,1.0,0.0,1.0,1.0,q0: start,q111: customerA_APPROVED,q58: positive,36000,2
0,out/models/model_bpic12_model-it_0.pickle,129,290,quadratic,0.3509089946746826,1.0,0.0,1.0,1.0,q0: start,q128: companyO_CREATED5,q58: positive,36000,2
1,out/models/model_bpic12_model-it_0.pickle,129,290,linear,0.021648883819580078,1.0,0.0,1.0,1.0,q0: start,q128: companyO_CREATED5,q58: positive,36000,2
0,out/models/model_bpic12_model-it_0.pickle,129,290,quadratic,0.626899003982544,1.0,0.0,1.0,1.0,q0: start,q103: companyW_Nabellenoffertes0,q58: positive,36000,2
1,out/models/model_bpic12_model-it_0.pickle,129,290,linear,0.027757883071899414,1.0,0.0,1.0,1.0,q0: start,q103: companyW_Nabellenoffertes0,q58: positive,36000,2
0,out/models/model_bpic12_model-it_0.pickle,129,290,quadratic,1.6492719650268555,1.0,0.0,1.0,1.0,q0: start,q57: W_Nabellenoffertes2,q58: positive,36000,2
1,out/models/model_bpic12_model-it_0.pickle,129,290,linear,0.1336231231689453,1.0,0.0,1.0,1.0,q0: start,q57: W_Nabellenoffertes2,q58: positive,36000,2
0,out/models/model_bpic12_model-it_0.pickle,129,290,quadratic,6.428974151611328,1.0,0.0,1.0,1.0,q0: start,q22: W_Nabellenoffertes2,q58: positive,36000,2
1,out/models/model_bpic12_model-it_0.pickle,129,290,linear,0.04970192909240723,1.0,0.0,1.0,1.0,q0: start,q22: W_Nabellenoffertes2,q58: positive,36000,2
0,out/models/model_bpic12_model-it_0.pickle,129,290,quadratic,1.0505540370941162,1.0,0.0,1.0,1.0,q0: start,q113: W_Nabellenoffertes2,q58: positive,36000,2
1,out/models/model_bpic12_model-it_0.pickle,129,290,linear,0.06665706634521484,1.0,0.0,1.0,1.0,q0: start,q113: W_Nabellenoffertes2,q58: positive,36000,2
0,out/models/model_bpic12_model-it_0.pickle,129,290,quadratic,0.6059911251068115,1.0,0.0,1.0,1.0,q0: start,q95: O_SENT_BACK,q58: positive,36000,2
1,out/models/model_bpic12_model-it_0.pickle,129,290,linear,0.0640110969543457,1.0,0.0,1.0,1.0,q0: start,q95: O_SENT_BACK,q58: positive,36000,2
0,out/models/model_bpic12_model-it_0.pickle,129,290,quadratic,3.132981061935425,1.0,0.0,1.0,1.0,q0: start,q101: customerW_Nabellenincompletedossiers2,q58: positive,36000,2
1,out/models/model_bpic12_model-it_0.pickle,129,290,linear,0.10934019088745117,1.0,0.0,1.0,1.0,q0: start,q101: customerW_Nabellenincompletedossiers2,q58: positive,36000,2
0,out/models/model_bpic12_model-it_0.pickle,129,290,quadratic,1.33843994140625,1.0,0.0,1.0,1.0,q0: start,q61: O_CREATED1,q58: positive,36000,2
1,out/models/model_bpic12_model-it_0.pickle,129,290,linear,0.09214472770690918,1.0,0.0,1.0,1.0,q0: start,q61: O_CREATED1,q58: positive,36000,2
0,out/models/model_bpic12_model-it_0.pickle,129,290,quadratic,1.0395331382751465,1.0,0.0,1.0,1.0,q0: start,q85: customerW_Nabellenincompletedossiers0,q58: positive,36000,2
1,out/models/model_bpic12_model-it_0.pickle,129,290,linear,0.08388495445251465,1.0,0.0,1.0,1.0,q0: start,q85: customerW_Nabellenincompletedossiers0,q58: positive,36000,2
0,out/models/model_bpic12_model-it_0.pickle,129,290,quadratic,0.5744819641113281,1.0,0.0,1.0,1.0,q0: start,q37: O_SENT_BACK,q58: positive,36000,2
1,out/models/model_bpic12_model-it_0.pickle,129,290,linear,0.0714271068572998,1.0,0.0,1.0,1.0,q0: start,q37: O_SENT_BACK,q58: positive,36000,2
0,out/models/model_bpic12_model-it_0.pickle,129,290,quadratic,0.9824731349945068,1.0,0.0,1.0,1.0,q0: start,q112: O_CREATED3,q58: positive,36000,2
1,out/models/model_bpic12_model-it_0.pickle,129,290,linear,0.08071422576904297,1.0,0.0,1.0,1.0,q0: start,q112: O_CREATED3,q58: positive,36000,2
0,out/models/model_bpic12_model-it_0.pickle,129,290,quadratic,0.8263800144195557,1.0,0.0,1.0,1.0,q0: start,q21: W_Nabellenoffertes1,q58: positive,36000,2
1,out/models/model_bpic12_model-it_0.pickle,129,290,linear,0.05724596977233887,1.0,0.0,1.0,1.0,q0: start,q21: W_Nabellenoffertes1,q58: positive,36000,2
0,out/models/model_bpic12_model-it_0.pickle,129,290,quadratic,1.3487670421600342,1.0,0.0,1.0,1.0,q0: start,q106: W_Nabellenoffertes0,q58: positive,36000,2
1,out/models/model_bpic12_model-it_0.pickle,129,290,linear,0.05141592025756836,1.0,0.0,1.0,1.0,q0: start,q106: W_Nabellenoffertes0,q58: positive,36000,2
0,out/models/model_bpic12_model-it_0.pickle,129,290,quadratic,0.7970399856567383,1.0,0.0,1.0,1.0,q0: start,q19: O_SENT_BACK,q58: positive,36000,2
1,out/models/model_bpic12_model-it_0.pickle,129,290,linear,0.044808149337768555,1.0,0.0,1.0,1.0,q0: start,q19: O_SENT_BACK,q58: positive,36000,2
0,out/models/model_bpic12_model-it_0.pickle,129,290,quadratic,4.4076149463653564,1.0,0.0,1.0,1.0,q0: start,q94: O_CREATED2,q58: positive,36000,2
1,out/models/model_bpic12_model-it_0.pickle,129,290,linear,0.0658411979675293,1.0,0.0,1.0,1.0,q0: start,q94: O_CREATED2,q58: positive,36000,2
0,out/models/model_bpic12_model-it_0.pickle,129,290,quadratic,0.680628776550293,1.0,0.0,1.0,1.0,q0: start,q84: customerO_SENT_BACK,q58: positive,36000,2
1,out/models/model_bpic12_model-it_0.pickle,129,290,linear,0.07084488868713379,1.0,0.0,1.0,1.0,q0: start,q84: customerO_SENT_BACK,q58: positive,36000,2
0,out/models/model_bpic12_model-it_0.pickle,129,290,quadratic,0.6010007858276367,1.0,0.0,1.0,1.0,q0: start,q105: O_CANCELLED,q58: positive,36000,2
1,out/models/model_bpic12_model-it_0.pickle,129,290,linear,0.08322501182556152,1.0,0.0,1.0,1.0,q0: start,q105: O_CANCELLED,q58: positive,36000,2
0,out/models/model_bpic12_model-it_0.pickle,129,290,quadratic,0.628413200378418,1.0,0.0,1.0,1.0,q0: start,q119: O_CREATED4,q58: positive,36000,2
1,out/models/model_bpic12_model-it_0.pickle,129,290,linear,0.08839106559753418,1.0,0.0,1.0,1.0,q0: start,q119: O_CREATED4,q58: positive,36000,2
0,out/models/model_bpic12_model-it_0.pickle,129,290,quadratic,0.7445058822631836,1.0,0.0,1.0,1.0,q0: start,q108: customerO_CREATED3,q58: positive,36000,2
1,out/models/model_bpic12_model-it_0.pickle,129,290,linear,0.08261990547180176,1.0,0.0,1.0,1.0,q0: start,q108: customerO_CREATED3,q58: positive,36000,2
0,out/models/model_bpic12_model-it_0.pickle,129,290,quadratic,0.7073009014129639,1.0,0.0,1.0,1.0,q0: start,q91: O_CANCELLED,q58: positive,36000,2
1,out/models/model_bpic12_model-it_0.pickle,129,290,linear,0.07542300224304199,1.0,0.0,1.0,1.0,q0: start,q91: O_CANCELLED,q58: positive,36000,2
0,out/models/model_bpic12_model-it_0.pickle,129,290,quadratic,0.7885429859161377,1.0,0.0,1.0,1.0,q0: start,q100: customerO_CREATED2,q58: positive,36000,2
1,out/models/model_bpic12_model-it_0.pickle,129,290,linear,0.0684812068939209,1.0,0.0,1.0,1.0,q0: start,q100: customerO_CREATED2,q58: positive,36000,2
0,out/models/model_bpic12_model-it_0.pickle,129,290,quadratic,1.0961511135101318,1.0,0.0,1.0,1.0,q0: start,q31: O_CREATED1,q58: positive,36000,2
1,out/models/model_bpic12_model-it_0.pickle,129,290,linear,0.04138612747192383,1.0,0.0,1.0,1.0,q0: start,q31: O_CREATED1,q58: positive,36000,2
0,out/models/model_bpic12_model-it_0.pickle,129,290,quadratic,1.5575411319732666,1.0,0.0,1.0,1.0,q0: start,q3: companyA_SUBMITTED,q58: positive,36000,2
1,out/models/model_bpic12_model-it_0.pickle,129,290,linear,0.08147716522216797,1.0,0.0,1.0,1.0,q0: start,q3: companyA_SUBMITTED,q58: positive,36000,2
0,out/models/model_bpic12_model-it_0.pickle,129,290,quadratic,1.0806097984313965,1.0,0.0,1.0,1.0,q0: start,q41: customerO_CREATED1,q58: positive,36000,2
1,out/models/model_bpic12_model-it_0.pickle,129,290,linear,0.04960322380065918,1.0,0.0,1.0,1.0,q0: start,q41: customerO_CREATED1,q58: positive,36000,2
0,out/models/model_bpic12_model-it_0.pickle,129,290,quadratic,0.8394091129302979,1.0,0.0,1.0,1.0,q0: start,q51: companyO_CANCELLED,q58: positive,36000,2
1,out/models/model_bpic12_model-it_0.pickle,129,290,linear,0.040042877197265625,1.0,0.0,1.0,1.0,q0: start,q51: companyO_CANCELLED,q58: positive,36000,2
0,out/models/model_bpic12_model-it_0.pickle,129,290,quadratic,0.7509970664978027,1.0,0.0,1.0,1.0,q0: start,q49: companyO_CANCELLED,q58: positive,36000,2
1,out/models/model_bpic12_model-it_0.pickle,129,290,linear,0.038949012756347656,1.0,0.0,1.0,1.0,q0: start,q49: companyO_CANCELLED,q58: positive,36000,2
0,out/models/model_bpic12_model-it_0.pickle,129,290,quadratic,2.338469982147217,1.0,0.0,1.0,1.0,q0: start,q17: customerO_CREATED0,q58: positive,36000,2
1,out/models/model_bpic12_model-it_0.pickle,129,290,linear,0.044686079025268555,1.0,0.0,1.0,1.0,q0: start,q17: customerO_CREATED0,q58: positive,36000,2
0,out/models/model_bpic12_model-it_0.pickle,129,290,quadratic,0.060787200927734375,1.0,1.0,1.0,1.0,q0: start,q58: positive,q58: positive,36000,2
1,out/models/model_bpic12_model-it_0.pickle,129,290,linear,0.011460065841674805,1.0,1.0,1.0,1.0,q0: start,q58: positive,q58: positive,36000,2
0,out/models/model_bpic12_model-it_0.pickle,129,290,quadratic,0.664240837097168,1.0,0.0,1.0,1.0,q0: start,q24: customerO_CANCELLED,q58: positive,36000,2
1,out/models/model_bpic12_model-it_0.pickle,129,290,linear,0.03798818588256836,1.0,0.0,1.0,1.0,q0: start,q24: customerO_CANCELLED,q58: positive,36000,2
0,out/models/model_bpic12_model-it_0.pickle,129,290,quadratic,0.715681791305542,1.0,0.0,1.0,1.0,q0: start,q35: W_Nabellenincompletedossiers2,q58: positive,36000,2
1,out/models/model_bpic12_model-it_0.pickle,129,290,linear,0.06839299201965332,1.0,0.0,1.0,1.0,q0: start,q35: W_Nabellenincompletedossiers2,q58: positive,36000,2
0,out/models/model_bpic12_model-it_0.pickle,129,290,quadratic,0.6525793075561523,1.0,0.0,1.0,1.0,q0: start,q81: customerW_Nabellenincompletedossiers0,q58: positive,36000,2
1,out/models/model_bpic12_model-it_0.pickle,129,290,linear,0.0601811408996582,1.0,0.0,1.0,1.0,q0: start,q81: customerW_Nabellenincompletedossiers0,q58: positive,36000,2
0,out/models/model_bpic12_model-it_0.pickle,129,290,quadratic,0.33645009994506836,1.0,0.0,1.0,1.0,q0: start,q45: companyW_Nabellenincompletedossiers1,q58: positive,36000,2
1,out/models/model_bpic12_model-it_0.pickle,129,290,linear,0.01927924156188965,1.0,0.0,1.0,1.0,q0: start,q45: companyW_Nabellenincompletedossiers1,q58: positive,36000,2
0,out/models/model_bpic12_model-it_0.pickle,129,290,quadratic,0.8524749279022217,1.0,0.0,1.0,1.0,q0: start,q28: customerW_Nabellenoffertes1,q58: positive,36000,2
1,out/models/model_bpic12_model-it_0.pickle,129,290,linear,0.05814409255981445,1.0,0.0,1.0,1.0,q0: start,q28: customerW_Nabellenoffertes1,q58: positive,36000,2
0,out/models/model_bpic12_model-it_0.pickle,129,290,quadratic,3.8379669189453125,1.0,0.0,1.0,1.0,q0: start,q94: O_CREATED2,q58: positive,36000,2
1,out/models/model_bpic12_model-it_0.pickle,129,290,linear,0.04144883155822754,1.0,0.0,1.0,1.0,q0: start,q94: O_CREATED2,q58: positive,36000,2
0,out/models/model_bpic12_model-it_0.pickle,129,290,quadratic,8.719496011734009,1.0,0.0,1.0,1.0,q0: start,q115: customerW_Nabellenoffertes2,q58: positive,36000,2
1,out/models/model_bpic12_model-it_0.pickle,129,290,linear,0.03487801551818848,1.0,0.0,1.0,1.0,q0: start,q115: customerW_Nabellenoffertes2,q58: positive,36000,2
0,out/models/model_bpic12_model-it_0.pickle,129,290,quadratic,1.1649301052093506,1.0,0.0,1.0,1.0,q0: start,q38: O_CANCELLED,q58: positive,36000,2
1,out/models/model_bpic12_model-it_0.pickle,129,290,linear,0.054936885833740234,1.0,0.0,1.0,1.0,q0: start,q38: O_CANCELLED,q58: positive,36000,2
0,out/models/model_bpic12_model-it_0.pickle,129,290,quadratic,0.6459839344024658,1.0,0.0,1.0,1.0,q0: start,q71: W_Nabellenincompletedossiers0,q58: positive,36000,2
1,out/models/model_bpic12_model-it_0.pickle,129,290,linear,0.03465700149536133,1.0,0.0,1.0,1.0,q0: start,q71: W_Nabellenincompletedossiers0,q58: positive,36000,2
0,out/models/model_bpic12_model-it_0.pickle,129,290,quadratic,0.9537158012390137,1.0,0.0,1.0,1.0,q0: start,q23: companyO_CANCELLED,q58: positive,36000,2
1,out/models/model_bpic12_model-it_0.pickle,129,290,linear,0.03325080871582031,1.0,0.0,1.0,1.0,q0: start,q23: companyO_CANCELLED,q58: positive,36000,2
0,out/models/model_bpic12_model-it_0.pickle,129,290,quadratic,0.694425106048584,1.0,0.0,1.0,1.0,q0: start,q72: O_CANCELLED,q58: positive,36000,2
1,out/models/model_bpic12_model-it_0.pickle,129,290,linear,0.030512094497680664,1.0,0.0,1.0,1.0,q0: start,q72: O_CANCELLED,q58: positive,36000,2
0,out/models/model_bpic12_model-it_0.pickle,129,290,quadratic,0.6792058944702148,1.0,0.0,1.0,1.0,q0: start,q54: O_SENT_BACK,q58: positive,36000,2
1,out/models/model_bpic12_model-it_0.pickle,129,290,linear,0.054431915283203125,1.0,0.0,1.0,1.0,q0: start,q54: O_SENT_BACK,q58: positive,36000,2
0,out/models/model_bpic12_model-it_0.pickle,129,290,quadratic,7.187679052352905,1.0,0.0,1.0,1.0,q0: start,q27: customerW_Nabellenoffertes0,q58: positive,36000,2
1,out/models/model_bpic12_model-it_0.pickle,129,290,linear,0.045204877853393555,1.0,0.0,1.0,1.0,q0: start,q27: customerW_Nabellenoffertes0,q58: positive,36000,2
0,out/models/model_bpic12_model-it_0.pickle,129,290,quadratic,0.028566837310791016,1.0,1.0,1.0,1.0,q0: start,q2: A_SUBMITTED,q58: positive,36000,2
1,out/models/model_bpic12_model-it_0.pickle,129,290,linear,0.017850875854492188,1.0,1.0,1.0,1.0,q0: start,q2: A_SUBMITTED,q58: positive,36000,2
0,out/models/model_bpic12_model-it_0.pickle,129,290,quadratic,1.245107889175415,1.0,0.0,1.0,1.0,q0: start,q98: companyO_CANCELLED,q58: positive,36000,2
1,out/models/model_bpic12_model-it_0.pickle,129,290,linear,0.05779576301574707,1.0,0.0,1.0,1.0,q0: start,q98: companyO_CANCELLED,q58: positive,36000,2
0,out/models/model_bpic12_model-it_0.pickle,129,290,quadratic,0.7160248756408691,1.0,0.0,1.0,1.0,q0: start,q93: W_Nabellenincompletedossiers2,q58: positive,36000,2
1,out/models/model_bpic12_model-it_0.pickle,129,290,linear,0.05849814414978027,1.0,0.0,1.0,1.0,q0: start,q93: W_Nabellenincompletedossiers2,q58: positive,36000,2
0,out/models/model_bpic12_model-it_0.pickle,129,290,quadratic,0.5156290531158447,1.0,0.0,1.0,1.0,q0: start,q83: companyO_CANCELLED,q58: positive,36000,2
1,out/models/model_bpic12_model-it_0.pickle,129,290,linear,0.04189491271972656,1.0,0.0,1.0,1.0,q0: start,q83: companyO_CANCELLED,q58: positive,36000,2
0,out/models/model_bpic12_model-it_0.pickle,129,290,quadratic,0.6089599132537842,1.0,0.0,1.0,1.0,q0: start,q34: W_Nabellenincompletedossiers1,q58: positive,36000,2
1,out/models/model_bpic12_model-it_0.pickle,129,290,linear,0.04625296592712402,1.0,0.0,1.0,1.0,q0: start,q34: W_Nabellenincompletedossiers1,q58: positive,36000,2
0,out/models/model_bpic12_model-it_0.pickle,129,290,quadratic,0.03995513916015625,1.0,1.0,1.0,1.0,q0: start,q0: start,q58: positive,36000,2
1,out/models/model_bpic12_model-it_0.pickle,129,290,linear,0.014620304107666016,1.0,1.0,1.0,1.0,q0: start,q0: start,q58: positive,36000,2
0,out/models/model_bpic12_model-it_0.pickle,129,290,quadratic,1.0006637573242188,1.0,0.0,1.0,1.0,q0: start,q104: O_CREATED3,q58: positive,36000,2
1,out/models/model_bpic12_model-it_0.pickle,129,290,linear,0.03778719902038574,1.0,0.0,1.0,1.0,q0: start,q104: O_CREATED3,q58: positive,36000,2
0,out/models/model_bpic12_model-it_0.pickle,129,290,quadratic,8.342243432998657,1.0,0.0,1.0,1.0,q0: start,q4: customerA_SUBMITTED,q58: positive,36000,2
1,out/models/model_bpic12_model-it_0.pickle,129,290,linear,0.04651904106140137,1.0,0.0,1.0,1.0,q0: start,q4: customerA_SUBMITTED,q58: positive,36000,2
0,out/models/model_bpic12_model-it_0.pickle,129,290,quadratic,0.35280776023864746,1.0,0.0,1.0,1.0,q0: start,q124: companyO_CREATED4,q58: positive,36000,2
1,out/models/model_bpic12_model-it_0.pickle,129,290,linear,0.0175778865814209,1.0,0.0,1.0,1.0,q0: start,q124: companyO_CREATED4,q58: positive,36000,2
0,out/models/model_bpic12_model-it_0.pickle,129,290,quadratic,10.89768123626709,1.0,0.0,1.0,1.0,q0: start,q20: W_Nabellenoffertes0,q58: positive,36000,2
1,out/models/model_bpic12_model-it_0.pickle,129,290,linear,0.05670809745788574,1.0,0.0,1.0,1.0,q0: start,q20: W_Nabellenoffertes0,q58: positive,36000,2
0,out/models/model_bpic12_model-it_0.pickle,129,290,quadratic,1.090228796005249,1.0,0.0,1.0,1.0,q0: start,q60: O_CREATED1,q58: positive,36000,2
1,out/models/model_bpic12_model-it_0.pickle,129,290,linear,0.04225516319274902,1.0,0.0,1.0,1.0,q0: start,q60: O_CREATED1,q58: positive,36000,2
0,out/models/model_bpic12_model-it_0.pickle,129,290,quadratic,1.0618321895599365,1.0,0.0,1.0,1.0,q0: start,q110: customerW_Nabellenoffertes0,q58: positive,36000,2
1,out/models/model_bpic12_model-it_0.pickle,129,290,linear,0.04079318046569824,1.0,0.0,1.0,1.0,q0: start,q110: customerW_Nabellenoffertes0,q58: positive,36000,2
0,out/models/model_bpic12_model-it_0.pickle,129,290,quadratic,0.4459528923034668,1.0,0.0,1.0,1.0,q0: start,q73: O_CANCELLED,q58: positive,36000,2
1,out/models/model_bpic12_model-it_0.pickle,129,290,linear,0.03859996795654297,1.0,0.0,1.0,1.0,q0: start,q73: O_CANCELLED,q58: positive,36000,2
0,out/models/model_bpic12_model-it_0.pickle,129,290,quadratic,0.5112121105194092,1.0,0.0,1.0,1.0,q0: start,q126: O_CREATED6,q58: positive,36000,2
1,out/models/model_bpic12_model-it_0.pickle,129,290,linear,0.04390907287597656,1.0,0.0,1.0,1.0,q0: start,q126: O_CREATED6,q58: positive,36000,2
0,out/models/model_bpic12_model-it_0.pickle,129,290,quadratic,0.4880959987640381,1.0,0.0,1.0,1.0,q0: start,q33: W_Nabellenincompletedossiers0,q58: positive,36000,2
1,out/models/model_bpic12_model-it_0.pickle,129,290,linear,0.04993605613708496,1.0,0.0,1.0,1.0,q0: start,q33: W_Nabellenincompletedossiers0,q58: positive,36000,2
0,out/models/model_bpic12_model-it_0.pickle,129,290,quadratic,0.5272791385650635,1.0,0.0,1.0,1.0,q0: start,q30: O_CANCELLED,q58: positive,36000,2
1,out/models/model_bpic12_model-it_0.pickle,129,290,linear,0.04443192481994629,1.0,0.0,1.0,1.0,q0: start,q30: O_CANCELLED,q58: positive,36000,2
0,out/models/model_bpic12_model-it_0.pickle,129,290,quadratic,1.3612878322601318,1.0,0.0,1.0,1.0,q0: start,q12: companyA_ACCEPTED,q58: positive,36000,2
1,out/models/model_bpic12_model-it_0.pickle,129,290,linear,0.045588016510009766,1.0,0.0,1.0,1.0,q0: start,q12: companyA_ACCEPTED,q58: positive,36000,2
0,out/models/model_bpic12_model-it_0.pickle,129,290,quadratic,1.903581142425537,1.0,0.0,1.0,1.0,q0: start,q8: customerA_PREACCEPTED,q58: positive,36000,2
1,out/models/model_bpic12_model-it_0.pickle,129,290,linear,0.04391598701477051,1.0,0.0,1.0,1.0,q0: start,q8: customerA_PREACCEPTED,q58: positive,36000,2
0,out/models/model_bpic12_model-it_0.pickle,129,290,quadratic,1.3618109226226807,1.0,0.0,1.0,1.0,q0: start,q68: customerO_CREATED1,q58: positive,36000,2
1,out/models/model_bpic12_model-it_0.pickle,129,290,linear,0.07642388343811035,1.0,0.0,1.0,1.0,q0: start,q68: customerO_CREATED1,q58: positive,36000,2
0,out/models/model_bpic12_model-it_0.pickle,129,290,quadratic,1.491124153137207,1.0,0.0,1.0,1.0,q0: start,q74: O_SENT_BACK,q58: positive,36000,2
1,out/models/model_bpic12_model-it_0.pickle,129,290,linear,0.10640621185302734,1.0,0.0,1.0,1.0,q0: start,q74: O_SENT_BACK,q58: positive,36000,2
0,out/models/model_bpic12_model-it_0.pickle,129,290,quadratic,5.7915849685668945,1.0,0.0,1.0,1.0,q0: start,q29: customerW_Nabellenoffertes2,q58: positive,36000,2
1,out/models/model_bpic12_model-it_0.pickle,129,290,linear,0.041052818298339844,1.0,0.0,1.0,1.0,q0: start,q29: customerW_Nabellenoffertes2,q58: positive,36000,2
0,out/models/model_bpic12_model-it_0.pickle,129,290,quadratic,12.947801113128662,1.0,0.0,1.0,1.0,q0: start,q47: companyW_Nabellenincompletedossiers2,q58: positive,36000,2
1,out/models/model_bpic12_model-it_0.pickle,129,290,linear,0.02710700035095215,1.0,0.0,1.0,1.0,q0: start,q47: companyW_Nabellenincompletedossiers2,q58: positive,36000,2
0,out/models/model_bpic12_model-it_0.pickle,129,290,quadratic,0.8883938789367676,1.0,0.0,1.0,1.0,q0: start,q7: companyA_PREACCEPTED,q58: positive,36000,2
1,out/models/model_bpic12_model-it_0.pickle,129,290,linear,0.05120205879211426,1.0,0.0,1.0,1.0,q0: start,q7: companyA_PREACCEPTED,q58: positive,36000,2
0,out/models/model_bpic12_model-it_0.pickle,129,290,quadratic,0.4871530532836914,1.0,0.0,1.0,1.0,q0: start,q65: customerW_Nabellenoffertes1,q58: positive,36000,2
1,out/models/model_bpic12_model-it_0.pickle,129,290,linear,0.06102299690246582,1.0,0.0,1.0,1.0,q0: start,q65: customerW_Nabellenoffertes1,q58: positive,36000,2
0,out/models/model_bpic12_model-it_0.pickle,129,290,quadratic,1.2932372093200684,1.0,0.0,1.0,1.0,q0: start,q70: O_CREATED2,q58: positive,36000,2
1,out/models/model_bpic12_model-it_0.pickle,129,290,linear,0.06631612777709961,1.0,0.0,1.0,1.0,q0: start,q70: O_CREATED2,q58: positive,36000,2
0,out/models/model_bpic12_model-it_0.pickle,129,290,quadratic,0.5299110412597656,1.0,0.0,1.0,1.0,q0: start,q40: O_SENT_BACK,q58: positive,36000,2
1,out/models/model_bpic12_model-it_0.pickle,129,290,linear,0.05667400360107422,1.0,0.0,1.0,1.0,q0: start,q40: O_SENT_BACK,q58: positive,36000,2
0,out/models/model_bpic12_model-it_0.pickle,129,290,quadratic,0.6633780002593994,1.0,0.0,1.0,1.0,q0: start,q36: O_CANCELLED,q58: positive,36000,2
1,out/models/model_bpic12_model-it_0.pickle,129,290,linear,0.04433321952819824,1.0,0.0,1.0,1.0,q0: start,q36: O_CANCELLED,q58: positive,36000,2
0,out/models/model_bpic12_model-it_0.pickle,129,290,quadratic,1.2167327404022217,1.0,0.0,1.0,1.0,q0: start,q14: A_FINALIZED,q58: positive,36000,2
1,out/models/model_bpic12_model-it_0.pickle,129,290,linear,0.07664299011230469,1.0,0.0,1.0,1.0,q0: start,q14: A_FINALIZED,q58: positive,36000,2
0,out/models/model_bpic12_model-it_0.pickle,129,290,quadratic,0.8126969337463379,1.0,0.0,1.0,1.0,q0: start,q55: W_Nabellenoffertes0,q58: positive,36000,2
1,out/models/model_bpic12_model-it_0.pickle,129,290,linear,0.06759285926818848,1.0,0.0,1.0,1.0,q0: start,q55: W_Nabellenoffertes0,q58: positive,36000,2
0,out/models/model_bpic12_model-it_0.pickle,129,290,quadratic,0.350024938583374,1.0,0.0,1.0,1.0,q0: start,q99: companyO_CREATED2,q58: positive,36000,2
1,out/models/model_bpic12_model-it_0.pickle,129,290,linear,0.014364004135131836,1.0,0.0,1.0,1.0,q0: start,q99: companyO_CREATED2,q58: positive,36000,2
0,out/models/model_bpic12_model-it_0.pickle,129,290,quadratic,0.7382609844207764,1.0,0.0,1.0,1.0,q0: start,q89: customerW_Nabellenoffertes0,q58: positive,36000,2
1,out/models/model_bpic12_model-it_0.pickle,129,290,linear,0.049716949462890625,1.0,0.0,1.0,1.0,q0: start,q89: customerW_Nabellenoffertes0,q58: positive,36000,2
0,out/models/model_bpic12_model-it_0.pickle,129,290,quadratic,0.7397119998931885,1.0,0.0,1.0,1.0,q0: start,q67: customerO_CREATED1,q58: positive,36000,2
1,out/models/model_bpic12_model-it_0.pickle,129,290,linear,0.05257821083068848,1.0,0.0,1.0,1.0,q0: start,q67: customerO_CREATED1,q58: positive,36000,2
0,out/models/model_bpic12_model-it_0.pickle,129,290,quadratic,3.150662899017334,1.0,0.0,1.0,1.0,q0: start,q79: W_Nabellenoffertes0,q58: positive,36000,2
1,out/models/model_bpic12_model-it_0.pickle,129,290,linear,0.050318241119384766,1.0,0.0,1.0,1.0,q0: start,q79: W_Nabellenoffertes0,q58: positive,36000,2
0,out/models/model_bpic12_model-it_0.pickle,129,290,quadratic,0.4825420379638672,1.0,0.0,1.0,1.0,q0: start,q97: W_Nabellenoffertes0,q58: positive,36000,2
1,out/models/model_bpic12_model-it_0.pickle,129,290,linear,0.049659013748168945,1.0,0.0,1.0,1.0,q0: start,q97: W_Nabellenoffertes0,q58: positive,36000,2
0,out/models/model_bpic12_model-it_0.pickle,129,290,quadratic,0.8919739723205566,1.0,0.0,1.0,1.0,q0: start,q64: customerW_Nabellenoffertes0,q58: positive,36000,2
1,out/models/model_bpic12_model-it_0.pickle,129,290,linear,0.06667208671569824,1.0,0.0,1.0,1.0,q0: start,q64: customerW_Nabellenoffertes0,q58: positive,36000,2
0,out/models/model_bpic12_model-it_0.pickle,129,290,quadratic,2.9668290615081787,1.0,0.0,1.0,1.0,q0: start,q101: customerW_Nabellenincompletedossiers2,q58: positive,36000,2
1,out/models/model_bpic12_model-it_0.pickle,129,290,linear,0.0539398193359375,1.0,0.0,1.0,1.0,q0: start,q101: customerW_Nabellenincompletedossiers2,q58: positive,36000,2
0,out/models/model_bpic12_model-it_0.pickle,129,290,quadratic,4.334371089935303,1.0,0.0,1.0,1.0,q0: start,q121: O_CREATED5,q58: positive,36000,2
1,out/models/model_bpic12_model-it_0.pickle,129,290,linear,0.046727895736694336,1.0,0.0,1.0,1.0,q0: start,q121: O_CREATED5,q58: positive,36000,2
0,out/models/model_bpic12_model-it_0.pickle,129,290,quadratic,0.7948358058929443,1.0,0.0,1.0,1.0,q0: start,q87: customerW_Nabellenoffertes0,q58: positive,36000,2
1,out/models/model_bpic12_model-it_0.pickle,129,290,linear,0.0911860466003418,1.0,0.0,1.0,1.0,q0: start,q87: customerW_Nabellenoffertes0,q58: positive,36000,2
0,out/models/model_bpic12_model-it_0.pickle,129,290,quadratic,1.4072039127349854,1.0,0.0,1.0,1.0,q0: start,q25: companyO_SENT_BACK,q58: positive,36000,2
1,out/models/model_bpic12_model-it_0.pickle,129,290,linear,0.01861715316772461,1.0,0.0,1.0,1.0,q0: start,q25: companyO_SENT_BACK,q58: positive,36000,2
0,out/models/model_bpic12_model-it_0.pickle,129,290,quadratic,0.7107548713684082,1.0,0.0,1.0,1.0,q0: start,q109: companyO_CANCELLED,q58: positive,36000,2
1,out/models/model_bpic12_model-it_0.pickle,129,290,linear,0.1303882598876953,1.0,0.0,1.0,1.0,q0: start,q109: companyO_CANCELLED,q58: positive,36000,2
0,out/models/model_bpic12_model-it_0.pickle,129,290,quadratic,0.8869340419769287,1.0,0.0,1.0,1.0,q0: start,q78: W_Nabellenoffertes0,q58: positive,36000,2
1,out/models/model_bpic12_model-it_0.pickle,129,290,linear,0.038388967514038086,1.0,0.0,1.0,1.0,q0: start,q78: W_Nabellenoffertes0,q58: positive,36000,2
0,out/models/model_bpic12_model-it_0.pickle,129,290,quadratic,1.3674921989440918,1.0,0.0,1.0,1.0,q0: start,q66: customerW_Nabellenoffertes2,q58: positive,36000,2
1,out/models/model_bpic12_model-it_0.pickle,129,290,linear,0.16825389862060547,1.0,0.0,1.0,1.0,q0: start,q66: customerW_Nabellenoffertes2,q58: positive,36000,2
0,out/models/model_bpic12_model-it_0.pickle,129,290,quadratic,0.5011060237884521,1.0,0.0,1.0,1.0,q0: start,q53: O_CANCELLED,q58: positive,36000,2
1,out/models/model_bpic12_model-it_0.pickle,129,290,linear,0.10576081275939941,1.0,0.0,1.0,1.0,q0: start,q53: O_CANCELLED,q58: positive,36000,2
0,out/models/model_bpic12_model-it_0.pickle,129,290,quadratic,1.4058339595794678,1.0,0.0,1.0,1.0,q0: start,q75: W_Nabellenincompletedossiers0,q58: positive,36000,2
1,out/models/model_bpic12_model-it_0.pickle,129,290,linear,0.09486007690429688,1.0,0.0,1.0,1.0,q0: start,q75: W_Nabellenincompletedossiers0,q58: positive,36000,2
0,out/models/model_bpic12_model-it_0.pickle,129,290,quadratic,0.788079023361206,1.0,0.0,1.0,1.0,q0: start,q48: customerW_Nabellenincompletedossiers2,q58: positive,36000,2
1,out/models/model_bpic12_model-it_0.pickle,129,290,linear,0.0982351303100586,1.0,0.0,1.0,1.0,q0: start,q48: customerW_Nabellenincompletedossiers2,q58: positive,36000,2
0,out/models/model_bpic12_model-it_0.pickle,129,290,quadratic,0.4875319004058838,1.0,0.0,1.0,1.0,q0: start,q42: companyA_APPROVED,q58: positive,36000,2
1,out/models/model_bpic12_model-it_0.pickle,129,290,linear,0.0739889144897461,1.0,0.0,1.0,1.0,q0: start,q42: companyA_APPROVED,q58: positive,36000,2
0,out/models/model_bpic12_model-it_0.pickle,129,290,quadratic,0.039331912994384766,1.0,0.0,1.0,0.0,q0: start,q11: negative,q58: positive,36000,2
1,out/models/model_bpic12_model-it_0.pickle,129,290,linear,0.07329392433166504,1.0,0.0,1.0,0.0,q0: start,q11: negative,q58: positive,36000,2
0,out/models/model_bpic12_model-it_0.pickle,129,290,quadratic,1.5515282154083252,1.0,0.0,1.0,1.0,q0: start,q82: companyO_CANCELLED,q58: positive,36000,2
1,out/models/model_bpic12_model-it_0.pickle,129,290,linear,0.06933212280273438,1.0,0.0,1.0,1.0,q0: start,q82: companyO_CANCELLED,q58: positive,36000,2
0,out/models/model_bpic12_model-it_0.pickle,129,290,quadratic,0.9279801845550537,1.0,0.0,1.0,1.0,q0: start,q59: O_CREATED1,q58: positive,36000,2
1,out/models/model_bpic12_model-it_0.pickle,129,290,linear,0.06914496421813965,1.0,0.0,1.0,1.0,q0: start,q59: O_CREATED1,q58: positive,36000,2
0,out/models/model_bpic12_model-it_0.pickle,129,290,quadratic,0.7098960876464844,1.0,0.0,1.0,1.0,q0: start,q125: customerW_Nabellenincompletedossiers2,q58: positive,36000,2
1,out/models/model_bpic12_model-it_0.pickle,129,290,linear,0.0956730842590332,1.0,0.0,1.0,1.0,q0: start,q125: customerW_Nabellenincompletedossiers2,q58: positive,36000,2
0,out/models/model_bpic12_model-it_0.pickle,129,290,quadratic,0.5687050819396973,1.0,0.0,1.0,1.0,q0: start,q88: companyO_CREATED1,q58: positive,36000,2
1,out/models/model_bpic12_model-it_0.pickle,129,290,linear,0.05067896842956543,1.0,0.0,1.0,1.0,q0: start,q88: companyO_CREATED1,q58: positive,36000,2
0,out/models/model_bpic12_model-it_0.pickle,129,290,quadratic,1.676950216293335,1.0,0.0,1.0,1.0,q0: start,q50: companyO_CANCELLED,q58: positive,36000,2
1,out/models/model_bpic12_model-it_0.pickle,129,290,linear,0.06494688987731934,1.0,0.0,1.0,1.0,q0: start,q50: companyO_CANCELLED,q58: positive,36000,2
0,out/models/model_bpic12_model-it_0.pickle,129,290,quadratic,0.7345669269561768,1.0,0.0,1.0,1.0,q0: start,q56: W_Nabellenoffertes1,q58: positive,36000,2
1,out/models/model_bpic12_model-it_0.pickle,129,290,linear,0.13533782958984375,1.0,0.0,1.0,1.0,q0: start,q56: W_Nabellenoffertes1,q58: positive,36000,2
0,out/models/model_bpic12_model-it_0.pickle,129,290,quadratic,0.7221658229827881,1.0,0.0,1.0,1.0,q0: start,q96: W_Nabellenincompletedossiers0,q58: positive,36000,2
1,out/models/model_bpic12_model-it_0.pickle,129,290,linear,0.11313986778259277,1.0,0.0,1.0,1.0,q0: start,q96: W_Nabellenincompletedossiers0,q58: positive,36000,2
0,out/models/model_bpic12_model-it_0.pickle,129,290,quadratic,0.5962529182434082,1.0,0.0,1.0,1.0,q0: start,q32: A_APPROVED,q58: positive,36000,2
1,out/models/model_bpic12_model-it_0.pickle,129,290,linear,0.07984495162963867,1.0,0.0,1.0,1.0,q0: start,q32: A_APPROVED,q58: positive,36000,2
0,out/models/model_bpic12_model-it_0.pickle,129,290,quadratic,2.662073850631714,1.0,0.0,1.0,1.0,q0: start,q18: O_CANCELLED,q58: positive,36000,2
1,out/models/model_bpic12_model-it_0.pickle,129,290,linear,0.08334088325500488,1.0,0.0,1.0,1.0,q0: start,q18: O_CANCELLED,q58: positive,36000,2
0,out/models/model_bpic12_model-it_0.pickle,129,290,quadratic,0.09730815887451172,1.0,1.0,1.0,1.0,q0: start,q1: customerstart,q58: positive,36000,2
1,out/models/model_bpic12_model-it_0.pickle,129,290,linear,0.027582883834838867,1.0,1.0,1.0,1.0,q0: start,q1: customerstart,q58: positive,36000,2
0,out/models/model_bpic12_model-it_0.pickle,129,290,quadratic,1.2705049514770508,1.0,0.0,1.0,1.0,q0: start,q116: companyO_CREATED3,q58: positive,36000,2
1,out/models/model_bpic12_model-it_0.pickle,129,290,linear,0.031571149826049805,1.0,0.0,1.0,1.0,q0: start,q116: companyO_CREATED3,q58: positive,36000,2
0,out/models/model_bpic12_model-it_0.pickle,129,290,quadratic,1.5101499557495117,1.0,0.0,1.0,1.0,q0: start,q86: customerO_SENT_BACK,q58: positive,36000,2
1,out/models/model_bpic12_model-it_0.pickle,129,290,linear,0.07651019096374512,1.0,0.0,1.0,1.0,q0: start,q86: customerO_SENT_BACK,q58: positive,36000,2
0,out/models/model_bpic12_model-it_0.pickle,129,290,quadratic,1.3537991046905518,1.0,0.0,1.0,1.0,q0: start,q5: A_PREACCEPTED,q58: positive,36000,2
1,out/models/model_bpic12_model-it_0.pickle,129,290,linear,0.10806822776794434,1.0,0.0,1.0,1.0,q0: start,q5: A_PREACCEPTED,q58: positive,36000,2
0,out/models/model_bpic12_model-it_0.pickle,129,290,quadratic,0.8075127601623535,1.0,0.0,1.0,1.0,q0: start,q62: companyO_CANCELLED,q58: positive,36000,2
1,out/models/model_bpic12_model-it_0.pickle,129,290,linear,0.08052420616149902,1.0,0.0,1.0,1.0,q0: start,q62: companyO_CANCELLED,q58: positive,36000,2
0,out/models/model_bpic12_model-it_0.pickle,129,290,quadratic,7.5961339473724365,1.0,0.0,1.0,1.0,q0: start,q27: customerW_Nabellenoffertes0,q58: positive,36000,2
1,out/models/model_bpic12_model-it_0.pickle,129,290,linear,0.03965187072753906,1.0,0.0,1.0,1.0,q0: start,q27: customerW_Nabellenoffertes0,q58: positive,36000,2
0,out/models/model_bpic12_model-it_0.pickle,129,290,quadratic,1.8773012161254883,1.0,0.0,1.0,1.0,q0: start,q15: companyA_FINALIZED,q58: positive,36000,2
1,out/models/model_bpic12_model-it_0.pickle,129,290,linear,0.06488680839538574,1.0,0.0,1.0,1.0,q0: start,q15: companyA_FINALIZED,q58: positive,36000,2
0,out/models/model_bpic17-before_model-it_0.pickle,123,213,quadratic,0.09348297119140625,0.999,0.0,0.999,0.0,q0: start,q36: TIMEOUT,q117: positive,36000,2
1,out/models/model_bpic17-before_model-it_0.pickle,123,213,linear,0.0568389892578125,0.999,0.0,0.999,0.0,q0: start,q36: TIMEOUT,q117: positive,36000,2
0,out/models/model_bpic12_model-it_0.pickle,129,290,quadratic,0.921295166015625,1.0,0.0,1.0,1.0,q0: start,q69: customerO_CREATED1,q58: positive,36000,2
1,out/models/model_bpic12_model-it_0.pickle,129,290,linear,0.08264374732971191,1.0,0.0,1.0,1.0,q0: start,q69: customerO_CREATED1,q58: positive,36000,2
0,out/models/model_bpic12_model-it_0.pickle,129,290,quadratic,0.6665997505187988,1.0,0.0,1.0,1.0,q0: start,q63: customerO_SENT_BACK,q58: positive,36000,2
1,out/models/model_bpic12_model-it_0.pickle,129,290,linear,0.05225491523742676,1.0,0.0,1.0,1.0,q0: start,q63: customerO_SENT_BACK,q58: positive,36000,2
0,out/models/model_bpic12_model-it_0.pickle,129,290,quadratic,0.9029688835144043,1.0,0.0,1.0,1.0,q0: start,q76: O_SENT_BACK,q58: positive,36000,2
1,out/models/model_bpic12_model-it_0.pickle,129,290,linear,0.056906938552856445,1.0,0.0,1.0,1.0,q0: start,q76: O_SENT_BACK,q58: positive,36000,2
0,out/models/model_bpic12_model-it_0.pickle,129,290,quadratic,0.670788049697876,1.0,0.0,1.0,1.0,q0: start,q118: companyW_Nabellenincompletedossiers0,q58: positive,36000,2
1,out/models/model_bpic12_model-it_0.pickle,129,290,linear,0.04928398132324219,1.0,0.0,1.0,1.0,q0: start,q118: companyW_Nabellenincompletedossiers0,q58: positive,36000,2
0,out/models/model_bpic12_model-it_0.pickle,129,290,quadratic,7.850829839706421,1.0,0.0,1.0,1.0,q0: start,q4: customerA_SUBMITTED,q58: positive,36000,2
1,out/models/model_bpic12_model-it_0.pickle,129,290,linear,0.08012795448303223,1.0,0.0,1.0,1.0,q0: start,q4: customerA_SUBMITTED,q58: positive,36000,2
0,out/models/model_bpic12_model-it_0.pickle,129,290,quadratic,7.061115980148315,1.0,0.0,1.0,1.0,q0: start,q102: customerO_CREATED2,q58: positive,36000,2
1,out/models/model_bpic12_model-it_0.pickle,129,290,linear,0.1055610179901123,1.0,0.0,1.0,1.0,q0: start,q102: customerO_CREATED2,q58: positive,36000,2
0,out/models/model_bpic12_model-it_0.pickle,129,290,quadratic,1.0510962009429932,1.0,0.0,1.0,1.0,q0: start,q13: customerA_ACCEPTED,q58: positive,36000,2
1,out/models/model_bpic12_model-it_0.pickle,129,290,linear,0.05565381050109863,1.0,0.0,1.0,1.0,q0: start,q13: customerA_ACCEPTED,q58: positive,36000,2
0,out/models/model_bpic12_model-it_0.pickle,129,290,quadratic,8.711604118347168,1.0,0.0,1.0,1.0,q0: start,q115: customerW_Nabellenoffertes2,q58: positive,36000,2
1,out/models/model_bpic12_model-it_0.pickle,129,290,linear,0.10409283638000488,1.0,0.0,1.0,1.0,q0: start,q115: customerW_Nabellenoffertes2,q58: positive,36000,2
0,out/models/model_bpic12_model-it_0.pickle,129,290,quadratic,1.6065120697021484,1.0,0.0,1.0,1.0,q0: start,q16: O_CREATED0,q58: positive,36000,2
1,out/models/model_bpic12_model-it_0.pickle,129,290,linear,0.08285880088806152,1.0,0.0,1.0,1.0,q0: start,q16: O_CREATED0,q58: positive,36000,2
0,out/models/model_bpic12_model-it_0.pickle,129,290,quadratic,0.6362190246582031,1.0,0.0,1.0,1.0,q0: start,q122: W_Nabellenincompletedossiers2,q58: positive,36000,2
1,out/models/model_bpic12_model-it_0.pickle,129,290,linear,0.07476496696472168,1.0,0.0,1.0,1.0,q0: start,q122: W_Nabellenincompletedossiers2,q58: positive,36000,2
0,out/models/model_bpic12_model-it_0.pickle,129,290,quadratic,3.3595261573791504,1.0,0.0,1.0,1.0,q0: start,q9: customerA_CANCELLED,q58: positive,36000,2
1,out/models/model_bpic12_model-it_0.pickle,129,290,linear,0.0665891170501709,1.0,0.0,1.0,1.0,q0: start,q9: customerA_CANCELLED,q58: positive,36000,2
0,out/models/model_bpic12_model-it_0.pickle,129,290,quadratic,11.822211742401123,1.0,0.0,1.0,1.0,q0: start,q20: W_Nabellenoffertes0,q58: positive,36000,2
1,out/models/model_bpic12_model-it_0.pickle,129,290,linear,0.11461496353149414,1.0,0.0,1.0,1.0,q0: start,q20: W_Nabellenoffertes0,q58: positive,36000,2
0,out/models/model_bpic12_model-it_0.pickle,129,290,quadratic,0.91898512840271,1.0,0.0,1.0,1.0,q0: start,q10: A_ACCEPTED,q58: positive,36000,2
1,out/models/model_bpic12_model-it_0.pickle,129,290,linear,0.11599993705749512,1.0,0.0,1.0,1.0,q0: start,q10: A_ACCEPTED,q58: positive,36000,2
0,out/models/model_bpic17-before_model-it_0.pickle,123,213,quadratic,1.2757480144500732,0.999,0.752,0.999,0.752,q0: start,q61: O_Returned,q117: positive,36000,2
1,out/models/model_bpic17-before_model-it_0.pickle,123,213,linear,0.08492088317871094,0.999,0.752,0.999,0.752,q0: start,q61: O_Returned,q117: positive,36000,2
0,out/models/model_bpic12_model-it_0.pickle,129,290,quadratic,3.3403968811035156,1.0,0.0,1.0,1.0,q0: start,q6: A_CANCELLED,q58: positive,36000,2
1,out/models/model_bpic12_model-it_0.pickle,129,290,linear,0.08307003974914551,1.0,0.0,1.0,1.0,q0: start,q6: A_CANCELLED,q58: positive,36000,2
0,out/models/model_bpic12_model-it_0.pickle,129,290,quadratic,0.7638027667999268,1.0,0.0,1.0,1.0,q0: start,q92: O_CREATED2,q58: positive,36000,2
1,out/models/model_bpic12_model-it_0.pickle,129,290,linear,0.10481500625610352,1.0,0.0,1.0,1.0,q0: start,q92: O_CREATED2,q58: positive,36000,2
0,out/models/model_bpic17-before_model-it_0.pickle,123,213,quadratic,0.5401949882507324,0.999,0.003,0.999,0.009,q0: start,q27: companyO_Sentonlineonly,q117: positive,36000,2
1,out/models/model_bpic17-before_model-it_0.pickle,123,213,linear,0.12189507484436035,0.999,0.003,0.999,0.009,q0: start,q27: companyO_Sentonlineonly,q117: positive,36000,2
0,out/models/model_bpic12_model-it_0.pickle,129,290,quadratic,1.3074510097503662,1.0,0.0,1.0,1.0,q0: start,q120: customerO_CREATED4,q58: positive,36000,2
1,out/models/model_bpic12_model-it_0.pickle,129,290,linear,0.08593416213989258,1.0,0.0,1.0,1.0,q0: start,q120: customerO_CREATED4,q58: positive,36000,2
0,out/models/model_bpic12_model-it_0.pickle,129,290,quadratic,0.8422367572784424,1.0,0.0,1.0,1.0,q0: start,q46: customerW_Nabellenincompletedossiers1,q58: positive,36000,2
1,out/models/model_bpic12_model-it_0.pickle,129,290,linear,0.0888679027557373,1.0,0.0,1.0,1.0,q0: start,q46: customerW_Nabellenincompletedossiers1,q58: positive,36000,2
0,out/models/model_bpic12_model-it_0.pickle,129,290,quadratic,1.2413289546966553,1.0,0.0,1.0,1.0,q0: start,q127: customerO_CREATED6,q58: positive,36000,2
1,out/models/model_bpic12_model-it_0.pickle,129,290,linear,0.08440399169921875,1.0,0.0,1.0,1.0,q0: start,q127: customerO_CREATED6,q58: positive,36000,2
0,out/models/model_bpic12_model-it_0.pickle,129,290,quadratic,4.530395984649658,1.0,0.0,1.0,1.0,q0: start,q52: customerO_SENT_BACK,q58: positive,36000,2
1,out/models/model_bpic12_model-it_0.pickle,129,290,linear,0.04205203056335449,1.0,0.0,1.0,1.0,q0: start,q52: customerO_SENT_BACK,q58: positive,36000,2
0,out/models/model_bpic17-before_model-it_0.pickle,123,213,quadratic,1.5217738151550293,0.999,0.078,0.999,0.619,q0: start,q84: W_CallafteroffersSHORT,q117: positive,36000,2
1,out/models/model_bpic17-before_model-it_0.pickle,123,213,linear,0.24053621292114258,0.999,0.078,0.999,0.619,q0: start,q84: W_CallafteroffersSHORT,q117: positive,36000,2
0,out/models/model_bpic17-before_model-it_0.pickle,123,213,quadratic,1.5831210613250732,0.999,0.007,0.999,0.007,q0: start,q79: companyO_CreateOffer1,q117: positive,36000,2
1,out/models/model_bpic17-before_model-it_0.pickle,123,213,linear,0.33606910705566406,0.999,0.007,0.999,0.007,q0: start,q79: companyO_CreateOffer1,q117: positive,36000,2
0,out/models/model_bpic17-before_model-it_0.pickle,123,213,quadratic,1.5755550861358643,0.999,0.048,0.999,0.048,q0: start,q77: companyO_Sentmailandonline,q117: positive,36000,2
1,out/models/model_bpic17-before_model-it_0.pickle,123,213,linear,0.1801760196685791,0.999,0.048,0.999,0.048,q0: start,q77: companyO_Sentmailandonline,q117: positive,36000,2
0,out/models/model_bpic17-before_model-it_0.pickle,123,213,quadratic,0.7927799224853516,0.999,0.046,0.999,0.046,q0: start,q103: customerO_Sentmailandonline,q117: positive,36000,2
1,out/models/model_bpic17-before_model-it_0.pickle,123,213,linear,0.3725101947784424,0.999,0.046,0.999,0.046,q0: start,q103: customerO_Sentmailandonline,q117: positive,36000,2
0,out/models/model_bpic17-before_model-it_0.pickle,123,213,quadratic,1.6948959827423096,0.999,0.008,0.999,0.67,q0: start,q95: customerA_Validating,q117: positive,36000,2
1,out/models/model_bpic17-before_model-it_0.pickle,123,213,linear,0.19699406623840332,0.999,0.008,0.999,0.67,q0: start,q95: customerA_Validating,q117: positive,36000,2
0,out/models/model_bpic17-before_model-it_0.pickle,123,213,quadratic,0.08590126037597656,0.999,1.0,0.999,1.0,q0: start,q0: start,q117: positive,36000,2
1,out/models/model_bpic17-before_model-it_0.pickle,123,213,linear,0.012686014175415039,0.999,1.0,0.999,1.0,q0: start,q0: start,q117: positive,36000,2
0,out/models/model_bpic17-before_model-it_0.pickle,123,213,quadratic,0.6533219814300537,0.999,0.001,0.999,0.001,q0: start,q53: companyW_CallafteroffersSUPERLONG,q117: positive,36000,2
1,out/models/model_bpic17-before_model-it_0.pickle,123,213,linear,0.18578696250915527,0.999,0.001,0.999,0.001,q0: start,q53: companyW_CallafteroffersSUPERLONG,q117: positive,36000,2
0,out/models/model_bpic17-before_model-it_0.pickle,123,213,quadratic,0.0376591682434082,0.999,1.0,0.999,1.0,q0: start,q106: A_Pending,q117: positive,36000,2
1,out/models/model_bpic17-before_model-it_0.pickle,123,213,linear,0.05701780319213867,0.999,1.0,0.999,1.0,q0: start,q106: A_Pending,q117: positive,36000,2
0,out/models/model_bpic17-before_model-it_0.pickle,123,213,quadratic,1.6476800441741943,0.999,0.36,0.999,0.36,q0: start,q11: companyA_Accepted,q117: positive,36000,2
1,out/models/model_bpic17-before_model-it_0.pickle,123,213,linear,0.3554821014404297,0.999,0.36,0.999,0.36,q0: start,q11: companyA_Accepted,q117: positive,36000,2
0,out/models/model_bpic12_model-it_0.pickle,129,290,quadratic,6.640357732772827,1.0,0.0,1.0,1.0,q0: start,q22: W_Nabellenoffertes2,q58: positive,36000,2
1,out/models/model_bpic12_model-it_0.pickle,129,290,linear,0.07360410690307617,1.0,0.0,1.0,1.0,q0: start,q22: W_Nabellenoffertes2,q58: positive,36000,2
0,out/models/model_bpic17-before_model-it_0.pickle,123,213,quadratic,1.763686180114746,0.999,0.002,0.999,0.002,q0: start,q102: companyO_Sentmailandonline,q117: positive,36000,2
1,out/models/model_bpic17-before_model-it_0.pickle,123,213,linear,0.27149510383605957,0.999,0.002,0.999,0.002,q0: start,q102: companyO_Sentmailandonline,q117: positive,36000,2
0,out/models/model_bpic17-before_model-it_0.pickle,123,213,quadratic,0.7866840362548828,0.999,0.0,0.999,0.162,q0: start,q87: W_CallincompletefilesLONG,q117: positive,36000,2
1,out/models/model_bpic17-before_model-it_0.pickle,123,213,linear,0.13177704811096191,0.999,0.0,0.999,0.162,q0: start,q87: W_CallincompletefilesLONG,q117: positive,36000,2
0,out/models/model_bpic17-before_model-it_0.pickle,123,213,quadratic,2.169390916824341,0.999,0.008,0.999,0.67,q0: start,q85: A_Validating,q117: positive,36000,2
1,out/models/model_bpic17-before_model-it_0.pickle,123,213,linear,0.17419695854187012,0.999,0.008,0.999,0.67,q0: start,q85: A_Validating,q117: positive,36000,2
0,out/models/model_bpic17-before_model-it_0.pickle,123,213,quadratic,1.2813847064971924,0.999,0.245,0.999,0.245,q0: start,q75: companyA_Validating,q117: positive,36000,2
1,out/models/model_bpic17-before_model-it_0.pickle,123,213,linear,0.09135103225708008,0.999,0.245,0.999,0.245,q0: start,q75: companyA_Validating,q117: positive,36000,2
0,out/models/model_bpic17-before_model-it_0.pickle,123,213,quadratic,0.23285293579101562,0.999,0.0,0.999,0.651,q0: start,q91: O_Cancelled,q117: positive,36000,2
1,out/models/model_bpic17-before_model-it_0.pickle,123,213,linear,0.10933184623718262,0.999,0.0,0.999,0.651,q0: start,q91: O_Cancelled,q117: positive,36000,2
0,out/models/model_bpic17-before_model-it_0.pickle,123,213,quadratic,1.115220308303833,0.999,0.64,0.999,0.64,q0: start,q4: customerA_CreateApplication,q117: positive,36000,2
1,out/models/model_bpic17-before_model-it_0.pickle,123,213,linear,0.3486301898956299,0.999,0.64,0.999,0.64,q0: start,q4: customerA_CreateApplication,q117: positive,36000,2
0,out/models/model_bpic17-before_model-it_0.pickle,123,213,quadratic,1.4479970932006836,0.999,0.559,0.999,0.616,q0: start,q26: customerO_Sentmailandonline,q117: positive,36000,2
1,out/models/model_bpic17-before_model-it_0.pickle,123,213,linear,0.24896502494812012,0.999,0.559,0.999,0.616,q0: start,q26: customerO_Sentmailandonline,q117: positive,36000,2
0,out/models/model_bpic17-before_model-it_0.pickle,123,213,quadratic,0.28023695945739746,0.999,0.003,0.999,0.003,q0: start,q108: A_Validating,q117: positive,36000,2
1,out/models/model_bpic17-before_model-it_0.pickle,123,213,linear,0.27391886711120605,0.999,0.003,0.999,0.003,q0: start,q108: A_Validating,q117: positive,36000,2
0,out/models/model_bpic17-before_model-it_0.pickle,123,213,quadratic,1.27785062789917,0.999,0.002,0.999,0.002,q0: start,q56: customerO_CreateOffer1,q117: positive,36000,2
1,out/models/model_bpic17-before_model-it_0.pickle,123,213,linear,0.222700834274292,0.999,0.002,0.999,0.002,q0: start,q56: customerO_CreateOffer1,q117: positive,36000,2
0,out/models/model_bpic17-before_model-it_0.pickle,123,213,quadratic,1.3270759582519531,0.999,0.36,0.999,0.36,q0: start,q5: A_Concept,q117: positive,36000,2
1,out/models/model_bpic17-before_model-it_0.pickle,123,213,linear,0.34452009201049805,0.999,0.36,0.999,0.36,q0: start,q5: A_Concept,q117: positive,36000,2
0,out/models/model_bpic17-before_model-it_0.pickle,123,213,quadratic,1.6494028568267822,0.999,0.0,0.999,0.189,q0: start,q97: companyW_CallincompletefilesLONG,q117: positive,36000,2
1,out/models/model_bpic17-before_model-it_0.pickle,123,213,linear,0.11575198173522949,0.999,0.0,0.999,0.189,q0: start,q97: companyW_CallincompletefilesLONG,q117: positive,36000,2
0,out/models/model_bpic17-before_model-it_0.pickle,123,213,quadratic,1.6581640243530273,0.999,0.374,0.999,0.467,q0: start,q19: O_Sentmailandonline,q117: positive,36000,2
1,out/models/model_bpic17-before_model-it_0.pickle,123,213,linear,0.2747931480407715,0.999,0.374,0.999,0.467,q0: start,q19: O_Sentmailandonline,q117: positive,36000,2
0,out/models/model_bpic12_model-it_0.pickle,129,290,quadratic,5.444144010543823,1.0,0.0,1.0,1.0,q0: start,q114: customerO_CREATED3,q58: positive,36000,2
1,out/models/model_bpic12_model-it_0.pickle,129,290,linear,0.04670214653015137,1.0,0.0,1.0,1.0,q0: start,q114: customerO_CREATED3,q58: positive,36000,2
0,out/models/model_bpic17-before_model-it_0.pickle,123,213,quadratic,2.174462080001831,0.999,0.353,0.999,0.679,q0: start,q30: companyO_Cancelled,q117: positive,36000,2
1,out/models/model_bpic17-before_model-it_0.pickle,123,213,linear,0.4483621120452881,0.999,0.354,0.999,0.679,q0: start,q30: companyO_Cancelled,q117: positive,36000,2
0,out/models/model_bpic17-before_model-it_0.pickle,123,213,quadratic,1.0816137790679932,0.999,0.001,0.999,0.001,q0: start,q78: companyO_Cancelled,q117: positive,36000,2
1,out/models/model_bpic17-before_model-it_0.pickle,123,213,linear,0.23906397819519043,0.999,0.001,0.999,0.001,q0: start,q78: companyO_Cancelled,q117: positive,36000,2
0,out/models/model_bpic17-before_model-it_0.pickle,123,213,quadratic,0.044883012771606445,0.999,1.0,0.999,1.0,q0: start,q96: companyO_Accepted,q117: positive,36000,2
1,out/models/model_bpic17-before_model-it_0.pickle,123,213,linear,0.021483898162841797,0.999,1.0,0.999,1.0,q0: start,q96: companyO_Accepted,q117: positive,36000,2
0,out/models/model_bpic17-before_model-it_0.pickle,123,213,quadratic,3.67049503326416,0.999,0.381,0.999,0.687,q0: start,q35: O_CreateOffer1,q117: positive,36000,2
1,out/models/model_bpic17-before_model-it_0.pickle,123,213,linear,0.20540499687194824,0.999,0.381,0.999,0.687,q0: start,q35: O_CreateOffer1,q117: positive,36000,2
0,out/models/model_bpic17-before_model-it_0.pickle,123,213,quadratic,1.4190418720245361,0.999,0.36,0.999,0.36,q0: start,q9: A_Accepted,q117: positive,36000,2
1,out/models/model_bpic17-before_model-it_0.pickle,123,213,linear,0.4224369525909424,0.999,0.36,0.999,0.36,q0: start,q9: A_Accepted,q117: positive,36000,2
0,out/models/model_bpic17-before_model-it_0.pickle,123,213,quadratic,1.3671760559082031,0.999,0.002,0.999,0.002,q0: start,q59: O_Sentmailandonline,q117: positive,36000,2
1,out/models/model_bpic17-before_model-it_0.pickle,123,213,linear,0.22229909896850586,0.999,0.002,0.999,0.002,q0: start,q59: O_Sentmailandonline,q117: positive,36000,2
0,out/models/model_bpic17-before_model-it_0.pickle,123,213,quadratic,1.6613969802856445,0.999,0.002,0.999,0.002,q0: start,q70: companyO_Sentmailandonline,q117: positive,36000,2
1,out/models/model_bpic17-before_model-it_0.pickle,123,213,linear,0.21966910362243652,0.999,0.002,0.999,0.002,q0: start,q70: companyO_Sentmailandonline,q117: positive,36000,2
0,out/models/model_bpic17-before_model-it_0.pickle,123,213,quadratic,1.6089181900024414,0.999,0.014,0.999,0.014,q0: start,q24: companyO_CreateOffer1,q117: positive,36000,2
1,out/models/model_bpic17-before_model-it_0.pickle,123,213,linear,0.43639397621154785,0.999,0.014,0.999,0.014,q0: start,q24: companyO_CreateOffer1,q117: positive,36000,2
0,out/models/model_bpic17-before_model-it_0.pickle,123,213,quadratic,2.545732021331787,0.999,0.651,0.999,0.651,q0: start,q76: customerO_Cancelled,q117: positive,36000,2
1,out/models/model_bpic17-before_model-it_0.pickle,123,213,linear,0.28067493438720703,0.999,0.651,0.999,0.651,q0: start,q76: customerO_Cancelled,q117: positive,36000,2
0,out/models/model_bpic17-before_model-it_0.pickle,123,213,quadratic,0.10188817977905273,0.999,0.0,0.999,0.0,q0: start,q54: customerW_CallafteroffersSUPERLONG,q117: positive,36000,2
1,out/models/model_bpic17-before_model-it_0.pickle,123,213,linear,0.06481409072875977,0.999,0.0,0.999,0.0,q0: start,q54: customerW_CallafteroffersSUPERLONG,q117: positive,36000,2
0,out/models/model_bpic17-before_model-it_0.pickle,123,213,quadratic,1.5485281944274902,0.999,0.002,0.999,0.002,q0: start,q81: O_Sentmailandonline,q117: positive,36000,2
1,out/models/model_bpic17-before_model-it_0.pickle,123,213,linear,0.26288890838623047,0.999,0.002,0.999,0.002,q0: start,q81: O_Sentmailandonline,q117: positive,36000,2
0,out/models/model_bpic17-before_model-it_0.pickle,123,213,quadratic,0.030765295028686523,0.999,1.0,0.999,1.0,q0: start,q117: positive,q117: positive,36000,2
1,out/models/model_bpic17-before_model-it_0.pickle,123,213,linear,0.032929182052612305,0.999,1.0,0.999,1.0,q0: start,q117: positive,q117: positive,36000,2
0,out/models/model_bpic12_model-it_0.pickle,129,290,quadratic,24.454742908477783,1.0,0.0,1.0,1.0,q0: start,q26: customerO_SENT_BACK,q58: positive,36000,2
1,out/models/model_bpic12_model-it_0.pickle,129,290,linear,0.10224032402038574,1.0,0.0,1.0,1.0,q0: start,q26: customerO_SENT_BACK,q58: positive,36000,2
0,out/models/model_bpic17-before_model-it_0.pickle,123,213,quadratic,0.33690500259399414,0.999,0.003,0.999,0.003,q0: start,q119: O_Returned,q117: positive,36000,2
1,out/models/model_bpic17-before_model-it_0.pickle,123,213,linear,0.19021821022033691,0.999,0.003,0.999,0.003,q0: start,q119: O_Returned,q117: positive,36000,2
0,out/models/model_bpic17-before_model-it_0.pickle,123,213,quadratic,1.0400269031524658,0.999,0.243,0.999,0.243,q0: start,q101: customerO_Returned,q117: positive,36000,2
1,out/models/model_bpic17-before_model-it_0.pickle,123,213,linear,0.10475897789001465,0.999,0.243,0.999,0.243,q0: start,q101: customerO_Returned,q117: positive,36000,2
0,out/models/model_bpic17-before_model-it_0.pickle,123,213,quadratic,1.3614778518676758,0.999,0.36,0.999,0.36,q0: start,q13: O_CreateOffer0,q117: positive,36000,2
1,out/models/model_bpic17-before_model-it_0.pickle,123,213,linear,0.574091911315918,0.999,0.36,0.999,0.36,q0: start,q13: O_CreateOffer0,q117: positive,36000,2
0,out/models/model_bpic17-before_model-it_0.pickle,123,213,quadratic,1.2393670082092285,0.999,0.0,0.999,0.221,q0: start,q98: customerW_CallincompletefilesLONG,q117: positive,36000,2
1,out/models/model_bpic17-before_model-it_0.pickle,123,213,linear,0.14998793601989746,0.999,0.0,0.999,0.221,q0: start,q98: customerW_CallincompletefilesLONG,q117: positive,36000,2
0,out/models/model_bpic17-before_model-it_0.pickle,123,213,quadratic,1.352518081665039,0.999,0.033,0.999,0.16,q0: start,q22: O_Cancelled,q117: positive,36000,2
1,out/models/model_bpic17-before_model-it_0.pickle,123,213,linear,0.39379286766052246,0.999,0.033,0.999,0.16,q0: start,q22: O_Cancelled,q117: positive,36000,2
0,out/models/model_bpic17-before_model-it_0.pickle,123,213,quadratic,1.288027048110962,0.999,0.028,0.999,0.156,q0: start,q50: customerW_CallafteroffersLONG,q117: positive,36000,2
1,out/models/model_bpic17-before_model-it_0.pickle,123,213,linear,0.5046329498291016,0.999,0.028,0.999,0.156,q0: start,q50: customerW_CallafteroffersLONG,q117: positive,36000,2
0,out/models/model_bpic17-before_model-it_0.pickle,123,213,quadratic,0.7598421573638916,0.999,0.0,0.999,0.0,q0: start,q120: W_CallincompletefilesSUPERLONG,q117: positive,36000,2
1,out/models/model_bpic17-before_model-it_0.pickle,123,213,linear,0.08453869819641113,0.999,0.0,0.999,0.0,q0: start,q120: W_CallincompletefilesSUPERLONG,q117: positive,36000,2
0,out/models/model_bpic17-before_model-it_0.pickle,123,213,quadratic,0.9967560768127441,0.999,0.05,0.999,0.05,q0: start,q55: companyO_CreateOffer1,q117: positive,36000,2
1,out/models/model_bpic17-before_model-it_0.pickle,123,213,linear,0.4091300964355469,0.999,0.05,0.999,0.05,q0: start,q55: companyO_CreateOffer1,q117: positive,36000,2
0,out/models/model_bpic17-before_model-it_0.pickle,123,213,quadratic,1.9313371181488037,0.999,0.381,0.999,0.686,q0: start,q62: O_Sentmailandonline,q117: positive,36000,2
1,out/models/model_bpic17-before_model-it_0.pickle,123,213,linear,0.23055100440979004,0.999,0.381,0.999,0.686,q0: start,q62: O_Sentmailandonline,q117: positive,36000,2
0,out/models/model_bpic17-before_model-it_0.pickle,123,213,quadratic,1.5670409202575684,0.999,0.245,0.999,0.245,q0: start,q63: A_Validating,q117: positive,36000,2
1,out/models/model_bpic17-before_model-it_0.pickle,123,213,linear,0.07612490653991699,0.999,0.245,0.999,0.245,q0: start,q63: A_Validating,q117: positive,36000,2
0,out/models/model_bpic17-before_model-it_0.pickle,123,213,quadratic,2.8008182048797607,0.999,0.381,0.999,0.687,q0: start,q47: companyO_CreateOffer1,q117: positive,36000,2
1,out/models/model_bpic17-before_model-it_0.pickle,123,213,linear,0.2572801113128662,0.999,0.381,0.999,0.687,q0: start,q47: companyO_CreateOffer1,q117: positive,36000,2
0,out/models/model_bpic17-before_model-it_0.pickle,123,213,quadratic,0.8618690967559814,0.999,0.64,0.999,0.64,q0: start,q17: companyA_Accepted,q117: positive,36000,2
1,out/models/model_bpic17-before_model-it_0.pickle,123,213,linear,0.29826998710632324,0.999,0.64,0.999,0.64,q0: start,q17: companyA_Accepted,q117: positive,36000,2
0,out/models/model_bpic17-before_model-it_0.pickle,123,213,quadratic,3.3188998699188232,0.999,0.037,0.999,0.652,q0: start,q45: companyO_Sentmailandonline,q117: positive,36000,2
1,out/models/model_bpic17-before_model-it_0.pickle,123,213,linear,0.15618109703063965,0.999,0.037,0.999,0.652,q0: start,q45: companyO_Sentmailandonline,q117: positive,36000,2
0,out/models/model_bpic17-before_model-it_0.pickle,123,213,quadratic,1.470550775527954,0.999,0.496,0.999,0.496,q0: start,q69: W_CallafteroffersSHORT,q117: positive,36000,2
1,out/models/model_bpic17-before_model-it_0.pickle,123,213,linear,0.2785308361053467,0.999,0.496,0.999,0.496,q0: start,q69: W_CallafteroffersSHORT,q117: positive,36000,2
0,out/models/model_bpic17-before_model-it_0.pickle,123,213,quadratic,1.1008579730987549,0.999,0.357,0.999,0.358,q0: start,q15: companyO_CreateOffer0,q117: positive,36000,2
1,out/models/model_bpic17-before_model-it_0.pickle,123,213,linear,0.33295202255249023,0.999,0.358,0.999,0.358,q0: start,q15: companyO_CreateOffer0,q117: positive,36000,2
0,out/models/model_bpic17-before_model-it_0.pickle,123,213,quadratic,1.6997179985046387,0.999,0.002,0.999,0.002,q0: start,q92: companyO_Sentmailandonline,q117: positive,36000,2
1,out/models/model_bpic17-before_model-it_0.pickle,123,213,linear,0.16420602798461914,0.999,0.002,0.999,0.002,q0: start,q92: companyO_Sentmailandonline,q117: positive,36000,2
0,out/models/model_bpic17-before_model-it_0.pickle,123,213,quadratic,0.08676791191101074,0.999,1.0,0.999,1.0,q0: start,q86: O_Accepted,q117: positive,36000,2
1,out/models/model_bpic17-before_model-it_0.pickle,123,213,linear,0.015703916549682617,0.999,1.0,0.999,1.0,q0: start,q86: O_Accepted,q117: positive,36000,2
0,out/models/model_bpic17-before_model-it_0.pickle,123,213,quadratic,0.07092094421386719,0.999,0.0,0.999,0.0,q0: start,q41: negative,q117: positive,36000,2
1,out/models/model_bpic17-before_model-it_0.pickle,123,213,linear,0.011648893356323242,0.999,0.0,0.999,0.0,q0: start,q41: negative,q117: positive,36000,2
0,out/models/model_bpic17-before_model-it_0.pickle,123,213,quadratic,1.320410966873169,0.999,0.64,0.999,0.64,q0: start,q6: A_Submitted,q117: positive,36000,2
1,out/models/model_bpic17-before_model-it_0.pickle,123,213,linear,0.3491477966308594,0.999,0.64,0.999,0.64,q0: start,q6: A_Submitted,q117: positive,36000,2
0,out/models/model_bpic12_model-it_0.pickle,129,290,quadratic,14.913963079452515,1.0,0.0,1.0,1.0,q0: start,q111: customerA_APPROVED,q58: positive,36000,2
1,out/models/model_bpic12_model-it_0.pickle,129,290,linear,0.02615523338317871,1.0,0.0,1.0,1.0,q0: start,q111: customerA_APPROVED,q58: positive,36000,2
0,out/models/model_bpic12_model-it_0.pickle,129,290,quadratic,19.445812940597534,1.0,0.0,1.0,1.0,q0: start,q80: customerO_CREATED2,q58: positive,36000,2
1,out/models/model_bpic12_model-it_0.pickle,129,290,linear,0.05720782279968262,1.0,0.0,1.0,1.0,q0: start,q80: customerO_CREATED2,q58: positive,36000,2
0,out/models/model_bpic17-before_model-it_0.pickle,123,213,quadratic,0.057382822036743164,0.999,0.0,0.999,0.0,q0: start,q21: A_CancelledCUSTOMER,q117: positive,36000,2
1,out/models/model_bpic17-before_model-it_0.pickle,123,213,linear,0.02253127098083496,0.999,0.0,0.999,0.0,q0: start,q21: A_CancelledCUSTOMER,q117: positive,36000,2
0,out/models/model_bpic17-before_model-it_0.pickle,123,213,quadratic,1.6589980125427246,0.999,0.0,0.999,0.554,q0: start,q99: companyW_CallincompletefilesSHORT,q117: positive,36000,2
1,out/models/model_bpic17-before_model-it_0.pickle,123,213,linear,0.07546305656433105,0.999,0.0,0.999,0.554,q0: start,q99: companyW_CallincompletefilesSHORT,q117: positive,36000,2
0,out/models/model_bpic17-before_model-it_0.pickle,123,213,quadratic,1.4829599857330322,0.999,0.011,0.999,0.037,q0: start,q20: O_Sentonlineonly,q117: positive,36000,2
1,out/models/model_bpic17-before_model-it_0.pickle,123,213,linear,0.20865511894226074,0.999,0.011,0.999,0.037,q0: start,q20: O_Sentonlineonly,q117: positive,36000,2
0,out/models/model_bpic17-before_model-it_0.pickle,123,213,quadratic,0.8999769687652588,0.999,0.005,0.999,0.005,q0: start,q16: customerO_CreateOffer0,q117: positive,36000,2
1,out/models/model_bpic17-before_model-it_0.pickle,123,213,linear,0.24778485298156738,0.999,0.005,0.999,0.005,q0: start,q16: customerO_CreateOffer0,q117: positive,36000,2
0,out/models/model_bpic17-before_model-it_0.pickle,123,213,quadratic,4.901692152023315,0.999,0.0,0.999,0.135,q0: start,q113: companyW_CallincompletefilesSHORT,q117: positive,36000,2
1,out/models/model_bpic17-before_model-it_0.pickle,123,213,linear,0.11243081092834473,0.999,0.0,0.999,0.135,q0: start,q113: companyW_CallincompletefilesSHORT,q117: positive,36000,2
0,out/models/model_bpic12_model-it_0.pickle,129,290,quadratic,14.107278108596802,1.0,0.0,1.0,1.0,q0: start,q47: companyW_Nabellenincompletedossiers2,q58: positive,36000,2
1,out/models/model_bpic12_model-it_0.pickle,129,290,linear,0.01575016975402832,1.0,0.0,1.0,1.0,q0: start,q47: companyW_Nabellenincompletedossiers2,q58: positive,36000,2
0,out/models/model_bpic17-before_model-it_0.pickle,123,213,quadratic,0.794651985168457,0.999,0.048,0.999,0.048,q0: start,q90: O_Sentmailandonline,q117: positive,36000,2
1,out/models/model_bpic17-before_model-it_0.pickle,123,213,linear,0.23769116401672363,0.999,0.048,0.999,0.048,q0: start,q90: O_Sentmailandonline,q117: positive,36000,2
0,out/models/model_bpic17-before_model-it_0.pickle,123,213,quadratic,0.2510712146759033,0.999,0.003,0.999,0.003,q0: start,q121: customerO_Returned,q117: positive,36000,2
1,out/models/model_bpic17-before_model-it_0.pickle,123,213,linear,0.17798614501953125,0.999,0.003,0.999,0.003,q0: start,q121: customerO_Returned,q117: positive,36000,2
0,out/models/model_bpic17-before_model-it_0.pickle,123,213,quadratic,5.1553778648376465,0.999,0.023,0.999,0.048,q0: start,q49: companyW_CallafteroffersLONG,q117: positive,36000,2
1,out/models/model_bpic17-before_model-it_0.pickle,123,213,linear,0.28789401054382324,0.999,0.023,0.999,0.048,q0: start,q49: companyW_CallafteroffersLONG,q117: positive,36000,2
0,out/models/model_bpic17-before_model-it_0.pickle,123,213,quadratic,1.1553850173950195,0.999,0.002,0.999,0.002,q0: start,q66: O_Cancelled,q117: positive,36000,2
1,out/models/model_bpic17-before_model-it_0.pickle,123,213,linear,0.28371095657348633,0.999,0.002,0.999,0.002,q0: start,q66: O_Cancelled,q117: positive,36000,2
0,out/models/model_bpic17-before_model-it_0.pickle,123,213,quadratic,1.6183009147644043,0.999,0.008,0.999,0.008,q0: start,q73: companyO_Returned,q117: positive,36000,2
1,out/models/model_bpic17-before_model-it_0.pickle,123,213,linear,0.19466805458068848,0.999,0.008,0.999,0.008,q0: start,q73: companyO_Returned,q117: positive,36000,2
0,out/models/model_bpic17-before_model-it_0.pickle,123,213,quadratic,1.1496000289916992,0.999,0.752,0.999,0.752,q0: start,q46: companyA_Validating,q117: positive,36000,2
1,out/models/model_bpic17-before_model-it_0.pickle,123,213,linear,0.09214520454406738,0.999,0.752,0.999,0.752,q0: start,q46: companyA_Validating,q117: positive,36000,2
0,out/models/model_bpic17-before_model-it_0.pickle,123,213,quadratic,0.7800722122192383,0.999,0.05,0.999,0.05,q0: start,q65: O_Sentmailandonline,q117: positive,36000,2
1,out/models/model_bpic17-before_model-it_0.pickle,123,213,linear,0.42351198196411133,0.999,0.05,0.999,0.05,q0: start,q65: O_Sentmailandonline,q117: positive,36000,2
0,out/models/model_bpic17-before_model-it_0.pickle,123,213,quadratic,0.12059307098388672,0.999,1.0,0.999,1.0,q0: start,q1: companystart,q117: positive,36000,2
1,out/models/model_bpic17-before_model-it_0.pickle,123,213,linear,0.0163118839263916,0.999,1.0,0.999,1.0,q0: start,q1: companystart,q117: positive,36000,2
0,out/models/model_bpic17-before_model-it_0.pickle,123,213,quadratic,1.2791199684143066,0.999,0.245,0.999,0.245,q0: start,q89: O_Returned,q117: positive,36000,2
1,out/models/model_bpic17-before_model-it_0.pickle,123,213,linear,0.08887100219726562,0.999,0.245,0.999,0.245,q0: start,q89: O_Returned,q117: positive,36000,2
0,out/models/model_bpic17-before_model-it_0.pickle,123,213,quadratic,3.155977964401245,0.999,0.522,0.999,0.661,q0: start,q52: customerW_CallafteroffersSHORT,q117: positive,36000,2
1,out/models/model_bpic17-before_model-it_0.pickle,123,213,linear,0.17041587829589844,0.999,0.522,0.999,0.661,q0: start,q52: customerW_CallafteroffersSHORT,q117: positive,36000,2
0,out/models/model_bpic17-before_model-it_0.pickle,123,213,quadratic,1.699185848236084,0.999,0.007,0.999,0.007,q0: start,q67: O_CreateOffer1,q117: positive,36000,2
1,out/models/model_bpic17-before_model-it_0.pickle,123,213,linear,0.2487940788269043,0.999,0.007,0.999,0.007,q0: start,q67: O_CreateOffer1,q117: positive,36000,2
0,out/models/model_bpic17-before_model-it_0.pickle,123,213,quadratic,1.895462989807129,0.999,0.002,0.999,0.002,q0: start,q44: companyO_CreateOffer2,q117: positive,36000,2
1,out/models/model_bpic17-before_model-it_0.pickle,123,213,linear,0.19017910957336426,0.999,0.002,0.999,0.002,q0: start,q44: companyO_CreateOffer2,q117: positive,36000,2
0,out/models/model_bpic17-before_model-it_0.pickle,123,213,quadratic,1.3653430938720703,0.999,0.004,0.999,0.161,q0: start,q71: companyO_Sentmailandonline,q117: positive,36000,2
1,out/models/model_bpic17-before_model-it_0.pickle,123,213,linear,0.3075218200683594,0.999,0.004,0.999,0.161,q0: start,q71: companyO_Sentmailandonline,q117: positive,36000,2
0,out/models/model_bpic17-before_model-it_0.pickle,123,213,quadratic,1.8244082927703857,0.999,0.041,0.999,0.627,q0: start,q72: customerO_Sentmailandonline,q117: positive,36000,2
1,out/models/model_bpic17-before_model-it_0.pickle,123,213,linear,0.18331503868103027,0.999,0.041,0.999,0.627,q0: start,q72: customerO_Sentmailandonline,q117: positive,36000,2
0,out/models/model_bpic17-before_model-it_0.pickle,123,213,quadratic,1.1523311138153076,0.999,0.0,0.999,0.651,q0: start,q104: companyO_Cancelled,q117: positive,36000,2
1,out/models/model_bpic17-before_model-it_0.pickle,123,213,linear,0.08244180679321289,0.999,0.0,0.999,0.651,q0: start,q104: companyO_Cancelled,q117: positive,36000,2
0,out/models/model_bpic17-before_model-it_0.pickle,123,213,quadratic,0.536872148513794,0.999,0.001,0.999,0.001,q0: start,q39: W_CallafteroffersSUPERLONG,q117: positive,36000,2
1,out/models/model_bpic17-before_model-it_0.pickle,123,213,linear,0.21325898170471191,0.999,0.001,0.999,0.001,q0: start,q39: W_CallafteroffersSUPERLONG,q117: positive,36000,2
0,out/models/model_bpic17-before_model-it_0.pickle,123,213,quadratic,3.4153189659118652,0.999,0.746,0.999,0.746,q0: start,q74: customerO_Returned,q117: positive,36000,2
1,out/models/model_bpic17-before_model-it_0.pickle,123,213,linear,0.10970401763916016,0.999,0.746,0.999,0.746,q0: start,q74: customerO_Returned,q117: positive,36000,2
0,out/models/model_bpic17-before_model-it_0.pickle,123,213,quadratic,1.603060245513916,0.999,0.063,0.999,0.246,q0: start,q93: companyO_CreateOffer2,q117: positive,36000,2
1,out/models/model_bpic17-before_model-it_0.pickle,123,213,linear,0.3594648838043213,0.999,0.063,0.999,0.246,q0: start,q93: companyO_CreateOffer2,q117: positive,36000,2
0,out/models/model_bpic17-before_model-it_0.pickle,123,213,quadratic,1.008918046951294,0.999,0.64,0.999,0.64,q0: start,q8: companyA_Submitted,q117: positive,36000,2
1,out/models/model_bpic17-before_model-it_0.pickle,123,213,linear,0.3686549663543701,0.999,0.64,0.999,0.64,q0: start,q8: companyA_Submitted,q117: positive,36000,2
0,out/models/model_bpic17-before_model-it_0.pickle,123,213,quadratic,0.8925538063049316,0.999,0.64,0.999,0.64,q0: start,q14: A_Accepted,q117: positive,36000,2
1,out/models/model_bpic17-before_model-it_0.pickle,123,213,linear,0.36626505851745605,0.999,0.64,0.999,0.64,q0: start,q14: A_Accepted,q117: positive,36000,2
0,out/models/model_bpic17-before_model-it_0.pickle,123,213,quadratic,1.7882251739501953,0.999,0.0,0.999,0.779,q0: start,q100: customerW_CallincompletefilesSHORT,q117: positive,36000,2
1,out/models/model_bpic17-before_model-it_0.pickle,123,213,linear,0.10166525840759277,0.999,0.0,0.999,0.779,q0: start,q100: customerW_CallincompletefilesSHORT,q117: positive,36000,2
0,out/models/model_bpic17-before_model-it_0.pickle,123,213,quadratic,1.6070642471313477,0.999,0.36,0.999,0.36,q0: start,q3: companyA_CreateApplication,q117: positive,36000,2
1,out/models/model_bpic17-before_model-it_0.pickle,123,213,linear,0.32341694831848145,0.999,0.36,0.999,0.36,q0: start,q3: companyA_CreateApplication,q117: positive,36000,2
0,out/models/model_bpic17-before_model-it_0.pickle,123,213,quadratic,0.27471923828125,0.999,0.003,0.999,0.003,q0: start,q114: companyA_Validating,q117: positive,36000,2
1,out/models/model_bpic17-before_model-it_0.pickle,123,213,linear,0.12237787246704102,0.999,0.003,0.999,0.003,q0: start,q114: companyA_Validating,q117: positive,36000,2
0,out/models/model_bpic17-before_model-it_0.pickle,123,213,quadratic,1.4401230812072754,0.999,0.002,0.999,0.002,q0: start,q32: O_CreateOffer2,q117: positive,36000,2
1,out/models/model_bpic17-before_model-it_0.pickle,123,213,linear,0.1494598388671875,0.999,0.002,0.999,0.002,q0: start,q32: O_CreateOffer2,q117: positive,36000,2
0,out/models/model_bpic17-before_model-it_0.pickle,123,213,quadratic,2.927901029586792,0.999,0.042,0.999,0.656,q0: start,q33: O_Sentmailandonline,q117: positive,36000,2
1,out/models/model_bpic17-before_model-it_0.pickle,123,213,linear,0.15116596221923828,0.999,0.042,0.999,0.656,q0: start,q33: O_Sentmailandonline,q117: positive,36000,2
0,out/models/model_bpic17-before_model-it_0.pickle,123,213,quadratic,0.9912981986999512,0.999,0.637,0.999,0.637,q0: start,q31: companyO_CreateOffer0,q117: positive,36000,2
1,out/models/model_bpic17-before_model-it_0.pickle,123,213,linear,0.27928996086120605,0.999,0.637,0.999,0.637,q0: start,q31: companyO_CreateOffer0,q117: positive,36000,2
0,out/models/model_bpic12_model-it_0.pickle,129,290,quadratic,18.46965003013611,1.0,0.0,1.0,1.0,q0: start,q80: customerO_CREATED2,q58: positive,36000,2
1,out/models/model_bpic12_model-it_0.pickle,129,290,linear,0.09311079978942871,1.0,0.0,1.0,1.0,q0: start,q80: customerO_CREATED2,q58: positive,36000,2
0,out/models/model_bpic17-before_model-it_0.pickle,123,213,quadratic,1.0279297828674316,0.999,0.004,0.999,0.159,q0: start,q83: W_CallafteroffersLONG,q117: positive,36000,2
1,out/models/model_bpic17-before_model-it_0.pickle,123,213,linear,0.34439802169799805,0.999,0.004,0.999,0.159,q0: start,q83: W_CallafteroffersLONG,q117: positive,36000,2
0,out/models/model_bpic17-before_model-it_0.pickle,123,213,quadratic,0.06106090545654297,0.999,1.0,0.999,1.0,q0: start,q2: A_CreateApplication,q117: positive,36000,2
1,out/models/model_bpic17-before_model-it_0.pickle,123,213,linear,0.03841710090637207,0.999,1.0,0.999,1.0,q0: start,q2: A_CreateApplication,q117: positive,36000,2
0,out/models/model_bpic17-before_model-it_0.pickle,123,213,quadratic,0.057829856872558594,0.999,1.0,0.999,1.0,q0: start,q112: customerA_Pending,q117: positive,36000,2
1,out/models/model_bpic17-before_model-it_0.pickle,123,213,linear,0.050675153732299805,0.999,1.0,0.999,1.0,q0: start,q112: customerA_Pending,q117: positive,36000,2
0,out/models/model_bpic17-before_model-it_0.pickle,123,213,quadratic,0.9687361717224121,0.999,0.007,0.999,0.651,q0: start,q40: W_CallafteroffersSHORT,q117: positive,36000,2
1,out/models/model_bpic17-before_model-it_0.pickle,123,213,linear,0.26134800910949707,0.999,0.007,0.999,0.651,q0: start,q40: W_CallafteroffersSHORT,q117: positive,36000,2
0,out/models/model_bpic17-before_model-it_0.pickle,123,213,quadratic,1.2438619136810303,0.999,0.538,0.999,0.538,q0: start,q58: customerO_Sentmailandonline,q117: positive,36000,2
1,out/models/model_bpic17-before_model-it_0.pickle,123,213,linear,0.4155550003051758,0.999,0.538,0.999,0.538,q0: start,q58: customerO_Sentmailandonline,q117: positive,36000,2
0,out/models/model_bpic17-before_model-it_0.pickle,123,213,quadratic,0.9384667873382568,0.999,0.752,0.999,0.752,q0: start,q34: A_Validating,q117: positive,36000,2
1,out/models/model_bpic17-before_model-it_0.pickle,123,213,linear,0.10949206352233887,0.999,0.752,0.999,0.752,q0: start,q34: A_Validating,q117: positive,36000,2
0,out/models/model_bpic17-before_model-it_0.pickle,123,213,quadratic,0.9148249626159668,0.999,0.64,0.999,0.64,q0: start,q10: A_Concept,q117: positive,36000,2
1,out/models/model_bpic17-before_model-it_0.pickle,123,213,linear,0.5365769863128662,0.999,0.64,0.999,0.64,q0: start,q10: A_Concept,q117: positive,36000,2
0,out/models/model_bpic17-before_model-it_0.pickle,123,213,quadratic,0.04456806182861328,0.999,0.0,0.999,0.0,q0: start,q29: customerA_CancelledCUSTOMER,q117: positive,36000,2
1,out/models/model_bpic17-before_model-it_0.pickle,123,213,linear,0.0575861930847168,0.999,0.0,0.999,0.0,q0: start,q29: customerA_CancelledCUSTOMER,q117: positive,36000,2
0,out/models/model_bpic17-before_model-it_0.pickle,123,213,quadratic,0.9397730827331543,0.999,0.64,0.999,0.64,q0: start,q12: companyA_Concept,q117: positive,36000,2
1,out/models/model_bpic17-before_model-it_0.pickle,123,213,linear,0.41314697265625,0.999,0.64,0.999,0.64,q0: start,q12: companyA_Concept,q117: positive,36000,2
0,out/models/model_bpic17-before_model-it_0.pickle,123,213,quadratic,3.488736867904663,0.999,0.0,0.999,0.861,q0: start,q88: W_CallincompletefilesSHORT,q117: positive,36000,2
1,out/models/model_bpic17-before_model-it_0.pickle,123,213,linear,0.13531494140625,0.999,0.0,0.999,0.861,q0: start,q88: W_CallincompletefilesSHORT,q117: positive,36000,2
0,out/models/model_bpic17-before_model-it_0.pickle,123,213,quadratic,0.05211782455444336,0.999,0.0,0.999,0.0,q0: start,q48: customerTIMEOUT,q117: positive,36000,2
1,out/models/model_bpic17-before_model-it_0.pickle,123,213,linear,0.012655973434448242,0.999,0.0,0.999,0.0,q0: start,q48: customerTIMEOUT,q117: positive,36000,2
0,out/models/model_bpic17-before_model-it_0.pickle,123,213,quadratic,5.3079540729522705,0.999,0.043,0.999,0.654,q0: start,q60: O_Sentmailandonline,q117: positive,36000,2
1,out/models/model_bpic17-before_model-it_0.pickle,123,213,linear,0.3011200428009033,0.999,0.043,0.999,0.654,q0: start,q60: O_Sentmailandonline,q117: positive,36000,2
0,out/models/model_bpic17-before_model-it_0.pickle,123,213,quadratic,0.6349458694458008,0.999,0.0,0.999,0.0,q0: start,q122: companyW_CallincompletefilesSUPERLONG,q117: positive,36000,2
1,out/models/model_bpic17-before_model-it_0.pickle,123,213,linear,0.08157682418823242,0.999,0.0,0.999,0.0,q0: start,q122: companyW_CallincompletefilesSUPERLONG,q117: positive,36000,2
0,out/models/model_bpic17-before_model-it_0.pickle,123,213,quadratic,0.09913492202758789,0.999,0.0,0.999,0.0,q0: start,q21: A_CancelledCUSTOMER,q117: positive,36000,2
1,out/models/model_bpic17-before_model-it_0.pickle,123,213,linear,0.023884057998657227,0.999,0.0,0.999,0.0,q0: start,q21: A_CancelledCUSTOMER,q117: positive,36000,2
0,out/models/model_bpic17-before_model-it_0.pickle,123,213,quadratic,1.1524739265441895,0.999,0.584,0.999,0.584,q0: start,q43: O_Sentmailandonline,q117: positive,36000,2
1,out/models/model_bpic17-before_model-it_0.pickle,123,213,linear,0.44153285026550293,0.999,0.584,0.999,0.584,q0: start,q43: O_Sentmailandonline,q117: positive,36000,2
0,out/models/model_bpic17-before_model-it_0.pickle,123,213,quadratic,2.590440034866333,0.999,0.03,0.999,0.652,q0: start,q105: O_CreateOffer3,q117: positive,36000,2
1,out/models/model_bpic17-before_model-it_0.pickle,123,213,linear,0.14392876625061035,0.999,0.03,0.999,0.652,q0: start,q105: O_CreateOffer3,q117: positive,36000,2
0,out/models/model_bpic17-before_model-it_0.pickle,123,213,quadratic,0.9083528518676758,0.999,0.64,0.999,0.64,q0: start,q23: O_CreateOffer0,q117: positive,36000,2
1,out/models/model_bpic17-before_model-it_0.pickle,123,213,linear,0.3478052616119385,0.999,0.64,0.999,0.64,q0: start,q23: O_CreateOffer0,q117: positive,36000,2
0,out/models/model_bpic17-before_model-it_0.pickle,123,213,quadratic,1.5259878635406494,0.999,0.008,0.999,0.028,q0: start,q28: customerO_Sentonlineonly,q117: positive,36000,2
1,out/models/model_bpic17-before_model-it_0.pickle,123,213,linear,0.3572371006011963,0.999,0.008,0.999,0.028,q0: start,q28: customerO_Sentonlineonly,q117: positive,36000,2
0,out/models/model_bpic17-before_model-it_0.pickle,123,213,quadratic,1.062727928161621,0.999,0.0,0.999,0.241,q0: start,q118: W_CallincompletefilesLONG,q117: positive,36000,2
1,out/models/model_bpic17-before_model-it_0.pickle,123,213,linear,0.13428711891174316,0.999,0.0,0.999,0.241,q0: start,q118: W_CallincompletefilesLONG,q117: positive,36000,2
0,out/models/model_bpic17-before_model-it_0.pickle,123,213,quadratic,2.039708137512207,0.999,0.063,0.999,0.246,q0: start,q82: O_CreateOffer2,q117: positive,36000,2
1,out/models/model_bpic17-before_model-it_0.pickle,123,213,linear,0.2861168384552002,0.999,0.063,0.999,0.246,q0: start,q82: O_CreateOffer2,q117: positive,36000,2
0,out/models/model_bpic17-before_model-it_0.pickle,123,213,quadratic,0.09080910682678223,0.999,1.0,0.999,1.0,q0: start,q106: A_Pending,q117: positive,36000,2
1,out/models/model_bpic17-before_model-it_0.pickle,123,213,linear,0.025114059448242188,0.999,1.0,0.999,1.0,q0: start,q106: A_Pending,q117: positive,36000,2
0,out/models/model_bpic17-before_model-it_0.pickle,123,213,quadratic,0.9533569812774658,0.999,0.052,0.999,0.052,q0: start,q42: O_CreateOffer1,q117: positive,36000,2
1,out/models/model_bpic17-before_model-it_0.pickle,123,213,linear,0.3852498531341553,0.999,0.052,0.999,0.052,q0: start,q42: O_CreateOffer1,q117: positive,36000,2
0,out/models/model_bpic17-before_model-it_0.pickle,123,213,quadratic,1.762751817703247,0.999,0.0,0.999,0.651,q0: start,q110: O_CreateOffer2,q117: positive,36000,2
1,out/models/model_bpic17-before_model-it_0.pickle,123,213,linear,0.06675505638122559,0.999,0.0,0.999,0.651,q0: start,q110: O_CreateOffer2,q117: positive,36000,2
0,out/models/model_bpic17-before_model-it_0.pickle,123,213,quadratic,1.7123231887817383,0.999,0.673,0.999,0.673,q0: start,q64: O_Cancelled,q117: positive,36000,2
1,out/models/model_bpic17-before_model-it_0.pickle,123,213,linear,0.22449898719787598,0.999,0.673,0.999,0.673,q0: start,q64: O_Cancelled,q117: positive,36000,2
0,out/models/model_bpic17-before_model-it_0.pickle,123,213,quadratic,0.9195570945739746,0.999,0.243,0.999,0.243,q0: start,q101: customerO_Returned,q117: positive,36000,2
1,out/models/model_bpic17-before_model-it_0.pickle,123,213,linear,0.05694389343261719,0.999,0.243,0.999,0.243,q0: start,q101: customerO_Returned,q117: positive,36000,2
0,out/models/model_bpic17-before_model-it_0.pickle,123,213,quadratic,3.465510129928589,0.999,0.032,0.999,0.53,q0: start,q94: companyW_CallafteroffersSHORT,q117: positive,36000,2
1,out/models/model_bpic17-before_model-it_0.pickle,123,213,linear,0.17145013809204102,0.999,0.032,0.999,0.53,q0: start,q94: companyW_CallafteroffersSHORT,q117: positive,36000,2
0,out/models/model_bpic17-before_model-it_0.pickle,123,213,quadratic,2.5139029026031494,0.999,0.0,0.999,0.651,q0: start,q116: companyO_CreateOffer2,q117: positive,36000,2
1,out/models/model_bpic17-before_model-it_0.pickle,123,213,linear,0.09793615341186523,0.999,0.0,0.999,0.651,q0: start,q116: companyO_CreateOffer2,q117: positive,36000,2
0,out/models/model_bpic17-before_model-it_0.pickle,123,213,quadratic,1.6268031597137451,0.999,0.014,0.999,0.014,q0: start,q18: O_CreateOffer1,q117: positive,36000,2
1,out/models/model_bpic17-before_model-it_0.pickle,123,213,linear,0.22721195220947266,0.999,0.014,0.999,0.014,q0: start,q18: O_CreateOffer1,q117: positive,36000,2
0,out/models/model_bpic17-before_model-it_0.pickle,123,213,quadratic,1.4448740482330322,0.999,0.046,0.999,0.046,q0: start,q57: companyO_Sentmailandonline,q117: positive,36000,2
1,out/models/model_bpic17-before_model-it_0.pickle,123,213,linear,0.3051328659057617,0.999,0.046,0.999,0.046,q0: start,q57: companyO_Sentmailandonline,q117: positive,36000,2
0,out/models/model_bpic17-before_model-it_0.pickle,123,213,quadratic,0.837122917175293,0.999,0.004,0.999,0.159,q0: start,q83: W_CallafteroffersLONG,q117: positive,36000,2
1,out/models/model_bpic17-before_model-it_0.pickle,123,213,linear,0.23483538627624512,0.999,0.004,0.999,0.159,q0: start,q83: W_CallafteroffersLONG,q117: positive,36000,2
0,out/models/model_bpic17-before_model-it_0.pickle,123,213,quadratic,1.1781690120697021,0.999,0.041,0.999,0.041,q0: start,q68: W_CallafteroffersLONG,q117: positive,36000,2
1,out/models/model_bpic17-before_model-it_0.pickle,123,213,linear,0.3348989486694336,0.999,0.041,0.999,0.041,q0: start,q68: W_CallafteroffersLONG,q117: positive,36000,2
0,out/models/model_bpic17-before_model-it_0.pickle,123,213,quadratic,0.6406829357147217,0.999,0.048,0.999,0.048,q0: start,q90: O_Sentmailandonline,q117: positive,36000,2
1,out/models/model_bpic17-before_model-it_0.pickle,123,213,linear,0.14259982109069824,0.999,0.048,0.999,0.048,q0: start,q90: O_Sentmailandonline,q117: positive,36000,2
0,out/models/model_bpic17-before_model-it_0.pickle,123,213,quadratic,1.8915510177612305,0.999,0.004,0.999,0.004,q0: start,q109: W_CallafteroffersLONG,q117: positive,36000,2
1,out/models/model_bpic17-before_model-it_0.pickle,123,213,linear,0.2321460247039795,0.999,0.004,0.999,0.004,q0: start,q109: W_CallafteroffersLONG,q117: positive,36000,2
0,out/models/model_bpic17-before_model-it_0.pickle,123,213,quadratic,0.7158429622650146,0.999,0.005,0.999,0.005,q0: start,q16: customerO_CreateOffer0,q117: positive,36000,2
1,out/models/model_bpic17-before_model-it_0.pickle,123,213,linear,0.15219712257385254,0.999,0.005,0.999,0.005,q0: start,q16: customerO_CreateOffer0,q117: positive,36000,2
0,out/models/model_bpic17-before_model-it_0.pickle,123,213,quadratic,1.5784859657287598,0.999,0.36,0.999,0.36,q0: start,q7: companyA_Concept,q117: positive,36000,2
1,out/models/model_bpic17-before_model-it_0.pickle,123,213,linear,0.3311741352081299,0.999,0.36,0.999,0.36,q0: start,q7: companyA_Concept,q117: positive,36000,2
0,out/models/model_bpic17-before_model-it_0.pickle,123,213,quadratic,1.1171531677246094,0.999,0.752,0.999,0.752,q0: start,q46: companyA_Validating,q117: positive,36000,2
1,out/models/model_bpic17-before_model-it_0.pickle,123,213,linear,0.10455822944641113,0.999,0.752,0.999,0.752,q0: start,q46: companyA_Validating,q117: positive,36000,2
0,out/models/model_bpic17-before_model-it_0.pickle,123,213,quadratic,2.094238042831421,0.999,0.002,0.999,0.002,q0: start,q115: companyW_CallafteroffersLONG,q117: positive,36000,2
1,out/models/model_bpic17-before_model-it_0.pickle,123,213,linear,0.12043309211730957,0.999,0.002,0.999,0.002,q0: start,q115: companyW_CallafteroffersLONG,q117: positive,36000,2
0,out/models/model_bpic17-before_model-it_0.pickle,123,213,quadratic,0.7501349449157715,0.999,0.05,0.999,0.05,q0: start,q55: companyO_CreateOffer1,q117: positive,36000,2
1,out/models/model_bpic17-before_model-it_0.pickle,123,213,linear,0.2097771167755127,0.999,0.05,0.999,0.05,q0: start,q55: companyO_CreateOffer1,q117: positive,36000,2
0,out/models/model_bpic17-before_model-it_0.pickle,123,213,quadratic,3.0985519886016846,0.999,0.244,0.999,0.244,q0: start,q80: companyW_CallafteroffersSHORT,q117: positive,36000,2
1,out/models/model_bpic17-before_model-it_0.pickle,123,213,linear,0.23034191131591797,0.999,0.244,0.999,0.244,q0: start,q80: companyW_CallafteroffersSHORT,q117: positive,36000,2
0,out/models/model_bpic17-before_model-it_0.pickle,123,213,quadratic,0.09309697151184082,0.999,1.0,0.999,1.0,q0: start,q96: companyO_Accepted,q117: positive,36000,2
1,out/models/model_bpic17-before_model-it_0.pickle,123,213,linear,0.015434741973876953,0.999,1.0,0.999,1.0,q0: start,q96: companyO_Accepted,q117: positive,36000,2
0,out/models/model_bpic17-before_model-it_0.pickle,123,213,quadratic,2.448028087615967,0.999,0.03,0.999,0.652,q0: start,q111: companyO_CreateOffer3,q117: positive,36000,2
1,out/models/model_bpic17-before_model-it_0.pickle,123,213,linear,0.15627288818359375,0.999,0.03,0.999,0.652,q0: start,q111: companyO_CreateOffer3,q117: positive,36000,2
0,out/models/model_bpic17-before_model-it_0.pickle,123,213,quadratic,0.7194950580596924,0.999,0.05,0.999,0.05,q0: start,q65: O_Sentmailandonline,q117: positive,36000,2
1,out/models/model_bpic17-before_model-it_0.pickle,123,213,linear,0.32961106300354004,0.999,0.05,0.999,0.05,q0: start,q65: O_Sentmailandonline,q117: positive,36000,2
0,out/models/model_bpic17-before_model-it_0.pickle,123,213,quadratic,2.1363589763641357,0.999,0.008,0.999,0.67,q0: start,q85: A_Validating,q117: positive,36000,2
1,out/models/model_bpic17-before_model-it_0.pickle,123,213,linear,0.19559097290039062,0.999,0.008,0.999,0.67,q0: start,q85: A_Validating,q117: positive,36000,2
0,out/models/model_bpic17-before_model-it_0.pickle,123,213,quadratic,0.8476388454437256,0.999,0.64,0.999,0.64,q0: start,q4: customerA_CreateApplication,q117: positive,36000,2
1,out/models/model_bpic17-before_model-it_0.pickle,123,213,linear,0.3744471073150635,0.999,0.64,0.999,0.64,q0: start,q4: customerA_CreateApplication,q117: positive,36000,2
0,out/models/model_bpic17-before_model-it_0.pickle,123,213,quadratic,1.1333940029144287,0.999,0.048,0.999,0.048,q0: start,q77: companyO_Sentmailandonline,q117: positive,36000,2
1,out/models/model_bpic17-before_model-it_0.pickle,123,213,linear,0.19402098655700684,0.999,0.048,0.999,0.048,q0: start,q77: companyO_Sentmailandonline,q117: positive,36000,2
0,out/models/model_bpic17-before_model-it_0.pickle,123,213,quadratic,0.5038180351257324,0.999,0.001,0.999,0.001,q0: start,q53: companyW_CallafteroffersSUPERLONG,q117: positive,36000,2
1,out/models/model_bpic17-before_model-it_0.pickle,123,213,linear,0.21454811096191406,0.999,0.001,0.999,0.001,q0: start,q53: companyW_CallafteroffersSUPERLONG,q117: positive,36000,2
0,out/models/model_bpic17-before_model-it_0.pickle,123,213,quadratic,0.520637035369873,0.999,0.001,0.999,0.001,q0: start,q39: W_CallafteroffersSUPERLONG,q117: positive,36000,2
1,out/models/model_bpic17-before_model-it_0.pickle,123,213,linear,0.2952570915222168,0.999,0.001,0.999,0.001,q0: start,q39: W_CallafteroffersSUPERLONG,q117: positive,36000,2
0,out/models/model_bpic17-before_model-it_0.pickle,123,213,quadratic,4.73082709312439,0.999,0.197,0.999,0.708,q0: start,q25: companyO_Sentmailandonline,q117: positive,36000,2
1,out/models/model_bpic17-before_model-it_0.pickle,123,213,linear,0.29799389839172363,0.999,0.197,0.999,0.708,q0: start,q25: companyO_Sentmailandonline,q117: positive,36000,2
0,out/models/model_bpic17-before_model-it_0.pickle,123,213,quadratic,0.9681911468505859,0.999,0.004,0.999,0.161,q0: start,q71: companyO_Sentmailandonline,q117: positive,36000,2
1,out/models/model_bpic17-before_model-it_0.pickle,123,213,linear,0.3146321773529053,0.999,0.004,0.999,0.161,q0: start,q71: companyO_Sentmailandonline,q117: positive,36000,2
0,out/models/model_bpic17-before_model-it_0.pickle,123,213,quadratic,0.0538020133972168,0.999,1.0,0.999,1.0,q0: start,q2: A_CreateApplication,q117: positive,36000,2
1,out/models/model_bpic17-before_model-it_0.pickle,123,213,linear,0.029427766799926758,0.999,1.0,0.999,1.0,q0: start,q2: A_CreateApplication,q117: positive,36000,2
0,out/models/model_bpic17-before_model-it_0.pickle,123,213,quadratic,8.417211771011353,0.999,0.001,0.999,0.004,q0: start,q37: W_CallafteroffersLONG,q117: positive,36000,2
1,out/models/model_bpic17-before_model-it_0.pickle,123,213,linear,0.31039881706237793,0.999,0.001,0.999,0.004,q0: start,q37: W_CallafteroffersLONG,q117: positive,36000,2
0,out/models/model_bpic17-before_model-it_0.pickle,123,213,quadratic,0.9002079963684082,0.999,0.64,0.999,0.64,q0: start,q10: A_Concept,q117: positive,36000,2
1,out/models/model_bpic17-before_model-it_0.pickle,123,213,linear,0.42423200607299805,0.999,0.64,0.999,0.64,q0: start,q10: A_Concept,q117: positive,36000,2
0,out/models/model_bpic17-before_model-it_0.pickle,123,213,quadratic,1.120190143585205,0.999,0.041,0.999,0.041,q0: start,q68: W_CallafteroffersLONG,q117: positive,36000,2
1,out/models/model_bpic17-before_model-it_0.pickle,123,213,linear,0.5004422664642334,0.999,0.041,0.999,0.041,q0: start,q68: W_CallafteroffersLONG,q117: positive,36000,2
0,out/models/model_bpic17-before_model-it_0.pickle,123,213,quadratic,0.8918020725250244,0.999,0.028,0.999,0.156,q0: start,q50: customerW_CallafteroffersLONG,q117: positive,36000,2
1,out/models/model_bpic17-before_model-it_0.pickle,123,213,linear,0.3494679927825928,0.999,0.028,0.999,0.156,q0: start,q50: customerW_CallafteroffersLONG,q117: positive,36000,2
0,out/models/model_bpic17-before_model-it_0.pickle,123,213,quadratic,0.8679399490356445,0.999,0.64,0.999,0.64,q0: start,q17: companyA_Accepted,q117: positive,36000,2
1,out/models/model_bpic17-before_model-it_0.pickle,123,213,linear,0.3717021942138672,0.999,0.64,0.999,0.64,q0: start,q17: companyA_Accepted,q117: positive,36000,2
0,out/models/model_bpic17-before_model-it_0.pickle,123,213,quadratic,0.9079971313476562,0.999,0.752,0.999,0.752,q0: start,q34: A_Validating,q117: positive,36000,2
1,out/models/model_bpic17-before_model-it_0.pickle,123,213,linear,0.08632683753967285,0.999,0.752,0.999,0.752,q0: start,q34: A_Validating,q117: positive,36000,2
0,out/models/model_bpic17-before_model-it_0.pickle,123,213,quadratic,1.633957862854004,0.999,0.078,0.999,0.619,q0: start,q84: W_CallafteroffersSHORT,q117: positive,36000,2
1,out/models/model_bpic17-before_model-it_0.pickle,123,213,linear,0.27204203605651855,0.999,0.078,0.999,0.619,q0: start,q84: W_CallafteroffersSHORT,q117: positive,36000,2
0,out/models/model_bpic17-before_model-it_0.pickle,123,213,quadratic,3.164397954940796,0.999,0.0,0.999,0.001,q0: start,q51: companyW_CallafteroffersSHORT,q117: positive,36000,2
1,out/models/model_bpic17-before_model-it_0.pickle,123,213,linear,0.12332701683044434,0.999,0.0,0.999,0.0,q0: start,q51: companyW_CallafteroffersSHORT,q117: positive,36000,2
0,out/models/model_bpic17-before_model-it_0.pickle,123,213,quadratic,1.571822166442871,0.999,0.008,0.999,0.67,q0: start,q95: customerA_Validating,q117: positive,36000,2
1,out/models/model_bpic17-before_model-it_0.pickle,123,213,linear,0.14638495445251465,0.999,0.008,0.999,0.67,q0: start,q95: customerA_Validating,q117: positive,36000,2
0,out/models/model_bpic17-before_model-it_0.pickle,123,213,quadratic,0.8679132461547852,0.999,0.64,0.999,0.64,q0: start,q6: A_Submitted,q117: positive,36000,2
1,out/models/model_bpic17-before_model-it_0.pickle,123,213,linear,0.29911303520202637,0.999,0.64,0.999,0.64,q0: start,q6: A_Submitted,q117: positive,36000,2
0,out/models/model_bpic17-before_model-it_0.pickle,123,213,quadratic,1.9493379592895508,0.999,0.004,0.999,0.004,q0: start,q109: W_CallafteroffersLONG,q117: positive,36000,2
1,out/models/model_bpic17-before_model-it_0.pickle,123,213,linear,0.18843984603881836,0.999,0.004,0.999,0.004,q0: start,q109: W_CallafteroffersLONG,q117: positive,36000,2
0,out/models/model_bpic17-before_model-it_0.pickle,123,213,quadratic,5.31883692741394,0.999,0.0,0.999,0.204,q0: start,q107: W_CallincompletefilesSHORT,q117: positive,36000,2
1,out/models/model_bpic17-before_model-it_0.pickle,123,213,linear,0.13016581535339355,0.999,0.0,0.999,0.204,q0: start,q107: W_CallincompletefilesSHORT,q117: positive,36000,2
0,out/models/model_bpic17-before_model-it_0.pickle,123,213,quadratic,1.3433630466461182,0.999,0.002,0.999,0.002,q0: start,q44: companyO_CreateOffer2,q117: positive,36000,2
1,out/models/model_bpic17-before_model-it_0.pickle,123,213,linear,0.16084003448486328,0.999,0.002,0.999,0.002,q0: start,q44: companyO_CreateOffer2,q117: positive,36000,2
0,out/models/model_bpic17-before_model-it_0.pickle,123,213,quadratic,1.3627808094024658,0.999,0.008,0.999,0.028,q0: start,q28: customerO_Sentonlineonly,q117: positive,36000,2
1,out/models/model_bpic17-before_model-it_0.pickle,123,213,linear,0.3862478733062744,0.999,0.008,0.999,0.028,q0: start,q28: customerO_Sentonlineonly,q117: positive,36000,2
0,out/models/model_bpic17-before_model-it_0.pickle,123,213,quadratic,1.1703600883483887,0.999,0.64,0.999,0.64,q0: start,q23: O_CreateOffer0,q117: positive,36000,2
1,out/models/model_bpic17-before_model-it_0.pickle,123,213,linear,0.37471985816955566,0.999,0.64,0.999,0.64,q0: start,q23: O_CreateOffer0,q117: positive,36000,2
0,out/models/model_bpic17-before_model-it_0.pickle,123,213,quadratic,3.2444372177124023,0.999,0.381,0.999,0.687,q0: start,q47: companyO_CreateOffer1,q117: positive,36000,2
1,out/models/model_bpic17-before_model-it_0.pickle,123,213,linear,0.24562597274780273,0.999,0.381,0.999,0.687,q0: start,q47: companyO_CreateOffer1,q117: positive,36000,2
0,out/models/model_bpic17-before_model-it_0.pickle,123,213,quadratic,0.10933685302734375,0.999,1.0,0.999,1.0,q0: start,q112: customerA_Pending,q117: positive,36000,2
1,out/models/model_bpic17-before_model-it_0.pickle,123,213,linear,0.04972410202026367,0.999,1.0,0.999,1.0,q0: start,q112: customerA_Pending,q117: positive,36000,2
0,out/models/model_bpic17-before_model-it_0.pickle,123,213,quadratic,1.2133538722991943,0.999,0.0,0.999,0.221,q0: start,q98: customerW_CallincompletefilesLONG,q117: positive,36000,2
1,out/models/model_bpic17-before_model-it_0.pickle,123,213,linear,0.12033891677856445,0.999,0.0,0.999,0.221,q0: start,q98: customerW_CallincompletefilesLONG,q117: positive,36000,2
0,out/models/model_bpic17-before_model-it_0.pickle,123,213,quadratic,0.5216989517211914,0.999,0.003,0.999,0.009,q0: start,q27: companyO_Sentonlineonly,q117: positive,36000,2
1,out/models/model_bpic17-before_model-it_0.pickle,123,213,linear,0.12594079971313477,0.999,0.003,0.999,0.009,q0: start,q27: companyO_Sentonlineonly,q117: positive,36000,2
0,out/models/model_bpic17-before_model-it_0.pickle,123,213,quadratic,2.4890758991241455,0.999,0.244,0.999,0.244,q0: start,q80: companyW_CallafteroffersSHORT,q117: positive,36000,2
1,out/models/model_bpic17-before_model-it_0.pickle,123,213,linear,0.20165300369262695,0.999,0.244,0.999,0.244,q0: start,q80: companyW_CallafteroffersSHORT,q117: positive,36000,2
0,out/models/model_bpic17-before_model-it_0.pickle,123,213,quadratic,0.5164871215820312,0.999,0.0,0.999,0.0,q0: start,q122: companyW_CallincompletefilesSUPERLONG,q117: positive,36000,2
1,out/models/model_bpic17-before_model-it_0.pickle,123,213,linear,0.10188698768615723,0.999,0.0,0.999,0.0,q0: start,q122: companyW_CallincompletefilesSUPERLONG,q117: positive,36000,2
0,out/models/model_bpic17-before_model-it_0.pickle,123,213,quadratic,1.0687673091888428,0.999,0.637,0.999,0.637,q0: start,q31: companyO_CreateOffer0,q117: positive,36000,2
1,out/models/model_bpic17-before_model-it_0.pickle,123,213,linear,0.42743897438049316,0.999,0.637,0.999,0.637,q0: start,q31: companyO_CreateOffer0,q117: positive,36000,2
0,out/models/model_bpic17-before_model-it_0.pickle,123,213,quadratic,1.7091612815856934,0.999,0.673,0.999,0.673,q0: start,q64: O_Cancelled,q117: positive,36000,2
1,out/models/model_bpic17-before_model-it_0.pickle,123,213,linear,0.20234894752502441,0.999,0.673,0.999,0.673,q0: start,q64: O_Cancelled,q117: positive,36000,2
0,out/models/model_bpic17-before_model-it_0.pickle,123,213,quadratic,1.1969561576843262,0.999,0.0,0.999,0.651,q0: start,q104: companyO_Cancelled,q117: positive,36000,2
1,out/models/model_bpic17-before_model-it_0.pickle,123,213,linear,0.042707204818725586,0.999,0.0,0.999,0.651,q0: start,q104: companyO_Cancelled,q117: positive,36000,2
0,out/models/model_bpic17-before_model-it_0.pickle,123,213,quadratic,1.19663405418396,0.999,0.002,0.999,0.002,q0: start,q56: customerO_CreateOffer1,q117: positive,36000,2
1,out/models/model_bpic17-before_model-it_0.pickle,123,213,linear,0.17197203636169434,0.999,0.002,0.999,0.002,q0: start,q56: customerO_CreateOffer1,q117: positive,36000,2
0,out/models/model_bpic17-before_model-it_0.pickle,123,213,quadratic,0.32559704780578613,0.999,0.003,0.999,0.003,q0: start,q121: customerO_Returned,q117: positive,36000,2
1,out/models/model_bpic17-before_model-it_0.pickle,123,213,linear,0.1872727870941162,0.999,0.003,0.999,0.003,q0: start,q121: customerO_Returned,q117: positive,36000,2
0,out/models/model_bpic17-before_model-it_0.pickle,123,213,quadratic,14.473207950592041,0.999,0.0,0.999,0.001,q0: start,q38: W_CallafteroffersSHORT,q117: positive,36000,2
1,out/models/model_bpic17-before_model-it_0.pickle,123,213,linear,0.1294538974761963,0.999,0.0,0.999,0.0,q0: start,q38: W_CallafteroffersSHORT,q117: positive,36000,2
0,out/models/model_bpic17-before_model-it_0.pickle,123,213,quadratic,0.04361891746520996,0.999,1.0,0.999,1.0,q0: start,q1: companystart,q117: positive,36000,2
1,out/models/model_bpic17-before_model-it_0.pickle,123,213,linear,0.029791831970214844,0.999,1.0,0.999,1.0,q0: start,q1: companystart,q117: positive,36000,2
0,out/models/model_bpic17-before_model-it_0.pickle,123,213,quadratic,1.1977298259735107,0.999,0.0,0.999,0.241,q0: start,q118: W_CallincompletefilesLONG,q117: positive,36000,2
1,out/models/model_bpic17-before_model-it_0.pickle,123,213,linear,0.10402107238769531,0.999,0.0,0.999,0.241,q0: start,q118: W_CallincompletefilesLONG,q117: positive,36000,2
0,out/models/model_bpic17-before_model-it_0.pickle,123,213,quadratic,1.139981746673584,0.999,0.002,0.999,0.002,q0: start,q66: O_Cancelled,q117: positive,36000,2
1,out/models/model_bpic17-before_model-it_0.pickle,123,213,linear,0.2064039707183838,0.999,0.002,0.999,0.002,q0: start,q66: O_Cancelled,q117: positive,36000,2
0,out/models/model_bpic17-before_model-it_0.pickle,123,213,quadratic,0.958549976348877,0.999,0.007,0.999,0.651,q0: start,q40: W_CallafteroffersSHORT,q117: positive,36000,2
1,out/models/model_bpic17-before_model-it_0.pickle,123,213,linear,0.24974608421325684,0.999,0.007,0.999,0.651,q0: start,q40: W_CallafteroffersSHORT,q117: positive,36000,2
0,out/models/model_bpic17-before_model-it_0.pickle,123,213,quadratic,2.9728751182556152,0.999,0.042,0.999,0.656,q0: start,q33: O_Sentmailandonline,q117: positive,36000,2
1,out/models/model_bpic17-before_model-it_0.pickle,123,213,linear,0.18015122413635254,0.999,0.042,0.999,0.656,q0: start,q33: O_Sentmailandonline,q117: positive,36000,2
0,out/models/model_bpic17-before_model-it_0.pickle,123,213,quadratic,0.9993889331817627,0.999,0.64,0.999,0.64,q0: start,q8: companyA_Submitted,q117: positive,36000,2
1,out/models/model_bpic17-before_model-it_0.pickle,123,213,linear,0.4180481433868408,0.999,0.64,0.999,0.64,q0: start,q8: companyA_Submitted,q117: positive,36000,2
0,out/models/model_bpic17-before_model-it_0.pickle,123,213,quadratic,0.05147600173950195,0.999,0.0,0.999,0.0,q0: start,q41: negative,q117: positive,36000,2
1,out/models/model_bpic17-before_model-it_0.pickle,123,213,linear,0.047432899475097656,0.999,0.0,0.999,0.0,q0: start,q41: negative,q117: positive,36000,2
0,out/models/model_bpic17-before_model-it_0.pickle,123,213,quadratic,0.05757403373718262,0.999,0.0,0.999,0.0,q0: start,q54: customerW_CallafteroffersSUPERLONG,q117: positive,36000,2
1,out/models/model_bpic17-before_model-it_0.pickle,123,213,linear,0.013815879821777344,0.999,0.0,0.999,0.0,q0: start,q54: customerW_CallafteroffersSUPERLONG,q117: positive,36000,2
0,out/models/model_bpic17-before_model-it_0.pickle,123,213,quadratic,1.5414912700653076,0.999,0.0,0.999,0.554,q0: start,q99: companyW_CallincompletefilesSHORT,q117: positive,36000,2
1,out/models/model_bpic17-before_model-it_0.pickle,123,213,linear,0.06903600692749023,0.999,0.0,0.999,0.554,q0: start,q99: companyW_CallincompletefilesSHORT,q117: positive,36000,2
0,out/models/model_bpic17-before_model-it_0.pickle,123,213,quadratic,5.094260931015015,0.999,0.0,0.999,0.135,q0: start,q113: companyW_CallincompletefilesSHORT,q117: positive,36000,2
1,out/models/model_bpic17-before_model-it_0.pickle,123,213,linear,0.07027006149291992,0.999,0.0,0.999,0.135,q0: start,q113: companyW_CallincompletefilesSHORT,q117: positive,36000,2
0,out/models/model_bpic17-before_model-it_0.pickle,123,213,quadratic,1.059946060180664,0.999,0.64,0.999,0.64,q0: start,q14: A_Accepted,q117: positive,36000,2
1,out/models/model_bpic17-before_model-it_0.pickle,123,213,linear,0.2552521228790283,0.999,0.64,0.999,0.64,q0: start,q14: A_Accepted,q117: positive,36000,2
0,out/models/model_bpic17-before_model-it_0.pickle,123,213,quadratic,1.7527410984039307,0.999,0.559,0.999,0.616,q0: start,q26: customerO_Sentmailandonline,q117: positive,36000,2
1,out/models/model_bpic17-before_model-it_0.pickle,123,213,linear,0.26354503631591797,0.999,0.559,0.999,0.616,q0: start,q26: customerO_Sentmailandonline,q117: positive,36000,2
0,out/models/model_bpic17-before_model-it_0.pickle,123,213,quadratic,1.337813138961792,0.999,0.014,0.999,0.014,q0: start,q18: O_CreateOffer1,q117: positive,36000,2
1,out/models/model_bpic17-before_model-it_0.pickle,123,213,linear,0.3255889415740967,0.999,0.014,0.999,0.014,q0: start,q18: O_CreateOffer1,q117: positive,36000,2
0,out/models/model_bpic17-before_model-it_0.pickle,123,213,quadratic,2.3698198795318604,0.999,0.651,0.999,0.651,q0: start,q76: customerO_Cancelled,q117: positive,36000,2
1,out/models/model_bpic17-before_model-it_0.pickle,123,213,linear,0.1688690185546875,0.999,0.651,0.999,0.651,q0: start,q76: customerO_Cancelled,q117: positive,36000,2
0,out/models/model_bpic17-before_model-it_0.pickle,123,213,quadratic,1.5104188919067383,0.999,0.36,0.999,0.36,q0: start,q5: A_Concept,q117: positive,36000,2
1,out/models/model_bpic17-before_model-it_0.pickle,123,213,linear,0.40004777908325195,0.999,0.36,0.999,0.36,q0: start,q5: A_Concept,q117: positive,36000,2
0,out/models/model_bpic17-before_model-it_0.pickle,123,213,quadratic,1.145780086517334,0.999,0.052,0.999,0.052,q0: start,q42: O_CreateOffer1,q117: positive,36000,2
1,out/models/model_bpic17-before_model-it_0.pickle,123,213,linear,0.26688122749328613,0.999,0.052,0.999,0.052,q0: start,q42: O_CreateOffer1,q117: positive,36000,2
0,out/models/model_bpic17-before_model-it_0.pickle,123,213,quadratic,0.48189711570739746,0.999,0.0,0.999,0.0,q0: start,q120: W_CallincompletefilesSUPERLONG,q117: positive,36000,2
1,out/models/model_bpic17-before_model-it_0.pickle,123,213,linear,0.045404911041259766,0.999,0.0,0.999,0.0,q0: start,q120: W_CallincompletefilesSUPERLONG,q117: positive,36000,2
0,out/models/model_bpic17-before_model-it_0.pickle,123,213,quadratic,1.4792168140411377,0.999,0.007,0.999,0.007,q0: start,q67: O_CreateOffer1,q117: positive,36000,2
1,out/models/model_bpic17-before_model-it_0.pickle,123,213,linear,0.25325798988342285,0.999,0.007,0.999,0.007,q0: start,q67: O_CreateOffer1,q117: positive,36000,2
0,out/models/model_bpic17-before_model-it_0.pickle,123,213,quadratic,0.17977499961853027,0.999,0.0,0.999,0.651,q0: start,q91: O_Cancelled,q117: positive,36000,2
1,out/models/model_bpic17-before_model-it_0.pickle,123,213,linear,0.046704769134521484,0.999,0.0,0.999,0.651,q0: start,q91: O_Cancelled,q117: positive,36000,2
0,out/models/model_bpic17-before_model-it_0.pickle,123,213,quadratic,0.25292396545410156,0.999,0.003,0.999,0.003,q0: start,q114: companyA_Validating,q117: positive,36000,2
1,out/models/model_bpic17-before_model-it_0.pickle,123,213,linear,0.14716696739196777,0.999,0.003,0.999,0.003,q0: start,q114: companyA_Validating,q117: positive,36000,2
0,out/models/model_bpic17-before_model-it_0.pickle,123,213,quadratic,1.2677521705627441,0.999,0.538,0.999,0.538,q0: start,q58: customerO_Sentmailandonline,q117: positive,36000,2
1,out/models/model_bpic17-before_model-it_0.pickle,123,213,linear,0.32311201095581055,0.999,0.538,0.999,0.538,q0: start,q58: customerO_Sentmailandonline,q117: positive,36000,2
0,out/models/model_bpic17-before_model-it_0.pickle,123,213,quadratic,1.443356990814209,0.999,0.011,0.999,0.037,q0: start,q20: O_Sentonlineonly,q117: positive,36000,2
1,out/models/model_bpic17-before_model-it_0.pickle,123,213,linear,0.2292470932006836,0.999,0.011,0.999,0.037,q0: start,q20: O_Sentonlineonly,q117: positive,36000,2
0,out/models/model_bpic17-before_model-it_0.pickle,123,213,quadratic,0.24475598335266113,0.999,0.003,0.999,0.003,q0: start,q108: A_Validating,q117: positive,36000,2
1,out/models/model_bpic17-before_model-it_0.pickle,123,213,linear,0.15679192543029785,0.999,0.003,0.999,0.003,q0: start,q108: A_Validating,q117: positive,36000,2
0,out/models/model_bpic17-before_model-it_0.pickle,123,213,quadratic,2.0340688228607178,0.999,0.002,0.999,0.002,q0: start,q115: companyW_CallafteroffersLONG,q117: positive,36000,2
1,out/models/model_bpic17-before_model-it_0.pickle,123,213,linear,0.14593100547790527,0.999,0.002,0.999,0.002,q0: start,q115: companyW_CallafteroffersLONG,q117: positive,36000,2
0,out/models/model_bpic17-before_model-it_0.pickle,123,213,quadratic,0.05911612510681152,0.999,1.0,0.999,1.0,q0: start,q0: start,q117: positive,36000,2
1,out/models/model_bpic17-before_model-it_0.pickle,123,213,linear,0.0402216911315918,0.999,1.0,0.999,1.0,q0: start,q0: start,q117: positive,36000,2
0,out/models/model_bpic17-before_model-it_0.pickle,123,213,quadratic,2.0237390995025635,0.999,0.353,0.999,0.679,q0: start,q30: companyO_Cancelled,q117: positive,36000,2
1,out/models/model_bpic17-before_model-it_0.pickle,123,213,linear,0.23863697052001953,0.999,0.354,0.999,0.679,q0: start,q30: companyO_Cancelled,q117: positive,36000,2
0,out/models/model_bpic17-before_model-it_0.pickle,123,213,quadratic,1.7742869853973389,0.999,0.041,0.999,0.627,q0: start,q72: customerO_Sentmailandonline,q117: positive,36000,2
1,out/models/model_bpic17-before_model-it_0.pickle,123,213,linear,0.14004111289978027,0.999,0.041,0.999,0.627,q0: start,q72: customerO_Sentmailandonline,q117: positive,36000,2
0,out/models/model_bpic17-before_model-it_0.pickle,123,213,quadratic,1.489915132522583,0.999,0.002,0.999,0.002,q0: start,q81: O_Sentmailandonline,q117: positive,36000,2
1,out/models/model_bpic17-before_model-it_0.pickle,123,213,linear,0.24244999885559082,0.999,0.002,0.999,0.002,q0: start,q81: O_Sentmailandonline,q117: positive,36000,2
0,out/models/model_bpic17-before_model-it_0.pickle,123,213,quadratic,0.8763182163238525,0.999,0.64,0.999,0.64,q0: start,q12: companyA_Concept,q117: positive,36000,2
1,out/models/model_bpic17-before_model-it_0.pickle,123,213,linear,0.3933110237121582,0.999,0.64,0.999,0.64,q0: start,q12: companyA_Concept,q117: positive,36000,2
0,out/models/model_bpic12_model-it_0.pickle,129,290,quadratic,24.80164384841919,1.0,0.0,1.0,1.0,q0: start,q26: customerO_SENT_BACK,q58: positive,36000,2
1,out/models/model_bpic12_model-it_0.pickle,129,290,linear,0.0702979564666748,1.0,0.0,1.0,1.0,q0: start,q26: customerO_SENT_BACK,q58: positive,36000,2
0,out/models/model_bpic17-before_model-it_0.pickle,123,213,quadratic,1.2775671482086182,0.999,0.014,0.999,0.014,q0: start,q24: companyO_CreateOffer1,q117: positive,36000,2
1,out/models/model_bpic17-before_model-it_0.pickle,123,213,linear,0.2749671936035156,0.999,0.014,0.999,0.014,q0: start,q24: companyO_CreateOffer1,q117: positive,36000,2
0,out/models/model_bpic17-before_model-it_0.pickle,123,213,quadratic,0.8922569751739502,0.999,0.357,0.999,0.358,q0: start,q15: companyO_CreateOffer0,q117: positive,36000,2
1,out/models/model_bpic17-before_model-it_0.pickle,123,213,linear,0.5036261081695557,0.999,0.358,0.999,0.358,q0: start,q15: companyO_CreateOffer0,q117: positive,36000,2
0,out/models/model_bpic17-before_model-it_0.pickle,123,213,quadratic,0.08312773704528809,0.999,0.0,0.999,0.0,q0: start,q29: customerA_CancelledCUSTOMER,q117: positive,36000,2
1,out/models/model_bpic17-before_model-it_0.pickle,123,213,linear,0.014874935150146484,0.999,0.0,0.999,0.0,q0: start,q29: customerA_CancelledCUSTOMER,q117: positive,36000,2
0,out/models/model_bpic17-before_model-it_0.pickle,123,213,quadratic,1.6714918613433838,0.999,0.046,0.999,0.046,q0: start,q57: companyO_Sentmailandonline,q117: positive,36000,2
1,out/models/model_bpic17-before_model-it_0.pickle,123,213,linear,0.4658620357513428,0.999,0.046,0.999,0.046,q0: start,q57: companyO_Sentmailandonline,q117: positive,36000,2
0,out/models/model_bpic17-before_model-it_0.pickle,123,213,quadratic,1.1760237216949463,0.999,0.36,0.999,0.36,q0: start,q3: companyA_CreateApplication,q117: positive,36000,2
1,out/models/model_bpic17-before_model-it_0.pickle,123,213,linear,0.528925895690918,0.999,0.36,0.999,0.36,q0: start,q3: companyA_CreateApplication,q117: positive,36000,2
0,out/models/model_bpic17-before_model-it_0.pickle,123,213,quadratic,2.109092950820923,0.999,0.063,0.999,0.246,q0: start,q82: O_CreateOffer2,q117: positive,36000,2
1,out/models/model_bpic17-before_model-it_0.pickle,123,213,linear,0.4170958995819092,0.999,0.063,0.999,0.246,q0: start,q82: O_CreateOffer2,q117: positive,36000,2
0,out/models/model_bpic17-before_model-it_0.pickle,123,213,quadratic,1.1025798320770264,0.999,0.752,0.999,0.752,q0: start,q61: O_Returned,q117: positive,36000,2
1,out/models/model_bpic17-before_model-it_0.pickle,123,213,linear,0.13372492790222168,0.999,0.752,0.999,0.752,q0: start,q61: O_Returned,q117: positive,36000,2
0,out/models/model_bpic17-before_model-it_0.pickle,123,213,quadratic,1.4158878326416016,0.999,0.245,0.999,0.245,q0: start,q63: A_Validating,q117: positive,36000,2
1,out/models/model_bpic17-before_model-it_0.pickle,123,213,linear,0.14951395988464355,0.999,0.245,0.999,0.245,q0: start,q63: A_Validating,q117: positive,36000,2
0,out/models/model_bpic17-before_model-it_0.pickle,123,213,quadratic,1.1485521793365479,0.999,0.36,0.999,0.36,q0: start,q7: companyA_Concept,q117: positive,36000,2
1,out/models/model_bpic17-before_model-it_0.pickle,123,213,linear,0.518632173538208,0.999,0.36,0.999,0.36,q0: start,q7: companyA_Concept,q117: positive,36000,2
0,out/models/model_bpic17-before_model-it_0.pickle,123,213,quadratic,3.803223133087158,0.999,0.0,0.999,0.861,q0: start,q88: W_CallincompletefilesSHORT,q117: positive,36000,2
1,out/models/model_bpic17-before_model-it_0.pickle,123,213,linear,0.08736896514892578,0.999,0.0,0.999,0.861,q0: start,q88: W_CallincompletefilesSHORT,q117: positive,36000,2
0,out/models/model_bpic17-before_model-it_0.pickle,123,213,quadratic,0.09030294418334961,0.999,0.0,0.999,0.0,q0: start,q36: TIMEOUT,q117: positive,36000,2
1,out/models/model_bpic17-before_model-it_0.pickle,123,213,linear,0.08231496810913086,0.999,0.0,0.999,0.0,q0: start,q36: TIMEOUT,q117: positive,36000,2
0,out/models/model_bpic17-before_model-it_0.pickle,123,213,quadratic,2.004470109939575,0.999,0.0,0.999,0.651,q0: start,q116: companyO_CreateOffer2,q117: positive,36000,2
1,out/models/model_bpic17-before_model-it_0.pickle,123,213,linear,0.08899378776550293,0.999,0.0,0.999,0.651,q0: start,q116: companyO_CreateOffer2,q117: positive,36000,2
0,out/models/model_bpic17-before_model-it_0.pickle,123,213,quadratic,1.7879610061645508,0.999,0.0,0.999,0.651,q0: start,q110: O_CreateOffer2,q117: positive,36000,2
1,out/models/model_bpic17-before_model-it_0.pickle,123,213,linear,0.09289884567260742,0.999,0.0,0.999,0.651,q0: start,q110: O_CreateOffer2,q117: positive,36000,2
0,out/models/model_bpic17-before_model-it_0.pickle,123,213,quadratic,1.1354541778564453,0.999,0.033,0.999,0.16,q0: start,q22: O_Cancelled,q117: positive,36000,2
1,out/models/model_bpic17-before_model-it_0.pickle,123,213,linear,0.4901919364929199,0.999,0.033,0.999,0.16,q0: start,q22: O_Cancelled,q117: positive,36000,2
0,out/models/model_bpic17-before_model-it_0.pickle,123,213,quadratic,5.313979148864746,0.999,0.023,0.999,0.048,q0: start,q49: companyW_CallafteroffersLONG,q117: positive,36000,2
1,out/models/model_bpic17-before_model-it_0.pickle,123,213,linear,0.38855981826782227,0.999,0.023,0.999,0.048,q0: start,q49: companyW_CallafteroffersLONG,q117: positive,36000,2
0,out/models/model_bpic17-before_model-it_0.pickle,123,213,quadratic,3.320276975631714,0.999,0.032,0.999,0.53,q0: start,q94: companyW_CallafteroffersSHORT,q117: positive,36000,2
1,out/models/model_bpic17-before_model-it_0.pickle,123,213,linear,0.382979154586792,0.999,0.032,0.999,0.53,q0: start,q94: companyW_CallafteroffersSHORT,q117: positive,36000,2
0,out/models/model_bpic17-before_model-it_0.pickle,123,213,quadratic,1.3659510612487793,0.999,0.245,0.999,0.245,q0: start,q75: companyA_Validating,q117: positive,36000,2
1,out/models/model_bpic17-before_model-it_0.pickle,123,213,linear,0.08670496940612793,0.999,0.245,0.999,0.245,q0: start,q75: companyA_Validating,q117: positive,36000,2
0,out/models/model_bpic17-before_model-it_0.pickle,123,213,quadratic,0.13486313819885254,0.999,0.0,0.999,0.0,q0: start,q48: customerTIMEOUT,q117: positive,36000,2
1,out/models/model_bpic17-before_model-it_0.pickle,123,213,linear,0.05635523796081543,0.999,0.0,0.999,0.0,q0: start,q48: customerTIMEOUT,q117: positive,36000,2
0,out/models/model_bpic17-before_model-it_0.pickle,123,213,quadratic,2.1050567626953125,0.999,0.0,0.999,0.779,q0: start,q100: customerW_CallincompletefilesSHORT,q117: positive,36000,2
1,out/models/model_bpic17-before_model-it_0.pickle,123,213,linear,0.18372797966003418,0.999,0.0,0.999,0.779,q0: start,q100: customerW_CallincompletefilesSHORT,q117: positive,36000,2
0,out/models/model_bpic17-before_model-it_0.pickle,123,213,quadratic,1.4241459369659424,0.999,0.002,0.999,0.002,q0: start,q32: O_CreateOffer2,q117: positive,36000,2
1,out/models/model_bpic17-before_model-it_0.pickle,123,213,linear,0.20875096321105957,0.999,0.002,0.999,0.002,q0: start,q32: O_CreateOffer2,q117: positive,36000,2
0,out/models/model_bpic17-before_model-it_0.pickle,123,213,quadratic,1.6460199356079102,0.999,0.496,0.999,0.496,q0: start,q69: W_CallafteroffersSHORT,q117: positive,36000,2
1,out/models/model_bpic17-before_model-it_0.pickle,123,213,linear,0.3952972888946533,0.999,0.496,0.999,0.496,q0: start,q69: W_CallafteroffersSHORT,q117: positive,36000,2
0,out/models/model_bpic17-before_model-it_0.pickle,123,213,quadratic,0.8980321884155273,0.999,0.0,0.999,0.162,q0: start,q87: W_CallincompletefilesLONG,q117: positive,36000,2
1,out/models/model_bpic17-before_model-it_0.pickle,123,213,linear,0.14565181732177734,0.999,0.0,0.999,0.162,q0: start,q87: W_CallincompletefilesLONG,q117: positive,36000,2
0,out/models/model_bpic17-before_model-it_0.pickle,123,213,quadratic,1.934826135635376,0.999,0.002,0.999,0.002,q0: start,q102: companyO_Sentmailandonline,q117: positive,36000,2
1,out/models/model_bpic17-before_model-it_0.pickle,123,213,linear,0.24382281303405762,0.999,0.002,0.999,0.002,q0: start,q102: companyO_Sentmailandonline,q117: positive,36000,2
0,out/models/model_bpic17-before_model-it_0.pickle,123,213,quadratic,3.2340497970581055,0.999,0.746,0.999,0.746,q0: start,q74: customerO_Returned,q117: positive,36000,2
1,out/models/model_bpic17-before_model-it_0.pickle,123,213,linear,0.13469505310058594,0.999,0.746,0.999,0.746,q0: start,q74: customerO_Returned,q117: positive,36000,2
0,out/models/model_bpic17-before_model-it_0.pickle,123,213,quadratic,2.7908220291137695,0.999,0.03,0.999,0.652,q0: start,q105: O_CreateOffer3,q117: positive,36000,2
1,out/models/model_bpic17-before_model-it_0.pickle,123,213,linear,0.2782020568847656,0.999,0.03,0.999,0.652,q0: start,q105: O_CreateOffer3,q117: positive,36000,2
0,out/models/model_bpic17-before_model-it_0.pickle,123,213,quadratic,1.1984837055206299,0.999,0.584,0.999,0.584,q0: start,q43: O_Sentmailandonline,q117: positive,36000,2
1,out/models/model_bpic17-before_model-it_0.pickle,123,213,linear,0.4105799198150635,0.999,0.584,0.999,0.584,q0: start,q43: O_Sentmailandonline,q117: positive,36000,2
0,out/models/model_bpic17-before_model-it_0.pickle,123,213,quadratic,3.729423999786377,0.999,0.381,0.999,0.687,q0: start,q35: O_CreateOffer1,q117: positive,36000,2
1,out/models/model_bpic17-before_model-it_0.pickle,123,213,linear,0.2585420608520508,0.999,0.381,0.999,0.687,q0: start,q35: O_CreateOffer1,q117: positive,36000,2
0,out/models/model_bpic17-before_model-it_0.pickle,123,213,quadratic,0.09853076934814453,0.999,1.0,0.999,1.0,q0: start,q86: O_Accepted,q117: positive,36000,2
1,out/models/model_bpic17-before_model-it_0.pickle,123,213,linear,0.04170489311218262,0.999,1.0,0.999,1.0,q0: start,q86: O_Accepted,q117: positive,36000,2
0,out/models/model_bpic17-before_model-it_0.pickle,123,213,quadratic,0.11347293853759766,0.999,1.0,0.999,1.0,q0: start,q117: positive,q117: positive,36000,2
1,out/models/model_bpic17-before_model-it_0.pickle,123,213,linear,0.01703476905822754,0.999,1.0,0.999,1.0,q0: start,q117: positive,q117: positive,36000,2
0,out/models/model_bpic17-before_model-it_0.pickle,123,213,quadratic,1.540149211883545,0.999,0.245,0.999,0.245,q0: start,q89: O_Returned,q117: positive,36000,2
1,out/models/model_bpic17-before_model-it_0.pickle,123,213,linear,0.1104576587677002,0.999,0.245,0.999,0.245,q0: start,q89: O_Returned,q117: positive,36000,2
0,out/models/model_bpic17-before_model-it_0.pickle,123,213,quadratic,3.09529185295105,0.999,0.522,0.999,0.661,q0: start,q52: customerW_CallafteroffersSHORT,q117: positive,36000,2
1,out/models/model_bpic17-before_model-it_0.pickle,123,213,linear,0.2689478397369385,0.999,0.522,0.999,0.661,q0: start,q52: customerW_CallafteroffersSHORT,q117: positive,36000,2
0,out/models/model_bpic17-before_model-it_0.pickle,123,213,quadratic,1.6883199214935303,0.999,0.002,0.999,0.002,q0: start,q59: O_Sentmailandonline,q117: positive,36000,2
1,out/models/model_bpic17-before_model-it_0.pickle,123,213,linear,0.2614779472351074,0.999,0.002,0.999,0.002,q0: start,q59: O_Sentmailandonline,q117: positive,36000,2
0,out/models/model_bpic17-before_model-it_0.pickle,123,213,quadratic,0.8531808853149414,0.999,0.001,0.999,0.001,q0: start,q78: companyO_Cancelled,q117: positive,36000,2
1,out/models/model_bpic17-before_model-it_0.pickle,123,213,linear,0.3590569496154785,0.999,0.001,0.999,0.001,q0: start,q78: companyO_Cancelled,q117: positive,36000,2
0,out/models/model_bpic17-before_model-it_0.pickle,123,213,quadratic,2.13333797454834,0.999,0.381,0.999,0.686,q0: start,q62: O_Sentmailandonline,q117: positive,36000,2
1,out/models/model_bpic17-before_model-it_0.pickle,123,213,linear,0.25809311866760254,0.999,0.381,0.999,0.686,q0: start,q62: O_Sentmailandonline,q117: positive,36000,2
0,out/models/model_bpic17-before_model-it_0.pickle,123,213,quadratic,0.3409609794616699,0.999,0.003,0.999,0.003,q0: start,q119: O_Returned,q117: positive,36000,2
1,out/models/model_bpic17-before_model-it_0.pickle,123,213,linear,0.19538116455078125,0.999,0.003,0.999,0.003,q0: start,q119: O_Returned,q117: positive,36000,2
0,out/models/model_bpic17-before_model-it_0.pickle,123,213,quadratic,0.1500988006591797,0.999,0.0,0.999,0.0,q0: start,q41: negative,q117: positive,36000,2
1,out/models/model_bpic17-before_model-it_0.pickle,123,213,linear,0.09952569007873535,0.999,0.0,0.999,0.0,q0: start,q41: negative,q117: positive,36000,2
0,out/models/model_bpic17-before_model-it_0.pickle,123,213,quadratic,1.6803500652313232,0.999,0.36,0.999,0.36,q0: start,q13: O_CreateOffer0,q117: positive,36000,2
1,out/models/model_bpic17-before_model-it_0.pickle,123,213,linear,0.4013838768005371,0.999,0.36,0.999,0.36,q0: start,q13: O_CreateOffer0,q117: positive,36000,2
0,out/models/model_bpic17-before_model-it_0.pickle,123,213,quadratic,1.3744239807128906,0.999,0.36,0.999,0.36,q0: start,q11: companyA_Accepted,q117: positive,36000,2
1,out/models/model_bpic17-before_model-it_0.pickle,123,213,linear,0.47646188735961914,0.999,0.36,0.999,0.36,q0: start,q11: companyA_Accepted,q117: positive,36000,2
0,out/models/model_bpic17-before_model-it_0.pickle,123,213,quadratic,1.4798810482025146,0.999,0.0,0.999,0.189,q0: start,q97: companyW_CallincompletefilesLONG,q117: positive,36000,2
1,out/models/model_bpic17-before_model-it_0.pickle,123,213,linear,0.17336583137512207,0.999,0.0,0.999,0.189,q0: start,q97: companyW_CallincompletefilesLONG,q117: positive,36000,2
0,out/models/model_bpic17-before_model-it_0.pickle,123,213,quadratic,1.657743215560913,0.999,0.002,0.999,0.002,q0: start,q70: companyO_Sentmailandonline,q117: positive,36000,2
1,out/models/model_bpic17-before_model-it_0.pickle,123,213,linear,0.17908287048339844,0.999,0.002,0.999,0.002,q0: start,q70: companyO_Sentmailandonline,q117: positive,36000,2
0,out/models/model_bpic17-before_model-it_0.pickle,123,213,quadratic,0.14323711395263672,0.999,1.0,0.999,1.0,q0: start,q1: companystart,q117: positive,36000,2
1,out/models/model_bpic17-before_model-it_0.pickle,123,213,linear,0.022864103317260742,0.999,1.0,0.999,1.0,q0: start,q1: companystart,q117: positive,36000,2
0,out/models/model_bpic17-before_model-it_0.pickle,123,213,quadratic,0.6890101432800293,0.999,0.046,0.999,0.046,q0: start,q103: customerO_Sentmailandonline,q117: positive,36000,2
1,out/models/model_bpic17-before_model-it_0.pickle,123,213,linear,0.6205928325653076,0.999,0.046,0.999,0.046,q0: start,q103: customerO_Sentmailandonline,q117: positive,36000,2
0,out/models/model_bpic17-before_model-it_0.pickle,123,213,quadratic,2.777387857437134,0.999,0.03,0.999,0.652,q0: start,q111: companyO_CreateOffer3,q117: positive,36000,2
1,out/models/model_bpic17-before_model-it_0.pickle,123,213,linear,0.2610909938812256,0.999,0.03,0.999,0.652,q0: start,q111: companyO_CreateOffer3,q117: positive,36000,2
0,out/models/model_bpic17-before_model-it_0.pickle,123,213,quadratic,0.7429647445678711,0.999,0.001,0.999,0.001,q0: start,q39: W_CallafteroffersSUPERLONG,q117: positive,36000,2
1,out/models/model_bpic17-before_model-it_0.pickle,123,213,linear,0.23414921760559082,0.999,0.001,0.999,0.001,q0: start,q39: W_CallafteroffersSUPERLONG,q117: positive,36000,2
0,out/models/model_bpic17-before_model-it_0.pickle,123,213,quadratic,1.428905963897705,0.999,0.36,0.999,0.36,q0: start,q9: A_Accepted,q117: positive,36000,2
1,out/models/model_bpic17-before_model-it_0.pickle,123,213,linear,0.42823076248168945,0.999,0.36,0.999,0.36,q0: start,q9: A_Accepted,q117: positive,36000,2
0,out/models/model_bpic17-before_model-it_0.pickle,123,213,quadratic,1.673543930053711,0.999,0.007,0.999,0.007,q0: start,q79: companyO_CreateOffer1,q117: positive,36000,2
1,out/models/model_bpic17-before_model-it_0.pickle,123,213,linear,0.4087982177734375,0.999,0.007,0.999,0.007,q0: start,q79: companyO_CreateOffer1,q117: positive,36000,2
0,out/models/model_bpic17-before_model-it_0.pickle,123,213,quadratic,0.8612070083618164,0.999,0.0,0.999,0.162,q0: start,q87: W_CallincompletefilesLONG,q117: positive,36000,2
1,out/models/model_bpic17-before_model-it_0.pickle,123,213,linear,0.10670089721679688,0.999,0.0,0.999,0.162,q0: start,q87: W_CallincompletefilesLONG,q117: positive,36000,2
0,out/models/model_bpic17-before_model-it_0.pickle,123,213,quadratic,0.09723281860351562,0.999,1.0,0.999,1.0,q0: start,q106: A_Pending,q117: positive,36000,2
1,out/models/model_bpic17-before_model-it_0.pickle,123,213,linear,0.014169931411743164,0.999,1.0,0.999,1.0,q0: start,q106: A_Pending,q117: positive,36000,2
0,out/models/model_bpic17-before_model-it_0.pickle,123,213,quadratic,1.155428171157837,0.999,0.243,0.999,0.243,q0: start,q101: customerO_Returned,q117: positive,36000,2
1,out/models/model_bpic17-before_model-it_0.pickle,123,213,linear,0.07055497169494629,0.999,0.243,0.999,0.243,q0: start,q101: customerO_Returned,q117: positive,36000,2
0,out/models/model_bpic17-before_model-it_0.pickle,123,213,quadratic,1.7816860675811768,0.999,0.008,0.999,0.008,q0: start,q73: companyO_Returned,q117: positive,36000,2
1,out/models/model_bpic17-before_model-it_0.pickle,123,213,linear,0.280073881149292,0.999,0.008,0.999,0.008,q0: start,q73: companyO_Returned,q117: positive,36000,2
0,out/models/model_bpic17-before_model-it_0.pickle,123,213,quadratic,1.0738298892974854,0.999,0.752,0.999,0.752,q0: start,q34: A_Validating,q117: positive,36000,2
1,out/models/model_bpic17-before_model-it_0.pickle,123,213,linear,0.1546189785003662,0.999,0.752,0.999,0.752,q0: start,q34: A_Validating,q117: positive,36000,2
0,out/models/model_bpic17-before_model-it_0.pickle,123,213,quadratic,0.09939384460449219,0.999,1.0,0.999,1.0,q0: start,q112: customerA_Pending,q117: positive,36000,2
1,out/models/model_bpic17-before_model-it_0.pickle,123,213,linear,0.04226112365722656,0.999,1.0,0.999,1.0,q0: start,q112: customerA_Pending,q117: positive,36000,2
0,out/models/model_bpic17-before_model-it_0.pickle,123,213,quadratic,0.1273360252380371,0.999,0.0,0.999,0.0,q0: start,q48: customerTIMEOUT,q117: positive,36000,2
1,out/models/model_bpic17-before_model-it_0.pickle,123,213,linear,0.026613712310791016,0.999,0.0,0.999,0.0,q0: start,q48: customerTIMEOUT,q117: positive,36000,2
0,out/models/model_bpic17-before_model-it_0.pickle,123,213,quadratic,0.09823226928710938,0.999,1.0,0.999,1.0,q0: start,q96: companyO_Accepted,q117: positive,36000,2
1,out/models/model_bpic17-before_model-it_0.pickle,123,213,linear,0.09267115592956543,0.999,1.0,0.999,1.0,q0: start,q96: companyO_Accepted,q117: positive,36000,2
0,out/models/model_bpic17-before_model-it_0.pickle,123,213,quadratic,1.6916677951812744,0.999,0.063,0.999,0.246,q0: start,q93: companyO_CreateOffer2,q117: positive,36000,2
1,out/models/model_bpic17-before_model-it_0.pickle,123,213,linear,0.24863791465759277,0.999,0.063,0.999,0.246,q0: start,q93: companyO_CreateOffer2,q117: positive,36000,2
0,out/models/model_bpic17-before_model-it_0.pickle,123,213,quadratic,1.5409009456634521,0.999,0.002,0.999,0.002,q0: start,q92: companyO_Sentmailandonline,q117: positive,36000,2
1,out/models/model_bpic17-before_model-it_0.pickle,123,213,linear,0.22396397590637207,0.999,0.002,0.999,0.002,q0: start,q92: companyO_Sentmailandonline,q117: positive,36000,2
0,out/models/model_bpic17-before_model-it_0.pickle,123,213,quadratic,3.737887144088745,0.999,0.037,0.999,0.652,q0: start,q45: companyO_Sentmailandonline,q117: positive,36000,2
1,out/models/model_bpic17-before_model-it_0.pickle,123,213,linear,0.2813599109649658,0.999,0.037,0.999,0.652,q0: start,q45: companyO_Sentmailandonline,q117: positive,36000,2
0,out/models/model_bpic17-before_model-it_0.pickle,123,213,quadratic,1.0685937404632568,0.999,0.64,0.999,0.64,q0: start,q4: customerA_CreateApplication,q117: positive,36000,2
1,out/models/model_bpic17-before_model-it_0.pickle,123,213,linear,0.4243459701538086,0.999,0.64,0.999,0.64,q0: start,q4: customerA_CreateApplication,q117: positive,36000,2
0,out/models/model_bpic17-before_model-it_0.pickle,123,213,quadratic,5.066370725631714,0.999,0.197,0.999,0.708,q0: start,q25: companyO_Sentmailandonline,q117: positive,36000,2
1,out/models/model_bpic17-before_model-it_0.pickle,123,213,linear,0.25879788398742676,0.999,0.197,0.999,0.708,q0: start,q25: companyO_Sentmailandonline,q117: positive,36000,2
0,out/models/model_bpic17-before_model-it_0.pickle,123,213,quadratic,1.7936360836029053,0.999,0.374,0.999,0.467,q0: start,q19: O_Sentmailandonline,q117: positive,36000,2
1,out/models/model_bpic17-before_model-it_0.pickle,123,213,linear,0.31926488876342773,0.999,0.374,0.999,0.467,q0: start,q19: O_Sentmailandonline,q117: positive,36000,2
0,out/models/model_bpic17-before_model-it_0.pickle,123,213,quadratic,0.10482478141784668,0.999,0.0,0.999,0.0,q0: start,q54: customerW_CallafteroffersSUPERLONG,q117: positive,36000,2
1,out/models/model_bpic17-before_model-it_0.pickle,123,213,linear,0.054231882095336914,0.999,0.0,0.999,0.0,q0: start,q54: customerW_CallafteroffersSUPERLONG,q117: positive,36000,2
0,out/models/model_bpic17-before_model-it_0.pickle,123,213,quadratic,5.087702035903931,0.999,0.0,0.999,0.204,q0: start,q107: W_CallincompletefilesSHORT,q117: positive,36000,2
1,out/models/model_bpic17-before_model-it_0.pickle,123,213,linear,0.08297991752624512,0.999,0.0,0.999,0.204,q0: start,q107: W_CallincompletefilesSHORT,q117: positive,36000,2
0,out/models/model_bpic17-before_model-it_0.pickle,123,213,quadratic,0.09705471992492676,0.999,1.0,0.999,1.0,q0: start,q2: A_CreateApplication,q117: positive,36000,2
1,out/models/model_bpic17-before_model-it_0.pickle,123,213,linear,0.05168795585632324,0.999,1.0,0.999,1.0,q0: start,q2: A_CreateApplication,q117: positive,36000,2
0,out/models/model_bpic17-before_model-it_0.pickle,123,213,quadratic,1.0502560138702393,0.999,0.64,0.999,0.64,q0: start,q23: O_CreateOffer0,q117: positive,36000,2
1,out/models/model_bpic17-before_model-it_0.pickle,123,213,linear,0.4625840187072754,0.999,0.64,0.999,0.64,q0: start,q23: O_CreateOffer0,q117: positive,36000,2
0,out/models/model_bpic17-before_model-it_0.pickle,123,213,quadratic,2.0263991355895996,0.999,0.002,0.999,0.002,q0: start,q59: O_Sentmailandonline,q117: positive,36000,2
1,out/models/model_bpic17-before_model-it_0.pickle,123,213,linear,0.2530231475830078,0.999,0.002,0.999,0.002,q0: start,q59: O_Sentmailandonline,q117: positive,36000,2
0,out/models/model_bpic17-before_model-it_0.pickle,123,213,quadratic,3.4424479007720947,0.999,0.0,0.999,0.001,q0: start,q51: companyW_CallafteroffersSHORT,q117: positive,36000,2
1,out/models/model_bpic17-before_model-it_0.pickle,123,213,linear,0.18418192863464355,0.999,0.0,0.999,0.0,q0: start,q51: companyW_CallafteroffersSHORT,q117: positive,36000,2
0,out/models/model_bpic17-before_model-it_0.pickle,123,213,quadratic,1.524461030960083,0.999,0.008,0.999,0.028,q0: start,q28: customerO_Sentonlineonly,q117: positive,36000,2
1,out/models/model_bpic17-before_model-it_0.pickle,123,213,linear,0.45978879928588867,0.999,0.008,0.999,0.028,q0: start,q28: customerO_Sentonlineonly,q117: positive,36000,2
0,out/models/model_bpic17-before_model-it_0.pickle,123,213,quadratic,0.2358081340789795,0.999,0.0,0.999,0.651,q0: start,q91: O_Cancelled,q117: positive,36000,2
1,out/models/model_bpic17-before_model-it_0.pickle,123,213,linear,0.07317686080932617,0.999,0.0,0.999,0.651,q0: start,q91: O_Cancelled,q117: positive,36000,2
0,out/models/model_bpic17-before_model-it_0.pickle,123,213,quadratic,1.6766090393066406,0.999,0.496,0.999,0.496,q0: start,q69: W_CallafteroffersSHORT,q117: positive,36000,2
1,out/models/model_bpic17-before_model-it_0.pickle,123,213,linear,0.3450319766998291,0.999,0.496,0.999,0.496,q0: start,q69: W_CallafteroffersSHORT,q117: positive,36000,2
0,out/models/model_bpic17-before_model-it_0.pickle,123,213,quadratic,0.6719799041748047,0.999,0.048,0.999,0.048,q0: start,q90: O_Sentmailandonline,q117: positive,36000,2
1,out/models/model_bpic17-before_model-it_0.pickle,123,213,linear,0.24967408180236816,0.999,0.048,0.999,0.048,q0: start,q90: O_Sentmailandonline,q117: positive,36000,2
0,out/models/model_bpic17-before_model-it_0.pickle,123,213,quadratic,1.751734972000122,0.999,0.046,0.999,0.046,q0: start,q57: companyO_Sentmailandonline,q117: positive,36000,2
1,out/models/model_bpic17-before_model-it_0.pickle,123,213,linear,0.4130101203918457,0.999,0.046,0.999,0.046,q0: start,q57: companyO_Sentmailandonline,q117: positive,36000,2
0,out/models/model_bpic17-before_model-it_0.pickle,123,213,quadratic,5.717254161834717,0.999,0.043,0.999,0.654,q0: start,q60: O_Sentmailandonline,q117: positive,36000,2
1,out/models/model_bpic17-before_model-it_0.pickle,123,213,linear,0.2651071548461914,0.999,0.043,0.999,0.654,q0: start,q60: O_Sentmailandonline,q117: positive,36000,2
0,out/models/model_bpic17-before_model-it_0.pickle,123,213,quadratic,2.001451253890991,0.999,0.004,0.999,0.004,q0: start,q109: W_CallafteroffersLONG,q117: positive,36000,2
1,out/models/model_bpic17-before_model-it_0.pickle,123,213,linear,0.2754209041595459,0.999,0.004,0.999,0.004,q0: start,q109: W_CallafteroffersLONG,q117: positive,36000,2
0,out/models/model_bpic17-before_model-it_0.pickle,123,213,quadratic,1.13454008102417,0.999,0.0,0.999,0.221,q0: start,q98: customerW_CallincompletefilesLONG,q117: positive,36000,2
1,out/models/model_bpic17-before_model-it_0.pickle,123,213,linear,0.1250607967376709,0.999,0.0,0.999,0.221,q0: start,q98: customerW_CallincompletefilesLONG,q117: positive,36000,2
0,out/models/model_bpic17-before_model-it_0.pickle,123,213,quadratic,2.1574819087982178,0.999,0.673,0.999,0.673,q0: start,q64: O_Cancelled,q117: positive,36000,2
1,out/models/model_bpic17-before_model-it_0.pickle,123,213,linear,0.19427824020385742,0.999,0.673,0.999,0.673,q0: start,q64: O_Cancelled,q117: positive,36000,2
0,out/models/model_bpic17-before_model-it_0.pickle,123,213,quadratic,3.2553350925445557,0.999,0.746,0.999,0.746,q0: start,q74: customerO_Returned,q117: positive,36000,2
1,out/models/model_bpic17-before_model-it_0.pickle,123,213,linear,0.115509033203125,0.999,0.746,0.999,0.746,q0: start,q74: customerO_Returned,q117: positive,36000,2
0,out/models/model_bpic17-before_model-it_0.pickle,123,213,quadratic,0.09638094902038574,0.999,0.0,0.999,0.0,q0: start,q36: TIMEOUT,q117: positive,36000,2
1,out/models/model_bpic17-before_model-it_0.pickle,123,213,linear,0.02090620994567871,0.999,0.0,0.999,0.0,q0: start,q36: TIMEOUT,q117: positive,36000,2
0,out/models/model_bpic17-before_model-it_0.pickle,123,213,quadratic,1.6579749584197998,0.999,0.381,0.999,0.686,q0: start,q62: O_Sentmailandonline,q117: positive,36000,2
1,out/models/model_bpic17-before_model-it_0.pickle,123,213,linear,0.27649402618408203,0.999,0.381,0.999,0.686,q0: start,q62: O_Sentmailandonline,q117: positive,36000,2
0,out/models/model_bpic17-before_model-it_0.pickle,123,213,quadratic,1.026158094406128,0.999,0.64,0.999,0.64,q0: start,q10: A_Concept,q117: positive,36000,2
1,out/models/model_bpic17-before_model-it_0.pickle,123,213,linear,0.389362096786499,0.999,0.64,0.999,0.64,q0: start,q10: A_Concept,q117: positive,36000,2
0,out/models/model_bpic17-before_model-it_0.pickle,123,213,quadratic,0.5078959465026855,0.999,0.003,0.999,0.009,q0: start,q27: companyO_Sentonlineonly,q117: positive,36000,2
1,out/models/model_bpic17-before_model-it_0.pickle,123,213,linear,0.19629716873168945,0.999,0.003,0.999,0.009,q0: start,q27: companyO_Sentonlineonly,q117: positive,36000,2
0,out/models/model_bpic17-before_model-it_0.pickle,123,213,quadratic,0.07587409019470215,0.999,0.0,0.999,0.0,q0: start,q29: customerA_CancelledCUSTOMER,q117: positive,36000,2
1,out/models/model_bpic17-before_model-it_0.pickle,123,213,linear,0.014484167098999023,0.999,0.0,0.999,0.0,q0: start,q29: customerA_CancelledCUSTOMER,q117: positive,36000,2
0,out/models/model_bpic17-before_model-it_0.pickle,123,213,quadratic,1.0749108791351318,0.999,0.002,0.999,0.002,q0: start,q56: customerO_CreateOffer1,q117: positive,36000,2
1,out/models/model_bpic17-before_model-it_0.pickle,123,213,linear,0.2404322624206543,0.999,0.002,0.999,0.002,q0: start,q56: customerO_CreateOffer1,q117: positive,36000,2
0,out/models/model_bpic17-before_model-it_0.pickle,123,213,quadratic,1.6975698471069336,0.999,0.014,0.999,0.014,q0: start,q24: companyO_CreateOffer1,q117: positive,36000,2
1,out/models/model_bpic17-before_model-it_0.pickle,123,213,linear,0.2692110538482666,0.999,0.014,0.999,0.014,q0: start,q24: companyO_CreateOffer1,q117: positive,36000,2
0,out/models/model_bpic17-before_model-it_0.pickle,123,213,quadratic,8.630253791809082,0.999,0.001,0.999,0.004,q0: start,q37: W_CallafteroffersLONG,q117: positive,36000,2
1,out/models/model_bpic17-before_model-it_0.pickle,123,213,linear,0.2989799976348877,0.999,0.001,0.999,0.004,q0: start,q37: W_CallafteroffersLONG,q117: positive,36000,2
0,out/models/model_bpic17-before_model-it_0.pickle,123,213,quadratic,2.089794158935547,0.999,0.353,0.999,0.679,q0: start,q30: companyO_Cancelled,q117: positive,36000,2
1,out/models/model_bpic17-before_model-it_0.pickle,123,213,linear,0.2257082462310791,0.999,0.354,0.999,0.679,q0: start,q30: companyO_Cancelled,q117: positive,36000,2
0,out/models/model_bpic17-before_model-it_0.pickle,123,213,quadratic,2.083784818649292,0.999,0.002,0.999,0.002,q0: start,q115: companyW_CallafteroffersLONG,q117: positive,36000,2
1,out/models/model_bpic17-before_model-it_0.pickle,123,213,linear,0.17149615287780762,0.999,0.002,0.999,0.002,q0: start,q115: companyW_CallafteroffersLONG,q117: positive,36000,2
0,out/models/model_bpic17-before_model-it_0.pickle,123,213,quadratic,3.5928239822387695,0.999,0.042,0.999,0.656,q0: start,q33: O_Sentmailandonline,q117: positive,36000,2
1,out/models/model_bpic17-before_model-it_0.pickle,123,213,linear,0.326524019241333,0.999,0.042,0.999,0.656,q0: start,q33: O_Sentmailandonline,q117: positive,36000,2
0,out/models/model_bpic17-before_model-it_0.pickle,123,213,quadratic,5.3497419357299805,0.999,0.0,0.999,0.204,q0: start,q107: W_CallincompletefilesSHORT,q117: positive,36000,2
1,out/models/model_bpic17-before_model-it_0.pickle,123,213,linear,0.09749794006347656,0.999,0.0,0.999,0.204,q0: start,q107: W_CallincompletefilesSHORT,q117: positive,36000,2
0,out/models/model_bpic17-before_model-it_0.pickle,123,213,quadratic,1.3613700866699219,0.999,0.36,0.999,0.36,q0: start,q11: companyA_Accepted,q117: positive,36000,2
1,out/models/model_bpic17-before_model-it_0.pickle,123,213,linear,0.3635599613189697,0.999,0.36,0.999,0.36,q0: start,q11: companyA_Accepted,q117: positive,36000,2
0,out/models/model_bpic17-before_model-it_0.pickle,123,213,quadratic,0.5931682586669922,0.999,0.001,0.999,0.001,q0: start,q53: companyW_CallafteroffersSUPERLONG,q117: positive,36000,2
1,out/models/model_bpic17-before_model-it_0.pickle,123,213,linear,0.2371971607208252,0.999,0.001,0.999,0.001,q0: start,q53: companyW_CallafteroffersSUPERLONG,q117: positive,36000,2
0,out/models/model_bpic17-before_model-it_0.pickle,123,213,quadratic,3.6994528770446777,0.999,0.0,0.999,0.861,q0: start,q88: W_CallincompletefilesSHORT,q117: positive,36000,2
1,out/models/model_bpic17-before_model-it_0.pickle,123,213,linear,0.05439305305480957,0.999,0.0,0.999,0.861,q0: start,q88: W_CallincompletefilesSHORT,q117: positive,36000,2
0,out/models/model_bpic17-before_model-it_0.pickle,123,213,quadratic,1.5410268306732178,0.999,0.245,0.999,0.245,q0: start,q63: A_Validating,q117: positive,36000,2
1,out/models/model_bpic17-before_model-it_0.pickle,123,213,linear,0.07252907752990723,0.999,0.245,0.999,0.245,q0: start,q63: A_Validating,q117: positive,36000,2
0,out/models/model_bpic17-before_model-it_0.pickle,123,213,quadratic,0.1448988914489746,0.999,1.0,0.999,1.0,q0: start,q86: O_Accepted,q117: positive,36000,2
1,out/models/model_bpic17-before_model-it_0.pickle,123,213,linear,0.016176223754882812,0.999,1.0,0.999,1.0,q0: start,q86: O_Accepted,q117: positive,36000,2
0,out/models/model_bpic17-before_model-it_0.pickle,123,213,quadratic,2.616518020629883,0.999,0.244,0.999,0.244,q0: start,q80: companyW_CallafteroffersSHORT,q117: positive,36000,2
1,out/models/model_bpic17-before_model-it_0.pickle,123,213,linear,0.3301370143890381,0.999,0.244,0.999,0.244,q0: start,q80: companyW_CallafteroffersSHORT,q117: positive,36000,2
0,out/models/model_bpic17-before_model-it_0.pickle,123,213,quadratic,1.1458141803741455,0.999,0.052,0.999,0.052,q0: start,q42: O_CreateOffer1,q117: positive,36000,2
1,out/models/model_bpic17-before_model-it_0.pickle,123,213,linear,0.279041051864624,0.999,0.052,0.999,0.052,q0: start,q42: O_CreateOffer1,q117: positive,36000,2
0,out/models/model_bpic17-before_model-it_0.pickle,123,213,quadratic,0.964561939239502,0.999,0.028,0.999,0.156,q0: start,q50: customerW_CallafteroffersLONG,q117: positive,36000,2
1,out/models/model_bpic17-before_model-it_0.pickle,123,213,linear,0.23651480674743652,0.999,0.028,0.999,0.156,q0: start,q50: customerW_CallafteroffersLONG,q117: positive,36000,2
0,out/models/model_bpic17-before_model-it_0.pickle,123,213,quadratic,2.035038948059082,0.999,0.063,0.999,0.246,q0: start,q82: O_CreateOffer2,q117: positive,36000,2
1,out/models/model_bpic17-before_model-it_0.pickle,123,213,linear,0.26787877082824707,0.999,0.063,0.999,0.246,q0: start,q82: O_CreateOffer2,q117: positive,36000,2
0,out/models/model_bpic17-before_model-it_0.pickle,123,213,quadratic,1.023061990737915,0.999,0.007,0.999,0.651,q0: start,q40: W_CallafteroffersSHORT,q117: positive,36000,2
1,out/models/model_bpic17-before_model-it_0.pickle,123,213,linear,0.2700321674346924,0.999,0.007,0.999,0.651,q0: start,q40: W_CallafteroffersSHORT,q117: positive,36000,2
0,out/models/model_bpic17-before_model-it_0.pickle,123,213,quadratic,1.859663963317871,0.999,0.041,0.999,0.627,q0: start,q72: customerO_Sentmailandonline,q117: positive,36000,2
1,out/models/model_bpic17-before_model-it_0.pickle,123,213,linear,0.1270768642425537,0.999,0.041,0.999,0.627,q0: start,q72: customerO_Sentmailandonline,q117: positive,36000,2
0,out/models/model_bpic17-before_model-it_0.pickle,123,213,quadratic,1.4042131900787354,0.999,0.048,0.999,0.048,q0: start,q77: companyO_Sentmailandonline,q117: positive,36000,2
1,out/models/model_bpic17-before_model-it_0.pickle,123,213,linear,0.21680903434753418,0.999,0.048,0.999,0.048,q0: start,q77: companyO_Sentmailandonline,q117: positive,36000,2
0,out/models/model_bpic17-before_model-it_0.pickle,123,213,quadratic,0.05091142654418945,0.999,1.0,0.999,1.0,q0: start,q0: start,q117: positive,36000,2
1,out/models/model_bpic17-before_model-it_0.pickle,123,213,linear,0.01640009880065918,0.999,1.0,0.999,1.0,q0: start,q0: start,q117: positive,36000,2
0,out/models/model_bpic17-before_model-it_0.pickle,123,213,quadratic,1.7604620456695557,0.999,0.063,0.999,0.246,q0: start,q93: companyO_CreateOffer2,q117: positive,36000,2
1,out/models/model_bpic17-before_model-it_0.pickle,123,213,linear,0.22081494331359863,0.999,0.063,0.999,0.246,q0: start,q93: companyO_CreateOffer2,q117: positive,36000,2
0,out/models/model_bpic17-before_model-it_0.pickle,123,213,quadratic,0.7934560775756836,0.999,0.357,0.999,0.358,q0: start,q15: companyO_CreateOffer0,q117: positive,36000,2
1,out/models/model_bpic17-before_model-it_0.pickle,123,213,linear,0.3632831573486328,0.999,0.358,0.999,0.358,q0: start,q15: companyO_CreateOffer0,q117: positive,36000,2
0,out/models/model_bpic17-before_model-it_0.pickle,123,213,quadratic,1.4797310829162598,0.999,0.002,0.999,0.002,q0: start,q32: O_CreateOffer2,q117: positive,36000,2
1,out/models/model_bpic17-before_model-it_0.pickle,123,213,linear,0.1914219856262207,0.999,0.002,0.999,0.002,q0: start,q32: O_CreateOffer2,q117: positive,36000,2
0,out/models/model_bpic17-before_model-it_0.pickle,123,213,quadratic,1.5135111808776855,0.999,0.245,0.999,0.245,q0: start,q75: companyA_Validating,q117: positive,36000,2
1,out/models/model_bpic17-before_model-it_0.pickle,123,213,linear,0.06527113914489746,0.999,0.245,0.999,0.245,q0: start,q75: companyA_Validating,q117: positive,36000,2
0,out/models/model_bpic17-before_model-it_0.pickle,123,213,quadratic,1.1360352039337158,0.999,0.637,0.999,0.637,q0: start,q31: companyO_CreateOffer0,q117: positive,36000,2
1,out/models/model_bpic17-before_model-it_0.pickle,123,213,linear,0.32036781311035156,0.999,0.637,0.999,0.637,q0: start,q31: companyO_CreateOffer0,q117: positive,36000,2
0,out/models/model_bpic17-before_model-it_0.pickle,123,213,quadratic,0.3420529365539551,0.999,0.003,0.999,0.003,q0: start,q121: customerO_Returned,q117: positive,36000,2
1,out/models/model_bpic17-before_model-it_0.pickle,123,213,linear,0.14531397819519043,0.999,0.003,0.999,0.003,q0: start,q121: customerO_Returned,q117: positive,36000,2
0,out/models/model_bpic17-before_model-it_0.pickle,123,213,quadratic,2.571229934692383,0.999,0.651,0.999,0.651,q0: start,q76: customerO_Cancelled,q117: positive,36000,2
1,out/models/model_bpic17-before_model-it_0.pickle,123,213,linear,0.1479177474975586,0.999,0.651,0.999,0.651,q0: start,q76: customerO_Cancelled,q117: positive,36000,2
0,out/models/model_bpic17-before_model-it_0.pickle,123,213,quadratic,1.9952468872070312,0.999,0.007,0.999,0.007,q0: start,q67: O_CreateOffer1,q117: positive,36000,2
1,out/models/model_bpic17-before_model-it_0.pickle,123,213,linear,0.2591552734375,0.999,0.007,0.999,0.007,q0: start,q67: O_CreateOffer1,q117: positive,36000,2
0,out/models/model_bpic17-before_model-it_0.pickle,123,213,quadratic,1.5979740619659424,0.999,0.002,0.999,0.002,q0: start,q81: O_Sentmailandonline,q117: positive,36000,2
1,out/models/model_bpic17-before_model-it_0.pickle,123,213,linear,0.26690196990966797,0.999,0.002,0.999,0.002,q0: start,q81: O_Sentmailandonline,q117: positive,36000,2
0,out/models/model_bpic17-before_model-it_0.pickle,123,213,quadratic,0.904289960861206,0.999,0.64,0.999,0.64,q0: start,q12: companyA_Concept,q117: positive,36000,2
1,out/models/model_bpic17-before_model-it_0.pickle,123,213,linear,0.34627819061279297,0.999,0.64,0.999,0.64,q0: start,q12: companyA_Concept,q117: positive,36000,2
0,out/models/model_bpic17-before_model-it_0.pickle,123,213,quadratic,2.9491028785705566,0.999,0.381,0.999,0.687,q0: start,q47: companyO_CreateOffer1,q117: positive,36000,2
1,out/models/model_bpic17-before_model-it_0.pickle,123,213,linear,0.2530021667480469,0.999,0.381,0.999,0.687,q0: start,q47: companyO_CreateOffer1,q117: positive,36000,2
0,out/models/model_bpic17-before_model-it_0.pickle,123,213,quadratic,1.9485728740692139,0.999,0.008,0.999,0.67,q0: start,q95: customerA_Validating,q117: positive,36000,2
1,out/models/model_bpic17-before_model-it_0.pickle,123,213,linear,0.14808011054992676,0.999,0.008,0.999,0.67,q0: start,q95: customerA_Validating,q117: positive,36000,2
0,out/models/model_bpic17-before_model-it_0.pickle,123,213,quadratic,1.8734612464904785,0.999,0.0,0.999,0.651,q0: start,q116: companyO_CreateOffer2,q117: positive,36000,2
1,out/models/model_bpic17-before_model-it_0.pickle,123,213,linear,0.06292319297790527,0.999,0.0,0.999,0.651,q0: start,q116: companyO_CreateOffer2,q117: positive,36000,2
0,out/models/model_bpic17-before_model-it_0.pickle,123,213,quadratic,0.48940515518188477,0.999,0.0,0.999,0.0,q0: start,q120: W_CallincompletefilesSUPERLONG,q117: positive,36000,2
1,out/models/model_bpic17-before_model-it_0.pickle,123,213,linear,0.12231302261352539,0.999,0.0,0.999,0.0,q0: start,q120: W_CallincompletefilesSUPERLONG,q117: positive,36000,2
0,out/models/model_bpic17-before_model-it_0.pickle,123,213,quadratic,1.6031930446624756,0.999,0.0,0.999,0.554,q0: start,q99: companyW_CallincompletefilesSHORT,q117: positive,36000,2
1,out/models/model_bpic17-before_model-it_0.pickle,123,213,linear,0.10998821258544922,0.999,0.0,0.999,0.554,q0: start,q99: companyW_CallincompletefilesSHORT,q117: positive,36000,2
0,out/models/model_bpic17-before_model-it_0.pickle,123,213,quadratic,2.017503023147583,0.999,0.002,0.999,0.002,q0: start,q102: companyO_Sentmailandonline,q117: positive,36000,2
1,out/models/model_bpic17-before_model-it_0.pickle,123,213,linear,0.2739598751068115,0.999,0.002,0.999,0.002,q0: start,q102: companyO_Sentmailandonline,q117: positive,36000,2
0,out/models/model_bpic17-before_model-it_0.pickle,123,213,quadratic,1.335644006729126,0.999,0.36,0.999,0.36,q0: start,q13: O_CreateOffer0,q117: positive,36000,2
1,out/models/model_bpic17-before_model-it_0.pickle,123,213,linear,0.4936041831970215,0.999,0.36,0.999,0.36,q0: start,q13: O_CreateOffer0,q117: positive,36000,2
0,out/models/model_bpic17-before_model-it_0.pickle,123,213,quadratic,1.1309089660644531,0.999,0.64,0.999,0.64,q0: start,q17: companyA_Accepted,q117: positive,36000,2
1,out/models/model_bpic17-before_model-it_0.pickle,123,213,linear,0.4660942554473877,0.999,0.64,0.999,0.64,q0: start,q17: companyA_Accepted,q117: positive,36000,2
0,out/models/model_bpic17-before_model-it_0.pickle,123,213,quadratic,1.7301011085510254,0.999,0.007,0.999,0.007,q0: start,q79: companyO_CreateOffer1,q117: positive,36000,2
1,out/models/model_bpic17-before_model-it_0.pickle,123,213,linear,0.41168999671936035,0.999,0.007,0.999,0.007,q0: start,q79: companyO_CreateOffer1,q117: positive,36000,2
0,out/models/model_bpic17-before_model-it_0.pickle,123,213,quadratic,1.8042449951171875,0.999,0.0,0.999,0.779,q0: start,q100: customerW_CallincompletefilesSHORT,q117: positive,36000,2
1,out/models/model_bpic17-before_model-it_0.pickle,123,213,linear,0.14590001106262207,0.999,0.0,0.999,0.779,q0: start,q100: customerW_CallincompletefilesSHORT,q117: positive,36000,2
0,out/models/model_bpic17-before_model-it_0.pickle,123,213,quadratic,0.9610910415649414,0.999,0.64,0.999,0.64,q0: start,q6: A_Submitted,q117: positive,36000,2
1,out/models/model_bpic17-before_model-it_0.pickle,123,213,linear,0.42827606201171875,0.999,0.64,0.999,0.64,q0: start,q6: A_Submitted,q117: positive,36000,2
0,out/models/model_bpic17-before_model-it_0.pickle,123,213,quadratic,0.3318169116973877,0.999,0.003,0.999,0.003,q0: start,q119: O_Returned,q117: positive,36000,2
1,out/models/model_bpic17-before_model-it_0.pickle,123,213,linear,0.2630479335784912,0.999,0.003,0.999,0.003,q0: start,q119: O_Returned,q117: positive,36000,2
0,out/models/model_bpic17-before_model-it_0.pickle,123,213,quadratic,1.4564177989959717,0.999,0.584,0.999,0.584,q0: start,q43: O_Sentmailandonline,q117: positive,36000,2
1,out/models/model_bpic17-before_model-it_0.pickle,123,213,linear,0.3822977542877197,0.999,0.584,0.999,0.584,q0: start,q43: O_Sentmailandonline,q117: positive,36000,2
0,out/models/model_bpic17-before_model-it_0.pickle,123,213,quadratic,0.7718310356140137,0.999,0.0,0.999,0.0,q0: start,q122: companyW_CallincompletefilesSUPERLONG,q117: positive,36000,2
1,out/models/model_bpic17-before_model-it_0.pickle,123,213,linear,0.12991714477539062,0.999,0.0,0.999,0.0,q0: start,q122: companyW_CallincompletefilesSUPERLONG,q117: positive,36000,2
0,out/models/model_bpic17-before_model-it_0.pickle,123,213,quadratic,1.41998291015625,0.999,0.0,0.999,0.189,q0: start,q97: companyW_CallincompletefilesLONG,q117: positive,36000,2
1,out/models/model_bpic17-before_model-it_0.pickle,123,213,linear,0.17146801948547363,0.999,0.0,0.999,0.189,q0: start,q97: companyW_CallincompletefilesLONG,q117: positive,36000,2
0,out/models/model_bpic17-before_model-it_0.pickle,123,213,quadratic,0.9466128349304199,0.999,0.64,0.999,0.64,q0: start,q14: A_Accepted,q117: positive,36000,2
1,out/models/model_bpic17-before_model-it_0.pickle,123,213,linear,0.40449070930480957,0.999,0.64,0.999,0.64,q0: start,q14: A_Accepted,q117: positive,36000,2
0,out/models/model_bpic17-before_model-it_0.pickle,123,213,quadratic,1.9532768726348877,0.999,0.002,0.999,0.002,q0: start,q44: companyO_CreateOffer2,q117: positive,36000,2
1,out/models/model_bpic17-before_model-it_0.pickle,123,213,linear,0.22370290756225586,0.999,0.002,0.999,0.002,q0: start,q44: companyO_CreateOffer2,q117: positive,36000,2
0,out/models/model_bpic17-before_model-it_0.pickle,123,213,quadratic,1.8024718761444092,0.999,0.374,0.999,0.467,q0: start,q19: O_Sentmailandonline,q117: positive,36000,2
1,out/models/model_bpic17-before_model-it_0.pickle,123,213,linear,0.2324988842010498,0.999,0.374,0.999,0.467,q0: start,q19: O_Sentmailandonline,q117: positive,36000,2
0,out/models/model_bpic17-before_model-it_0.pickle,123,213,quadratic,1.5005500316619873,0.999,0.014,0.999,0.014,q0: start,q18: O_CreateOffer1,q117: positive,36000,2
1,out/models/model_bpic17-before_model-it_0.pickle,123,213,linear,0.2713298797607422,0.999,0.014,0.999,0.014,q0: start,q18: O_CreateOffer1,q117: positive,36000,2
0,out/models/model_bpic17-before_model-it_0.pickle,123,213,quadratic,1.053947925567627,0.999,0.64,0.999,0.64,q0: start,q8: companyA_Submitted,q117: positive,36000,2
1,out/models/model_bpic17-before_model-it_0.pickle,123,213,linear,0.3910200595855713,0.999,0.64,0.999,0.64,q0: start,q8: companyA_Submitted,q117: positive,36000,2
0,out/models/model_bpic17-before_model-it_0.pickle,123,213,quadratic,1.086672067642212,0.999,0.041,0.999,0.041,q0: start,q68: W_CallafteroffersLONG,q117: positive,36000,2
1,out/models/model_bpic17-before_model-it_0.pickle,123,213,linear,0.3285958766937256,0.999,0.041,0.999,0.041,q0: start,q68: W_CallafteroffersLONG,q117: positive,36000,2
0,out/models/model_bpic17-before_model-it_0.pickle,123,213,quadratic,2.6550819873809814,0.999,0.03,0.999,0.652,q0: start,q111: companyO_CreateOffer3,q117: positive,36000,2
1,out/models/model_bpic17-before_model-it_0.pickle,123,213,linear,0.21566319465637207,0.999,0.03,0.999,0.652,q0: start,q111: companyO_CreateOffer3,q117: positive,36000,2
0,out/models/model_bpic17-before_model-it_0.pickle,123,213,quadratic,5.555211067199707,0.999,0.0,0.999,0.135,q0: start,q113: companyW_CallincompletefilesSHORT,q117: positive,36000,2
1,out/models/model_bpic17-before_model-it_0.pickle,123,213,linear,0.08460593223571777,0.999,0.0,0.999,0.135,q0: start,q113: companyW_CallincompletefilesSHORT,q117: positive,36000,2
0,out/models/model_bpic17-before_model-it_0.pickle,123,213,quadratic,0.0974431037902832,0.999,0.0,0.999,0.0,q0: start,q21: A_CancelledCUSTOMER,q117: positive,36000,2
1,out/models/model_bpic17-before_model-it_0.pickle,123,213,linear,0.020935773849487305,0.999,0.0,0.999,0.0,q0: start,q21: A_CancelledCUSTOMER,q117: positive,36000,2
0,out/models/model_bpic17-before_model-it_0.pickle,123,213,quadratic,0.8210299015045166,0.999,0.004,0.999,0.159,q0: start,q83: W_CallafteroffersLONG,q117: positive,36000,2
1,out/models/model_bpic17-before_model-it_0.pickle,123,213,linear,0.3096280097961426,0.999,0.004,0.999,0.159,q0: start,q83: W_CallafteroffersLONG,q117: positive,36000,2
0,out/models/model_bpic17-before_model-it_0.pickle,123,213,quadratic,1.9173381328582764,0.999,0.008,0.999,0.008,q0: start,q73: companyO_Returned,q117: positive,36000,2
1,out/models/model_bpic17-before_model-it_0.pickle,123,213,linear,0.2043008804321289,0.999,0.008,0.999,0.008,q0: start,q73: companyO_Returned,q117: positive,36000,2
0,out/models/model_bpic17-before_model-it_0.pickle,123,213,quadratic,1.1695702075958252,0.999,0.752,0.999,0.752,q0: start,q61: O_Returned,q117: positive,36000,2
1,out/models/model_bpic17-before_model-it_0.pickle,123,213,linear,0.07175779342651367,0.999,0.752,0.999,0.752,q0: start,q61: O_Returned,q117: positive,36000,2
0,out/models/model_bpic17-before_model-it_0.pickle,123,213,quadratic,1.0708351135253906,0.999,0.0,0.999,0.241,q0: start,q118: W_CallincompletefilesLONG,q117: positive,36000,2
1,out/models/model_bpic17-before_model-it_0.pickle,123,213,linear,0.1761178970336914,0.999,0.0,0.999,0.241,q0: start,q118: W_CallincompletefilesLONG,q117: positive,36000,2
0,out/models/model_bpic17-before_model-it_0.pickle,123,213,quadratic,0.09556007385253906,0.999,1.0,0.999,1.0,q0: start,q117: positive,q117: positive,36000,2
1,out/models/model_bpic17-before_model-it_0.pickle,123,213,linear,0.05009889602661133,0.999,1.0,0.999,1.0,q0: start,q117: positive,q117: positive,36000,2
0,out/models/model_bpic17-before_model-it_0.pickle,123,213,quadratic,0.8577690124511719,0.999,0.05,0.999,0.05,q0: start,q55: companyO_CreateOffer1,q117: positive,36000,2
1,out/models/model_bpic17-before_model-it_0.pickle,123,213,linear,0.344606876373291,0.999,0.05,0.999,0.05,q0: start,q55: companyO_CreateOffer1,q117: positive,36000,2
0,out/models/model_bpic17-before_model-it_0.pickle,123,213,quadratic,2.8950209617614746,0.999,0.03,0.999,0.652,q0: start,q105: O_CreateOffer3,q117: positive,36000,2
1,out/models/model_bpic17-before_model-it_0.pickle,123,213,linear,0.2476949691772461,0.999,0.03,0.999,0.652,q0: start,q105: O_CreateOffer3,q117: positive,36000,2
0,out/models/model_bpic17-before_model-it_0.pickle,123,213,quadratic,1.4855248928070068,0.999,0.002,0.999,0.002,q0: start,q92: companyO_Sentmailandonline,q117: positive,36000,2
1,out/models/model_bpic17-before_model-it_0.pickle,123,213,linear,0.24801182746887207,0.999,0.002,0.999,0.002,q0: start,q92: companyO_Sentmailandonline,q117: positive,36000,2
0,out/models/model_bpic17-before_model-it_0.pickle,123,213,quadratic,0.748042106628418,0.999,0.046,0.999,0.046,q0: start,q103: customerO_Sentmailandonline,q117: positive,36000,2
1,out/models/model_bpic17-before_model-it_0.pickle,123,213,linear,0.39541006088256836,0.999,0.046,0.999,0.046,q0: start,q103: customerO_Sentmailandonline,q117: positive,36000,2
0,out/models/model_bpic17-before_model-it_0.pickle,123,213,quadratic,1.1414618492126465,0.999,0.752,0.999,0.752,q0: start,q46: companyA_Validating,q117: positive,36000,2
1,out/models/model_bpic17-before_model-it_0.pickle,123,213,linear,0.07402777671813965,0.999,0.752,0.999,0.752,q0: start,q46: companyA_Validating,q117: positive,36000,2
0,out/models/model_bpic17-before_model-it_0.pickle,123,213,quadratic,2.019425868988037,0.999,0.078,0.999,0.619,q0: start,q84: W_CallafteroffersSHORT,q117: positive,36000,2
1,out/models/model_bpic17-before_model-it_0.pickle,123,213,linear,0.20688509941101074,0.999,0.078,0.999,0.619,q0: start,q84: W_CallafteroffersSHORT,q117: positive,36000,2
0,out/models/model_bpic17-before_model-it_0.pickle,123,213,quadratic,1.0486488342285156,0.999,0.0,0.999,0.651,q0: start,q104: companyO_Cancelled,q117: positive,36000,2
1,out/models/model_bpic17-before_model-it_0.pickle,123,213,linear,0.07942676544189453,0.999,0.0,0.999,0.651,q0: start,q104: companyO_Cancelled,q117: positive,36000,2
0,out/models/model_bpic17-before_model-it_0.pickle,123,213,quadratic,3.3964602947235107,0.999,0.032,0.999,0.53,q0: start,q94: companyW_CallafteroffersSHORT,q117: positive,36000,2
1,out/models/model_bpic17-before_model-it_0.pickle,123,213,linear,0.27152585983276367,0.999,0.032,0.999,0.53,q0: start,q94: companyW_CallafteroffersSHORT,q117: positive,36000,2
0,out/models/model_bpic17-before_model-it_0.pickle,123,213,quadratic,1.048877239227295,0.999,0.004,0.999,0.161,q0: start,q71: companyO_Sentmailandonline,q117: positive,36000,2
1,out/models/model_bpic17-before_model-it_0.pickle,123,213,linear,0.24392127990722656,0.999,0.004,0.999,0.161,q0: start,q71: companyO_Sentmailandonline,q117: positive,36000,2
0,out/models/model_bpic17-before_model-it_0.pickle,123,213,quadratic,1.3415749073028564,0.999,0.36,0.999,0.36,q0: start,q5: A_Concept,q117: positive,36000,2
1,out/models/model_bpic17-before_model-it_0.pickle,123,213,linear,0.4968900680541992,0.999,0.36,0.999,0.36,q0: start,q5: A_Concept,q117: positive,36000,2
0,out/models/model_bpic17-before_model-it_0.pickle,123,213,quadratic,0.30296778678894043,0.999,0.003,0.999,0.003,q0: start,q114: companyA_Validating,q117: positive,36000,2
1,out/models/model_bpic17-before_model-it_0.pickle,123,213,linear,0.22092509269714355,0.999,0.003,0.999,0.003,q0: start,q114: companyA_Validating,q117: positive,36000,2
0,out/models/model_bpic17-before_model-it_0.pickle,123,213,quadratic,1.133985996246338,0.999,0.002,0.999,0.002,q0: start,q66: O_Cancelled,q117: positive,36000,2
1,out/models/model_bpic17-before_model-it_0.pickle,123,213,linear,0.2714869976043701,0.999,0.002,0.999,0.002,q0: start,q66: O_Cancelled,q117: positive,36000,2
0,out/models/model_bpic17-before_model-it_0.pickle,123,213,quadratic,1.2677319049835205,0.999,0.033,0.999,0.16,q0: start,q22: O_Cancelled,q117: positive,36000,2
1,out/models/model_bpic17-before_model-it_0.pickle,123,213,linear,0.37373900413513184,0.999,0.033,0.999,0.16,q0: start,q22: O_Cancelled,q117: positive,36000,2
0,out/models/model_bpic17-before_model-it_0.pickle,123,213,quadratic,0.7157678604125977,0.999,0.005,0.999,0.005,q0: start,q16: customerO_CreateOffer0,q117: positive,36000,2
1,out/models/model_bpic17-before_model-it_0.pickle,123,213,linear,0.19807004928588867,0.999,0.005,0.999,0.005,q0: start,q16: customerO_CreateOffer0,q117: positive,36000,2
0,out/models/model_bpic17-before_model-it_0.pickle,123,213,quadratic,0.32332611083984375,0.999,0.003,0.999,0.003,q0: start,q108: A_Validating,q117: positive,36000,2
1,out/models/model_bpic17-before_model-it_0.pickle,123,213,linear,0.20137381553649902,0.999,0.003,0.999,0.003,q0: start,q108: A_Validating,q117: positive,36000,2
0,out/models/model_bpic17-before_model-it_0.pickle,123,213,quadratic,1.3866868019104004,0.999,0.245,0.999,0.245,q0: start,q89: O_Returned,q117: positive,36000,2
1,out/models/model_bpic17-before_model-it_0.pickle,123,213,linear,0.07576990127563477,0.999,0.245,0.999,0.245,q0: start,q89: O_Returned,q117: positive,36000,2
0,out/models/model_bpic17-before_model-it_0.pickle,123,213,quadratic,3.296560049057007,0.999,0.037,0.999,0.652,q0: start,q45: companyO_Sentmailandonline,q117: positive,36000,2
1,out/models/model_bpic17-before_model-it_0.pickle,123,213,linear,0.28475308418273926,0.999,0.037,0.999,0.652,q0: start,q45: companyO_Sentmailandonline,q117: positive,36000,2
0,out/models/model_bpic17-before_model-it_0.pickle,123,213,quadratic,0.8858358860015869,0.999,0.001,0.999,0.001,q0: start,q78: companyO_Cancelled,q117: positive,36000,2
1,out/models/model_bpic17-before_model-it_0.pickle,123,213,linear,0.19329404830932617,0.999,0.001,0.999,0.001,q0: start,q78: companyO_Cancelled,q117: positive,36000,2
0,out/models/model_bpic17-before_model-it_0.pickle,123,213,quadratic,3.548542022705078,0.999,0.0,0.999,0.001,q0: start,q51: companyW_CallafteroffersSHORT,q117: positive,36000,2
1,out/models/model_bpic17-before_model-it_0.pickle,123,213,linear,0.17603516578674316,0.999,0.0,0.999,0.0,q0: start,q51: companyW_CallafteroffersSHORT,q117: positive,36000,2
0,out/models/model_bpic17-before_model-it_0.pickle,123,213,quadratic,1.3430631160736084,0.999,0.36,0.999,0.36,q0: start,q9: A_Accepted,q117: positive,36000,2
1,out/models/model_bpic17-before_model-it_0.pickle,123,213,linear,0.41545677185058594,0.999,0.36,0.999,0.36,q0: start,q9: A_Accepted,q117: positive,36000,2
0,out/models/model_bpic17-before_model-it_0.pickle,123,213,quadratic,1.2390379905700684,0.999,0.36,0.999,0.36,q0: start,q3: companyA_CreateApplication,q117: positive,36000,2
1,out/models/model_bpic17-before_model-it_0.pickle,123,213,linear,0.5303738117218018,0.999,0.36,0.999,0.36,q0: start,q3: companyA_CreateApplication,q117: positive,36000,2
0,out/models/model_bpic17-before_model-it_0.pickle,123,213,quadratic,3.53822922706604,0.999,0.522,0.999,0.661,q0: start,q52: customerW_CallafteroffersSHORT,q117: positive,36000,2
1,out/models/model_bpic17-before_model-it_0.pickle,123,213,linear,0.32762980461120605,0.999,0.522,0.999,0.661,q0: start,q52: customerW_CallafteroffersSHORT,q117: positive,36000,2
0,out/models/model_bpic17-before_model-it_0.pickle,123,213,quadratic,1.4994511604309082,0.999,0.559,0.999,0.616,q0: start,q26: customerO_Sentmailandonline,q117: positive,36000,2
1,out/models/model_bpic17-before_model-it_0.pickle,123,213,linear,0.26973605155944824,0.999,0.559,0.999,0.616,q0: start,q26: customerO_Sentmailandonline,q117: positive,36000,2
0,out/models/model_bpic17-before_model-it_0.pickle,123,213,quadratic,1.6894700527191162,0.999,0.0,0.999,0.651,q0: start,q110: O_CreateOffer2,q117: positive,36000,2
1,out/models/model_bpic17-before_model-it_0.pickle,123,213,linear,0.06944680213928223,0.999,0.0,0.999,0.651,q0: start,q110: O_CreateOffer2,q117: positive,36000,2
0,out/models/model_bpic17-before_model-it_0.pickle,123,213,quadratic,1.1013250350952148,0.999,0.05,0.999,0.05,q0: start,q65: O_Sentmailandonline,q117: positive,36000,2
1,out/models/model_bpic17-before_model-it_0.pickle,123,213,linear,0.42948412895202637,0.999,0.05,0.999,0.05,q0: start,q65: O_Sentmailandonline,q117: positive,36000,2
0,out/models/model_bpic17-after_model-it_0.pickle,142,245,quadratic,0.16288113594055176,0.982,1.0,0.982,1.0,q0: start,q0: start,q139: positive,36000,2
1,out/models/model_bpic17-after_model-it_0.pickle,142,245,linear,0.04305100440979004,0.982,1.0,0.982,1.0,q0: start,q0: start,q139: positive,36000,2
0,out/models/model_bpic17-before_model-it_0.pickle,123,213,quadratic,1.2702529430389404,0.999,0.36,0.999,0.36,q0: start,q7: companyA_Concept,q117: positive,36000,2
1,out/models/model_bpic17-before_model-it_0.pickle,123,213,linear,0.40177202224731445,0.999,0.36,0.999,0.36,q0: start,q7: companyA_Concept,q117: positive,36000,2
0,out/models/model_bpic17-before_model-it_0.pickle,123,213,quadratic,1.8595328330993652,0.999,0.011,0.999,0.037,q0: start,q20: O_Sentonlineonly,q117: positive,36000,2
1,out/models/model_bpic17-before_model-it_0.pickle,123,213,linear,0.4000871181488037,0.999,0.011,0.999,0.037,q0: start,q20: O_Sentonlineonly,q117: positive,36000,2
0,out/models/model_bpic17-after_model-it_0.pickle,142,245,quadratic,0.4987192153930664,0.982,0.016,0.982,0.016,q0: start,q52: customerA_Validating,q139: positive,36000,2
1,out/models/model_bpic17-after_model-it_0.pickle,142,245,linear,0.11644697189331055,0.982,0.016,0.982,0.016,q0: start,q52: customerA_Validating,q139: positive,36000,2
0,out/models/model_bpic17-after_model-it_0.pickle,142,245,quadratic,0.13445305824279785,0.982,0.0,0.982,0.0,q0: start,q56: customerW_CallafteroffersLONG,q139: positive,36000,2
1,out/models/model_bpic17-after_model-it_0.pickle,142,245,linear,0.11410093307495117,0.982,0.0,0.982,0.0,q0: start,q56: customerW_CallafteroffersLONG,q139: positive,36000,2
0,out/models/model_bpic17-before_model-it_0.pickle,123,213,quadratic,3.691671848297119,0.999,0.381,0.999,0.687,q0: start,q35: O_CreateOffer1,q117: positive,36000,2
1,out/models/model_bpic17-before_model-it_0.pickle,123,213,linear,0.1909012794494629,0.999,0.381,0.999,0.687,q0: start,q35: O_CreateOffer1,q117: positive,36000,2
0,out/models/model_bpic17-before_model-it_0.pickle,123,213,quadratic,1.3978550434112549,0.999,0.538,0.999,0.538,q0: start,q58: customerO_Sentmailandonline,q117: positive,36000,2
1,out/models/model_bpic17-before_model-it_0.pickle,123,213,linear,0.4429328441619873,0.999,0.538,0.999,0.538,q0: start,q58: customerO_Sentmailandonline,q117: positive,36000,2
0,out/models/model_bpic17-before_model-it_0.pickle,123,213,quadratic,1.5251917839050293,0.999,0.002,0.999,0.002,q0: start,q70: companyO_Sentmailandonline,q117: positive,36000,2
1,out/models/model_bpic17-before_model-it_0.pickle,123,213,linear,0.28443193435668945,0.999,0.002,0.999,0.002,q0: start,q70: companyO_Sentmailandonline,q117: positive,36000,2
0,out/models/model_bpic17-before_model-it_0.pickle,123,213,quadratic,14.148051261901855,0.999,0.0,0.999,0.001,q0: start,q38: W_CallafteroffersSHORT,q117: positive,36000,2
1,out/models/model_bpic17-before_model-it_0.pickle,123,213,linear,0.12451314926147461,0.999,0.0,0.999,0.0,q0: start,q38: W_CallafteroffersSHORT,q117: positive,36000,2
0,out/models/model_bpic17-before_model-it_0.pickle,123,213,quadratic,2.4848530292510986,0.999,0.008,0.999,0.67,q0: start,q85: A_Validating,q117: positive,36000,2
1,out/models/model_bpic17-before_model-it_0.pickle,123,213,linear,0.1985790729522705,0.999,0.008,0.999,0.67,q0: start,q85: A_Validating,q117: positive,36000,2
0,out/models/model_bpic17-after_model-it_0.pickle,142,245,quadratic,0.4087691307067871,0.982,0.005,0.982,0.005,q0: start,q131: A_Validating,q139: positive,36000,2
1,out/models/model_bpic17-after_model-it_0.pickle,142,245,linear,0.11846017837524414,0.982,0.005,0.982,0.005,q0: start,q131: A_Validating,q139: positive,36000,2
0,out/models/model_bpic17-after_model-it_0.pickle,142,245,quadratic,0.11948299407958984,0.982,0.0,0.982,0.0,q0: start,q60: customerW_CallafteroffersSUPERLONG,q139: positive,36000,2
1,out/models/model_bpic17-after_model-it_0.pickle,142,245,linear,0.042379140853881836,0.982,0.0,0.982,0.0,q0: start,q60: customerW_CallafteroffersSUPERLONG,q139: positive,36000,2
0,out/models/model_bpic17-after_model-it_0.pickle,142,245,quadratic,0.4578089714050293,0.982,0.724,0.982,0.724,q0: start,q73: O_Cancelled,q139: positive,36000,2
1,out/models/model_bpic17-after_model-it_0.pickle,142,245,linear,0.147078275680542,0.982,0.724,0.982,0.724,q0: start,q73: O_Cancelled,q139: positive,36000,2
0,out/models/model_bpic17-after_model-it_0.pickle,142,245,quadratic,0.37607312202453613,0.982,0.0,0.982,0.006,q0: start,q140: W_CallincompletefilesSHORT,q139: positive,36000,2
1,out/models/model_bpic17-after_model-it_0.pickle,142,245,linear,0.07362604141235352,0.982,0.0,0.982,0.006,q0: start,q140: W_CallincompletefilesSHORT,q139: positive,36000,2
0,out/models/model_bpic17-after_model-it_0.pickle,142,245,quadratic,0.9180710315704346,0.982,0.001,0.982,0.001,q0: start,q111: O_Sentmailandonline,q139: positive,36000,2
1,out/models/model_bpic17-after_model-it_0.pickle,142,245,linear,0.18138909339904785,0.982,0.001,0.982,0.001,q0: start,q111: O_Sentmailandonline,q139: positive,36000,2
0,out/models/model_bpic17-before_model-it_0.pickle,123,213,quadratic,8.350667953491211,0.999,0.001,0.999,0.004,q0: start,q37: W_CallafteroffersLONG,q117: positive,36000,2
1,out/models/model_bpic17-before_model-it_0.pickle,123,213,linear,0.28895998001098633,0.999,0.001,0.999,0.004,q0: start,q37: W_CallafteroffersLONG,q117: positive,36000,2
0,out/models/model_bpic17-after_model-it_0.pickle,142,245,quadratic,0.44811010360717773,0.982,0.017,0.982,0.017,q0: start,q24: companyO_CreateOffer1,q139: positive,36000,2
1,out/models/model_bpic17-after_model-it_0.pickle,142,245,linear,0.28673505783081055,0.982,0.017,0.982,0.017,q0: start,q24: companyO_CreateOffer1,q139: positive,36000,2
0,out/models/model_bpic17-after_model-it_0.pickle,142,245,quadratic,0.15746378898620605,0.982,1.0,0.982,1.0,q0: start,q115: companyO_Accepted,q139: positive,36000,2
1,out/models/model_bpic17-after_model-it_0.pickle,142,245,linear,0.07457613945007324,0.982,1.0,0.982,1.0,q0: start,q115: companyO_Accepted,q139: positive,36000,2
0,out/models/model_bpic17-after_model-it_0.pickle,142,245,quadratic,0.8099191188812256,0.982,0.142,0.982,0.142,q0: start,q86: customerO_Returned,q139: positive,36000,2
1,out/models/model_bpic17-after_model-it_0.pickle,142,245,linear,0.09824109077453613,0.982,0.142,0.982,0.142,q0: start,q86: customerO_Returned,q139: positive,36000,2
0,out/models/model_bpic17-after_model-it_0.pickle,142,245,quadratic,0.6578209400177002,0.982,0.015,0.982,0.015,q0: start,q66: O_Sentmailandonline,q139: positive,36000,2
1,out/models/model_bpic17-after_model-it_0.pickle,142,245,linear,0.15751004219055176,0.982,0.015,0.982,0.015,q0: start,q66: O_Sentmailandonline,q139: positive,36000,2
0,out/models/model_bpic17-after_model-it_0.pickle,142,245,quadratic,0.94586181640625,0.982,0.13,0.982,0.13,q0: start,q51: companyA_Validating,q139: positive,36000,2
1,out/models/model_bpic17-after_model-it_0.pickle,142,245,linear,0.11946797370910645,0.982,0.13,0.982,0.13,q0: start,q51: companyA_Validating,q139: positive,36000,2
0,out/models/model_bpic17-before_model-it_0.pickle,123,213,quadratic,5.29152512550354,0.999,0.043,0.999,0.654,q0: start,q60: O_Sentmailandonline,q117: positive,36000,2
1,out/models/model_bpic17-before_model-it_0.pickle,123,213,linear,0.4433419704437256,0.999,0.043,0.999,0.654,q0: start,q60: O_Sentmailandonline,q117: positive,36000,2
0,out/models/model_bpic17-after_model-it_0.pickle,142,245,quadratic,0.9183440208435059,0.982,0.341,0.982,0.341,q0: start,q15: companyO_CreateOffer0,q139: positive,36000,2
1,out/models/model_bpic17-after_model-it_0.pickle,142,245,linear,0.2814149856567383,0.982,0.341,0.982,0.341,q0: start,q15: companyO_CreateOffer0,q139: positive,36000,2
0,out/models/model_bpic17-after_model-it_0.pickle,142,245,quadratic,0.7407357692718506,0.982,0.004,0.982,0.004,q0: start,q53: companyO_CreateOffer1,q139: positive,36000,2
1,out/models/model_bpic17-after_model-it_0.pickle,142,245,linear,0.12213015556335449,0.982,0.004,0.982,0.004,q0: start,q53: companyO_CreateOffer1,q139: positive,36000,2
0,out/models/model_bpic17-before_model-it_0.pickle,123,213,quadratic,5.109242916107178,0.999,0.023,0.999,0.048,q0: start,q49: companyW_CallafteroffersLONG,q117: positive,36000,2
1,out/models/model_bpic17-before_model-it_0.pickle,123,213,linear,0.4601261615753174,0.999,0.023,0.999,0.048,q0: start,q49: companyW_CallafteroffersLONG,q117: positive,36000,2
0,out/models/model_bpic17-after_model-it_0.pickle,142,245,quadratic,0.6229848861694336,0.982,0.003,0.982,0.003,q0: start,q20: O_Sentonlineonly,q139: positive,36000,2
1,out/models/model_bpic17-after_model-it_0.pickle,142,245,linear,0.18372797966003418,0.982,0.003,0.982,0.003,q0: start,q20: O_Sentonlineonly,q139: positive,36000,2
0,out/models/model_bpic17-after_model-it_0.pickle,142,245,quadratic,1.2631518840789795,0.982,0.066,0.982,0.066,q0: start,q107: O_Sentmailandonline,q139: positive,36000,2
1,out/models/model_bpic17-after_model-it_0.pickle,142,245,linear,0.5567531585693359,0.982,0.066,0.982,0.066,q0: start,q107: O_Sentmailandonline,q139: positive,36000,2
0,out/models/model_bpic17-after_model-it_0.pickle,142,245,quadratic,0.3952219486236572,0.982,0.015,0.982,0.015,q0: start,q87: companyW_CallincompletefilesSHORT,q139: positive,36000,2
1,out/models/model_bpic17-after_model-it_0.pickle,142,245,linear,0.06777620315551758,0.982,0.015,0.982,0.015,q0: start,q87: companyW_CallincompletefilesSHORT,q139: positive,36000,2
0,out/models/model_bpic17-after_model-it_0.pickle,142,245,quadratic,0.8947658538818359,0.982,0.002,0.982,0.002,q0: start,q59: companyW_CallafteroffersSUPERLONG,q139: positive,36000,2
1,out/models/model_bpic17-after_model-it_0.pickle,142,245,linear,0.2534048557281494,0.982,0.002,0.982,0.002,q0: start,q59: companyW_CallafteroffersSUPERLONG,q139: positive,36000,2
0,out/models/model_bpic17-after_model-it_0.pickle,142,245,quadratic,1.0033388137817383,0.982,0.863,0.982,0.863,q0: start,q40: W_CallafteroffersSHORT,q139: positive,36000,2
1,out/models/model_bpic17-after_model-it_0.pickle,142,245,linear,0.16687893867492676,0.982,0.863,0.982,0.863,q0: start,q40: W_CallafteroffersSHORT,q139: positive,36000,2
0,out/models/model_bpic17-after_model-it_0.pickle,142,245,quadratic,0.4562408924102783,0.982,0.011,0.982,0.011,q0: start,q85: companyO_Returned,q139: positive,36000,2
1,out/models/model_bpic17-after_model-it_0.pickle,142,245,linear,0.09612679481506348,0.982,0.011,0.982,0.011,q0: start,q85: companyO_Returned,q139: positive,36000,2
0,out/models/model_bpic17-after_model-it_0.pickle,142,245,quadratic,0.6061208248138428,0.982,0.017,0.982,0.017,q0: start,q18: O_CreateOffer1,q139: positive,36000,2
1,out/models/model_bpic17-after_model-it_0.pickle,142,245,linear,0.27874112129211426,0.982,0.017,0.982,0.017,q0: start,q18: O_CreateOffer1,q139: positive,36000,2
0,out/models/model_bpic17-before_model-it_0.pickle,123,213,quadratic,5.204500198364258,0.999,0.197,0.999,0.708,q0: start,q25: companyO_Sentmailandonline,q117: positive,36000,2
1,out/models/model_bpic17-before_model-it_0.pickle,123,213,linear,0.24208903312683105,0.999,0.197,0.999,0.708,q0: start,q25: companyO_Sentmailandonline,q117: positive,36000,2
0,out/models/model_bpic17-after_model-it_0.pickle,142,245,quadratic,0.2610750198364258,0.982,0.0,0.982,0.0,q0: start,q98: companyW_CallafteroffersSUPERLONG,q139: positive,36000,2
1,out/models/model_bpic17-after_model-it_0.pickle,142,245,linear,0.04987382888793945,0.982,0.0,0.982,0.0,q0: start,q98: companyW_CallafteroffersSUPERLONG,q139: positive,36000,2
0,out/models/model_bpic17-after_model-it_0.pickle,142,245,quadratic,0.1507270336151123,0.982,1.0,0.982,1.0,q0: start,q134: customerA_Pending,q139: positive,36000,2
1,out/models/model_bpic17-after_model-it_0.pickle,142,245,linear,0.04362916946411133,0.982,1.0,0.982,1.0,q0: start,q134: customerA_Pending,q139: positive,36000,2
0,out/models/model_bpic17-after_model-it_0.pickle,142,245,quadratic,0.343142032623291,0.982,0.0,0.982,0.0,q0: start,q81: W_CallafteroffersSUPERLONG,q139: positive,36000,2
1,out/models/model_bpic17-after_model-it_0.pickle,142,245,linear,0.06344199180603027,0.982,0.0,0.982,0.0,q0: start,q81: W_CallafteroffersSUPERLONG,q139: positive,36000,2
0,out/models/model_bpic17-after_model-it_0.pickle,142,245,quadratic,0.7358262538909912,0.982,0.0,0.982,0.061,q0: start,q117: customerW_CallincompletefilesLONG,q139: positive,36000,2
1,out/models/model_bpic17-after_model-it_0.pickle,142,245,linear,0.24510812759399414,0.982,0.0,0.982,0.061,q0: start,q117: customerW_CallincompletefilesLONG,q139: positive,36000,2
0,out/models/model_bpic17-after_model-it_0.pickle,142,245,quadratic,0.9068119525909424,0.982,0.004,0.982,0.004,q0: start,q28: customerO_Sentonlineonly,q139: positive,36000,2
1,out/models/model_bpic17-after_model-it_0.pickle,142,245,linear,0.22466707229614258,0.982,0.004,0.982,0.004,q0: start,q28: customerO_Sentonlineonly,q139: positive,36000,2
0,out/models/model_bpic17-after_model-it_0.pickle,142,245,quadratic,3.0054991245269775,0.982,0.182,0.982,0.182,q0: start,q75: O_Sentmailandonline,q139: positive,36000,2
1,out/models/model_bpic17-after_model-it_0.pickle,142,245,linear,0.23990416526794434,0.982,0.182,0.982,0.182,q0: start,q75: O_Sentmailandonline,q139: positive,36000,2
0,out/models/model_bpic17-after_model-it_0.pickle,142,245,quadratic,0.35987401008605957,0.982,0.006,0.982,0.006,q0: start,q136: customerO_Returned,q139: positive,36000,2
1,out/models/model_bpic17-after_model-it_0.pickle,142,245,linear,0.06335186958312988,0.982,0.006,0.982,0.006,q0: start,q136: customerO_Returned,q139: positive,36000,2
0,out/models/model_bpic17-after_model-it_0.pickle,142,245,quadratic,0.7683298587799072,0.982,0.343,0.982,0.343,q0: start,q3: companyA_CreateApplication,q139: positive,36000,2
1,out/models/model_bpic17-after_model-it_0.pickle,142,245,linear,0.16916489601135254,0.982,0.343,0.982,0.343,q0: start,q3: companyA_CreateApplication,q139: positive,36000,2
0,out/models/model_bpic17-after_model-it_0.pickle,142,245,quadratic,0.8413870334625244,0.982,0.001,0.982,0.001,q0: start,q32: O_CreateOffer2,q139: positive,36000,2
1,out/models/model_bpic17-after_model-it_0.pickle,142,245,linear,0.15305328369140625,0.982,0.001,0.982,0.001,q0: start,q32: O_CreateOffer2,q139: positive,36000,2
0,out/models/model_bpic17-after_model-it_0.pickle,142,245,quadratic,0.33445119857788086,0.982,0.0,0.982,0.093,q0: start,q128: W_CallincompletefilesLONG,q139: positive,36000,2
1,out/models/model_bpic17-after_model-it_0.pickle,142,245,linear,0.14827394485473633,0.982,0.0,0.982,0.093,q0: start,q128: W_CallincompletefilesLONG,q139: positive,36000,2
0,out/models/model_bpic17-after_model-it_0.pickle,142,245,quadratic,0.8178040981292725,0.982,0.145,0.982,0.145,q0: start,q68: O_Returned,q139: positive,36000,2
1,out/models/model_bpic17-after_model-it_0.pickle,142,245,linear,0.12752795219421387,0.982,0.145,0.982,0.145,q0: start,q68: O_Returned,q139: positive,36000,2
0,out/models/model_bpic17-after_model-it_0.pickle,142,245,quadratic,0.3931457996368408,0.982,0.002,0.982,0.002,q0: start,q109: O_Returned,q139: positive,36000,2
1,out/models/model_bpic17-after_model-it_0.pickle,142,245,linear,0.041526079177856445,0.982,0.002,0.982,0.002,q0: start,q109: O_Returned,q139: positive,36000,2
0,out/models/model_bpic17-after_model-it_0.pickle,142,245,quadratic,0.868818998336792,0.982,0.004,0.982,0.004,q0: start,q108: O_Sentonlineonly,q139: positive,36000,2
1,out/models/model_bpic17-after_model-it_0.pickle,142,245,linear,0.12338709831237793,0.982,0.004,0.982,0.004,q0: start,q108: O_Sentonlineonly,q139: positive,36000,2
0,out/models/model_bpic17-after_model-it_0.pickle,142,245,quadratic,0.7661490440368652,0.982,0.343,0.982,0.343,q0: start,q9: A_Accepted,q139: positive,36000,2
1,out/models/model_bpic17-after_model-it_0.pickle,142,245,linear,0.13991880416870117,0.982,0.343,0.982,0.343,q0: start,q9: A_Accepted,q139: positive,36000,2
0,out/models/model_bpic17-after_model-it_0.pickle,142,245,quadratic,0.4482548236846924,0.982,0.001,0.982,0.001,q0: start,q76: O_CreateOffer2,q139: positive,36000,2
1,out/models/model_bpic17-after_model-it_0.pickle,142,245,linear,0.1448688507080078,0.982,0.001,0.982,0.001,q0: start,q76: O_CreateOffer2,q139: positive,36000,2
0,out/models/model_bpic17-after_model-it_0.pickle,142,245,quadratic,1.1086211204528809,0.982,0.895,0.982,0.895,q0: start,q57: companyW_CallafteroffersSHORT,q139: positive,36000,2
1,out/models/model_bpic17-after_model-it_0.pickle,142,245,linear,0.164276123046875,0.982,0.895,0.982,0.895,q0: start,q57: companyW_CallafteroffersSHORT,q139: positive,36000,2
0,out/models/model_bpic17-after_model-it_0.pickle,142,245,quadratic,0.9851431846618652,0.982,0.839,0.982,0.839,q0: start,q120: customerO_Returned,q139: positive,36000,2
1,out/models/model_bpic17-after_model-it_0.pickle,142,245,linear,0.09435391426086426,0.982,0.839,0.982,0.839,q0: start,q120: customerO_Returned,q139: positive,36000,2
0,out/models/model_bpic17-after_model-it_0.pickle,142,245,quadratic,0.8643629550933838,0.982,0.004,0.982,0.004,q0: start,q97: companyO_CreateOffer1,q139: positive,36000,2
1,out/models/model_bpic17-after_model-it_0.pickle,142,245,linear,0.21399712562561035,0.982,0.004,0.982,0.004,q0: start,q97: companyO_CreateOffer1,q139: positive,36000,2
0,out/models/model_bpic17-after_model-it_0.pickle,142,245,quadratic,0.3504788875579834,0.982,0.005,0.982,0.005,q0: start,q137: companyA_Validating,q139: positive,36000,2
1,out/models/model_bpic17-after_model-it_0.pickle,142,245,linear,0.06791496276855469,0.982,0.005,0.982,0.005,q0: start,q137: companyA_Validating,q139: positive,36000,2
0,out/models/model_bpic17-after_model-it_0.pickle,142,245,quadratic,0.30437397956848145,0.982,0.002,0.982,0.002,q0: start,q92: companyA_Validating,q139: positive,36000,2
1,out/models/model_bpic17-after_model-it_0.pickle,142,245,linear,0.05595207214355469,0.982,0.002,0.982,0.002,q0: start,q92: companyA_Validating,q139: positive,36000,2
0,out/models/model_bpic17-after_model-it_0.pickle,142,245,quadratic,1.1153390407562256,0.982,0.655,0.982,0.655,q0: start,q31: companyO_CreateOffer0,q139: positive,36000,2
1,out/models/model_bpic17-after_model-it_0.pickle,142,245,linear,0.10428500175476074,0.982,0.655,0.982,0.655,q0: start,q31: companyO_CreateOffer0,q139: positive,36000,2
0,out/models/model_bpic17-after_model-it_0.pickle,142,245,quadratic,3.9773330688476562,0.982,0.143,0.982,0.143,q0: start,q43: O_CreateOffer1,q139: positive,36000,2
1,out/models/model_bpic17-after_model-it_0.pickle,142,245,linear,0.21489286422729492,0.982,0.143,0.982,0.143,q0: start,q43: O_CreateOffer1,q139: positive,36000,2
0,out/models/model_bpic17-after_model-it_0.pickle,142,245,quadratic,0.11498689651489258,0.982,0.0,0.982,0.0,q0: start,q54: customerTIMEOUT,q139: positive,36000,2
1,out/models/model_bpic17-after_model-it_0.pickle,142,245,linear,0.027822017669677734,0.982,0.0,0.982,0.0,q0: start,q54: customerTIMEOUT,q139: positive,36000,2
0,out/models/model_bpic17-after_model-it_0.pickle,142,245,quadratic,0.8809361457824707,0.982,0.003,0.982,0.003,q0: start,q126: O_CreateOffer2,q139: positive,36000,2
1,out/models/model_bpic17-after_model-it_0.pickle,142,245,linear,0.13216781616210938,0.982,0.003,0.982,0.003,q0: start,q126: O_CreateOffer2,q139: positive,36000,2
0,out/models/model_bpic17-after_model-it_0.pickle,142,245,quadratic,0.742063045501709,0.982,0.0,0.982,0.0,q0: start,q99: O_Sentmailandonline,q139: positive,36000,2
1,out/models/model_bpic17-after_model-it_0.pickle,142,245,linear,0.10409784317016602,0.982,0.0,0.982,0.0,q0: start,q99: O_Sentmailandonline,q139: positive,36000,2
0,out/models/model_bpic17-after_model-it_0.pickle,142,245,quadratic,1.1318962574005127,0.982,0.007,0.982,0.007,q0: start,q84: companyW_CallafteroffersSHORT,q139: positive,36000,2
1,out/models/model_bpic17-after_model-it_0.pickle,142,245,linear,0.22803211212158203,0.982,0.007,0.982,0.007,q0: start,q84: companyW_CallafteroffersSHORT,q139: positive,36000,2
0,out/models/model_bpic17-after_model-it_0.pickle,142,245,quadratic,0.6081733703613281,0.982,0.132,0.982,0.132,q0: start,q36: A_Validating,q139: positive,36000,2
1,out/models/model_bpic17-after_model-it_0.pickle,142,245,linear,0.09096908569335938,0.982,0.132,0.982,0.132,q0: start,q36: A_Validating,q139: positive,36000,2
0,out/models/model_bpic17-after_model-it_0.pickle,142,245,quadratic,0.7827630043029785,0.982,0.657,0.982,0.657,q0: start,q14: A_Accepted,q139: positive,36000,2
1,out/models/model_bpic17-after_model-it_0.pickle,142,245,linear,0.05692100524902344,0.982,0.657,0.982,0.657,q0: start,q14: A_Accepted,q139: positive,36000,2
0,out/models/model_bpic17-after_model-it_0.pickle,142,245,quadratic,3.3914690017700195,0.982,0.004,0.982,0.004,q0: start,q35: O_Cancelled,q139: positive,36000,2
1,out/models/model_bpic17-after_model-it_0.pickle,142,245,linear,0.11854195594787598,0.982,0.004,0.982,0.004,q0: start,q35: O_Cancelled,q139: positive,36000,2
0,out/models/model_bpic17-after_model-it_0.pickle,142,245,quadratic,0.8219921588897705,0.982,0.016,0.982,0.016,q0: start,q33: O_Sentmailandonline,q139: positive,36000,2
1,out/models/model_bpic17-after_model-it_0.pickle,142,245,linear,0.20205903053283691,0.982,0.016,0.982,0.016,q0: start,q33: O_Sentmailandonline,q139: positive,36000,2
0,out/models/model_bpic17-after_model-it_0.pickle,142,245,quadratic,0.6515440940856934,0.982,0.324,0.982,0.324,q0: start,q19: O_Sentmailandonline,q139: positive,36000,2
1,out/models/model_bpic17-after_model-it_0.pickle,142,245,linear,0.15144801139831543,0.982,0.324,0.982,0.324,q0: start,q19: O_Sentmailandonline,q139: positive,36000,2
0,out/models/model_bpic17-after_model-it_0.pickle,142,245,quadratic,0.12103915214538574,0.982,1.0,0.982,1.0,q0: start,q102: O_Accepted,q139: positive,36000,2
1,out/models/model_bpic17-after_model-it_0.pickle,142,245,linear,0.04481005668640137,0.982,1.0,0.982,1.0,q0: start,q102: O_Accepted,q139: positive,36000,2
0,out/models/model_bpic17-before_model-it_0.pickle,123,213,quadratic,15.118628978729248,0.999,0.0,0.999,0.001,q0: start,q38: W_CallafteroffersSHORT,q117: positive,36000,2
1,out/models/model_bpic17-before_model-it_0.pickle,123,213,linear,0.11263489723205566,0.999,0.0,0.999,0.0,q0: start,q38: W_CallafteroffersSHORT,q117: positive,36000,2
0,out/models/model_bpic17-after_model-it_0.pickle,142,245,quadratic,0.6138961315155029,0.982,0.343,0.982,0.343,q0: start,q7: companyA_Concept,q139: positive,36000,2
1,out/models/model_bpic17-after_model-it_0.pickle,142,245,linear,0.1818399429321289,0.982,0.343,0.982,0.343,q0: start,q7: companyA_Concept,q139: positive,36000,2
0,out/models/model_bpic17-after_model-it_0.pickle,142,245,quadratic,0.13059592247009277,0.982,1.0,0.982,1.0,q0: start,q139: positive,q139: positive,36000,2
1,out/models/model_bpic17-after_model-it_0.pickle,142,245,linear,0.04479384422302246,0.982,1.0,0.982,1.0,q0: start,q139: positive,q139: positive,36000,2
0,out/models/model_bpic17-after_model-it_0.pickle,142,245,quadratic,0.12740111351013184,0.982,1.0,0.982,1.0,q0: start,q2: A_CreateApplication,q139: positive,36000,2
1,out/models/model_bpic17-after_model-it_0.pickle,142,245,linear,0.06210803985595703,0.982,1.0,0.982,1.0,q0: start,q2: A_CreateApplication,q139: positive,36000,2
0,out/models/model_bpic17-after_model-it_0.pickle,142,245,quadratic,0.16849327087402344,0.982,0.0,0.982,0.0,q0: start,q21: A_CancelledCUSTOMER,q139: positive,36000,2
1,out/models/model_bpic17-after_model-it_0.pickle,142,245,linear,0.05511903762817383,0.982,0.0,0.982,0.0,q0: start,q21: A_CancelledCUSTOMER,q139: positive,36000,2
0,out/models/model_bpic17-after_model-it_0.pickle,142,245,quadratic,1.0820069313049316,0.982,0.0,0.982,0.0,q0: start,q80: W_CallafteroffersSHORT,q139: positive,36000,2
1,out/models/model_bpic17-after_model-it_0.pickle,142,245,linear,0.132951021194458,0.982,0.0,0.982,0.0,q0: start,q80: W_CallafteroffersSHORT,q139: positive,36000,2
0,out/models/model_bpic17-after_model-it_0.pickle,142,245,quadratic,0.9094588756561279,0.982,0.004,0.982,0.004,q0: start,q22: O_Cancelled,q139: positive,36000,2
1,out/models/model_bpic17-after_model-it_0.pickle,142,245,linear,0.1544959545135498,0.982,0.004,0.982,0.004,q0: start,q22: O_Cancelled,q139: positive,36000,2
0,out/models/model_bpic17-after_model-it_0.pickle,142,245,quadratic,0.8257458209991455,0.982,0.004,0.982,0.004,q0: start,q37: O_CreateOffer1,q139: positive,36000,2
1,out/models/model_bpic17-after_model-it_0.pickle,142,245,linear,0.1884453296661377,0.982,0.004,0.982,0.004,q0: start,q37: O_CreateOffer1,q139: positive,36000,2
0,out/models/model_bpic17-after_model-it_0.pickle,142,245,quadratic,1.486091136932373,0.982,0.07,0.982,0.07,q0: start,q26: companyO_Sentmailandonline,q139: positive,36000,2
1,out/models/model_bpic17-after_model-it_0.pickle,142,245,linear,0.259692907333374,0.982,0.07,0.982,0.07,q0: start,q26: companyO_Sentmailandonline,q139: positive,36000,2
0,out/models/model_bpic17-after_model-it_0.pickle,142,245,quadratic,0.9418578147888184,0.982,0.004,0.982,0.004,q0: start,q70: O_Sentmailandonline,q139: positive,36000,2
1,out/models/model_bpic17-after_model-it_0.pickle,142,245,linear,0.19691705703735352,0.982,0.004,0.982,0.004,q0: start,q70: O_Sentmailandonline,q139: positive,36000,2
0,out/models/model_bpic17-after_model-it_0.pickle,142,245,quadratic,0.6977121829986572,0.982,0.0,0.982,0.0,q0: start,q113: companyO_Sentmailandonline,q139: positive,36000,2
1,out/models/model_bpic17-after_model-it_0.pickle,142,245,linear,0.10217499732971191,0.982,0.0,0.982,0.0,q0: start,q113: companyO_Sentmailandonline,q139: positive,36000,2
0,out/models/model_bpic17-after_model-it_0.pickle,142,245,quadratic,0.526763916015625,0.982,0.0,0.982,0.0,q0: start,q95: customerO_CreateOffer2,q139: positive,36000,2
1,out/models/model_bpic17-after_model-it_0.pickle,142,245,linear,0.0880119800567627,0.982,0.0,0.982,0.0,q0: start,q95: customerO_CreateOffer2,q139: positive,36000,2
0,out/models/model_bpic17-after_model-it_0.pickle,142,245,quadratic,0.6135339736938477,0.982,0.048,0.982,0.048,q0: start,q62: companyO_CreateOffer1,q139: positive,36000,2
1,out/models/model_bpic17-after_model-it_0.pickle,142,245,linear,0.1106879711151123,0.982,0.048,0.982,0.048,q0: start,q62: companyO_CreateOffer1,q139: positive,36000,2
0,out/models/model_bpic17-after_model-it_0.pickle,142,245,quadratic,0.7254009246826172,0.982,0.0,0.982,0.0,q0: start,q82: companyO_CreateOffer3,q139: positive,36000,2
1,out/models/model_bpic17-after_model-it_0.pickle,142,245,linear,0.08842706680297852,0.982,0.0,0.982,0.0,q0: start,q82: companyO_CreateOffer3,q139: positive,36000,2
0,out/models/model_bpic17-after_model-it_0.pickle,142,245,quadratic,0.8419351577758789,0.982,0.021,0.982,0.021,q0: start,q55: companyW_CallafteroffersLONG,q139: positive,36000,2
1,out/models/model_bpic17-after_model-it_0.pickle,142,245,linear,0.13084793090820312,0.982,0.021,0.982,0.021,q0: start,q55: companyW_CallafteroffersLONG,q139: positive,36000,2
0,out/models/model_bpic17-after_model-it_0.pickle,142,245,quadratic,0.3704848289489746,0.982,0.0,0.982,0.0,q0: start,q141: W_CallincompletefilesSHORT,q139: positive,36000,2
1,out/models/model_bpic17-after_model-it_0.pickle,142,245,linear,0.09609079360961914,0.982,0.0,0.982,0.0,q0: start,q141: W_CallincompletefilesSHORT,q139: positive,36000,2
0,out/models/model_bpic17-after_model-it_0.pickle,142,245,quadratic,0.1114048957824707,0.982,1.0,0.982,1.0,q0: start,q127: A_Pending,q139: positive,36000,2
1,out/models/model_bpic17-after_model-it_0.pickle,142,245,linear,0.04193615913391113,0.982,1.0,0.982,1.0,q0: start,q127: A_Pending,q139: positive,36000,2
0,out/models/model_bpic17-after_model-it_0.pickle,142,245,quadratic,0.09421110153198242,0.982,0.0,0.982,0.0,q0: start,q29: customerA_CancelledCUSTOMER,q139: positive,36000,2
1,out/models/model_bpic17-after_model-it_0.pickle,142,245,linear,0.027624130249023438,0.982,0.0,0.982,0.0,q0: start,q29: customerA_CancelledCUSTOMER,q139: positive,36000,2
0,out/models/model_bpic17-after_model-it_0.pickle,142,245,quadratic,0.717933177947998,0.982,0.343,0.982,0.343,q0: start,q5: A_Concept,q139: positive,36000,2
1,out/models/model_bpic17-after_model-it_0.pickle,142,245,linear,0.19652009010314941,0.982,0.343,0.982,0.343,q0: start,q5: A_Concept,q139: positive,36000,2
0,out/models/model_bpic17-after_model-it_0.pickle,142,245,quadratic,0.7495691776275635,0.982,0.0,0.982,0.937,q0: start,q119: customerW_CallincompletefilesSHORT,q139: positive,36000,2
1,out/models/model_bpic17-after_model-it_0.pickle,142,245,linear,0.20412492752075195,0.982,0.0,0.982,0.937,q0: start,q119: customerW_CallincompletefilesSHORT,q139: positive,36000,2
0,out/models/model_bpic17-after_model-it_0.pickle,142,245,quadratic,0.2267770767211914,0.982,0.0,0.982,0.0,q0: start,q138: customerO_Returned,q139: positive,36000,2
1,out/models/model_bpic17-after_model-it_0.pickle,142,245,linear,0.04020810127258301,0.982,0.0,0.982,0.0,q0: start,q138: customerO_Returned,q139: positive,36000,2
0,out/models/model_bpic17-after_model-it_0.pickle,142,245,quadratic,0.8291409015655518,0.982,0.657,0.982,0.657,q0: start,q10: A_Concept,q139: positive,36000,2
1,out/models/model_bpic17-after_model-it_0.pickle,142,245,linear,0.09664392471313477,0.982,0.657,0.982,0.657,q0: start,q10: A_Concept,q139: positive,36000,2
0,out/models/model_bpic17-after_model-it_0.pickle,142,245,quadratic,0.7612051963806152,0.982,0.02,0.982,0.02,q0: start,q39: W_CallafteroffersLONG,q139: positive,36000,2
1,out/models/model_bpic17-after_model-it_0.pickle,142,245,linear,0.1307229995727539,0.982,0.02,0.982,0.02,q0: start,q39: W_CallafteroffersLONG,q139: positive,36000,2
0,out/models/model_bpic17-after_model-it_0.pickle,142,245,quadratic,0.8846960067749023,0.982,0.848,0.982,0.848,q0: start,q105: O_Returned,q139: positive,36000,2
1,out/models/model_bpic17-after_model-it_0.pickle,142,245,linear,0.12530040740966797,0.982,0.848,0.982,0.848,q0: start,q105: O_Returned,q139: positive,36000,2
0,out/models/model_bpic17-after_model-it_0.pickle,142,245,quadratic,0.6125259399414062,0.982,0.343,0.982,0.343,q0: start,q11: companyA_Accepted,q139: positive,36000,2
1,out/models/model_bpic17-after_model-it_0.pickle,142,245,linear,0.21027898788452148,0.982,0.343,0.982,0.343,q0: start,q11: companyA_Accepted,q139: positive,36000,2
0,out/models/model_bpic17-after_model-it_0.pickle,142,245,quadratic,0.2963888645172119,0.982,0.0,0.982,0.0,q0: start,q132: O_Returned,q139: positive,36000,2
1,out/models/model_bpic17-after_model-it_0.pickle,142,245,linear,0.0625910758972168,0.982,0.0,0.982,0.0,q0: start,q132: O_Returned,q139: positive,36000,2
0,out/models/model_bpic17-after_model-it_0.pickle,142,245,quadratic,2.18091082572937,0.982,0.004,0.982,0.004,q0: start,q50: companyO_Cancelled,q139: positive,36000,2
1,out/models/model_bpic17-after_model-it_0.pickle,142,245,linear,0.14472293853759766,0.982,0.004,0.982,0.004,q0: start,q50: companyO_Cancelled,q139: positive,36000,2
0,out/models/model_bpic17-after_model-it_0.pickle,142,245,quadratic,0.6575801372528076,0.982,0.657,0.982,0.657,q0: start,q4: customerA_CreateApplication,q139: positive,36000,2
1,out/models/model_bpic17-after_model-it_0.pickle,142,245,linear,0.09971904754638672,0.982,0.657,0.982,0.657,q0: start,q4: customerA_CreateApplication,q139: positive,36000,2
0,out/models/model_bpic17-after_model-it_0.pickle,142,245,quadratic,0.2926628589630127,0.982,0.003,0.982,0.003,q0: start,q88: companyO_Sentonlineonly,q139: positive,36000,2
1,out/models/model_bpic17-after_model-it_0.pickle,142,245,linear,0.07906222343444824,0.982,0.003,0.982,0.003,q0: start,q88: companyO_Sentonlineonly,q139: positive,36000,2
0,out/models/model_bpic17-after_model-it_0.pickle,142,245,quadratic,0.7212040424346924,0.982,0.068,0.982,0.068,q0: start,q72: O_CreateOffer1,q139: positive,36000,2
1,out/models/model_bpic17-after_model-it_0.pickle,142,245,linear,0.2840590476989746,0.982,0.068,0.982,0.068,q0: start,q72: O_CreateOffer1,q139: positive,36000,2
0,out/models/model_bpic17-after_model-it_0.pickle,142,245,quadratic,0.32970380783081055,0.982,0.0,0.982,0.002,q0: start,q135: customerW_CallincompletefilesSUPERLONG,q139: positive,36000,2
1,out/models/model_bpic17-after_model-it_0.pickle,142,245,linear,0.041700124740600586,0.982,0.0,0.982,0.002,q0: start,q135: customerW_CallincompletefilesSUPERLONG,q139: positive,36000,2
0,out/models/model_bpic17-after_model-it_0.pickle,142,245,quadratic,2.6089420318603516,0.982,0.4,0.982,0.4,q0: start,q58: customerW_CallafteroffersSHORT,q139: positive,36000,2
1,out/models/model_bpic17-after_model-it_0.pickle,142,245,linear,0.25304412841796875,0.982,0.4,0.982,0.4,q0: start,q58: customerW_CallafteroffersSHORT,q139: positive,36000,2
0,out/models/model_bpic17-after_model-it_0.pickle,142,245,quadratic,2.6248860359191895,0.982,0.571,0.982,0.571,q0: start,q64: customerO_Sentmailandonline,q139: positive,36000,2
1,out/models/model_bpic17-after_model-it_0.pickle,142,245,linear,0.11991500854492188,0.982,0.571,0.982,0.571,q0: start,q64: customerO_Sentmailandonline,q139: positive,36000,2
0,out/models/model_bpic17-after_model-it_0.pickle,142,245,quadratic,1.0797109603881836,0.982,0.0,0.982,0.424,q0: start,q118: companyW_CallincompletefilesSHORT,q139: positive,36000,2
1,out/models/model_bpic17-after_model-it_0.pickle,142,245,linear,0.2764449119567871,0.982,0.0,0.982,0.424,q0: start,q118: companyW_CallincompletefilesSHORT,q139: positive,36000,2
0,out/models/model_bpic17-after_model-it_0.pickle,142,245,quadratic,0.9004561901092529,0.982,0.011,0.982,0.477,q0: start,q114: customerA_Validating,q139: positive,36000,2
1,out/models/model_bpic17-after_model-it_0.pickle,142,245,linear,0.20302987098693848,0.982,0.011,0.982,0.477,q0: start,q114: customerA_Validating,q139: positive,36000,2
0,out/models/model_bpic17-after_model-it_0.pickle,142,245,quadratic,0.38958001136779785,0.982,0.001,0.982,0.001,q0: start,q94: companyO_CreateOffer2,q139: positive,36000,2
1,out/models/model_bpic17-after_model-it_0.pickle,142,245,linear,0.16425800323486328,0.982,0.001,0.982,0.001,q0: start,q94: companyO_CreateOffer2,q139: positive,36000,2
0,out/models/model_bpic17-after_model-it_0.pickle,142,245,quadratic,0.6362519264221191,0.982,0.0,0.982,0.965,q0: start,q104: W_CallincompletefilesSHORT,q139: positive,36000,2
1,out/models/model_bpic17-after_model-it_0.pickle,142,245,linear,0.19128727912902832,0.982,0.0,0.982,0.965,q0: start,q104: W_CallincompletefilesSHORT,q139: positive,36000,2
0,out/models/model_bpic17-after_model-it_0.pickle,142,245,quadratic,0.7495839595794678,0.982,0.657,0.982,0.657,q0: start,q17: companyA_Accepted,q139: positive,36000,2
1,out/models/model_bpic17-after_model-it_0.pickle,142,245,linear,0.10964512825012207,0.982,0.657,0.982,0.657,q0: start,q17: companyA_Accepted,q139: positive,36000,2
0,out/models/model_bpic17-after_model-it_0.pickle,142,245,quadratic,1.143333911895752,0.982,0.011,0.982,0.477,q0: start,q101: A_Validating,q139: positive,36000,2
1,out/models/model_bpic17-after_model-it_0.pickle,142,245,linear,0.2321610450744629,0.982,0.011,0.982,0.477,q0: start,q101: A_Validating,q139: positive,36000,2
0,out/models/model_bpic17-after_model-it_0.pickle,142,245,quadratic,0.545037031173706,0.982,0.048,0.982,0.048,q0: start,q77: O_Sentmailandonline,q139: positive,36000,2
1,out/models/model_bpic17-after_model-it_0.pickle,142,245,linear,0.08707213401794434,0.982,0.048,0.982,0.048,q0: start,q77: O_Sentmailandonline,q139: positive,36000,2
0,out/models/model_bpic17-after_model-it_0.pickle,142,245,quadratic,0.40479612350463867,0.982,0.015,0.982,0.015,q0: start,q69: W_CallincompletefilesSHORT,q139: positive,36000,2
1,out/models/model_bpic17-after_model-it_0.pickle,142,245,linear,0.038582801818847656,0.982,0.015,0.982,0.015,q0: start,q69: W_CallincompletefilesSHORT,q139: positive,36000,2
0,out/models/model_bpic17-after_model-it_0.pickle,142,245,quadratic,0.6599090099334717,0.982,0.001,0.982,0.001,q0: start,q123: companyO_Sentmailandonline,q139: positive,36000,2
1,out/models/model_bpic17-after_model-it_0.pickle,142,245,linear,0.13408207893371582,0.982,0.001,0.982,0.001,q0: start,q123: companyO_Sentmailandonline,q139: positive,36000,2
0,out/models/model_bpic17-after_model-it_0.pickle,142,245,quadratic,0.6071016788482666,0.982,0.288,0.982,0.288,q0: start,q27: customerO_Sentmailandonline,q139: positive,36000,2
1,out/models/model_bpic17-after_model-it_0.pickle,142,245,linear,0.16210317611694336,0.982,0.288,0.982,0.288,q0: start,q27: customerO_Sentmailandonline,q139: positive,36000,2
0,out/models/model_bpic17-after_model-it_0.pickle,142,245,quadratic,0.0881497859954834,0.982,1.0,0.982,1.0,q0: start,q1: companystart,q139: positive,36000,2
1,out/models/model_bpic17-after_model-it_0.pickle,142,245,linear,0.058615922927856445,0.982,1.0,0.982,1.0,q0: start,q1: companystart,q139: positive,36000,2
0,out/models/model_bpic17-after_model-it_0.pickle,142,245,quadratic,0.2907278537750244,0.982,0.0,0.982,0.0,q0: start,q125: companyA_Validating,q139: positive,36000,2
1,out/models/model_bpic17-after_model-it_0.pickle,142,245,linear,0.0322418212890625,0.982,0.0,0.982,0.0,q0: start,q125: companyA_Validating,q139: positive,36000,2
0,out/models/model_bpic17-after_model-it_0.pickle,142,245,quadratic,0.555513858795166,0.982,0.015,0.982,0.015,q0: start,q47: companyO_Sentmailandonline,q139: positive,36000,2
1,out/models/model_bpic17-after_model-it_0.pickle,142,245,linear,0.13119888305664062,0.982,0.015,0.982,0.015,q0: start,q47: companyO_Sentmailandonline,q139: positive,36000,2
0,out/models/model_bpic17-after_model-it_0.pickle,142,245,quadratic,0.841439962387085,0.982,0.004,0.982,0.004,q0: start,q25: customerO_CreateOffer1,q139: positive,36000,2
1,out/models/model_bpic17-after_model-it_0.pickle,142,245,linear,0.20306396484375,0.982,0.004,0.982,0.004,q0: start,q25: customerO_CreateOffer1,q139: positive,36000,2
0,out/models/model_bpic17-after_model-it_0.pickle,142,245,quadratic,0.31368398666381836,0.982,0.001,0.982,0.001,q0: start,q106: W_CallincompletefilesLONG,q139: positive,36000,2
1,out/models/model_bpic17-after_model-it_0.pickle,142,245,linear,0.04315686225891113,0.982,0.001,0.982,0.001,q0: start,q106: W_CallincompletefilesLONG,q139: positive,36000,2
0,out/models/model_bpic17-after_model-it_0.pickle,142,245,quadratic,0.8402957916259766,0.982,0.002,0.982,0.002,q0: start,q41: W_CallafteroffersSUPERLONG,q139: positive,36000,2
1,out/models/model_bpic17-after_model-it_0.pickle,142,245,linear,0.21253085136413574,0.982,0.002,0.982,0.002,q0: start,q41: W_CallafteroffersSUPERLONG,q139: positive,36000,2
0,out/models/model_bpic17-after_model-it_0.pickle,142,245,quadratic,0.5463531017303467,0.982,0.692,0.982,0.692,q0: start,q91: customerO_Cancelled,q139: positive,36000,2
1,out/models/model_bpic17-after_model-it_0.pickle,142,245,linear,0.15932798385620117,0.982,0.692,0.982,0.692,q0: start,q91: customerO_Cancelled,q139: positive,36000,2
0,out/models/model_bpic17-after_model-it_0.pickle,142,245,quadratic,0.7993147373199463,0.982,0.657,0.982,0.657,q0: start,q6: A_Submitted,q139: positive,36000,2
1,out/models/model_bpic17-after_model-it_0.pickle,142,245,linear,0.10108304023742676,0.982,0.657,0.982,0.657,q0: start,q6: A_Submitted,q139: positive,36000,2
0,out/models/model_bpic17-after_model-it_0.pickle,142,245,quadratic,0.28557372093200684,0.982,0.0,0.982,0.002,q0: start,q129: W_CallincompletefilesSUPERLONG,q139: positive,36000,2
1,out/models/model_bpic17-after_model-it_0.pickle,142,245,linear,0.05669689178466797,0.982,0.0,0.982,0.002,q0: start,q129: W_CallincompletefilesSUPERLONG,q139: positive,36000,2
0,out/models/model_bpic17-after_model-it_0.pickle,142,245,quadratic,0.43393492698669434,0.982,0.049,0.982,0.049,q0: start,q44: O_CreateOffer1,q139: positive,36000,2
1,out/models/model_bpic17-after_model-it_0.pickle,142,245,linear,0.09314393997192383,0.982,0.049,0.982,0.049,q0: start,q44: O_CreateOffer1,q139: positive,36000,2
0,out/models/model_bpic17-after_model-it_0.pickle,142,245,quadratic,0.5358726978302002,0.982,0.0,0.982,0.0,q0: start,q34: O_Sentonlineonly,q139: positive,36000,2
1,out/models/model_bpic17-after_model-it_0.pickle,142,245,linear,0.11083006858825684,0.982,0.0,0.982,0.0,q0: start,q34: O_Sentonlineonly,q139: positive,36000,2
0,out/models/model_bpic17-after_model-it_0.pickle,142,245,quadratic,0.9290990829467773,0.982,0.001,0.982,0.001,q0: start,q46: companyO_CreateOffer2,q139: positive,36000,2
1,out/models/model_bpic17-after_model-it_0.pickle,142,245,linear,0.12334513664245605,0.982,0.001,0.982,0.001,q0: start,q46: companyO_CreateOffer2,q139: positive,36000,2
0,out/models/model_bpic17-after_model-it_0.pickle,142,245,quadratic,3.593641996383667,0.982,0.143,0.982,0.143,q0: start,q30: companyO_Cancelled,q139: positive,36000,2
1,out/models/model_bpic17-after_model-it_0.pickle,142,245,linear,0.19633984565734863,0.982,0.143,0.982,0.143,q0: start,q30: companyO_Cancelled,q139: positive,36000,2
0,out/models/model_bpic17-after_model-it_0.pickle,142,245,quadratic,2.2951231002807617,0.982,0.199,0.982,0.199,q0: start,q110: W_CallafteroffersSHORT,q139: positive,36000,2
1,out/models/model_bpic17-after_model-it_0.pickle,142,245,linear,0.15792107582092285,0.982,0.199,0.982,0.199,q0: start,q110: W_CallafteroffersSHORT,q139: positive,36000,2
0,out/models/model_bpic17-after_model-it_0.pickle,142,245,quadratic,0.3723258972167969,0.982,0.002,0.982,0.002,q0: start,q122: customerO_Returned,q139: positive,36000,2
1,out/models/model_bpic17-after_model-it_0.pickle,142,245,linear,0.06943798065185547,0.982,0.002,0.982,0.002,q0: start,q122: customerO_Returned,q139: positive,36000,2
0,out/models/model_bpic17-after_model-it_0.pickle,142,245,quadratic,0.7746620178222656,0.982,0.004,0.982,0.004,q0: start,q78: O_CreateOffer1,q139: positive,36000,2
1,out/models/model_bpic17-after_model-it_0.pickle,142,245,linear,0.09365200996398926,0.982,0.004,0.982,0.004,q0: start,q78: O_CreateOffer1,q139: positive,36000,2
0,out/models/model_bpic17-after_model-it_0.pickle,142,245,quadratic,0.7272570133209229,0.982,0.003,0.982,0.003,q0: start,q133: companyO_CreateOffer2,q139: positive,36000,2
1,out/models/model_bpic17-after_model-it_0.pickle,142,245,linear,0.18120503425598145,0.982,0.003,0.982,0.003,q0: start,q133: companyO_CreateOffer2,q139: positive,36000,2
0,out/models/model_bpic17-after_model-it_0.pickle,142,245,quadratic,0.33899402618408203,0.982,0.002,0.982,0.002,q0: start,q74: A_Validating,q139: positive,36000,2
1,out/models/model_bpic17-after_model-it_0.pickle,142,245,linear,0.07430100440979004,0.982,0.002,0.982,0.002,q0: start,q74: A_Validating,q139: positive,36000,2
0,out/models/model_bpic17-after_model-it_0.pickle,142,245,quadratic,0.41639018058776855,0.982,0.006,0.982,0.006,q0: start,q130: O_Returned,q139: positive,36000,2
1,out/models/model_bpic17-after_model-it_0.pickle,142,245,linear,0.06124401092529297,0.982,0.006,0.982,0.006,q0: start,q130: O_Returned,q139: positive,36000,2
0,out/models/model_bpic17-after_model-it_0.pickle,142,245,quadratic,0.6598360538482666,0.982,0.001,0.982,0.001,q0: start,q67: W_CallafteroffersSHORT,q139: positive,36000,2
1,out/models/model_bpic17-after_model-it_0.pickle,142,245,linear,0.1306459903717041,0.982,0.001,0.982,0.001,q0: start,q67: W_CallafteroffersSHORT,q139: positive,36000,2
0,out/models/model_bpic17-after_model-it_0.pickle,142,245,quadratic,0.7582318782806396,0.982,0.004,0.982,0.004,q0: start,q16: customerO_CreateOffer0,q139: positive,36000,2
1,out/models/model_bpic17-after_model-it_0.pickle,142,245,linear,0.1466538906097412,0.982,0.004,0.982,0.004,q0: start,q16: customerO_CreateOffer0,q139: positive,36000,2
0,out/models/model_bpic17-after_model-it_0.pickle,142,245,quadratic,0.11917996406555176,0.982,0.0,0.982,0.0,q0: start,q38: TIMEOUT,q139: positive,36000,2
1,out/models/model_bpic17-after_model-it_0.pickle,142,245,linear,0.04198479652404785,0.982,0.0,0.982,0.0,q0: start,q38: TIMEOUT,q139: positive,36000,2
0,out/models/model_bpic17-after_model-it_0.pickle,142,245,quadratic,0.38764286041259766,0.982,0.005,0.982,0.005,q0: start,q124: companyO_Sentmailandonline,q139: positive,36000,2
1,out/models/model_bpic17-after_model-it_0.pickle,142,245,linear,0.08607077598571777,0.982,0.005,0.982,0.005,q0: start,q124: companyO_Sentmailandonline,q139: positive,36000,2
0,out/models/model_bpic17-after_model-it_0.pickle,142,245,quadratic,0.8968081474304199,0.982,0.861,0.982,0.861,q0: start,q71: A_Validating,q139: positive,36000,2
1,out/models/model_bpic17-after_model-it_0.pickle,142,245,linear,0.13473796844482422,0.982,0.861,0.982,0.861,q0: start,q71: A_Validating,q139: positive,36000,2
0,out/models/model_bpic17-after_model-it_0.pickle,142,245,quadratic,2.3600409030914307,0.982,0.038,0.982,0.038,q0: start,q63: companyO_Sentmailandonline,q139: positive,36000,2
1,out/models/model_bpic17-after_model-it_0.pickle,142,245,linear,0.15374994277954102,0.982,0.038,0.982,0.038,q0: start,q63: companyO_Sentmailandonline,q139: positive,36000,2
0,out/models/model_bpic17-after_model-it_0.pickle,142,245,quadratic,0.6971859931945801,0.982,0.0,0.982,0.11,q0: start,q116: companyW_CallincompletefilesLONG,q139: positive,36000,2
1,out/models/model_bpic17-after_model-it_0.pickle,142,245,linear,0.3234438896179199,0.982,0.0,0.982,0.11,q0: start,q116: companyW_CallincompletefilesLONG,q139: positive,36000,2
0,out/models/model_bpic17-after_model-it_0.pickle,142,245,quadratic,0.07850790023803711,0.982,0.0,0.982,0.0,q0: start,q42: negative,q139: positive,36000,2
1,out/models/model_bpic17-after_model-it_0.pickle,142,245,linear,0.0513458251953125,0.982,0.0,0.982,0.0,q0: start,q42: negative,q139: positive,36000,2
0,out/models/model_bpic17-after_model-it_0.pickle,142,245,quadratic,0.5044677257537842,0.982,0.045,0.982,0.045,q0: start,q96: companyO_Sentmailandonline,q139: positive,36000,2
1,out/models/model_bpic17-after_model-it_0.pickle,142,245,linear,0.13748788833618164,0.982,0.045,0.982,0.045,q0: start,q96: companyO_Sentmailandonline,q139: positive,36000,2
0,out/models/model_bpic17-after_model-it_0.pickle,142,245,quadratic,0.7986183166503906,0.982,0.657,0.982,0.657,q0: start,q12: companyA_Concept,q139: positive,36000,2
1,out/models/model_bpic17-after_model-it_0.pickle,142,245,linear,0.15648388862609863,0.982,0.657,0.982,0.657,q0: start,q12: companyA_Concept,q139: positive,36000,2
0,out/models/model_bpic17-after_model-it_0.pickle,142,245,quadratic,0.6341249942779541,0.982,0.343,0.982,0.343,q0: start,q13: O_CreateOffer0,q139: positive,36000,2
1,out/models/model_bpic17-after_model-it_0.pickle,142,245,linear,0.1818828582763672,0.982,0.343,0.982,0.343,q0: start,q13: O_CreateOffer0,q139: positive,36000,2
0,out/models/model_bpic17-after_model-it_0.pickle,142,245,quadratic,0.2731788158416748,0.982,0.0,0.982,0.0,q0: start,q112: A_Validating,q139: positive,36000,2
1,out/models/model_bpic17-after_model-it_0.pickle,142,245,linear,0.03830599784851074,0.982,0.0,0.982,0.0,q0: start,q112: A_Validating,q139: positive,36000,2
0,out/models/model_bpic17-after_model-it_0.pickle,142,245,quadratic,0.7919061183929443,0.982,0.657,0.982,0.657,q0: start,q23: O_CreateOffer0,q139: positive,36000,2
1,out/models/model_bpic17-after_model-it_0.pickle,142,245,linear,0.11894607543945312,0.982,0.657,0.982,0.657,q0: start,q23: O_CreateOffer0,q139: positive,36000,2
0,out/models/model_bpic17-after_model-it_0.pickle,142,245,quadratic,0.8787479400634766,0.982,0.848,0.982,0.848,q0: start,q89: companyA_Validating,q139: positive,36000,2
1,out/models/model_bpic17-after_model-it_0.pickle,142,245,linear,0.07515311241149902,0.982,0.848,0.982,0.848,q0: start,q89: companyA_Validating,q139: positive,36000,2
0,out/models/model_bpic17-after_model-it_0.pickle,142,245,quadratic,0.48108720779418945,0.982,0.001,0.982,0.001,q0: start,q48: customerO_Sentmailandonline,q139: positive,36000,2
1,out/models/model_bpic17-after_model-it_0.pickle,142,245,linear,0.12140607833862305,0.982,0.001,0.982,0.001,q0: start,q48: customerO_Sentmailandonline,q139: positive,36000,2
0,out/models/model_bpic17-after_model-it_0.pickle,142,245,quadratic,0.9170007705688477,0.982,0.001,0.982,0.001,q0: start,q79: W_CallafteroffersLONG,q139: positive,36000,2
1,out/models/model_bpic17-after_model-it_0.pickle,142,245,linear,0.16366219520568848,0.982,0.001,0.982,0.001,q0: start,q79: W_CallafteroffersLONG,q139: positive,36000,2
0,out/models/model_bpic17-after_model-it_0.pickle,142,245,quadratic,0.09945297241210938,0.982,0.0,0.982,0.0,q0: start,q38: TIMEOUT,q139: positive,36000,2
1,out/models/model_bpic17-after_model-it_0.pickle,142,245,linear,0.0598149299621582,0.982,0.0,0.982,0.0,q0: start,q38: TIMEOUT,q139: positive,36000,2
0,out/models/model_bpic17-after_model-it_0.pickle,142,245,quadratic,0.38567495346069336,0.982,0.0,0.982,0.0,q0: start,q49: companyO_Sentonlineonly,q139: positive,36000,2
1,out/models/model_bpic17-after_model-it_0.pickle,142,245,linear,0.11092901229858398,0.982,0.0,0.982,0.0,q0: start,q49: companyO_Sentonlineonly,q139: positive,36000,2
0,out/models/model_bpic17-after_model-it_0.pickle,142,245,quadratic,0.13350296020507812,0.982,0.0,0.982,0.0,q0: start,q56: customerW_CallafteroffersLONG,q139: positive,36000,2
1,out/models/model_bpic17-after_model-it_0.pickle,142,245,linear,0.04073333740234375,0.982,0.0,0.982,0.0,q0: start,q56: customerW_CallafteroffersLONG,q139: positive,36000,2
0,out/models/model_bpic17-after_model-it_0.pickle,142,245,quadratic,0.43489599227905273,0.982,0.001,0.982,0.001,q0: start,q121: companyW_CallincompletefilesLONG,q139: positive,36000,2
1,out/models/model_bpic17-after_model-it_0.pickle,142,245,linear,0.03656268119812012,0.982,0.001,0.982,0.001,q0: start,q121: companyW_CallincompletefilesLONG,q139: positive,36000,2
0,out/models/model_bpic17-after_model-it_0.pickle,142,245,quadratic,0.13562512397766113,0.982,1.0,0.982,1.0,q0: start,q127: A_Pending,q139: positive,36000,2
1,out/models/model_bpic17-after_model-it_0.pickle,142,245,linear,0.027581214904785156,0.982,1.0,0.982,1.0,q0: start,q127: A_Pending,q139: positive,36000,2
0,out/models/model_bpic17-after_model-it_0.pickle,142,245,quadratic,1.1332919597625732,0.982,0.014,0.982,0.014,q0: start,q100: W_CallafteroffersSHORT,q139: positive,36000,2
1,out/models/model_bpic17-after_model-it_0.pickle,142,245,linear,0.06870794296264648,0.982,0.014,0.982,0.014,q0: start,q100: W_CallafteroffersSHORT,q139: positive,36000,2
0,out/models/model_bpic17-after_model-it_0.pickle,142,245,quadratic,0.7796330451965332,0.982,0.0,0.982,0.081,q0: start,q103: W_CallincompletefilesLONG,q139: positive,36000,2
1,out/models/model_bpic17-after_model-it_0.pickle,142,245,linear,0.24268579483032227,0.982,0.0,0.982,0.081,q0: start,q103: W_CallincompletefilesLONG,q139: positive,36000,2
0,out/models/model_bpic17-after_model-it_0.pickle,142,245,quadratic,0.5613689422607422,0.982,0.657,0.982,0.657,q0: start,q8: companyA_Submitted,q139: positive,36000,2
1,out/models/model_bpic17-after_model-it_0.pickle,142,245,linear,0.07891583442687988,0.982,0.657,0.982,0.657,q0: start,q8: companyA_Submitted,q139: positive,36000,2
0,out/models/model_bpic17-after_model-it_0.pickle,142,245,quadratic,1.8656651973724365,0.982,0.609,0.982,0.609,q0: start,q45: O_Sentmailandonline,q139: positive,36000,2
1,out/models/model_bpic17-after_model-it_0.pickle,142,245,linear,0.11807107925415039,0.982,0.609,0.982,0.609,q0: start,q45: O_Sentmailandonline,q139: positive,36000,2
0,out/models/model_bpic17-after_model-it_0.pickle,142,245,quadratic,0.4549980163574219,0.982,0.015,0.982,0.015,q0: start,q83: customerO_Sentmailandonline,q139: positive,36000,2
1,out/models/model_bpic17-after_model-it_0.pickle,142,245,linear,0.09898996353149414,0.982,0.015,0.982,0.015,q0: start,q83: customerO_Sentmailandonline,q139: positive,36000,2
0,out/models/model_bpic17-after_model-it_0.pickle,142,245,quadratic,0.1525557041168213,0.982,0.0,0.982,0.0,q0: start,q60: customerW_CallafteroffersSUPERLONG,q139: positive,36000,2
1,out/models/model_bpic17-after_model-it_0.pickle,142,245,linear,0.027733802795410156,0.982,0.0,0.982,0.0,q0: start,q60: customerW_CallafteroffersSUPERLONG,q139: positive,36000,2
0,out/models/model_bpic17-after_model-it_0.pickle,142,245,quadratic,0.12642884254455566,0.982,0.0,0.982,0.0,q0: start,q29: customerA_CancelledCUSTOMER,q139: positive,36000,2
1,out/models/model_bpic17-after_model-it_0.pickle,142,245,linear,0.07764124870300293,0.982,0.0,0.982,0.0,q0: start,q29: customerA_CancelledCUSTOMER,q139: positive,36000,2
0,out/models/model_bpic17-after_model-it_0.pickle,142,245,quadratic,0.11372590065002441,0.982,1.0,0.982,1.0,q0: start,q115: companyO_Accepted,q139: positive,36000,2
1,out/models/model_bpic17-after_model-it_0.pickle,142,245,linear,0.039114952087402344,0.982,1.0,0.982,1.0,q0: start,q115: companyO_Accepted,q139: positive,36000,2
0,out/models/model_bpic17-after_model-it_0.pickle,142,245,quadratic,0.4062008857727051,0.982,0.003,0.982,0.003,q0: start,q88: companyO_Sentonlineonly,q139: positive,36000,2
1,out/models/model_bpic17-after_model-it_0.pickle,142,245,linear,0.051557064056396484,0.982,0.003,0.982,0.003,q0: start,q88: companyO_Sentonlineonly,q139: positive,36000,2
0,out/models/model_bpic17-after_model-it_0.pickle,142,245,quadratic,0.7491872310638428,0.982,0.0,0.982,0.061,q0: start,q117: customerW_CallincompletefilesLONG,q139: positive,36000,2
1,out/models/model_bpic17-after_model-it_0.pickle,142,245,linear,0.24508404731750488,0.982,0.0,0.982,0.061,q0: start,q117: customerW_CallincompletefilesLONG,q139: positive,36000,2
0,out/models/model_bpic17-after_model-it_0.pickle,142,245,quadratic,0.3629930019378662,0.982,0.001,0.982,0.001,q0: start,q121: companyW_CallincompletefilesLONG,q139: positive,36000,2
1,out/models/model_bpic17-after_model-it_0.pickle,142,245,linear,0.0707240104675293,0.982,0.001,0.982,0.001,q0: start,q121: companyW_CallincompletefilesLONG,q139: positive,36000,2
0,out/models/model_bpic17-after_model-it_0.pickle,142,245,quadratic,0.36875319480895996,0.982,0.006,0.982,0.006,q0: start,q130: O_Returned,q139: positive,36000,2
1,out/models/model_bpic17-after_model-it_0.pickle,142,245,linear,0.04679584503173828,0.982,0.006,0.982,0.006,q0: start,q130: O_Returned,q139: positive,36000,2
0,out/models/model_bpic17-after_model-it_0.pickle,142,245,quadratic,0.47403502464294434,0.982,0.0,0.982,0.965,q0: start,q104: W_CallincompletefilesSHORT,q139: positive,36000,2
1,out/models/model_bpic17-after_model-it_0.pickle,142,245,linear,0.14776825904846191,0.982,0.0,0.982,0.965,q0: start,q104: W_CallincompletefilesSHORT,q139: positive,36000,2
0,out/models/model_bpic17-after_model-it_0.pickle,142,245,quadratic,1.0091829299926758,0.982,0.011,0.982,0.477,q0: start,q101: A_Validating,q139: positive,36000,2
1,out/models/model_bpic17-after_model-it_0.pickle,142,245,linear,0.21773004531860352,0.982,0.011,0.982,0.477,q0: start,q101: A_Validating,q139: positive,36000,2
0,out/models/model_bpic17-after_model-it_0.pickle,142,245,quadratic,0.7722039222717285,0.982,0.145,0.982,0.145,q0: start,q68: O_Returned,q139: positive,36000,2
1,out/models/model_bpic17-after_model-it_0.pickle,142,245,linear,0.1178891658782959,0.982,0.145,0.982,0.145,q0: start,q68: O_Returned,q139: positive,36000,2
0,out/models/model_bpic17-after_model-it_0.pickle,142,245,quadratic,0.6169681549072266,0.982,0.0,0.982,0.0,q0: start,q65: O_CreateOffer3,q139: positive,36000,2
1,out/models/model_bpic17-after_model-it_0.pickle,142,245,linear,0.12721014022827148,0.982,0.0,0.982,0.0,q0: start,q65: O_CreateOffer3,q139: positive,36000,2
0,out/models/model_bpic17-after_model-it_0.pickle,142,245,quadratic,0.33162903785705566,0.982,0.015,0.982,0.015,q0: start,q69: W_CallincompletefilesSHORT,q139: positive,36000,2
1,out/models/model_bpic17-after_model-it_0.pickle,142,245,linear,0.09133100509643555,0.982,0.015,0.982,0.015,q0: start,q69: W_CallincompletefilesSHORT,q139: positive,36000,2
0,out/models/model_bpic17-after_model-it_0.pickle,142,245,quadratic,0.4749438762664795,0.982,0.048,0.982,0.048,q0: start,q77: O_Sentmailandonline,q139: positive,36000,2
1,out/models/model_bpic17-after_model-it_0.pickle,142,245,linear,0.09881114959716797,0.982,0.048,0.982,0.048,q0: start,q77: O_Sentmailandonline,q139: positive,36000,2
0,out/models/model_bpic17-after_model-it_0.pickle,142,245,quadratic,3.9375791549682617,0.982,0.143,0.982,0.143,q0: start,q61: companyO_CreateOffer1,q139: positive,36000,2
1,out/models/model_bpic17-after_model-it_0.pickle,142,245,linear,0.26883363723754883,0.982,0.143,0.982,0.143,q0: start,q61: companyO_CreateOffer1,q139: positive,36000,2
0,out/models/model_bpic17-after_model-it_0.pickle,142,245,quadratic,0.7423889636993408,0.982,0.067,0.982,0.067,q0: start,q90: companyO_CreateOffer1,q139: positive,36000,2
1,out/models/model_bpic17-after_model-it_0.pickle,142,245,linear,0.22711706161499023,0.982,0.067,0.982,0.067,q0: start,q90: companyO_CreateOffer1,q139: positive,36000,2
0,out/models/model_bpic17-after_model-it_0.pickle,142,245,quadratic,0.7048578262329102,0.982,0.657,0.982,0.657,q0: start,q4: customerA_CreateApplication,q139: positive,36000,2
1,out/models/model_bpic17-after_model-it_0.pickle,142,245,linear,0.11007905006408691,0.982,0.657,0.982,0.657,q0: start,q4: customerA_CreateApplication,q139: positive,36000,2
0,out/models/model_bpic17-after_model-it_0.pickle,142,245,quadratic,0.10436081886291504,0.982,0.0,0.982,0.0,q0: start,q42: negative,q139: positive,36000,2
1,out/models/model_bpic17-after_model-it_0.pickle,142,245,linear,0.03540968894958496,0.982,0.0,0.982,0.0,q0: start,q42: negative,q139: positive,36000,2
0,out/models/model_bpic17-after_model-it_0.pickle,142,245,quadratic,0.2823338508605957,0.982,0.0,0.982,0.0,q0: start,q98: companyW_CallafteroffersSUPERLONG,q139: positive,36000,2
1,out/models/model_bpic17-after_model-it_0.pickle,142,245,linear,0.06540608406066895,0.982,0.0,0.982,0.0,q0: start,q98: companyW_CallafteroffersSUPERLONG,q139: positive,36000,2
0,out/models/model_bpic17-after_model-it_0.pickle,142,245,quadratic,0.11373400688171387,0.982,1.0,0.982,1.0,q0: start,q0: start,q139: positive,36000,2
1,out/models/model_bpic17-after_model-it_0.pickle,142,245,linear,0.0387418270111084,0.982,1.0,0.982,1.0,q0: start,q0: start,q139: positive,36000,2
0,out/models/model_bpic17-after_model-it_0.pickle,142,245,quadratic,0.8257722854614258,0.982,0.004,0.982,0.004,q0: start,q37: O_CreateOffer1,q139: positive,36000,2
1,out/models/model_bpic17-after_model-it_0.pickle,142,245,linear,0.1626129150390625,0.982,0.004,0.982,0.004,q0: start,q37: O_CreateOffer1,q139: positive,36000,2
0,out/models/model_bpic17-after_model-it_0.pickle,142,245,quadratic,0.9975249767303467,0.982,0.004,0.982,0.004,q0: start,q28: customerO_Sentonlineonly,q139: positive,36000,2
1,out/models/model_bpic17-after_model-it_0.pickle,142,245,linear,0.24930405616760254,0.982,0.004,0.982,0.004,q0: start,q28: customerO_Sentonlineonly,q139: positive,36000,2
0,out/models/model_bpic17-after_model-it_0.pickle,142,245,quadratic,0.7153458595275879,0.982,0.068,0.982,0.068,q0: start,q72: O_CreateOffer1,q139: positive,36000,2
1,out/models/model_bpic17-after_model-it_0.pickle,142,245,linear,0.3280637264251709,0.982,0.068,0.982,0.068,q0: start,q72: O_CreateOffer1,q139: positive,36000,2
0,out/models/model_bpic17-after_model-it_0.pickle,142,245,quadratic,0.40224719047546387,0.982,0.016,0.982,0.016,q0: start,q52: customerA_Validating,q139: positive,36000,2
1,out/models/model_bpic17-after_model-it_0.pickle,142,245,linear,0.10077905654907227,0.982,0.016,0.982,0.016,q0: start,q52: customerA_Validating,q139: positive,36000,2
0,out/models/model_bpic17-after_model-it_0.pickle,142,245,quadratic,0.5248429775238037,0.982,0.001,0.982,0.001,q0: start,q48: customerO_Sentmailandonline,q139: positive,36000,2
1,out/models/model_bpic17-after_model-it_0.pickle,142,245,linear,0.12846922874450684,0.982,0.001,0.982,0.001,q0: start,q48: customerO_Sentmailandonline,q139: positive,36000,2
0,out/models/model_bpic17-after_model-it_0.pickle,142,245,quadratic,0.919126033782959,0.982,0.895,0.982,0.895,q0: start,q57: companyW_CallafteroffersSHORT,q139: positive,36000,2
1,out/models/model_bpic17-after_model-it_0.pickle,142,245,linear,0.1212759017944336,0.982,0.895,0.982,0.895,q0: start,q57: companyW_CallafteroffersSHORT,q139: positive,36000,2
0,out/models/model_bpic17-after_model-it_0.pickle,142,245,quadratic,0.3498847484588623,0.982,0.724,0.982,0.724,q0: start,q73: O_Cancelled,q139: positive,36000,2
1,out/models/model_bpic17-after_model-it_0.pickle,142,245,linear,0.14232397079467773,0.982,0.724,0.982,0.724,q0: start,q73: O_Cancelled,q139: positive,36000,2
0,out/models/model_bpic17-after_model-it_0.pickle,142,245,quadratic,0.6095383167266846,0.982,0.324,0.982,0.324,q0: start,q19: O_Sentmailandonline,q139: positive,36000,2
1,out/models/model_bpic17-after_model-it_0.pickle,142,245,linear,0.13751912117004395,0.982,0.324,0.982,0.324,q0: start,q19: O_Sentmailandonline,q139: positive,36000,2
0,out/models/model_bpic17-after_model-it_0.pickle,142,245,quadratic,0.7592582702636719,0.982,0.657,0.982,0.657,q0: start,q23: O_CreateOffer0,q139: positive,36000,2
1,out/models/model_bpic17-after_model-it_0.pickle,142,245,linear,0.06397891044616699,0.982,0.657,0.982,0.657,q0: start,q23: O_CreateOffer0,q139: positive,36000,2
0,out/models/model_bpic17-after_model-it_0.pickle,142,245,quadratic,0.36165833473205566,0.982,0.0,0.982,0.0,q0: start,q81: W_CallafteroffersSUPERLONG,q139: positive,36000,2
1,out/models/model_bpic17-after_model-it_0.pickle,142,245,linear,0.0915980339050293,0.982,0.0,0.982,0.0,q0: start,q81: W_CallafteroffersSUPERLONG,q139: positive,36000,2
0,out/models/model_bpic17-after_model-it_0.pickle,142,245,quadratic,0.8773460388183594,0.982,0.001,0.982,0.001,q0: start,q123: companyO_Sentmailandonline,q139: positive,36000,2
1,out/models/model_bpic17-after_model-it_0.pickle,142,245,linear,0.1400289535522461,0.982,0.001,0.982,0.001,q0: start,q123: companyO_Sentmailandonline,q139: positive,36000,2
0,out/models/model_bpic17-after_model-it_0.pickle,142,245,quadratic,0.4708597660064697,0.982,0.005,0.982,0.005,q0: start,q131: A_Validating,q139: positive,36000,2
1,out/models/model_bpic17-after_model-it_0.pickle,142,245,linear,0.04964780807495117,0.982,0.005,0.982,0.005,q0: start,q131: A_Validating,q139: positive,36000,2
0,out/models/model_bpic17-after_model-it_0.pickle,142,245,quadratic,0.7556219100952148,0.982,0.132,0.982,0.132,q0: start,q36: A_Validating,q139: positive,36000,2
1,out/models/model_bpic17-after_model-it_0.pickle,142,245,linear,0.13365983963012695,0.982,0.132,0.982,0.132,q0: start,q36: A_Validating,q139: positive,36000,2
0,out/models/model_bpic17-after_model-it_0.pickle,142,245,quadratic,0.8002750873565674,0.982,0.657,0.982,0.657,q0: start,q17: companyA_Accepted,q139: positive,36000,2
1,out/models/model_bpic17-after_model-it_0.pickle,142,245,linear,0.0704352855682373,0.982,0.657,0.982,0.657,q0: start,q17: companyA_Accepted,q139: positive,36000,2
0,out/models/model_bpic17-after_model-it_0.pickle,142,245,quadratic,0.3534059524536133,0.982,0.0,0.982,0.002,q0: start,q129: W_CallincompletefilesSUPERLONG,q139: positive,36000,2
1,out/models/model_bpic17-after_model-it_0.pickle,142,245,linear,0.036997079849243164,0.982,0.0,0.982,0.002,q0: start,q129: W_CallincompletefilesSUPERLONG,q139: positive,36000,2
0,out/models/model_bpic17-after_model-it_0.pickle,142,245,quadratic,0.34871506690979004,0.982,0.005,0.982,0.005,q0: start,q137: companyA_Validating,q139: positive,36000,2
1,out/models/model_bpic17-after_model-it_0.pickle,142,245,linear,0.07557892799377441,0.982,0.005,0.982,0.005,q0: start,q137: companyA_Validating,q139: positive,36000,2
0,out/models/model_bpic17-after_model-it_0.pickle,142,245,quadratic,3.2885138988494873,0.982,0.206,0.982,0.206,q0: start,q93: customerO_Sentmailandonline,q139: positive,36000,2
1,out/models/model_bpic17-after_model-it_0.pickle,142,245,linear,0.200761079788208,0.982,0.206,0.982,0.206,q0: start,q93: customerO_Sentmailandonline,q139: positive,36000,2
0,out/models/model_bpic17-after_model-it_0.pickle,142,245,quadratic,0.21152186393737793,0.982,0.0,0.982,0.0,q0: start,q132: O_Returned,q139: positive,36000,2
1,out/models/model_bpic17-after_model-it_0.pickle,142,245,linear,0.08030486106872559,0.982,0.0,0.982,0.0,q0: start,q132: O_Returned,q139: positive,36000,2
0,out/models/model_bpic17-after_model-it_0.pickle,142,245,quadratic,0.4025700092315674,0.982,0.0,0.982,0.0,q0: start,q34: O_Sentonlineonly,q139: positive,36000,2
1,out/models/model_bpic17-after_model-it_0.pickle,142,245,linear,0.10566115379333496,0.982,0.0,0.982,0.0,q0: start,q34: O_Sentonlineonly,q139: positive,36000,2
0,out/models/model_bpic17-after_model-it_0.pickle,142,245,quadratic,0.6599571704864502,0.982,0.657,0.982,0.657,q0: start,q8: companyA_Submitted,q139: positive,36000,2
1,out/models/model_bpic17-after_model-it_0.pickle,142,245,linear,0.06969714164733887,0.982,0.657,0.982,0.657,q0: start,q8: companyA_Submitted,q139: positive,36000,2
0,out/models/model_bpic17-after_model-it_0.pickle,142,245,quadratic,0.9586889743804932,0.982,0.004,0.982,0.004,q0: start,q108: O_Sentonlineonly,q139: positive,36000,2
1,out/models/model_bpic17-after_model-it_0.pickle,142,245,linear,0.09267902374267578,0.982,0.004,0.982,0.004,q0: start,q108: O_Sentonlineonly,q139: positive,36000,2
0,out/models/model_bpic17-after_model-it_0.pickle,142,245,quadratic,0.10834622383117676,0.982,1.0,0.982,1.0,q0: start,q134: customerA_Pending,q139: positive,36000,2
1,out/models/model_bpic17-after_model-it_0.pickle,142,245,linear,0.07677388191223145,0.982,1.0,0.982,1.0,q0: start,q134: customerA_Pending,q139: positive,36000,2
0,out/models/model_bpic17-after_model-it_0.pickle,142,245,quadratic,0.8764200210571289,0.982,0.839,0.982,0.839,q0: start,q120: customerO_Returned,q139: positive,36000,2
1,out/models/model_bpic17-after_model-it_0.pickle,142,245,linear,0.07526326179504395,0.982,0.839,0.982,0.839,q0: start,q120: customerO_Returned,q139: positive,36000,2
0,out/models/model_bpic17-after_model-it_0.pickle,142,245,quadratic,2.1932621002197266,0.982,0.038,0.982,0.038,q0: start,q63: companyO_Sentmailandonline,q139: positive,36000,2
1,out/models/model_bpic17-after_model-it_0.pickle,142,245,linear,0.16953182220458984,0.982,0.038,0.982,0.038,q0: start,q63: companyO_Sentmailandonline,q139: positive,36000,2
0,out/models/model_bpic17-after_model-it_0.pickle,142,245,quadratic,0.7475848197937012,0.982,0.016,0.982,0.016,q0: start,q33: O_Sentmailandonline,q139: positive,36000,2
1,out/models/model_bpic17-after_model-it_0.pickle,142,245,linear,0.14091181755065918,0.982,0.016,0.982,0.016,q0: start,q33: O_Sentmailandonline,q139: positive,36000,2
0,out/models/model_bpic17-after_model-it_0.pickle,142,245,quadratic,0.9859998226165771,0.982,0.004,0.982,0.004,q0: start,q97: companyO_CreateOffer1,q139: positive,36000,2
1,out/models/model_bpic17-after_model-it_0.pickle,142,245,linear,0.16989898681640625,0.982,0.004,0.982,0.004,q0: start,q97: companyO_CreateOffer1,q139: positive,36000,2
0,out/models/model_bpic17-after_model-it_0.pickle,142,245,quadratic,0.7090308666229248,0.982,0.067,0.982,0.067,q0: start,q90: companyO_CreateOffer1,q139: positive,36000,2
1,out/models/model_bpic17-after_model-it_0.pickle,142,245,linear,0.18499112129211426,0.982,0.067,0.982,0.067,q0: start,q90: companyO_CreateOffer1,q139: positive,36000,2
0,out/models/model_bpic17-after_model-it_0.pickle,142,245,quadratic,0.7013611793518066,0.982,0.0,0.982,0.11,q0: start,q116: companyW_CallincompletefilesLONG,q139: positive,36000,2
1,out/models/model_bpic17-after_model-it_0.pickle,142,245,linear,0.2810239791870117,0.982,0.0,0.982,0.11,q0: start,q116: companyW_CallincompletefilesLONG,q139: positive,36000,2
0,out/models/model_bpic17-after_model-it_0.pickle,142,245,quadratic,0.7624409198760986,0.982,0.003,0.982,0.003,q0: start,q126: O_CreateOffer2,q139: positive,36000,2
1,out/models/model_bpic17-after_model-it_0.pickle,142,245,linear,0.16953802108764648,0.982,0.003,0.982,0.003,q0: start,q126: O_CreateOffer2,q139: positive,36000,2
0,out/models/model_bpic17-after_model-it_0.pickle,142,245,quadratic,0.3623349666595459,0.982,0.006,0.982,0.006,q0: start,q136: customerO_Returned,q139: positive,36000,2
1,out/models/model_bpic17-after_model-it_0.pickle,142,245,linear,0.09620809555053711,0.982,0.006,0.982,0.006,q0: start,q136: customerO_Returned,q139: positive,36000,2
0,out/models/model_bpic17-after_model-it_0.pickle,142,245,quadratic,0.9839060306549072,0.982,0.001,0.982,0.001,q0: start,q32: O_CreateOffer2,q139: positive,36000,2
1,out/models/model_bpic17-after_model-it_0.pickle,142,245,linear,0.16832780838012695,0.982,0.001,0.982,0.001,q0: start,q32: O_CreateOffer2,q139: positive,36000,2
0,out/models/model_bpic17-after_model-it_0.pickle,142,245,quadratic,0.741987943649292,0.982,0.861,0.982,0.861,q0: start,q71: A_Validating,q139: positive,36000,2
1,out/models/model_bpic17-after_model-it_0.pickle,142,245,linear,0.08892679214477539,0.982,0.861,0.982,0.861,q0: start,q71: A_Validating,q139: positive,36000,2
0,out/models/model_bpic17-after_model-it_0.pickle,142,245,quadratic,0.4172852039337158,0.982,0.017,0.982,0.017,q0: start,q18: O_CreateOffer1,q139: positive,36000,2
1,out/models/model_bpic17-after_model-it_0.pickle,142,245,linear,0.14915704727172852,0.982,0.017,0.982,0.017,q0: start,q18: O_CreateOffer1,q139: positive,36000,2
0,out/models/model_bpic17-after_model-it_0.pickle,142,245,quadratic,0.3496370315551758,0.982,0.0,0.982,0.0,q0: start,q125: companyA_Validating,q139: positive,36000,2
1,out/models/model_bpic17-after_model-it_0.pickle,142,245,linear,0.04865717887878418,0.982,0.0,0.982,0.0,q0: start,q125: companyA_Validating,q139: positive,36000,2
0,out/models/model_bpic17-after_model-it_0.pickle,142,245,quadratic,0.13318610191345215,0.982,1.0,0.982,1.0,q0: start,q139: positive,q139: positive,36000,2
1,out/models/model_bpic17-after_model-it_0.pickle,142,245,linear,0.020601987838745117,0.982,1.0,0.982,1.0,q0: start,q139: positive,q139: positive,36000,2
0,out/models/model_bpic17-after_model-it_0.pickle,142,245,quadratic,0.5274889469146729,0.982,0.001,0.982,0.001,q0: start,q67: W_CallafteroffersSHORT,q139: positive,36000,2
1,out/models/model_bpic17-after_model-it_0.pickle,142,245,linear,0.10690689086914062,0.982,0.001,0.982,0.001,q0: start,q67: W_CallafteroffersSHORT,q139: positive,36000,2
0,out/models/model_bpic17-after_model-it_0.pickle,142,245,quadratic,0.6952369213104248,0.982,0.0,0.982,0.0,q0: start,q95: customerO_CreateOffer2,q139: positive,36000,2
1,out/models/model_bpic17-after_model-it_0.pickle,142,245,linear,0.16175103187561035,0.982,0.0,0.982,0.0,q0: start,q95: customerO_CreateOffer2,q139: positive,36000,2
0,out/models/model_bpic17-after_model-it_0.pickle,142,245,quadratic,2.3472001552581787,0.982,0.199,0.982,0.199,q0: start,q110: W_CallafteroffersSHORT,q139: positive,36000,2
1,out/models/model_bpic17-after_model-it_0.pickle,142,245,linear,0.1949329376220703,0.982,0.199,0.982,0.199,q0: start,q110: W_CallafteroffersSHORT,q139: positive,36000,2
0,out/models/model_bpic17-after_model-it_0.pickle,142,245,quadratic,0.7226049900054932,0.982,0.13,0.982,0.13,q0: start,q51: companyA_Validating,q139: positive,36000,2
1,out/models/model_bpic17-after_model-it_0.pickle,142,245,linear,0.05920886993408203,0.982,0.13,0.982,0.13,q0: start,q51: companyA_Validating,q139: positive,36000,2
0,out/models/model_bpic17-after_model-it_0.pickle,142,245,quadratic,0.402022123336792,0.982,0.015,0.982,0.015,q0: start,q47: companyO_Sentmailandonline,q139: positive,36000,2
1,out/models/model_bpic17-after_model-it_0.pickle,142,245,linear,0.09729290008544922,0.982,0.015,0.982,0.015,q0: start,q47: companyO_Sentmailandonline,q139: positive,36000,2
0,out/models/model_bpic17-after_model-it_0.pickle,142,245,quadratic,0.34526991844177246,0.982,0.002,0.982,0.002,q0: start,q92: companyA_Validating,q139: positive,36000,2
1,out/models/model_bpic17-after_model-it_0.pickle,142,245,linear,0.04842567443847656,0.982,0.002,0.982,0.002,q0: start,q92: companyA_Validating,q139: positive,36000,2
0,out/models/model_bpic17-after_model-it_0.pickle,142,245,quadratic,0.8215832710266113,0.982,0.002,0.982,0.002,q0: start,q41: W_CallafteroffersSUPERLONG,q139: positive,36000,2
1,out/models/model_bpic17-after_model-it_0.pickle,142,245,linear,0.1334371566772461,0.982,0.002,0.982,0.002,q0: start,q41: W_CallafteroffersSUPERLONG,q139: positive,36000,2
0,out/models/model_bpic17-after_model-it_0.pickle,142,245,quadratic,0.882843017578125,0.982,0.002,0.982,0.002,q0: start,q59: companyW_CallafteroffersSUPERLONG,q139: positive,36000,2
1,out/models/model_bpic17-after_model-it_0.pickle,142,245,linear,0.14775609970092773,0.982,0.002,0.982,0.002,q0: start,q59: companyW_CallafteroffersSUPERLONG,q139: positive,36000,2
0,out/models/model_bpic17-after_model-it_0.pickle,142,245,quadratic,1.252856969833374,0.982,0.0,0.982,0.424,q0: start,q118: companyW_CallincompletefilesSHORT,q139: positive,36000,2
1,out/models/model_bpic17-after_model-it_0.pickle,142,245,linear,0.21779108047485352,0.982,0.0,0.982,0.424,q0: start,q118: companyW_CallincompletefilesSHORT,q139: positive,36000,2
0,out/models/model_bpic17-after_model-it_0.pickle,142,245,quadratic,0.8086650371551514,0.982,0.02,0.982,0.02,q0: start,q39: W_CallafteroffersLONG,q139: positive,36000,2
1,out/models/model_bpic17-after_model-it_0.pickle,142,245,linear,0.10259008407592773,0.982,0.02,0.982,0.02,q0: start,q39: W_CallafteroffersLONG,q139: positive,36000,2
0,out/models/model_bpic17-after_model-it_0.pickle,142,245,quadratic,0.3682711124420166,0.982,0.011,0.982,0.011,q0: start,q85: companyO_Returned,q139: positive,36000,2
1,out/models/model_bpic17-after_model-it_0.pickle,142,245,linear,0.08022189140319824,0.982,0.011,0.982,0.011,q0: start,q85: companyO_Returned,q139: positive,36000,2
0,out/models/model_bpic17-after_model-it_0.pickle,142,245,quadratic,0.09700775146484375,0.982,0.0,0.982,0.0,q0: start,q54: customerTIMEOUT,q139: positive,36000,2
1,out/models/model_bpic17-after_model-it_0.pickle,142,245,linear,0.05356597900390625,0.982,0.0,0.982,0.0,q0: start,q54: customerTIMEOUT,q139: positive,36000,2
0,out/models/model_bpic17-after_model-it_0.pickle,142,245,quadratic,2.7348930835723877,0.982,0.571,0.982,0.571,q0: start,q64: customerO_Sentmailandonline,q139: positive,36000,2
1,out/models/model_bpic17-after_model-it_0.pickle,142,245,linear,0.09385108947753906,0.982,0.571,0.982,0.571,q0: start,q64: customerO_Sentmailandonline,q139: positive,36000,2
0,out/models/model_bpic17-after_model-it_0.pickle,142,245,quadratic,3.2866439819335938,0.982,0.206,0.982,0.206,q0: start,q93: customerO_Sentmailandonline,q139: positive,36000,2
1,out/models/model_bpic17-after_model-it_0.pickle,142,245,linear,0.289459228515625,0.982,0.206,0.982,0.206,q0: start,q93: customerO_Sentmailandonline,q139: positive,36000,2
0,out/models/model_bpic17-after_model-it_0.pickle,142,245,quadratic,0.7169880867004395,0.982,0.343,0.982,0.343,q0: start,q5: A_Concept,q139: positive,36000,2
1,out/models/model_bpic17-after_model-it_0.pickle,142,245,linear,0.13581204414367676,0.982,0.343,0.982,0.343,q0: start,q5: A_Concept,q139: positive,36000,2
0,out/models/model_bpic17-after_model-it_0.pickle,142,245,quadratic,0.4193851947784424,0.982,0.015,0.982,0.015,q0: start,q83: customerO_Sentmailandonline,q139: positive,36000,2
1,out/models/model_bpic17-after_model-it_0.pickle,142,245,linear,0.11000800132751465,0.982,0.015,0.982,0.015,q0: start,q83: customerO_Sentmailandonline,q139: positive,36000,2
0,out/models/model_bpic17-after_model-it_0.pickle,142,245,quadratic,0.3598518371582031,0.982,0.005,0.982,0.005,q0: start,q124: companyO_Sentmailandonline,q139: positive,36000,2
1,out/models/model_bpic17-after_model-it_0.pickle,142,245,linear,0.09360122680664062,0.982,0.005,0.982,0.005,q0: start,q124: companyO_Sentmailandonline,q139: positive,36000,2
0,out/models/model_bpic17-after_model-it_0.pickle,142,245,quadratic,0.521838903427124,0.982,0.001,0.982,0.001,q0: start,q76: O_CreateOffer2,q139: positive,36000,2
1,out/models/model_bpic17-after_model-it_0.pickle,142,245,linear,0.12012696266174316,0.982,0.001,0.982,0.001,q0: start,q76: O_CreateOffer2,q139: positive,36000,2
0,out/models/model_bpic17-after_model-it_0.pickle,142,245,quadratic,0.7258491516113281,0.982,0.142,0.982,0.142,q0: start,q86: customerO_Returned,q139: positive,36000,2
1,out/models/model_bpic17-after_model-it_0.pickle,142,245,linear,0.1279458999633789,0.982,0.142,0.982,0.142,q0: start,q86: customerO_Returned,q139: positive,36000,2
0,out/models/model_bpic17-after_model-it_0.pickle,142,245,quadratic,0.8886618614196777,0.982,0.863,0.982,0.863,q0: start,q40: W_CallafteroffersSHORT,q139: positive,36000,2
1,out/models/model_bpic17-after_model-it_0.pickle,142,245,linear,0.17351293563842773,0.982,0.863,0.982,0.863,q0: start,q40: W_CallafteroffersSHORT,q139: positive,36000,2
0,out/models/model_bpic17-after_model-it_0.pickle,142,245,quadratic,0.6003379821777344,0.982,0.048,0.982,0.048,q0: start,q62: companyO_CreateOffer1,q139: positive,36000,2
1,out/models/model_bpic17-after_model-it_0.pickle,142,245,linear,0.11139488220214844,0.982,0.048,0.982,0.048,q0: start,q62: companyO_CreateOffer1,q139: positive,36000,2
0,out/models/model_bpic17-after_model-it_0.pickle,142,245,quadratic,0.5437328815460205,0.982,0.021,0.982,0.021,q0: start,q55: companyW_CallafteroffersLONG,q139: positive,36000,2
1,out/models/model_bpic17-after_model-it_0.pickle,142,245,linear,0.06854009628295898,0.982,0.021,0.982,0.021,q0: start,q55: companyW_CallafteroffersLONG,q139: positive,36000,2
0,out/models/model_bpic17-after_model-it_0.pickle,142,245,quadratic,0.7088820934295654,0.982,0.343,0.982,0.343,q0: start,q3: companyA_CreateApplication,q139: positive,36000,2
1,out/models/model_bpic17-after_model-it_0.pickle,142,245,linear,0.16021418571472168,0.982,0.343,0.982,0.343,q0: start,q3: companyA_CreateApplication,q139: positive,36000,2
0,out/models/model_bpic17-after_model-it_0.pickle,142,245,quadratic,0.6777679920196533,0.982,0.004,0.982,0.004,q0: start,q16: customerO_CreateOffer0,q139: positive,36000,2
1,out/models/model_bpic17-after_model-it_0.pickle,142,245,linear,0.12648916244506836,0.982,0.004,0.982,0.004,q0: start,q16: customerO_CreateOffer0,q139: positive,36000,2
0,out/models/model_bpic17-after_model-it_0.pickle,142,245,quadratic,0.13594579696655273,0.982,1.0,0.982,1.0,q0: start,q2: A_CreateApplication,q139: positive,36000,2
1,out/models/model_bpic17-after_model-it_0.pickle,142,245,linear,0.03371405601501465,0.982,1.0,0.982,1.0,q0: start,q2: A_CreateApplication,q139: positive,36000,2
0,out/models/model_bpic17-after_model-it_0.pickle,142,245,quadratic,0.3774220943450928,0.982,0.002,0.982,0.002,q0: start,q74: A_Validating,q139: positive,36000,2
1,out/models/model_bpic17-after_model-it_0.pickle,142,245,linear,0.06955599784851074,0.982,0.002,0.982,0.002,q0: start,q74: A_Validating,q139: positive,36000,2
0,out/models/model_bpic17-after_model-it_0.pickle,142,245,quadratic,0.34948110580444336,0.982,0.0,0.982,0.093,q0: start,q128: W_CallincompletefilesLONG,q139: positive,36000,2
1,out/models/model_bpic17-after_model-it_0.pickle,142,245,linear,0.08406424522399902,0.982,0.0,0.982,0.093,q0: start,q128: W_CallincompletefilesLONG,q139: positive,36000,2
0,out/models/model_bpic17-after_model-it_0.pickle,142,245,quadratic,0.4261491298675537,0.982,0.015,0.982,0.015,q0: start,q87: companyW_CallincompletefilesSHORT,q139: positive,36000,2
1,out/models/model_bpic17-after_model-it_0.pickle,142,245,linear,0.062319040298461914,0.982,0.015,0.982,0.015,q0: start,q87: companyW_CallincompletefilesSHORT,q139: positive,36000,2
0,out/models/model_bpic17-after_model-it_0.pickle,142,245,quadratic,0.42012476921081543,0.982,0.049,0.982,0.049,q0: start,q44: O_CreateOffer1,q139: positive,36000,2
1,out/models/model_bpic17-after_model-it_0.pickle,142,245,linear,0.06808900833129883,0.982,0.049,0.982,0.049,q0: start,q44: O_CreateOffer1,q139: positive,36000,2
0,out/models/model_bpic17-after_model-it_0.pickle,142,245,quadratic,0.5728132724761963,0.982,0.0,0.982,0.0,q0: start,q65: O_CreateOffer3,q139: positive,36000,2
1,out/models/model_bpic17-after_model-it_0.pickle,142,245,linear,0.13180112838745117,0.982,0.0,0.982,0.0,q0: start,q65: O_CreateOffer3,q139: positive,36000,2
0,out/models/model_bpic17-after_model-it_0.pickle,142,245,quadratic,0.8960821628570557,0.982,0.657,0.982,0.657,q0: start,q12: companyA_Concept,q139: positive,36000,2
1,out/models/model_bpic17-after_model-it_0.pickle,142,245,linear,0.07462596893310547,0.982,0.657,0.982,0.657,q0: start,q12: companyA_Concept,q139: positive,36000,2
0,out/models/model_bpic17-after_model-it_0.pickle,142,245,quadratic,3.9669108390808105,0.982,0.143,0.982,0.143,q0: start,q61: companyO_CreateOffer1,q139: positive,36000,2
1,out/models/model_bpic17-after_model-it_0.pickle,142,245,linear,0.13457608222961426,0.982,0.143,0.982,0.143,q0: start,q61: companyO_CreateOffer1,q139: positive,36000,2
0,out/models/model_bpic17-after_model-it_0.pickle,142,245,quadratic,0.5883140563964844,0.982,0.0,0.982,0.0,q0: start,q82: companyO_CreateOffer3,q139: positive,36000,2
1,out/models/model_bpic17-after_model-it_0.pickle,142,245,linear,0.12894487380981445,0.982,0.0,0.982,0.0,q0: start,q82: companyO_CreateOffer3,q139: positive,36000,2
0,out/models/model_bpic17-after_model-it_0.pickle,142,245,quadratic,0.34363269805908203,0.982,0.002,0.982,0.002,q0: start,q122: customerO_Returned,q139: positive,36000,2
1,out/models/model_bpic17-after_model-it_0.pickle,142,245,linear,0.05533170700073242,0.982,0.002,0.982,0.002,q0: start,q122: customerO_Returned,q139: positive,36000,2
0,out/models/model_bpic17-after_model-it_0.pickle,142,245,quadratic,0.5780518054962158,0.982,0.0,0.982,0.0,q0: start,q99: O_Sentmailandonline,q139: positive,36000,2
1,out/models/model_bpic17-after_model-it_0.pickle,142,245,linear,0.08991479873657227,0.982,0.0,0.982,0.0,q0: start,q99: O_Sentmailandonline,q139: positive,36000,2
0,out/models/model_bpic17-after_model-it_0.pickle,142,245,quadratic,0.417834997177124,0.982,0.0,0.982,0.002,q0: start,q135: customerW_CallincompletefilesSUPERLONG,q139: positive,36000,2
1,out/models/model_bpic17-after_model-it_0.pickle,142,245,linear,0.0791630744934082,0.982,0.0,0.982,0.002,q0: start,q135: customerW_CallincompletefilesSUPERLONG,q139: positive,36000,2
0,out/models/model_bpic17-after_model-it_0.pickle,142,245,quadratic,0.5913548469543457,0.982,0.343,0.982,0.343,q0: start,q9: A_Accepted,q139: positive,36000,2
1,out/models/model_bpic17-after_model-it_0.pickle,142,245,linear,0.19148015975952148,0.982,0.343,0.982,0.343,q0: start,q9: A_Accepted,q139: positive,36000,2
0,out/models/model_bpic17-after_model-it_0.pickle,142,245,quadratic,0.7344217300415039,0.982,0.004,0.982,0.004,q0: start,q25: customerO_CreateOffer1,q139: positive,36000,2
1,out/models/model_bpic17-after_model-it_0.pickle,142,245,linear,0.1466810703277588,0.982,0.004,0.982,0.004,q0: start,q25: customerO_CreateOffer1,q139: positive,36000,2
0,out/models/model_bpic17-after_model-it_0.pickle,142,245,quadratic,0.41794395446777344,0.982,0.001,0.982,0.001,q0: start,q106: W_CallincompletefilesLONG,q139: positive,36000,2
1,out/models/model_bpic17-after_model-it_0.pickle,142,245,linear,0.13490080833435059,0.982,0.001,0.982,0.001,q0: start,q106: W_CallincompletefilesLONG,q139: positive,36000,2
0,out/models/model_bpic17-after_model-it_0.pickle,142,245,quadratic,0.08616423606872559,0.982,0.0,0.982,0.0,q0: start,q21: A_CancelledCUSTOMER,q139: positive,36000,2
1,out/models/model_bpic17-after_model-it_0.pickle,142,245,linear,0.05020880699157715,0.982,0.0,0.982,0.0,q0: start,q21: A_CancelledCUSTOMER,q139: positive,36000,2
0,out/models/model_bpic17-after_model-it_0.pickle,142,245,quadratic,0.5140998363494873,0.982,0.0,0.982,0.0,q0: start,q49: companyO_Sentonlineonly,q139: positive,36000,2
1,out/models/model_bpic17-after_model-it_0.pickle,142,245,linear,0.17118597030639648,0.982,0.0,0.982,0.0,q0: start,q49: companyO_Sentonlineonly,q139: positive,36000,2
0,out/models/model_bpic17-after_model-it_0.pickle,142,245,quadratic,1.0089969635009766,0.982,0.066,0.982,0.066,q0: start,q107: O_Sentmailandonline,q139: positive,36000,2
1,out/models/model_bpic17-after_model-it_0.pickle,142,245,linear,0.46933984756469727,0.982,0.066,0.982,0.066,q0: start,q107: O_Sentmailandonline,q139: positive,36000,2
0,out/models/model_bpic17-after_model-it_0.pickle,142,245,quadratic,3.992281913757324,0.982,0.143,0.982,0.143,q0: start,q43: O_CreateOffer1,q139: positive,36000,2
1,out/models/model_bpic17-after_model-it_0.pickle,142,245,linear,0.20961403846740723,0.982,0.143,0.982,0.143,q0: start,q43: O_CreateOffer1,q139: positive,36000,2
0,out/models/model_bpic17-after_model-it_0.pickle,142,245,quadratic,0.893686056137085,0.982,0.0,0.982,0.0,q0: start,q80: W_CallafteroffersSHORT,q139: positive,36000,2
1,out/models/model_bpic17-after_model-it_0.pickle,142,245,linear,0.2556939125061035,0.982,0.0,0.982,0.0,q0: start,q80: W_CallafteroffersSHORT,q139: positive,36000,2
0,out/models/model_bpic17-after_model-it_0.pickle,142,245,quadratic,0.7614150047302246,0.982,0.0,0.982,0.937,q0: start,q119: customerW_CallincompletefilesSHORT,q139: positive,36000,2
1,out/models/model_bpic17-after_model-it_0.pickle,142,245,linear,0.34119582176208496,0.982,0.0,0.982,0.937,q0: start,q119: customerW_CallincompletefilesSHORT,q139: positive,36000,2
0,out/models/model_bpic17-after_model-it_0.pickle,142,245,quadratic,0.4894897937774658,0.982,0.017,0.982,0.017,q0: start,q24: companyO_CreateOffer1,q139: positive,36000,2
1,out/models/model_bpic17-after_model-it_0.pickle,142,245,linear,0.26160287857055664,0.982,0.017,0.982,0.017,q0: start,q24: companyO_CreateOffer1,q139: positive,36000,2
0,out/models/model_bpic17-after_model-it_0.pickle,142,245,quadratic,0.8705470561981201,0.982,0.848,0.982,0.848,q0: start,q89: companyA_Validating,q139: positive,36000,2
1,out/models/model_bpic17-after_model-it_0.pickle,142,245,linear,0.14049792289733887,0.982,0.848,0.982,0.848,q0: start,q89: companyA_Validating,q139: positive,36000,2
0,out/models/model_bpic17-after_model-it_0.pickle,142,245,quadratic,0.495424747467041,0.982,0.692,0.982,0.692,q0: start,q91: customerO_Cancelled,q139: positive,36000,2
1,out/models/model_bpic17-after_model-it_0.pickle,142,245,linear,0.18213295936584473,0.982,0.692,0.982,0.692,q0: start,q91: customerO_Cancelled,q139: positive,36000,2
0,out/models/model_bpic17-after_model-it_0.pickle,142,245,quadratic,0.38729214668273926,0.982,0.0,0.982,0.006,q0: start,q140: W_CallincompletefilesSHORT,q139: positive,36000,2
1,out/models/model_bpic17-after_model-it_0.pickle,142,245,linear,0.08260798454284668,0.982,0.0,0.982,0.006,q0: start,q140: W_CallincompletefilesSHORT,q139: positive,36000,2
0,out/models/model_bpic17-after_model-it_0.pickle,142,245,quadratic,0.8397700786590576,0.982,0.003,0.982,0.003,q0: start,q133: companyO_CreateOffer2,q139: positive,36000,2
1,out/models/model_bpic17-after_model-it_0.pickle,142,245,linear,0.22872209548950195,0.982,0.003,0.982,0.003,q0: start,q133: companyO_CreateOffer2,q139: positive,36000,2
0,out/models/model_bpic17-after_model-it_0.pickle,142,245,quadratic,1.165050983428955,0.982,0.007,0.982,0.007,q0: start,q84: companyW_CallafteroffersSHORT,q139: positive,36000,2
1,out/models/model_bpic17-after_model-it_0.pickle,142,245,linear,0.6099650859832764,0.982,0.007,0.982,0.007,q0: start,q84: companyW_CallafteroffersSHORT,q139: positive,36000,2
0,out/models/model_bpic17-after_model-it_0.pickle,142,245,quadratic,0.6354069709777832,0.982,0.004,0.982,0.004,q0: start,q78: O_CreateOffer1,q139: positive,36000,2
1,out/models/model_bpic17-after_model-it_0.pickle,142,245,linear,0.25688982009887695,0.982,0.004,0.982,0.004,q0: start,q78: O_CreateOffer1,q139: positive,36000,2
0,out/models/model_bpic17-after_model-it_0.pickle,142,245,quadratic,1.0798540115356445,0.982,0.004,0.982,0.004,q0: start,q22: O_Cancelled,q139: positive,36000,2
1,out/models/model_bpic17-after_model-it_0.pickle,142,245,linear,0.30796384811401367,0.982,0.004,0.982,0.004,q0: start,q22: O_Cancelled,q139: positive,36000,2
0,out/models/model_bpic12_model-it_0.pickle,129,290,quadratic,94.59436416625977,1.0,0.0,1.0,1.0,q0: start,q123: customerO_CREATED5,q58: positive,36000,2
1,out/models/model_bpic12_model-it_0.pickle,129,290,linear,0.11254429817199707,1.0,0.0,1.0,1.0,q0: start,q123: customerO_CREATED5,q58: positive,36000,2
0,out/models/model_bpic17-after_model-it_0.pickle,142,245,quadratic,0.12537407875061035,0.982,1.0,0.982,1.0,q0: start,q1: companystart,q139: positive,36000,2
1,out/models/model_bpic17-after_model-it_0.pickle,142,245,linear,0.3215200901031494,0.982,1.0,0.982,1.0,q0: start,q1: companystart,q139: positive,36000,2
0,out/models/model_bpic17-after_model-it_0.pickle,142,245,quadratic,0.6403367519378662,0.982,0.003,0.982,0.003,q0: start,q20: O_Sentonlineonly,q139: positive,36000,2
1,out/models/model_bpic17-after_model-it_0.pickle,142,245,linear,0.6798818111419678,0.982,0.003,0.982,0.003,q0: start,q20: O_Sentonlineonly,q139: positive,36000,2
0,out/models/model_bpic17-after_model-it_0.pickle,142,245,quadratic,0.978442907333374,0.982,0.001,0.982,0.001,q0: start,q79: W_CallafteroffersLONG,q139: positive,36000,2
1,out/models/model_bpic17-after_model-it_0.pickle,142,245,linear,0.3107109069824219,0.982,0.001,0.982,0.001,q0: start,q79: W_CallafteroffersLONG,q139: positive,36000,2
0,out/models/model_bpic17-after_model-it_0.pickle,142,245,quadratic,1.2407240867614746,0.982,0.014,0.982,0.014,q0: start,q100: W_CallafteroffersSHORT,q139: positive,36000,2
1,out/models/model_bpic17-after_model-it_0.pickle,142,245,linear,0.4220738410949707,0.982,0.014,0.982,0.014,q0: start,q100: W_CallafteroffersSHORT,q139: positive,36000,2
0,out/models/model_bpic17-after_model-it_0.pickle,142,245,quadratic,0.44277405738830566,0.982,0.0,0.982,0.0,q0: start,q138: customerO_Returned,q139: positive,36000,2
1,out/models/model_bpic17-after_model-it_0.pickle,142,245,linear,0.07523918151855469,0.982,0.0,0.982,0.0,q0: start,q138: customerO_Returned,q139: positive,36000,2
0,out/models/model_bpic17-after_model-it_0.pickle,142,245,quadratic,0.36694788932800293,0.982,0.015,0.982,0.015,q0: start,q66: O_Sentmailandonline,q139: positive,36000,2
1,out/models/model_bpic17-after_model-it_0.pickle,142,245,linear,0.41219282150268555,0.982,0.015,0.982,0.015,q0: start,q66: O_Sentmailandonline,q139: positive,36000,2
0,out/models/model_bpic17-after_model-it_0.pickle,142,245,quadratic,0.6662330627441406,0.982,0.657,0.982,0.657,q0: start,q14: A_Accepted,q139: positive,36000,2
1,out/models/model_bpic17-after_model-it_0.pickle,142,245,linear,0.4804048538208008,0.982,0.657,0.982,0.657,q0: start,q14: A_Accepted,q139: positive,36000,2
0,out/models/model_bpic17-after_model-it_0.pickle,142,245,quadratic,0.9781839847564697,0.982,0.0,0.982,0.081,q0: start,q103: W_CallincompletefilesLONG,q139: positive,36000,2
1,out/models/model_bpic17-after_model-it_0.pickle,142,245,linear,0.3429431915283203,0.982,0.0,0.982,0.081,q0: start,q103: W_CallincompletefilesLONG,q139: positive,36000,2
0,out/models/model_bpic17-after_model-it_0.pickle,142,245,quadratic,0.8096499443054199,0.982,0.341,0.982,0.341,q0: start,q15: companyO_CreateOffer0,q139: positive,36000,2
1,out/models/model_bpic17-after_model-it_0.pickle,142,245,linear,0.5311489105224609,0.982,0.341,0.982,0.341,q0: start,q15: companyO_CreateOffer0,q139: positive,36000,2
0,out/models/model_bpic17-after_model-it_0.pickle,142,245,quadratic,0.6593067646026611,0.982,0.288,0.982,0.288,q0: start,q27: customerO_Sentmailandonline,q139: positive,36000,2
1,out/models/model_bpic17-after_model-it_0.pickle,142,245,linear,0.29087328910827637,0.982,0.288,0.982,0.288,q0: start,q27: customerO_Sentmailandonline,q139: positive,36000,2
0,out/models/model_bpic17-after_model-it_0.pickle,142,245,quadratic,1.0591528415679932,0.982,0.011,0.982,0.477,q0: start,q114: customerA_Validating,q139: positive,36000,2
1,out/models/model_bpic17-after_model-it_0.pickle,142,245,linear,0.3857429027557373,0.982,0.011,0.982,0.477,q0: start,q114: customerA_Validating,q139: positive,36000,2
0,out/models/model_bpic17-after_model-it_0.pickle,142,245,quadratic,0.690993070602417,0.982,0.0,0.982,0.0,q0: start,q112: A_Validating,q139: positive,36000,2
1,out/models/model_bpic17-after_model-it_0.pickle,142,245,linear,0.04245305061340332,0.982,0.0,0.982,0.0,q0: start,q112: A_Validating,q139: positive,36000,2
0,out/models/model_bpic17-after_model-it_0.pickle,142,245,quadratic,0.6726162433624268,0.982,0.002,0.982,0.002,q0: start,q109: O_Returned,q139: positive,36000,2
1,out/models/model_bpic17-after_model-it_0.pickle,142,245,linear,0.07678484916687012,0.982,0.002,0.982,0.002,q0: start,q109: O_Returned,q139: positive,36000,2
0,out/models/model_bpic17-after_model-it_0.pickle,142,245,quadratic,0.3804819583892822,0.982,1.0,0.982,1.0,q0: start,q102: O_Accepted,q139: positive,36000,2
1,out/models/model_bpic17-after_model-it_0.pickle,142,245,linear,0.11334991455078125,0.982,1.0,0.982,1.0,q0: start,q102: O_Accepted,q139: positive,36000,2
0,out/models/model_bpic17-after_model-it_0.pickle,142,245,quadratic,0.7424278259277344,0.982,0.004,0.982,0.004,q0: start,q53: companyO_CreateOffer1,q139: positive,36000,2
1,out/models/model_bpic17-after_model-it_0.pickle,142,245,linear,0.13865995407104492,0.982,0.004,0.982,0.004,q0: start,q53: companyO_CreateOffer1,q139: positive,36000,2
0,out/models/model_bpic17-after_model-it_0.pickle,142,245,quadratic,0.7549779415130615,0.982,0.001,0.982,0.001,q0: start,q46: companyO_CreateOffer2,q139: positive,36000,2
1,out/models/model_bpic17-after_model-it_0.pickle,142,245,linear,0.19986987113952637,0.982,0.001,0.982,0.001,q0: start,q46: companyO_CreateOffer2,q139: positive,36000,2
0,out/models/model_bpic17-after_model-it_0.pickle,142,245,quadratic,2.351983070373535,0.982,0.004,0.982,0.004,q0: start,q50: companyO_Cancelled,q139: positive,36000,2
1,out/models/model_bpic17-after_model-it_0.pickle,142,245,linear,0.17621278762817383,0.982,0.004,0.982,0.004,q0: start,q50: companyO_Cancelled,q139: positive,36000,2
0,out/models/model_bpic17-after_model-it_0.pickle,142,245,quadratic,0.9655590057373047,0.982,0.655,0.982,0.655,q0: start,q31: companyO_CreateOffer0,q139: positive,36000,2
1,out/models/model_bpic17-after_model-it_0.pickle,142,245,linear,0.10601282119750977,0.982,0.655,0.982,0.655,q0: start,q31: companyO_CreateOffer0,q139: positive,36000,2
0,out/models/model_bpic17-after_model-it_0.pickle,142,245,quadratic,0.6678178310394287,0.982,1.0,0.982,1.0,q0: start,q115: companyO_Accepted,q139: positive,36000,2
1,out/models/model_bpic17-after_model-it_0.pickle,142,245,linear,0.04269671440124512,0.982,1.0,0.982,1.0,q0: start,q115: companyO_Accepted,q139: positive,36000,2
0,out/models/model_bpic17-after_model-it_0.pickle,142,245,quadratic,0.6035161018371582,0.982,0.0,0.982,0.0,q0: start,q141: W_CallincompletefilesSHORT,q139: positive,36000,2
1,out/models/model_bpic17-after_model-it_0.pickle,142,245,linear,0.07984304428100586,0.982,0.0,0.982,0.0,q0: start,q141: W_CallincompletefilesSHORT,q139: positive,36000,2
0,out/models/model_bpic17-after_model-it_0.pickle,142,245,quadratic,2.06309175491333,0.982,0.848,0.982,0.848,q0: start,q105: O_Returned,q139: positive,36000,2
1,out/models/model_bpic17-after_model-it_0.pickle,142,245,linear,0.1404268741607666,0.982,0.848,0.982,0.848,q0: start,q105: O_Returned,q139: positive,36000,2
0,out/models/model_bpic17-after_model-it_0.pickle,142,245,quadratic,0.2188420295715332,0.982,1.0,0.982,1.0,q0: start,q2: A_CreateApplication,q139: positive,36000,2
1,out/models/model_bpic17-after_model-it_0.pickle,142,245,linear,0.15337872505187988,0.982,1.0,0.982,1.0,q0: start,q2: A_CreateApplication,q139: positive,36000,2
0,out/models/model_bpic17-after_model-it_0.pickle,142,245,quadratic,0.3974132537841797,0.982,0.0,0.982,0.0,q0: start,q138: customerO_Returned,q139: positive,36000,2
1,out/models/model_bpic17-after_model-it_0.pickle,142,245,linear,0.11198210716247559,0.982,0.0,0.982,0.0,q0: start,q138: customerO_Returned,q139: positive,36000,2
0,out/models/model_bpic17-after_model-it_0.pickle,142,245,quadratic,1.1766910552978516,0.982,0.0,0.982,0.0,q0: start,q113: companyO_Sentmailandonline,q139: positive,36000,2
1,out/models/model_bpic17-after_model-it_0.pickle,142,245,linear,0.25152015686035156,0.982,0.0,0.982,0.0,q0: start,q113: companyO_Sentmailandonline,q139: positive,36000,2
0,out/models/model_bpic17-after_model-it_0.pickle,142,245,quadratic,1.328416109085083,0.982,0.657,0.982,0.657,q0: start,q10: A_Concept,q139: positive,36000,2
1,out/models/model_bpic17-after_model-it_0.pickle,142,245,linear,0.12257170677185059,0.982,0.657,0.982,0.657,q0: start,q10: A_Concept,q139: positive,36000,2
0,out/models/model_bpic17-after_model-it_0.pickle,142,245,quadratic,1.4056611061096191,0.982,0.0,0.982,0.061,q0: start,q117: customerW_CallincompletefilesLONG,q139: positive,36000,2
1,out/models/model_bpic17-after_model-it_0.pickle,142,245,linear,0.33040475845336914,0.982,0.0,0.982,0.061,q0: start,q117: customerW_CallincompletefilesLONG,q139: positive,36000,2
0,out/models/model_bpic17-after_model-it_0.pickle,142,245,quadratic,1.5413241386413574,0.982,0.343,0.982,0.343,q0: start,q11: companyA_Accepted,q139: positive,36000,2
1,out/models/model_bpic17-after_model-it_0.pickle,142,245,linear,0.24535202980041504,0.982,0.343,0.982,0.343,q0: start,q11: companyA_Accepted,q139: positive,36000,2
0,out/models/model_bpic17-after_model-it_0.pickle,142,245,quadratic,1.5500500202178955,0.982,0.07,0.982,0.07,q0: start,q26: companyO_Sentmailandonline,q139: positive,36000,2
1,out/models/model_bpic17-after_model-it_0.pickle,142,245,linear,0.4631619453430176,0.982,0.07,0.982,0.07,q0: start,q26: companyO_Sentmailandonline,q139: positive,36000,2
0,out/models/model_bpic17-after_model-it_0.pickle,142,245,quadratic,1.3041179180145264,0.982,0.001,0.982,0.001,q0: start,q94: companyO_CreateOffer2,q139: positive,36000,2
1,out/models/model_bpic17-after_model-it_0.pickle,142,245,linear,0.187575101852417,0.982,0.001,0.982,0.001,q0: start,q94: companyO_CreateOffer2,q139: positive,36000,2
0,out/models/model_bpic17-after_model-it_0.pickle,142,245,quadratic,3.883852005004883,0.982,0.143,0.982,0.143,q0: start,q30: companyO_Cancelled,q139: positive,36000,2
1,out/models/model_bpic17-after_model-it_0.pickle,142,245,linear,0.24677205085754395,0.982,0.143,0.982,0.143,q0: start,q30: companyO_Cancelled,q139: positive,36000,2
0,out/models/model_bpic17-after_model-it_0.pickle,142,245,quadratic,1.2150092124938965,0.982,0.343,0.982,0.343,q0: start,q13: O_CreateOffer0,q139: positive,36000,2
1,out/models/model_bpic17-after_model-it_0.pickle,142,245,linear,0.3437027931213379,0.982,0.343,0.982,0.343,q0: start,q13: O_CreateOffer0,q139: positive,36000,2
0,out/models/model_bpic17-after_model-it_0.pickle,142,245,quadratic,1.5877292156219482,0.982,0.001,0.982,0.001,q0: start,q111: O_Sentmailandonline,q139: positive,36000,2
1,out/models/model_bpic17-after_model-it_0.pickle,142,245,linear,0.2353670597076416,0.982,0.001,0.982,0.001,q0: start,q111: O_Sentmailandonline,q139: positive,36000,2
0,out/models/model_bpic17-after_model-it_0.pickle,142,245,quadratic,0.8228812217712402,0.982,0.0,0.982,0.11,q0: start,q116: companyW_CallincompletefilesLONG,q139: positive,36000,2
1,out/models/model_bpic17-after_model-it_0.pickle,142,245,linear,0.4436960220336914,0.982,0.0,0.982,0.11,q0: start,q116: companyW_CallincompletefilesLONG,q139: positive,36000,2
0,out/models/model_bpic17-after_model-it_0.pickle,142,245,quadratic,1.2179291248321533,0.982,0.657,0.982,0.657,q0: start,q6: A_Submitted,q139: positive,36000,2
1,out/models/model_bpic17-after_model-it_0.pickle,142,245,linear,0.17357397079467773,0.982,0.657,0.982,0.657,q0: start,q6: A_Submitted,q139: positive,36000,2
0,out/models/model_bpic17-after_model-it_0.pickle,142,245,quadratic,0.4155609607696533,0.982,0.0,0.982,0.002,q0: start,q129: W_CallincompletefilesSUPERLONG,q139: positive,36000,2
1,out/models/model_bpic17-after_model-it_0.pickle,142,245,linear,0.11682486534118652,0.982,0.0,0.982,0.002,q0: start,q129: W_CallincompletefilesSUPERLONG,q139: positive,36000,2
0,out/models/model_bpic17-after_model-it_0.pickle,142,245,quadratic,0.8631501197814941,0.982,0.861,0.982,0.861,q0: start,q71: A_Validating,q139: positive,36000,2
1,out/models/model_bpic17-after_model-it_0.pickle,142,245,linear,0.19285798072814941,0.982,0.861,0.982,0.861,q0: start,q71: A_Validating,q139: positive,36000,2
0,out/models/model_bpic17-after_model-it_0.pickle,142,245,quadratic,0.9561929702758789,0.982,0.142,0.982,0.142,q0: start,q86: customerO_Returned,q139: positive,36000,2
1,out/models/model_bpic17-after_model-it_0.pickle,142,245,linear,0.13728117942810059,0.982,0.142,0.982,0.142,q0: start,q86: customerO_Returned,q139: positive,36000,2
0,out/models/model_bpic17-after_model-it_0.pickle,142,245,quadratic,1.042287826538086,0.982,0.343,0.982,0.343,q0: start,q7: companyA_Concept,q139: positive,36000,2
1,out/models/model_bpic17-after_model-it_0.pickle,142,245,linear,0.2694840431213379,0.982,0.343,0.982,0.343,q0: start,q7: companyA_Concept,q139: positive,36000,2
0,out/models/model_bpic17-after_model-it_0.pickle,142,245,quadratic,0.17450785636901855,0.982,1.0,0.982,1.0,q0: start,q127: A_Pending,q139: positive,36000,2
1,out/models/model_bpic17-after_model-it_0.pickle,142,245,linear,0.02891993522644043,0.982,1.0,0.982,1.0,q0: start,q127: A_Pending,q139: positive,36000,2
0,out/models/model_bpic17-after_model-it_0.pickle,142,245,quadratic,1.0571839809417725,0.982,0.848,0.982,0.848,q0: start,q105: O_Returned,q139: positive,36000,2
1,out/models/model_bpic17-after_model-it_0.pickle,142,245,linear,0.1893310546875,0.982,0.848,0.982,0.848,q0: start,q105: O_Returned,q139: positive,36000,2
0,out/models/model_bpic17-after_model-it_0.pickle,142,245,quadratic,2.2887370586395264,0.982,0.609,0.982,0.609,q0: start,q45: O_Sentmailandonline,q139: positive,36000,2
1,out/models/model_bpic17-after_model-it_0.pickle,142,245,linear,0.22327280044555664,0.982,0.609,0.982,0.609,q0: start,q45: O_Sentmailandonline,q139: positive,36000,2
0,out/models/model_bpic17-after_model-it_0.pickle,142,245,quadratic,0.997765064239502,0.982,0.004,0.982,0.004,q0: start,q70: O_Sentmailandonline,q139: positive,36000,2
1,out/models/model_bpic17-after_model-it_0.pickle,142,245,linear,0.322192907333374,0.982,0.004,0.982,0.004,q0: start,q70: O_Sentmailandonline,q139: positive,36000,2
0,out/models/model_bpic17-after_model-it_0.pickle,142,245,quadratic,2.788390636444092,0.982,0.4,0.982,0.4,q0: start,q58: customerW_CallafteroffersSHORT,q139: positive,36000,2
1,out/models/model_bpic17-after_model-it_0.pickle,142,245,linear,0.4267730712890625,0.982,0.4,0.982,0.4,q0: start,q58: customerW_CallafteroffersSHORT,q139: positive,36000,2
0,out/models/model_bpic17-after_model-it_0.pickle,142,245,quadratic,0.989246129989624,0.982,0.001,0.982,0.001,q0: start,q32: O_CreateOffer2,q139: positive,36000,2
1,out/models/model_bpic17-after_model-it_0.pickle,142,245,linear,0.18414688110351562,0.982,0.001,0.982,0.001,q0: start,q32: O_CreateOffer2,q139: positive,36000,2
0,out/models/model_bpic17-after_model-it_0.pickle,142,245,quadratic,3.8856358528137207,0.982,0.182,0.982,0.182,q0: start,q75: O_Sentmailandonline,q139: positive,36000,2
1,out/models/model_bpic17-after_model-it_0.pickle,142,245,linear,0.25532007217407227,0.982,0.182,0.982,0.182,q0: start,q75: O_Sentmailandonline,q139: positive,36000,2
0,out/models/model_bpic17-after_model-it_0.pickle,142,245,quadratic,1.2426040172576904,0.982,0.045,0.982,0.045,q0: start,q96: companyO_Sentmailandonline,q139: positive,36000,2
1,out/models/model_bpic17-after_model-it_0.pickle,142,245,linear,0.24032998085021973,0.982,0.045,0.982,0.045,q0: start,q96: companyO_Sentmailandonline,q139: positive,36000,2
0,out/models/model_bpic17-after_model-it_0.pickle,142,245,quadratic,0.7871501445770264,0.982,0.132,0.982,0.132,q0: start,q36: A_Validating,q139: positive,36000,2
1,out/models/model_bpic17-after_model-it_0.pickle,142,245,linear,0.189133882522583,0.982,0.132,0.982,0.132,q0: start,q36: A_Validating,q139: positive,36000,2
0,out/models/model_bpic17-after_model-it_0.pickle,142,245,quadratic,0.4088711738586426,0.982,0.0,0.982,0.0,q0: start,q112: A_Validating,q139: positive,36000,2
1,out/models/model_bpic17-after_model-it_0.pickle,142,245,linear,0.09533309936523438,0.982,0.0,0.982,0.0,q0: start,q112: A_Validating,q139: positive,36000,2
0,out/models/model_bpic17-after_model-it_0.pickle,142,245,quadratic,3.7930328845977783,0.982,0.004,0.982,0.004,q0: start,q35: O_Cancelled,q139: positive,36000,2
1,out/models/model_bpic17-after_model-it_0.pickle,142,245,linear,0.2312631607055664,0.982,0.004,0.982,0.004,q0: start,q35: O_Cancelled,q139: positive,36000,2
0,out/models/model_bpic17-after_model-it_0.pickle,142,245,quadratic,0.35228705406188965,0.982,0.0,0.982,0.002,q0: start,q135: customerW_CallincompletefilesSUPERLONG,q139: positive,36000,2
1,out/models/model_bpic17-after_model-it_0.pickle,142,245,linear,0.11169672012329102,0.982,0.0,0.982,0.002,q0: start,q135: customerW_CallincompletefilesSUPERLONG,q139: positive,36000,2
0,out/models/model_bpic17-after_model-it_0.pickle,142,245,quadratic,0.5047709941864014,0.982,0.003,0.982,0.003,q0: start,q88: companyO_Sentonlineonly,q139: positive,36000,2
1,out/models/model_bpic17-after_model-it_0.pickle,142,245,linear,0.10912895202636719,0.982,0.003,0.982,0.003,q0: start,q88: companyO_Sentonlineonly,q139: positive,36000,2
0,out/models/model_bpic17-after_model-it_0.pickle,142,245,quadratic,0.7469327449798584,0.982,0.324,0.982,0.324,q0: start,q19: O_Sentmailandonline,q139: positive,36000,2
1,out/models/model_bpic17-after_model-it_0.pickle,142,245,linear,0.2412431240081787,0.982,0.324,0.982,0.324,q0: start,q19: O_Sentmailandonline,q139: positive,36000,2
0,out/models/model_bpic17-after_model-it_0.pickle,142,245,quadratic,2.350736141204834,0.982,0.038,0.982,0.038,q0: start,q63: companyO_Sentmailandonline,q139: positive,36000,2
1,out/models/model_bpic17-after_model-it_0.pickle,142,245,linear,0.17873287200927734,0.982,0.038,0.982,0.038,q0: start,q63: companyO_Sentmailandonline,q139: positive,36000,2
0,out/models/model_bpic17-after_model-it_0.pickle,142,245,quadratic,0.6558921337127686,0.982,0.724,0.982,0.724,q0: start,q73: O_Cancelled,q139: positive,36000,2
1,out/models/model_bpic17-after_model-it_0.pickle,142,245,linear,0.17113995552062988,0.982,0.724,0.982,0.724,q0: start,q73: O_Cancelled,q139: positive,36000,2
0,out/models/model_bpic17-after_model-it_0.pickle,142,245,quadratic,1.0561208724975586,0.982,0.863,0.982,0.863,q0: start,q40: W_CallafteroffersSHORT,q139: positive,36000,2
1,out/models/model_bpic17-after_model-it_0.pickle,142,245,linear,0.2358570098876953,0.982,0.863,0.982,0.863,q0: start,q40: W_CallafteroffersSHORT,q139: positive,36000,2
0,out/models/model_bpic17-after_model-it_0.pickle,142,245,quadratic,0.8201649188995361,0.982,0.001,0.982,0.001,q0: start,q111: O_Sentmailandonline,q139: positive,36000,2
1,out/models/model_bpic17-after_model-it_0.pickle,142,245,linear,0.17848706245422363,0.982,0.001,0.982,0.001,q0: start,q111: O_Sentmailandonline,q139: positive,36000,2
0,out/models/model_bpic17-after_model-it_0.pickle,142,245,quadratic,0.5866661071777344,0.982,0.011,0.982,0.011,q0: start,q85: companyO_Returned,q139: positive,36000,2
1,out/models/model_bpic17-after_model-it_0.pickle,142,245,linear,0.09044098854064941,0.982,0.011,0.982,0.011,q0: start,q85: companyO_Returned,q139: positive,36000,2
0,out/models/model_bpic17-after_model-it_0.pickle,142,245,quadratic,0.4852888584136963,0.982,0.002,0.982,0.002,q0: start,q109: O_Returned,q139: positive,36000,2
1,out/models/model_bpic17-after_model-it_0.pickle,142,245,linear,0.06705188751220703,0.982,0.002,0.982,0.002,q0: start,q109: O_Returned,q139: positive,36000,2
0,out/models/model_bpic17-after_model-it_0.pickle,142,245,quadratic,2.698269844055176,0.982,0.4,0.982,0.4,q0: start,q58: customerW_CallafteroffersSHORT,q139: positive,36000,2
1,out/models/model_bpic17-after_model-it_0.pickle,142,245,linear,0.3325479030609131,0.982,0.4,0.982,0.4,q0: start,q58: customerW_CallafteroffersSHORT,q139: positive,36000,2
0,out/models/model_bpic17-after_model-it_0.pickle,142,245,quadratic,0.20826292037963867,0.982,1.0,0.982,1.0,q0: start,q1: companystart,q139: positive,36000,2
1,out/models/model_bpic17-after_model-it_0.pickle,142,245,linear,0.07511520385742188,0.982,1.0,0.982,1.0,q0: start,q1: companystart,q139: positive,36000,2
0,out/models/model_bpic17-after_model-it_0.pickle,142,245,quadratic,0.36685800552368164,0.982,0.0,0.982,0.0,q0: start,q81: W_CallafteroffersSUPERLONG,q139: positive,36000,2
1,out/models/model_bpic17-after_model-it_0.pickle,142,245,linear,0.04895806312561035,0.982,0.0,0.982,0.0,q0: start,q81: W_CallafteroffersSUPERLONG,q139: positive,36000,2
0,out/models/model_bpic17-after_model-it_0.pickle,142,245,quadratic,0.6833350658416748,0.982,0.0,0.982,0.965,q0: start,q104: W_CallincompletefilesSHORT,q139: positive,36000,2
1,out/models/model_bpic17-after_model-it_0.pickle,142,245,linear,0.24993681907653809,0.982,0.0,0.982,0.965,q0: start,q104: W_CallincompletefilesSHORT,q139: positive,36000,2
0,out/models/model_bpic17-after_model-it_0.pickle,142,245,quadratic,0.7725870609283447,0.982,0.017,0.982,0.017,q0: start,q24: companyO_CreateOffer1,q139: positive,36000,2
1,out/models/model_bpic17-after_model-it_0.pickle,142,245,linear,0.2119429111480713,0.982,0.017,0.982,0.017,q0: start,q24: companyO_CreateOffer1,q139: positive,36000,2
0,out/models/model_bpic17-after_model-it_0.pickle,142,245,quadratic,1.134416103363037,0.982,0.895,0.982,0.895,q0: start,q57: companyW_CallafteroffersSHORT,q139: positive,36000,2
1,out/models/model_bpic17-after_model-it_0.pickle,142,245,linear,0.1851787567138672,0.982,0.895,0.982,0.895,q0: start,q57: companyW_CallafteroffersSHORT,q139: positive,36000,2
0,out/models/model_bpic17-after_model-it_0.pickle,142,245,quadratic,0.7819681167602539,0.982,0.001,0.982,0.001,q0: start,q48: customerO_Sentmailandonline,q139: positive,36000,2
1,out/models/model_bpic17-after_model-it_0.pickle,142,245,linear,0.13247299194335938,0.982,0.001,0.982,0.001,q0: start,q48: customerO_Sentmailandonline,q139: positive,36000,2
0,out/models/model_bpic17-after_model-it_0.pickle,142,245,quadratic,0.8691210746765137,0.982,0.002,0.982,0.002,q0: start,q59: companyW_CallafteroffersSUPERLONG,q139: positive,36000,2
1,out/models/model_bpic17-after_model-it_0.pickle,142,245,linear,0.19066190719604492,0.982,0.002,0.982,0.002,q0: start,q59: companyW_CallafteroffersSUPERLONG,q139: positive,36000,2
0,out/models/model_bpic17-after_model-it_0.pickle,142,245,quadratic,0.29436588287353516,0.982,0.0,0.982,0.0,q0: start,q141: W_CallincompletefilesSHORT,q139: positive,36000,2
1,out/models/model_bpic17-after_model-it_0.pickle,142,245,linear,0.14618301391601562,0.982,0.0,0.982,0.0,q0: start,q141: W_CallincompletefilesSHORT,q139: positive,36000,2
0,out/models/model_bpic17-after_model-it_0.pickle,142,245,quadratic,0.8000228404998779,0.982,0.015,0.982,0.015,q0: start,q47: companyO_Sentmailandonline,q139: positive,36000,2
1,out/models/model_bpic17-after_model-it_0.pickle,142,245,linear,0.1484670639038086,0.982,0.015,0.982,0.015,q0: start,q47: companyO_Sentmailandonline,q139: positive,36000,2
0,out/models/model_bpic17-after_model-it_0.pickle,142,245,quadratic,1.200796127319336,0.982,0.066,0.982,0.066,q0: start,q107: O_Sentmailandonline,q139: positive,36000,2
1,out/models/model_bpic17-after_model-it_0.pickle,142,245,linear,0.549950122833252,0.982,0.066,0.982,0.066,q0: start,q107: O_Sentmailandonline,q139: positive,36000,2
0,out/models/model_bpic17-after_model-it_0.pickle,142,245,quadratic,0.47502803802490234,0.982,0.002,0.982,0.002,q0: start,q74: A_Validating,q139: positive,36000,2
1,out/models/model_bpic17-after_model-it_0.pickle,142,245,linear,0.1743309497833252,0.982,0.002,0.982,0.002,q0: start,q74: A_Validating,q139: positive,36000,2
0,out/models/model_bpic17-after_model-it_0.pickle,142,245,quadratic,0.8683931827545166,0.982,0.003,0.982,0.003,q0: start,q133: companyO_CreateOffer2,q139: positive,36000,2
1,out/models/model_bpic17-after_model-it_0.pickle,142,245,linear,0.19312787055969238,0.982,0.003,0.982,0.003,q0: start,q133: companyO_CreateOffer2,q139: positive,36000,2
0,out/models/model_bpic17-after_model-it_0.pickle,142,245,quadratic,0.9243731498718262,0.982,0.343,0.982,0.343,q0: start,q13: O_CreateOffer0,q139: positive,36000,2
1,out/models/model_bpic17-after_model-it_0.pickle,142,245,linear,0.3182978630065918,0.982,0.343,0.982,0.343,q0: start,q13: O_CreateOffer0,q139: positive,36000,2
0,out/models/model_bpic17-after_model-it_0.pickle,142,245,quadratic,0.4388740062713623,0.982,0.006,0.982,0.006,q0: start,q130: O_Returned,q139: positive,36000,2
1,out/models/model_bpic17-after_model-it_0.pickle,142,245,linear,0.1123039722442627,0.982,0.006,0.982,0.006,q0: start,q130: O_Returned,q139: positive,36000,2
0,out/models/model_bpic17-after_model-it_0.pickle,142,245,quadratic,0.5482439994812012,0.982,0.0,0.982,0.0,q0: start,q49: companyO_Sentonlineonly,q139: positive,36000,2
1,out/models/model_bpic17-after_model-it_0.pickle,142,245,linear,0.16539907455444336,0.982,0.0,0.982,0.0,q0: start,q49: companyO_Sentonlineonly,q139: positive,36000,2
0,out/models/model_bpic17-after_model-it_0.pickle,142,245,quadratic,0.5362789630889893,0.982,0.0,0.982,0.0,q0: start,q34: O_Sentonlineonly,q139: positive,36000,2
1,out/models/model_bpic17-after_model-it_0.pickle,142,245,linear,0.14711308479309082,0.982,0.0,0.982,0.0,q0: start,q34: O_Sentonlineonly,q139: positive,36000,2
0,out/models/model_bpic17-after_model-it_0.pickle,142,245,quadratic,2.1727962493896484,0.982,0.609,0.982,0.609,q0: start,q45: O_Sentmailandonline,q139: positive,36000,2
1,out/models/model_bpic17-after_model-it_0.pickle,142,245,linear,0.13454914093017578,0.982,0.609,0.982,0.609,q0: start,q45: O_Sentmailandonline,q139: positive,36000,2
0,out/models/model_bpic17-after_model-it_0.pickle,142,245,quadratic,3.7095210552215576,0.982,0.143,0.982,0.143,q0: start,q30: companyO_Cancelled,q139: positive,36000,2
1,out/models/model_bpic17-after_model-it_0.pickle,142,245,linear,0.1918630599975586,0.982,0.143,0.982,0.143,q0: start,q30: companyO_Cancelled,q139: positive,36000,2
0,out/models/model_bpic17-after_model-it_0.pickle,142,245,quadratic,0.6327810287475586,0.982,0.045,0.982,0.045,q0: start,q96: companyO_Sentmailandonline,q139: positive,36000,2
1,out/models/model_bpic17-after_model-it_0.pickle,142,245,linear,0.11656594276428223,0.982,0.045,0.982,0.045,q0: start,q96: companyO_Sentmailandonline,q139: positive,36000,2
0,out/models/model_bpic17-after_model-it_0.pickle,142,245,quadratic,0.9181811809539795,0.982,0.0,0.982,0.081,q0: start,q103: W_CallincompletefilesLONG,q139: positive,36000,2
1,out/models/model_bpic17-after_model-it_0.pickle,142,245,linear,0.18606185913085938,0.982,0.0,0.982,0.081,q0: start,q103: W_CallincompletefilesLONG,q139: positive,36000,2
0,out/models/model_bpic17-after_model-it_0.pickle,142,245,quadratic,0.9955110549926758,0.982,0.004,0.982,0.004,q0: start,q70: O_Sentmailandonline,q139: positive,36000,2
1,out/models/model_bpic17-after_model-it_0.pickle,142,245,linear,0.1508181095123291,0.982,0.004,0.982,0.004,q0: start,q70: O_Sentmailandonline,q139: positive,36000,2
0,out/models/model_bpic17-after_model-it_0.pickle,142,245,quadratic,0.17409729957580566,0.982,1.0,0.982,1.0,q0: start,q134: customerA_Pending,q139: positive,36000,2
1,out/models/model_bpic17-after_model-it_0.pickle,142,245,linear,0.08423209190368652,0.982,1.0,0.982,1.0,q0: start,q134: customerA_Pending,q139: positive,36000,2
0,out/models/model_bpic17-after_model-it_0.pickle,142,245,quadratic,0.5602560043334961,0.982,0.048,0.982,0.048,q0: start,q62: companyO_CreateOffer1,q139: positive,36000,2
1,out/models/model_bpic17-after_model-it_0.pickle,142,245,linear,0.09973883628845215,0.982,0.048,0.982,0.048,q0: start,q62: companyO_CreateOffer1,q139: positive,36000,2
0,out/models/model_bpic17-after_model-it_0.pickle,142,245,quadratic,1.1081349849700928,0.982,0.007,0.982,0.007,q0: start,q84: companyW_CallafteroffersSHORT,q139: positive,36000,2
1,out/models/model_bpic17-after_model-it_0.pickle,142,245,linear,0.3142259120941162,0.982,0.007,0.982,0.007,q0: start,q84: companyW_CallafteroffersSHORT,q139: positive,36000,2
0,out/models/model_bpic17-after_model-it_0.pickle,142,245,quadratic,0.9106428623199463,0.982,0.657,0.982,0.657,q0: start,q6: A_Submitted,q139: positive,36000,2
1,out/models/model_bpic17-after_model-it_0.pickle,142,245,linear,0.0789642333984375,0.982,0.657,0.982,0.657,q0: start,q6: A_Submitted,q139: positive,36000,2
0,out/models/model_bpic17-after_model-it_0.pickle,142,245,quadratic,0.517186164855957,0.982,0.001,0.982,0.001,q0: start,q94: companyO_CreateOffer2,q139: positive,36000,2
1,out/models/model_bpic17-after_model-it_0.pickle,142,245,linear,0.0975489616394043,0.982,0.001,0.982,0.001,q0: start,q94: companyO_CreateOffer2,q139: positive,36000,2
0,out/models/model_bpic17-after_model-it_0.pickle,142,245,quadratic,0.1873481273651123,0.982,0.0,0.982,0.0,q0: start,q21: A_CancelledCUSTOMER,q139: positive,36000,2
1,out/models/model_bpic17-after_model-it_0.pickle,142,245,linear,0.026953935623168945,0.982,0.0,0.982,0.0,q0: start,q21: A_CancelledCUSTOMER,q139: positive,36000,2
0,out/models/model_bpic17-after_model-it_0.pickle,142,245,quadratic,0.9517419338226318,0.982,0.004,0.982,0.004,q0: start,q97: companyO_CreateOffer1,q139: positive,36000,2
1,out/models/model_bpic17-after_model-it_0.pickle,142,245,linear,0.1510460376739502,0.982,0.004,0.982,0.004,q0: start,q97: companyO_CreateOffer1,q139: positive,36000,2
0,out/models/model_bpic17-after_model-it_0.pickle,142,245,quadratic,3.5066468715667725,0.982,0.004,0.982,0.004,q0: start,q35: O_Cancelled,q139: positive,36000,2
1,out/models/model_bpic17-after_model-it_0.pickle,142,245,linear,0.16216421127319336,0.982,0.004,0.982,0.004,q0: start,q35: O_Cancelled,q139: positive,36000,2
0,out/models/model_bpic17-after_model-it_0.pickle,142,245,quadratic,0.4703969955444336,0.982,0.016,0.982,0.016,q0: start,q52: customerA_Validating,q139: positive,36000,2
1,out/models/model_bpic17-after_model-it_0.pickle,142,245,linear,0.09130477905273438,0.982,0.016,0.982,0.016,q0: start,q52: customerA_Validating,q139: positive,36000,2
0,out/models/model_bpic17-after_model-it_0.pickle,142,245,quadratic,0.3703761100769043,0.982,0.0,0.982,0.093,q0: start,q128: W_CallincompletefilesLONG,q139: positive,36000,2
1,out/models/model_bpic17-after_model-it_0.pickle,142,245,linear,0.11830496788024902,0.982,0.0,0.982,0.093,q0: start,q128: W_CallincompletefilesLONG,q139: positive,36000,2
0,out/models/model_bpic17-after_model-it_0.pickle,142,245,quadratic,0.7183098793029785,0.982,0.048,0.982,0.048,q0: start,q77: O_Sentmailandonline,q139: positive,36000,2
1,out/models/model_bpic17-after_model-it_0.pickle,142,245,linear,0.11608028411865234,0.982,0.048,0.982,0.048,q0: start,q77: O_Sentmailandonline,q139: positive,36000,2
0,out/models/model_bpic17-after_model-it_0.pickle,142,245,quadratic,0.9184730052947998,0.982,0.004,0.982,0.004,q0: start,q28: customerO_Sentonlineonly,q139: positive,36000,2
1,out/models/model_bpic17-after_model-it_0.pickle,142,245,linear,0.2244551181793213,0.982,0.004,0.982,0.004,q0: start,q28: customerO_Sentonlineonly,q139: positive,36000,2
0,out/models/model_bpic17-after_model-it_0.pickle,142,245,quadratic,0.8329050540924072,0.982,0.004,0.982,0.004,q0: start,q78: O_CreateOffer1,q139: positive,36000,2
1,out/models/model_bpic17-after_model-it_0.pickle,142,245,linear,0.1534731388092041,0.982,0.004,0.982,0.004,q0: start,q78: O_CreateOffer1,q139: positive,36000,2
0,out/models/model_bpic17-after_model-it_0.pickle,142,245,quadratic,0.8493349552154541,0.982,0.657,0.982,0.657,q0: start,q23: O_CreateOffer0,q139: positive,36000,2
1,out/models/model_bpic17-after_model-it_0.pickle,142,245,linear,0.11116623878479004,0.982,0.657,0.982,0.657,q0: start,q23: O_CreateOffer0,q139: positive,36000,2
0,out/models/model_bpic17-after_model-it_0.pickle,142,245,quadratic,1.0219688415527344,0.982,0.0,0.982,0.937,q0: start,q119: customerW_CallincompletefilesSHORT,q139: positive,36000,2
1,out/models/model_bpic17-after_model-it_0.pickle,142,245,linear,0.16382408142089844,0.982,0.0,0.982,0.937,q0: start,q119: customerW_CallincompletefilesSHORT,q139: positive,36000,2
0,out/models/model_bpic17-after_model-it_0.pickle,142,245,quadratic,0.6081802845001221,0.982,0.001,0.982,0.001,q0: start,q76: O_CreateOffer2,q139: positive,36000,2
1,out/models/model_bpic17-after_model-it_0.pickle,142,245,linear,0.08544707298278809,0.982,0.001,0.982,0.001,q0: start,q76: O_CreateOffer2,q139: positive,36000,2
0,out/models/model_bpic17-after_model-it_0.pickle,142,245,quadratic,1.2870399951934814,0.982,0.07,0.982,0.07,q0: start,q26: companyO_Sentmailandonline,q139: positive,36000,2
1,out/models/model_bpic17-after_model-it_0.pickle,142,245,linear,0.22532320022583008,0.982,0.07,0.982,0.07,q0: start,q26: companyO_Sentmailandonline,q139: positive,36000,2
0,out/models/model_bpic17-after_model-it_0.pickle,142,245,quadratic,0.7718300819396973,0.982,0.343,0.982,0.343,q0: start,q5: A_Concept,q139: positive,36000,2
1,out/models/model_bpic17-after_model-it_0.pickle,142,245,linear,0.12280392646789551,0.982,0.343,0.982,0.343,q0: start,q5: A_Concept,q139: positive,36000,2
0,out/models/model_bpic17-after_model-it_0.pickle,142,245,quadratic,0.9049251079559326,0.982,0.001,0.982,0.001,q0: start,q123: companyO_Sentmailandonline,q139: positive,36000,2
1,out/models/model_bpic17-after_model-it_0.pickle,142,245,linear,0.17072296142578125,0.982,0.001,0.982,0.001,q0: start,q123: companyO_Sentmailandonline,q139: positive,36000,2
0,out/models/model_bpic17-after_model-it_0.pickle,142,245,quadratic,0.4019291400909424,0.982,0.002,0.982,0.002,q0: start,q122: customerO_Returned,q139: positive,36000,2
1,out/models/model_bpic17-after_model-it_0.pickle,142,245,linear,0.03887295722961426,0.982,0.002,0.982,0.002,q0: start,q122: customerO_Returned,q139: positive,36000,2
0,out/models/model_bpic17-after_model-it_0.pickle,142,245,quadratic,0.9199957847595215,0.982,0.004,0.982,0.004,q0: start,q37: O_CreateOffer1,q139: positive,36000,2
1,out/models/model_bpic17-after_model-it_0.pickle,142,245,linear,0.1540820598602295,0.982,0.004,0.982,0.004,q0: start,q37: O_CreateOffer1,q139: positive,36000,2
0,out/models/model_bpic17-after_model-it_0.pickle,142,245,quadratic,0.12251901626586914,0.982,0.0,0.982,0.0,q0: start,q54: customerTIMEOUT,q139: positive,36000,2
1,out/models/model_bpic17-after_model-it_0.pickle,142,245,linear,0.06521487236022949,0.982,0.0,0.982,0.0,q0: start,q54: customerTIMEOUT,q139: positive,36000,2
0,out/models/model_bpic17-after_model-it_0.pickle,142,245,quadratic,1.1760551929473877,0.982,0.001,0.982,0.001,q0: start,q79: W_CallafteroffersLONG,q139: positive,36000,2
1,out/models/model_bpic17-after_model-it_0.pickle,142,245,linear,0.12273788452148438,0.982,0.001,0.982,0.001,q0: start,q79: W_CallafteroffersLONG,q139: positive,36000,2
0,out/models/model_bpic17-after_model-it_0.pickle,142,245,quadratic,0.8574440479278564,0.982,0.657,0.982,0.657,q0: start,q12: companyA_Concept,q139: positive,36000,2
1,out/models/model_bpic17-after_model-it_0.pickle,142,245,linear,0.07334017753601074,0.982,0.657,0.982,0.657,q0: start,q12: companyA_Concept,q139: positive,36000,2
0,out/models/model_bpic17-after_model-it_0.pickle,142,245,quadratic,0.7801918983459473,0.982,0.021,0.982,0.021,q0: start,q55: companyW_CallafteroffersLONG,q139: positive,36000,2
1,out/models/model_bpic17-after_model-it_0.pickle,142,245,linear,0.08031511306762695,0.982,0.021,0.982,0.021,q0: start,q55: companyW_CallafteroffersLONG,q139: positive,36000,2
0,out/models/model_bpic17-after_model-it_0.pickle,142,245,quadratic,0.7547450065612793,0.982,0.343,0.982,0.343,q0: start,q3: companyA_CreateApplication,q139: positive,36000,2
1,out/models/model_bpic17-after_model-it_0.pickle,142,245,linear,0.2088148593902588,0.982,0.343,0.982,0.343,q0: start,q3: companyA_CreateApplication,q139: positive,36000,2
0,out/models/model_bpic17-after_model-it_0.pickle,142,245,quadratic,0.540428876876831,0.982,0.049,0.982,0.049,q0: start,q44: O_CreateOffer1,q139: positive,36000,2
1,out/models/model_bpic17-after_model-it_0.pickle,142,245,linear,0.12442469596862793,0.982,0.049,0.982,0.049,q0: start,q44: O_CreateOffer1,q139: positive,36000,2
0,out/models/model_bpic17-after_model-it_0.pickle,142,245,quadratic,0.680009126663208,0.982,0.004,0.982,0.004,q0: start,q16: customerO_CreateOffer0,q139: positive,36000,2
1,out/models/model_bpic17-after_model-it_0.pickle,142,245,linear,0.11101102828979492,0.982,0.004,0.982,0.004,q0: start,q16: customerO_CreateOffer0,q139: positive,36000,2
0,out/models/model_bpic17-after_model-it_0.pickle,142,245,quadratic,0.7743499279022217,0.982,0.068,0.982,0.068,q0: start,q72: O_CreateOffer1,q139: positive,36000,2
1,out/models/model_bpic17-after_model-it_0.pickle,142,245,linear,0.19353508949279785,0.982,0.068,0.982,0.068,q0: start,q72: O_CreateOffer1,q139: positive,36000,2
0,out/models/model_bpic17-after_model-it_0.pickle,142,245,quadratic,0.9562768936157227,0.982,0.657,0.982,0.657,q0: start,q17: companyA_Accepted,q139: positive,36000,2
1,out/models/model_bpic17-after_model-it_0.pickle,142,245,linear,0.13683605194091797,0.982,0.657,0.982,0.657,q0: start,q17: companyA_Accepted,q139: positive,36000,2
0,out/models/model_bpic17-after_model-it_0.pickle,142,245,quadratic,0.09466409683227539,0.982,1.0,0.982,1.0,q0: start,q139: positive,q139: positive,36000,2
1,out/models/model_bpic17-after_model-it_0.pickle,142,245,linear,0.04836297035217285,0.982,1.0,0.982,1.0,q0: start,q139: positive,q139: positive,36000,2
0,out/models/model_bpic17-after_model-it_0.pickle,142,245,quadratic,0.3997197151184082,0.982,0.005,0.982,0.005,q0: start,q131: A_Validating,q139: positive,36000,2
1,out/models/model_bpic17-after_model-it_0.pickle,142,245,linear,0.03707385063171387,0.982,0.005,0.982,0.005,q0: start,q131: A_Validating,q139: positive,36000,2
0,out/models/model_bpic17-after_model-it_0.pickle,142,245,quadratic,0.8004322052001953,0.982,0.13,0.982,0.13,q0: start,q51: companyA_Validating,q139: positive,36000,2
1,out/models/model_bpic17-after_model-it_0.pickle,142,245,linear,0.06266188621520996,0.982,0.13,0.982,0.13,q0: start,q51: companyA_Validating,q139: positive,36000,2
0,out/models/model_bpic17-after_model-it_0.pickle,142,245,quadratic,3.5741629600524902,0.982,0.206,0.982,0.206,q0: start,q93: customerO_Sentmailandonline,q139: positive,36000,2
1,out/models/model_bpic17-after_model-it_0.pickle,142,245,linear,0.24062490463256836,0.982,0.206,0.982,0.206,q0: start,q93: customerO_Sentmailandonline,q139: positive,36000,2
0,out/models/model_bpic17-after_model-it_0.pickle,142,245,quadratic,0.9493012428283691,0.982,0.011,0.982,0.477,q0: start,q114: customerA_Validating,q139: positive,36000,2
1,out/models/model_bpic17-after_model-it_0.pickle,142,245,linear,0.19408082962036133,0.982,0.011,0.982,0.477,q0: start,q114: customerA_Validating,q139: positive,36000,2
0,out/models/model_bpic17-after_model-it_0.pickle,142,245,quadratic,0.8746452331542969,0.982,0.343,0.982,0.343,q0: start,q11: companyA_Accepted,q139: positive,36000,2
1,out/models/model_bpic17-after_model-it_0.pickle,142,245,linear,0.15972185134887695,0.982,0.343,0.982,0.343,q0: start,q11: companyA_Accepted,q139: positive,36000,2
0,out/models/model_bpic17-after_model-it_0.pickle,142,245,quadratic,0.905623197555542,0.982,0.02,0.982,0.02,q0: start,q39: W_CallafteroffersLONG,q139: positive,36000,2
1,out/models/model_bpic17-after_model-it_0.pickle,142,245,linear,0.07683181762695312,0.982,0.02,0.982,0.02,q0: start,q39: W_CallafteroffersLONG,q139: positive,36000,2
0,out/models/model_bpic17-after_model-it_0.pickle,142,245,quadratic,0.929678201675415,0.982,0.003,0.982,0.003,q0: start,q126: O_CreateOffer2,q139: positive,36000,2
1,out/models/model_bpic17-after_model-it_0.pickle,142,245,linear,0.14081692695617676,0.982,0.003,0.982,0.003,q0: start,q126: O_CreateOffer2,q139: positive,36000,2
0,out/models/model_bpic17-after_model-it_0.pickle,142,245,quadratic,0.08910679817199707,0.982,0.0,0.982,0.0,q0: start,q42: negative,q139: positive,36000,2
1,out/models/model_bpic17-after_model-it_0.pickle,142,245,linear,0.05366706848144531,0.982,0.0,0.982,0.0,q0: start,q42: negative,q139: positive,36000,2
0,out/models/model_bpic17-after_model-it_0.pickle,142,245,quadratic,0.8735198974609375,0.982,0.016,0.982,0.016,q0: start,q33: O_Sentmailandonline,q139: positive,36000,2
1,out/models/model_bpic17-after_model-it_0.pickle,142,245,linear,0.1703658103942871,0.982,0.016,0.982,0.016,q0: start,q33: O_Sentmailandonline,q139: positive,36000,2
0,out/models/model_bpic17-after_model-it_0.pickle,142,245,quadratic,0.41425180435180664,0.982,0.005,0.982,0.005,q0: start,q124: companyO_Sentmailandonline,q139: positive,36000,2
1,out/models/model_bpic17-after_model-it_0.pickle,142,245,linear,0.0671701431274414,0.982,0.005,0.982,0.005,q0: start,q124: companyO_Sentmailandonline,q139: positive,36000,2
0,out/models/model_bpic17-after_model-it_0.pickle,142,245,quadratic,0.44504880905151367,0.982,0.015,0.982,0.015,q0: start,q66: O_Sentmailandonline,q139: positive,36000,2
1,out/models/model_bpic17-after_model-it_0.pickle,142,245,linear,0.11786890029907227,0.982,0.015,0.982,0.015,q0: start,q66: O_Sentmailandonline,q139: positive,36000,2
0,out/models/model_bpic17-after_model-it_0.pickle,142,245,quadratic,0.08736133575439453,0.982,0.0,0.982,0.0,q0: start,q38: TIMEOUT,q139: positive,36000,2
1,out/models/model_bpic17-after_model-it_0.pickle,142,245,linear,0.06616997718811035,0.982,0.0,0.982,0.0,q0: start,q38: TIMEOUT,q139: positive,36000,2
0,out/models/model_bpic17-after_model-it_0.pickle,142,245,quadratic,0.6858868598937988,0.982,0.004,0.982,0.004,q0: start,q22: O_Cancelled,q139: positive,36000,2
1,out/models/model_bpic17-after_model-it_0.pickle,142,245,linear,0.1524810791015625,0.982,0.004,0.982,0.004,q0: start,q22: O_Cancelled,q139: positive,36000,2
0,out/models/model_bpic17-after_model-it_0.pickle,142,245,quadratic,0.08836889266967773,0.982,1.0,0.982,1.0,q0: start,q0: start,q139: positive,36000,2
1,out/models/model_bpic17-after_model-it_0.pickle,142,245,linear,0.04235100746154785,0.982,1.0,0.982,1.0,q0: start,q0: start,q139: positive,36000,2
0,out/models/model_bpic17-after_model-it_0.pickle,142,245,quadratic,0.14513015747070312,0.982,0.0,0.982,0.0,q0: start,q60: customerW_CallafteroffersSUPERLONG,q139: positive,36000,2
1,out/models/model_bpic17-after_model-it_0.pickle,142,245,linear,0.02997612953186035,0.982,0.0,0.982,0.0,q0: start,q60: customerW_CallafteroffersSUPERLONG,q139: positive,36000,2
0,out/models/model_bpic17-after_model-it_0.pickle,142,245,quadratic,0.4030129909515381,0.982,0.006,0.982,0.006,q0: start,q136: customerO_Returned,q139: positive,36000,2
1,out/models/model_bpic17-after_model-it_0.pickle,142,245,linear,0.08340907096862793,0.982,0.006,0.982,0.006,q0: start,q136: customerO_Returned,q139: positive,36000,2
0,out/models/model_bpic17-after_model-it_0.pickle,142,245,quadratic,0.9064931869506836,0.982,0.011,0.982,0.477,q0: start,q101: A_Validating,q139: positive,36000,2
1,out/models/model_bpic17-after_model-it_0.pickle,142,245,linear,0.21376299858093262,0.982,0.011,0.982,0.477,q0: start,q101: A_Validating,q139: positive,36000,2
0,out/models/model_bpic17-after_model-it_0.pickle,142,245,quadratic,0.35226011276245117,0.982,0.015,0.982,0.015,q0: start,q69: W_CallincompletefilesSHORT,q139: positive,36000,2
1,out/models/model_bpic17-after_model-it_0.pickle,142,245,linear,0.08597397804260254,0.982,0.015,0.982,0.015,q0: start,q69: W_CallincompletefilesSHORT,q139: positive,36000,2
0,out/models/model_bpic17-after_model-it_0.pickle,142,245,quadratic,0.22383689880371094,0.982,0.0,0.982,0.0,q0: start,q125: companyA_Validating,q139: positive,36000,2
1,out/models/model_bpic17-after_model-it_0.pickle,142,245,linear,0.08794903755187988,0.982,0.0,0.982,0.0,q0: start,q125: companyA_Validating,q139: positive,36000,2
0,out/models/model_bpic17-after_model-it_0.pickle,142,245,quadratic,0.627190113067627,0.982,0.343,0.982,0.343,q0: start,q7: companyA_Concept,q139: positive,36000,2
1,out/models/model_bpic17-after_model-it_0.pickle,142,245,linear,0.19382095336914062,0.982,0.343,0.982,0.343,q0: start,q7: companyA_Concept,q139: positive,36000,2
0,out/models/model_bpic17-after_model-it_0.pickle,142,245,quadratic,0.7962830066680908,0.982,0.001,0.982,0.001,q0: start,q46: companyO_CreateOffer2,q139: positive,36000,2
1,out/models/model_bpic17-after_model-it_0.pickle,142,245,linear,0.1377270221710205,0.982,0.001,0.982,0.001,q0: start,q46: companyO_CreateOffer2,q139: positive,36000,2
0,out/models/model_bpic17-after_model-it_0.pickle,142,245,quadratic,0.4400460720062256,0.982,0.692,0.982,0.692,q0: start,q91: customerO_Cancelled,q139: positive,36000,2
1,out/models/model_bpic17-after_model-it_0.pickle,142,245,linear,0.18123078346252441,0.982,0.692,0.982,0.692,q0: start,q91: customerO_Cancelled,q139: positive,36000,2
0,out/models/model_bpic17-after_model-it_0.pickle,142,245,quadratic,0.3009369373321533,0.982,0.0,0.982,0.0,q0: start,q132: O_Returned,q139: positive,36000,2
1,out/models/model_bpic17-after_model-it_0.pickle,142,245,linear,0.041970014572143555,0.982,0.0,0.982,0.0,q0: start,q132: O_Returned,q139: positive,36000,2
0,out/models/model_bpic17-after_model-it_0.pickle,142,245,quadratic,0.31826305389404297,0.982,0.0,0.982,0.0,q0: start,q98: companyW_CallafteroffersSUPERLONG,q139: positive,36000,2
1,out/models/model_bpic17-after_model-it_0.pickle,142,245,linear,0.04653215408325195,0.982,0.0,0.982,0.0,q0: start,q98: companyW_CallafteroffersSUPERLONG,q139: positive,36000,2
0,out/models/model_bpic17-after_model-it_0.pickle,142,245,quadratic,0.611365795135498,0.982,0.067,0.982,0.067,q0: start,q90: companyO_CreateOffer1,q139: positive,36000,2
1,out/models/model_bpic17-after_model-it_0.pickle,142,245,linear,0.2693641185760498,0.982,0.067,0.982,0.067,q0: start,q90: companyO_CreateOffer1,q139: positive,36000,2
0,out/models/model_bpic17-after_model-it_0.pickle,142,245,quadratic,0.6386799812316895,0.982,0.657,0.982,0.657,q0: start,q14: A_Accepted,q139: positive,36000,2
1,out/models/model_bpic17-after_model-it_0.pickle,142,245,linear,0.061444997787475586,0.982,0.657,0.982,0.657,q0: start,q14: A_Accepted,q139: positive,36000,2
0,out/models/model_bpic17-after_model-it_0.pickle,142,245,quadratic,0.36573290824890137,0.982,0.002,0.982,0.002,q0: start,q92: companyA_Validating,q139: positive,36000,2
1,out/models/model_bpic17-after_model-it_0.pickle,142,245,linear,0.05901789665222168,0.982,0.002,0.982,0.002,q0: start,q92: companyA_Validating,q139: positive,36000,2
0,out/models/model_bpic17-after_model-it_0.pickle,142,245,quadratic,2.7114851474761963,0.982,0.571,0.982,0.571,q0: start,q64: customerO_Sentmailandonline,q139: positive,36000,2
1,out/models/model_bpic17-after_model-it_0.pickle,142,245,linear,0.1512157917022705,0.982,0.571,0.982,0.571,q0: start,q64: customerO_Sentmailandonline,q139: positive,36000,2
0,out/models/model_bpic17-after_model-it_0.pickle,142,245,quadratic,0.6685099601745605,0.982,0.343,0.982,0.343,q0: start,q9: A_Accepted,q139: positive,36000,2
1,out/models/model_bpic17-after_model-it_0.pickle,142,245,linear,0.15623116493225098,0.982,0.343,0.982,0.343,q0: start,q9: A_Accepted,q139: positive,36000,2
0,out/models/model_bpic17-after_model-it_0.pickle,142,245,quadratic,0.14085817337036133,0.982,1.0,0.982,1.0,q0: start,q102: O_Accepted,q139: positive,36000,2
1,out/models/model_bpic17-after_model-it_0.pickle,142,245,linear,0.04851984977722168,0.982,1.0,0.982,1.0,q0: start,q102: O_Accepted,q139: positive,36000,2
0,out/models/model_bpic17-after_model-it_0.pickle,142,245,quadratic,0.37589502334594727,0.982,0.001,0.982,0.001,q0: start,q121: companyW_CallincompletefilesLONG,q139: positive,36000,2
1,out/models/model_bpic17-after_model-it_0.pickle,142,245,linear,0.07448816299438477,0.982,0.001,0.982,0.001,q0: start,q121: companyW_CallincompletefilesLONG,q139: positive,36000,2
0,out/models/model_bpic17-after_model-it_0.pickle,142,245,quadratic,0.6933517456054688,0.982,0.0,0.982,0.0,q0: start,q65: O_CreateOffer3,q139: positive,36000,2
1,out/models/model_bpic17-after_model-it_0.pickle,142,245,linear,0.14527010917663574,0.982,0.0,0.982,0.0,q0: start,q65: O_CreateOffer3,q139: positive,36000,2
0,out/models/model_bpic17-after_model-it_0.pickle,142,245,quadratic,0.5245342254638672,0.982,0.001,0.982,0.001,q0: start,q67: W_CallafteroffersSHORT,q139: positive,36000,2
1,out/models/model_bpic17-after_model-it_0.pickle,142,245,linear,0.20697999000549316,0.982,0.001,0.982,0.001,q0: start,q67: W_CallafteroffersSHORT,q139: positive,36000,2
0,out/models/model_bpic17-after_model-it_0.pickle,142,245,quadratic,1.0190770626068115,0.982,0.839,0.982,0.839,q0: start,q120: customerO_Returned,q139: positive,36000,2
1,out/models/model_bpic17-after_model-it_0.pickle,142,245,linear,0.08140277862548828,0.982,0.839,0.982,0.839,q0: start,q120: customerO_Returned,q139: positive,36000,2
0,out/models/model_bpic17-after_model-it_0.pickle,142,245,quadratic,0.7912981510162354,0.982,0.0,0.982,0.0,q0: start,q113: companyO_Sentmailandonline,q139: positive,36000,2
1,out/models/model_bpic17-after_model-it_0.pickle,142,245,linear,0.19056391716003418,0.982,0.0,0.982,0.0,q0: start,q113: companyO_Sentmailandonline,q139: positive,36000,2
0,out/models/model_bpic17-after_model-it_0.pickle,142,245,quadratic,0.48607301712036133,0.982,0.015,0.982,0.015,q0: start,q87: companyW_CallincompletefilesSHORT,q139: positive,36000,2
1,out/models/model_bpic17-after_model-it_0.pickle,142,245,linear,0.11006307601928711,0.982,0.015,0.982,0.015,q0: start,q87: companyW_CallincompletefilesSHORT,q139: positive,36000,2
0,out/models/model_bpic17-after_model-it_0.pickle,142,245,quadratic,0.3582019805908203,0.982,0.0,0.982,0.006,q0: start,q140: W_CallincompletefilesSHORT,q139: positive,36000,2
1,out/models/model_bpic17-after_model-it_0.pickle,142,245,linear,0.11887836456298828,0.982,0.0,0.982,0.006,q0: start,q140: W_CallincompletefilesSHORT,q139: positive,36000,2
0,out/models/model_bpic17-after_model-it_0.pickle,142,245,quadratic,0.7704348564147949,0.982,0.004,0.982,0.004,q0: start,q108: O_Sentonlineonly,q139: positive,36000,2
1,out/models/model_bpic17-after_model-it_0.pickle,142,245,linear,0.1452491283416748,0.982,0.004,0.982,0.004,q0: start,q108: O_Sentonlineonly,q139: positive,36000,2
0,out/models/model_bpic17-after_model-it_0.pickle,142,245,quadratic,0.4404780864715576,0.982,0.005,0.982,0.005,q0: start,q137: companyA_Validating,q139: positive,36000,2
1,out/models/model_bpic17-after_model-it_0.pickle,142,245,linear,0.07589292526245117,0.982,0.005,0.982,0.005,q0: start,q137: companyA_Validating,q139: positive,36000,2
0,out/models/model_bpic17-after_model-it_0.pickle,142,245,quadratic,2.8587639331817627,0.982,0.004,0.982,0.004,q0: start,q50: companyO_Cancelled,q139: positive,36000,2
1,out/models/model_bpic17-after_model-it_0.pickle,142,245,linear,0.1779470443725586,0.982,0.004,0.982,0.004,q0: start,q50: companyO_Cancelled,q139: positive,36000,2
0,out/models/model_bpic17-after_model-it_0.pickle,142,245,quadratic,0.1167898178100586,0.982,0.0,0.982,0.0,q0: start,q29: customerA_CancelledCUSTOMER,q139: positive,36000,2
1,out/models/model_bpic17-after_model-it_0.pickle,142,245,linear,0.01674485206604004,0.982,0.0,0.982,0.0,q0: start,q29: customerA_CancelledCUSTOMER,q139: positive,36000,2
0,out/models/model_bpic17-after_model-it_0.pickle,142,245,quadratic,0.8793601989746094,0.982,0.145,0.982,0.145,q0: start,q68: O_Returned,q139: positive,36000,2
1,out/models/model_bpic17-after_model-it_0.pickle,142,245,linear,0.03716683387756348,0.982,0.145,0.982,0.145,q0: start,q68: O_Returned,q139: positive,36000,2
0,out/models/model_bpic17-after_model-it_0.pickle,142,245,quadratic,1.0964701175689697,0.982,0.0,0.982,0.424,q0: start,q118: companyW_CallincompletefilesSHORT,q139: positive,36000,2
1,out/models/model_bpic17-after_model-it_0.pickle,142,245,linear,0.2208559513092041,0.982,0.0,0.982,0.424,q0: start,q118: companyW_CallincompletefilesSHORT,q139: positive,36000,2
0,out/models/model_bpic17-after_model-it_0.pickle,142,245,quadratic,0.9276609420776367,0.982,0.848,0.982,0.848,q0: start,q89: companyA_Validating,q139: positive,36000,2
1,out/models/model_bpic17-after_model-it_0.pickle,142,245,linear,0.08397102355957031,0.982,0.848,0.982,0.848,q0: start,q89: companyA_Validating,q139: positive,36000,2
0,out/models/model_bpic17-after_model-it_0.pickle,142,245,quadratic,0.8047749996185303,0.982,0.0,0.982,0.0,q0: start,q99: O_Sentmailandonline,q139: positive,36000,2
1,out/models/model_bpic17-after_model-it_0.pickle,142,245,linear,0.07764077186584473,0.982,0.0,0.982,0.0,q0: start,q99: O_Sentmailandonline,q139: positive,36000,2
0,out/models/model_bpic17-after_model-it_0.pickle,142,245,quadratic,0.5351848602294922,0.982,0.017,0.982,0.017,q0: start,q18: O_CreateOffer1,q139: positive,36000,2
1,out/models/model_bpic17-after_model-it_0.pickle,142,245,linear,0.09324502944946289,0.982,0.017,0.982,0.017,q0: start,q18: O_CreateOffer1,q139: positive,36000,2
0,out/models/model_bpic17-after_model-it_0.pickle,142,245,quadratic,0.6935522556304932,0.982,0.004,0.982,0.004,q0: start,q53: companyO_CreateOffer1,q139: positive,36000,2
1,out/models/model_bpic17-after_model-it_0.pickle,142,245,linear,0.07607030868530273,0.982,0.004,0.982,0.004,q0: start,q53: companyO_CreateOffer1,q139: positive,36000,2
0,out/models/model_bpic17-after_model-it_0.pickle,142,245,quadratic,0.8551280498504639,0.982,0.657,0.982,0.657,q0: start,q4: customerA_CreateApplication,q139: positive,36000,2
1,out/models/model_bpic17-after_model-it_0.pickle,142,245,linear,0.04974627494812012,0.982,0.657,0.982,0.657,q0: start,q4: customerA_CreateApplication,q139: positive,36000,2
0,out/models/model_bpic17-after_model-it_0.pickle,142,245,quadratic,0.7474222183227539,0.982,0.002,0.982,0.002,q0: start,q41: W_CallafteroffersSUPERLONG,q139: positive,36000,2
1,out/models/model_bpic17-after_model-it_0.pickle,142,245,linear,0.18739700317382812,0.982,0.002,0.982,0.002,q0: start,q41: W_CallafteroffersSUPERLONG,q139: positive,36000,2
0,out/models/model_bpic17-after_model-it_0.pickle,142,245,quadratic,0.16058015823364258,0.982,0.0,0.982,0.0,q0: start,q56: customerW_CallafteroffersLONG,q139: positive,36000,2
1,out/models/model_bpic17-after_model-it_0.pickle,142,245,linear,0.016354799270629883,0.982,0.0,0.982,0.0,q0: start,q56: customerW_CallafteroffersLONG,q139: positive,36000,2
0,out/models/model_bpic17-after_model-it_0.pickle,142,245,quadratic,0.7952480316162109,0.982,0.341,0.982,0.341,q0: start,q15: companyO_CreateOffer0,q139: positive,36000,2
1,out/models/model_bpic17-after_model-it_0.pickle,142,245,linear,0.17281508445739746,0.982,0.341,0.982,0.341,q0: start,q15: companyO_CreateOffer0,q139: positive,36000,2
0,out/models/model_bpic17-after_model-it_0.pickle,142,245,quadratic,0.9347338676452637,0.982,0.657,0.982,0.657,q0: start,q10: A_Concept,q139: positive,36000,2
1,out/models/model_bpic17-after_model-it_0.pickle,142,245,linear,0.05860304832458496,0.982,0.657,0.982,0.657,q0: start,q10: A_Concept,q139: positive,36000,2
0,out/models/model_bpic17-after_model-it_0.pickle,142,245,quadratic,0.7636058330535889,0.982,0.0,0.982,0.0,q0: start,q82: companyO_CreateOffer3,q139: positive,36000,2
1,out/models/model_bpic17-after_model-it_0.pickle,142,245,linear,0.12196922302246094,0.982,0.0,0.982,0.0,q0: start,q82: companyO_CreateOffer3,q139: positive,36000,2
0,out/models/model_bpic17-after_model-it_0.pickle,142,245,quadratic,0.5369489192962646,0.982,0.015,0.982,0.015,q0: start,q83: customerO_Sentmailandonline,q139: positive,36000,2
1,out/models/model_bpic17-after_model-it_0.pickle,142,245,linear,0.08033108711242676,0.982,0.015,0.982,0.015,q0: start,q83: customerO_Sentmailandonline,q139: positive,36000,2
0,out/models/model_bpic17-after_model-it_0.pickle,142,245,quadratic,0.30966997146606445,0.982,0.001,0.982,0.001,q0: start,q106: W_CallincompletefilesLONG,q139: positive,36000,2
1,out/models/model_bpic17-after_model-it_0.pickle,142,245,linear,0.01776719093322754,0.982,0.001,0.982,0.001,q0: start,q106: W_CallincompletefilesLONG,q139: positive,36000,2
0,out/models/model_bpic17-after_model-it_0.pickle,142,245,quadratic,1.096477746963501,0.982,0.655,0.982,0.655,q0: start,q31: companyO_CreateOffer0,q139: positive,36000,2
1,out/models/model_bpic17-after_model-it_0.pickle,142,245,linear,0.03979921340942383,0.982,0.655,0.982,0.655,q0: start,q31: companyO_CreateOffer0,q139: positive,36000,2
0,out/models/model_bpic17-after_model-it_0.pickle,142,245,quadratic,0.8452999591827393,0.982,0.003,0.982,0.003,q0: start,q20: O_Sentonlineonly,q139: positive,36000,2
1,out/models/model_bpic17-after_model-it_0.pickle,142,245,linear,0.14342308044433594,0.982,0.003,0.982,0.003,q0: start,q20: O_Sentonlineonly,q139: positive,36000,2
0,out/models/model_bpic17-after_model-it_0.pickle,142,245,quadratic,0.5413398742675781,0.982,0.288,0.982,0.288,q0: start,q27: customerO_Sentmailandonline,q139: positive,36000,2
1,out/models/model_bpic17-after_model-it_0.pickle,142,245,linear,0.08487319946289062,0.982,0.288,0.982,0.288,q0: start,q27: customerO_Sentmailandonline,q139: positive,36000,2
0,out/models/model_bpic17-after_model-it_0.pickle,142,245,quadratic,0.7936170101165771,0.982,0.004,0.982,0.004,q0: start,q25: customerO_CreateOffer1,q139: positive,36000,2
1,out/models/model_bpic17-after_model-it_0.pickle,142,245,linear,0.10532283782958984,0.982,0.004,0.982,0.004,q0: start,q25: customerO_CreateOffer1,q139: positive,36000,2
0,out/models/model_bpic17-after_model-it_0.pickle,142,245,quadratic,0.6404078006744385,0.982,0.657,0.982,0.657,q0: start,q8: companyA_Submitted,q139: positive,36000,2
1,out/models/model_bpic17-after_model-it_0.pickle,142,245,linear,0.03395700454711914,0.982,0.657,0.982,0.657,q0: start,q8: companyA_Submitted,q139: positive,36000,2
0,out/models/model_bpic17-after_model-it_0.pickle,142,245,quadratic,1.0641391277313232,0.982,0.014,0.982,0.014,q0: start,q100: W_CallafteroffersSHORT,q139: positive,36000,2
1,out/models/model_bpic17-after_model-it_0.pickle,142,245,linear,0.03300309181213379,0.982,0.014,0.982,0.014,q0: start,q100: W_CallafteroffersSHORT,q139: positive,36000,2
0,out/models/model_bpic17-after_model-it_0.pickle,142,245,quadratic,3.4374399185180664,0.982,0.143,0.982,0.143,q0: start,q43: O_CreateOffer1,q139: positive,36000,2
1,out/models/model_bpic17-after_model-it_0.pickle,142,245,linear,0.09105491638183594,0.982,0.143,0.982,0.143,q0: start,q43: O_CreateOffer1,q139: positive,36000,2
0,out/models/model_bpic17-after_model-it_0.pickle,142,245,quadratic,0.4268980026245117,0.982,0.0,0.982,0.0,q0: start,q95: customerO_CreateOffer2,q139: positive,36000,2
1,out/models/model_bpic17-after_model-it_0.pickle,142,245,linear,0.046537160873413086,0.982,0.0,0.982,0.0,q0: start,q95: customerO_CreateOffer2,q139: positive,36000,2
0,out/models/model_bpic12_model-it_0.pickle,129,290,quadratic,94.34383082389832,1.0,0.0,1.0,1.0,q0: start,q123: customerO_CREATED5,q58: positive,36000,2
1,out/models/model_bpic12_model-it_0.pickle,129,290,linear,0.02542591094970703,1.0,0.0,1.0,1.0,q0: start,q123: customerO_CREATED5,q58: positive,36000,2
0,out/models/model_bpic17-after_model-it_0.pickle,142,245,quadratic,3.936145305633545,0.982,0.143,0.982,0.143,q0: start,q61: companyO_CreateOffer1,q139: positive,36000,2
1,out/models/model_bpic17-after_model-it_0.pickle,142,245,linear,0.07180595397949219,0.982,0.143,0.982,0.143,q0: start,q61: companyO_CreateOffer1,q139: positive,36000,2
0,out/models/model_bpic17-after_model-it_0.pickle,142,245,quadratic,0.7955770492553711,0.982,0.0,0.982,0.0,q0: start,q80: W_CallafteroffersSHORT,q139: positive,36000,2
1,out/models/model_bpic17-after_model-it_0.pickle,142,245,linear,0.0470738410949707,0.982,0.0,0.982,0.0,q0: start,q80: W_CallafteroffersSHORT,q139: positive,36000,2
0,out/models/model_bpic17-after_model-it_0.pickle,142,245,quadratic,2.6217641830444336,0.982,0.182,0.982,0.182,q0: start,q75: O_Sentmailandonline,q139: positive,36000,2
1,out/models/model_bpic17-after_model-it_0.pickle,142,245,linear,0.07214188575744629,0.982,0.182,0.982,0.182,q0: start,q75: O_Sentmailandonline,q139: positive,36000,2
0,out/models/model_bpic17-after_model-it_0.pickle,142,245,quadratic,2.3539228439331055,0.982,0.199,0.982,0.199,q0: start,q110: W_CallafteroffersSHORT,q139: positive,36000,2
1,out/models/model_bpic17-after_model-it_0.pickle,142,245,linear,0.07331204414367676,0.982,0.199,0.982,0.199,q0: start,q110: W_CallafteroffersSHORT,q139: positive,36000,2
0,out/models/model_bpic12_model-it_0.pickle,129,290,quadratic,92.73723006248474,1.0,0.0,1.0,1.0,q0: start,q123: customerO_CREATED5,q58: positive,36000,2
1,out/models/model_bpic12_model-it_0.pickle,129,290,linear,0.025536060333251953,1.0,0.0,1.0,1.0,q0: start,q123: customerO_CREATED5,q58: positive,36000,2
