,name,states,transitions,encoding,time,lower_reachability_value,lower_importance_value,upper_reachability_value,upper_importance_value,start_state,via_state,target_state,timeout,status
0,out/models/model_greps_model-it_0.pickle,64,78,QP,0.009875059127807617,0.81,0.952,0.81,0.952,q0: start,q40: waitingForScores,q52: positive,3600,2
1,out/models/model_greps_model-it_0.pickle,64,78,LP,0.006850004196166992,0.81,0.952,0.81,0.952,q0: start,q40: waitingForScores,q52: positive,3600,2
0,out/models/model_greps_model-it_0.pickle,64,78,QP,0.008662700653076172,0.81,1.0,0.81,1.0,q0: start,q22: Givefeedback1,q52: positive,3600,2
1,out/models/model_greps_model-it_0.pickle,64,78,LP,0.00566411018371582,0.81,1.0,0.81,1.0,q0: start,q22: Givefeedback1,q52: positive,3600,2
0,out/models/model_greps_model-it_0.pickle,64,78,QP,0.009505987167358398,0.81,1.0,0.81,1.0,q0: start,q17: Givefeedback0,q52: positive,3600,2
1,out/models/model_greps_model-it_0.pickle,64,78,LP,0.005839824676513672,0.81,1.0,0.81,1.0,q0: start,q17: Givefeedback0,q52: positive,3600,2
0,out/models/model_greps_model-it_0.pickle,64,78,QP,0.008536100387573242,0.81,1.0,0.81,1.0,q0: start,q7: vpcCreateUserOnInstance,q52: positive,3600,2
1,out/models/model_greps_model-it_0.pickle,64,78,LP,0.00590205192565918,0.81,1.0,0.81,1.0,q0: start,q7: vpcCreateUserOnInstance,q52: positive,3600,2
0,out/models/model_greps_model-it_0.pickle,64,78,QP,0.009185791015625,0.81,0.095,0.81,0.095,q0: start,q60: Resultsshared,q52: positive,3600,2
1,out/models/model_greps_model-it_0.pickle,64,78,LP,0.006654024124145508,0.81,0.095,0.81,0.095,q0: start,q60: Resultsshared,q52: positive,3600,2
0,out/models/model_greps_model-it_0.pickle,64,78,QP,0.009527921676635742,0.81,0.256,0.81,0.256,q0: start,q56: Resultsautomaticallyshared,q52: positive,3600,2
1,out/models/model_greps_model-it_0.pickle,64,78,LP,0.0066928863525390625,0.81,0.256,0.81,0.256,q0: start,q56: Resultsautomaticallyshared,q52: positive,3600,2
0,out/models/model_greps_model-it_0.pickle,64,78,QP,0.009904146194458008,0.81,1.0,0.81,1.0,q0: start,q24: Taskevent2,q52: positive,3600,2
1,out/models/model_greps_model-it_0.pickle,64,78,LP,0.006242036819458008,0.81,1.0,0.81,1.0,q0: start,q24: Taskevent2,q52: positive,3600,2
0,out/models/model_greps_model-it_0.pickle,64,78,QP,0.009090185165405273,0.81,1.0,0.81,1.0,q0: start,q49: finished,q52: positive,3600,2
1,out/models/model_greps_model-it_0.pickle,64,78,LP,0.00574493408203125,0.81,1.0,0.81,1.0,q0: start,q49: finished,q52: positive,3600,2
0,out/models/model_greps_model-it_0.pickle,64,78,QP,0.008746862411499023,0.81,0.0,0.81,0.0,q0: start,q26: negative,q52: positive,3600,2
1,out/models/model_greps_model-it_0.pickle,64,78,LP,0.005751848220825195,0.81,0.0,0.81,0.0,q0: start,q26: negative,q52: positive,3600,2
0,out/models/model_greps_model-it_0.pickle,64,78,QP,0.008962154388427734,0.81,1.0,0.81,1.0,q0: start,q25: customerTaskevent2,q52: positive,3600,2
1,out/models/model_greps_model-it_0.pickle,64,78,LP,0.006166696548461914,0.81,1.0,0.81,1.0,q0: start,q25: customerTaskevent2,q52: positive,3600,2
0,out/models/model_greps_model-it_0.pickle,64,78,QP,0.00889277458190918,0.81,1.0,0.81,1.0,q0: start,q52: positive,q52: positive,3600,2
1,out/models/model_greps_model-it_0.pickle,64,78,LP,0.006609201431274414,0.81,1.0,0.81,1.0,q0: start,q52: positive,q52: positive,3600,2
0,out/models/model_greps_model-it_0.pickle,64,78,QP,0.009325981140136719,0.81,0.341,0.81,0.341,q0: start,q57: subjectAcceptanceReceived,q52: positive,3600,2
1,out/models/model_greps_model-it_0.pickle,64,78,LP,0.007091999053955078,0.81,0.341,0.81,0.341,q0: start,q57: subjectAcceptanceReceived,q52: positive,3600,2
0,out/models/model_greps_model-it_0.pickle,64,78,QP,0.009402990341186523,0.81,1.0,0.81,1.0,q0: start,q23: customerGivefeedback1,q52: positive,3600,2
1,out/models/model_greps_model-it_0.pickle,64,78,LP,0.009965896606445312,0.81,1.0,0.81,1.0,q0: start,q23: customerGivefeedback1,q52: positive,3600,2
0,out/models/model_greps_model-it_0.pickle,64,78,QP,0.009357213973999023,0.81,1.0,0.81,1.0,q0: start,q29: Taskevent3,q52: positive,3600,2
1,out/models/model_greps_model-it_0.pickle,64,78,LP,0.009716987609863281,0.81,1.0,0.81,1.0,q0: start,q29: Taskevent3,q52: positive,3600,2
0,out/models/model_greps_model-it_0.pickle,64,78,QP,0.009510040283203125,0.81,1.0,0.81,1.0,q0: start,q15: Taskevent0,q52: positive,3600,2
1,out/models/model_greps_model-it_0.pickle,64,78,LP,0.009177923202514648,0.81,1.0,0.81,1.0,q0: start,q15: Taskevent0,q52: positive,3600,2
0,out/models/model_greps_model-it_0.pickle,64,78,QP,0.009919881820678711,0.81,1.0,0.81,1.0,q0: start,q32: customerGivefeedback3,q52: positive,3600,2
1,out/models/model_greps_model-it_0.pickle,64,78,LP,0.008213281631469727,0.81,1.0,0.81,1.0,q0: start,q32: customerGivefeedback3,q52: positive,3600,2
0,out/models/model_greps_model-it_0.pickle,64,78,QP,0.013221979141235352,0.81,0.619,0.81,0.619,q0: start,q35: customerTaskevent4,q52: positive,3600,2
1,out/models/model_greps_model-it_0.pickle,64,78,LP,0.015213966369628906,0.81,0.619,0.81,0.619,q0: start,q35: customerTaskevent4,q52: positive,3600,2
0,out/models/model_greps_model-it_0.pickle,64,78,QP,0.028092145919799805,0.81,1.0,0.81,1.0,q0: start,q3: vpcAssignInstance,q52: positive,3600,2
1,out/models/model_greps_model-it_0.pickle,64,78,LP,0.019150257110595703,0.81,1.0,0.81,1.0,q0: start,q3: vpcAssignInstance,q52: positive,3600,2
0,out/models/model_greps_model-it_0.pickle,64,78,QP,0.02301502227783203,0.81,0.256,0.81,0.256,q0: start,q62: companysubjectAcceptanceReceived,q52: positive,3600,2
1,out/models/model_greps_model-it_0.pickle,64,78,LP,0.022365093231201172,0.81,0.256,0.81,0.256,q0: start,q62: companysubjectAcceptanceReceived,q52: positive,3600,2
0,out/models/model_greps_model-it_0.pickle,64,78,QP,0.017897844314575195,0.81,1.0,0.81,1.0,q0: start,q46: waitingForActivityReport,q52: positive,3600,2
1,out/models/model_greps_model-it_0.pickle,64,78,LP,0.021970748901367188,0.81,1.0,0.81,1.0,q0: start,q46: waitingForActivityReport,q52: positive,3600,2
0,out/models/model_greps_model-it_0.pickle,64,78,QP,0.012861967086791992,0.81,0.97,0.81,0.97,q0: start,q10: companyactivated,q52: positive,3600,2
1,out/models/model_greps_model-it_0.pickle,64,78,LP,0.026729822158813477,0.81,0.97,0.81,0.97,q0: start,q10: companyactivated,q52: positive,3600,2
0,out/models/model_greps_model-it_0.pickle,64,78,QP,0.027993202209472656,0.81,1.0,0.81,1.0,q0: start,q16: customerTaskevent0,q52: positive,3600,2
1,out/models/model_greps_model-it_0.pickle,64,78,LP,0.018655061721801758,0.81,1.0,0.81,1.0,q0: start,q16: customerTaskevent0,q52: positive,3600,2
0,out/models/model_greps_model-it_0.pickle,64,78,QP,0.020180940628051758,0.81,1.0,0.81,1.0,q0: start,q47: companywaitingForActivityReport,q52: positive,3600,2
1,out/models/model_greps_model-it_0.pickle,64,78,LP,0.015166997909545898,0.81,1.0,0.81,1.0,q0: start,q47: companywaitingForActivityReport,q52: positive,3600,2
0,out/models/model_greps_model-it_0.pickle,64,78,QP,0.018290042877197266,0.81,1.0,0.81,1.0,q0: start,q13: started,q52: positive,3600,2
1,out/models/model_greps_model-it_0.pickle,64,78,LP,0.03408408164978027,0.81,1.0,0.81,1.0,q0: start,q13: started,q52: positive,3600,2
0,out/models/model_greps_model-it_0.pickle,64,78,QP,0.04743504524230957,0.81,1.0,0.81,1.0,q0: start,q18: customerGivefeedback0,q52: positive,3600,2
1,out/models/model_greps_model-it_0.pickle,64,78,LP,0.024528980255126953,0.81,1.0,0.81,1.0,q0: start,q18: customerGivefeedback0,q52: positive,3600,2
0,out/models/model_greps_model-it_0.pickle,64,78,QP,0.07865571975708008,0.81,1.0,0.81,1.0,q0: start,q33: Taskevent4,q52: positive,3600,2
1,out/models/model_greps_model-it_0.pickle,64,78,LP,0.05548405647277832,0.81,1.0,0.81,1.0,q0: start,q33: Taskevent4,q52: positive,3600,2
0,out/models/model_greps_model-it_0.pickle,64,78,QP,0.04265904426574707,0.81,1.0,0.81,1.0,q0: start,q0: start,q52: positive,3600,2
1,out/models/model_greps_model-it_0.pickle,64,78,LP,0.02637028694152832,0.81,1.0,0.81,1.0,q0: start,q0: start,q52: positive,3600,2
0,out/models/model_greps_model-it_0.pickle,64,78,QP,0.050147056579589844,0.81,1.0,0.81,1.0,q0: start,q27: Givefeedback2,q52: positive,3600,2
1,out/models/model_greps_model-it_0.pickle,64,78,LP,0.02903461456298828,0.81,1.0,0.81,1.0,q0: start,q27: Givefeedback2,q52: positive,3600,2
0,out/models/model_greps_model-it_0.pickle,64,78,QP,0.0493619441986084,0.81,1.0,0.81,1.0,q0: start,q31: Givefeedback3,q52: positive,3600,2
1,out/models/model_greps_model-it_0.pickle,64,78,LP,0.02337479591369629,0.81,1.0,0.81,1.0,q0: start,q31: Givefeedback3,q52: positive,3600,2
0,out/models/model_greps_model-it_0.pickle,64,78,QP,0.054251909255981445,0.81,1.0,0.81,1.0,q0: start,q5: companyvpcAssignInstance,q52: positive,3600,2
1,out/models/model_greps_model-it_0.pickle,64,78,LP,0.021776199340820312,0.81,1.0,0.81,1.0,q0: start,q5: companyvpcAssignInstance,q52: positive,3600,2
0,out/models/model_greps_model-it_0.pickle,64,78,QP,0.056710004806518555,0.81,1.0,0.81,1.0,q0: start,q9: companyvpcCreateUserOnInstance,q52: positive,3600,2
1,out/models/model_greps_model-it_0.pickle,64,78,LP,0.020316123962402344,0.81,1.0,0.81,1.0,q0: start,q9: companyvpcCreateUserOnInstance,q52: positive,3600,2
0,out/models/model_greps_model-it_0.pickle,64,78,QP,0.07759690284729004,0.81,0.095,0.81,0.095,q0: start,q61: companyResultsshared,q52: positive,3600,2
1,out/models/model_greps_model-it_0.pickle,64,78,LP,0.016557931900024414,0.81,0.095,0.81,0.095,q0: start,q61: companyResultsshared,q52: positive,3600,2
0,out/models/model_greps_model-it_0.pickle,64,78,QP,0.4548799991607666,0.81,0.029,0.81,0.029,q0: start,q21: companyTaskevent0,q52: positive,3600,2
1,out/models/model_greps_model-it_0.pickle,64,78,LP,0.07787704467773438,0.81,0.029,0.81,0.029,q0: start,q21: companyTaskevent0,q52: positive,3600,2
0,out/models/model_greps_model-it_0.pickle,64,78,QP,0.057672977447509766,0.81,1.0,0.81,1.0,q0: start,q44: waitingForResultApproval,q52: positive,3600,2
1,out/models/model_greps_model-it_0.pickle,64,78,LP,0.018867969512939453,0.81,1.0,0.81,1.0,q0: start,q44: waitingForResultApproval,q52: positive,3600,2
0,out/models/model_greps_model-it_0.pickle,64,78,QP,0.05927705764770508,0.81,1.0,0.81,1.0,q0: start,q19: Taskevent1,q52: positive,3600,2
1,out/models/model_greps_model-it_0.pickle,64,78,LP,0.02314281463623047,0.81,1.0,0.81,1.0,q0: start,q19: Taskevent1,q52: positive,3600,2
0,out/models/model_greps_model-it_0.pickle,64,78,QP,0.057872772216796875,0.81,0.381,0.81,0.381,q0: start,q34: companyTaskevent4,q52: positive,3600,2
1,out/models/model_greps_model-it_0.pickle,64,78,LP,0.0306398868560791,0.81,0.381,0.81,0.381,q0: start,q34: companyTaskevent4,q52: positive,3600,2
0,out/models/model_greps_model-it_0.pickle,64,78,QP,0.06066083908081055,0.81,1.0,0.81,1.0,q0: start,q20: customerTaskevent1,q52: positive,3600,2
1,out/models/model_greps_model-it_0.pickle,64,78,LP,0.018254756927490234,0.81,1.0,0.81,1.0,q0: start,q20: customerTaskevent1,q52: positive,3600,2
0,out/models/model_greps_model-it_0.pickle,64,78,QP,0.02474212646484375,0.81,0.97,0.81,0.97,q0: start,q2: customerstart,q52: positive,3600,2
1,out/models/model_greps_model-it_0.pickle,64,78,LP,0.030926227569580078,0.81,0.97,0.81,0.97,q0: start,q2: customerstart,q52: positive,3600,2
0,out/models/model_greps_model-it_0.pickle,64,78,QP,0.049324989318847656,0.81,1.0,0.81,1.0,q0: start,q11: readyToStart,q52: positive,3600,2
1,out/models/model_greps_model-it_0.pickle,64,78,LP,0.027409076690673828,0.81,1.0,0.81,1.0,q0: start,q11: readyToStart,q52: positive,3600,2
0,out/models/model_greps_model-it_0.pickle,64,78,QP,0.056488990783691406,0.81,1.0,0.81,1.0,q0: start,q28: customerGivefeedback2,q52: positive,3600,2
1,out/models/model_greps_model-it_0.pickle,64,78,LP,0.02990102767944336,0.81,1.0,0.81,1.0,q0: start,q28: customerGivefeedback2,q52: positive,3600,2
0,out/models/model_greps_model-it_0.pickle,64,78,QP,0.06422901153564453,0.81,0.0,0.81,0.0,q0: start,q48: customerwaitingForActivityReport,q52: positive,3600,2
1,out/models/model_greps_model-it_0.pickle,64,78,LP,0.06997489929199219,0.81,0.0,0.81,0.0,q0: start,q48: customerwaitingForActivityReport,q52: positive,3600,2
0,out/models/model_greps_model-it_0.pickle,64,78,QP,0.057517051696777344,0.81,1.0,0.81,1.0,q0: start,q14: customerstarted,q52: positive,3600,2
1,out/models/model_greps_model-it_0.pickle,64,78,LP,0.02693772315979004,0.81,1.0,0.81,1.0,q0: start,q14: customerstarted,q52: positive,3600,2
0,out/models/model_greps_model-it_0.pickle,64,78,QP,0.05986213684082031,0.81,1.0,0.81,1.0,q0: start,q50: companyfinished,q52: positive,3600,2
1,out/models/model_greps_model-it_0.pickle,64,78,LP,0.02266383171081543,0.81,1.0,0.81,1.0,q0: start,q50: companyfinished,q52: positive,3600,2
0,out/models/model_greps_model-it_0.pickle,64,78,QP,0.0519866943359375,0.81,1.0,0.81,1.0,q0: start,q30: customerTaskevent3,q52: positive,3600,2
1,out/models/model_greps_model-it_0.pickle,64,78,LP,0.02347707748413086,0.81,1.0,0.81,1.0,q0: start,q30: customerTaskevent3,q52: positive,3600,2
0,out/models/model_greps_model-it_0.pickle,64,78,QP,0.04884791374206543,0.81,0.619,0.81,0.619,q0: start,q43: companyTaskevent5,q52: positive,3600,2
1,out/models/model_greps_model-it_0.pickle,64,78,LP,0.061409950256347656,0.81,0.619,0.81,0.619,q0: start,q43: companyTaskevent5,q52: positive,3600,2
0,out/models/model_greps_model-it_0.pickle,64,78,QP,0.05259394645690918,0.81,1.0,0.81,1.0,q0: start,q12: companyreadyToStart,q52: positive,3600,2
1,out/models/model_greps_model-it_0.pickle,64,78,LP,0.02454209327697754,0.81,1.0,0.81,1.0,q0: start,q12: companyreadyToStart,q52: positive,3600,2
0,out/models/model_greps_model-it_0.pickle,64,78,QP,0.05185508728027344,0.81,0.381,0.81,0.381,q0: start,q51: customerwaitingForResultApproval,q52: positive,3600,2
1,out/models/model_greps_model-it_0.pickle,64,78,LP,0.029027223587036133,0.81,0.381,0.81,0.381,q0: start,q51: customerwaitingForResultApproval,q52: positive,3600,2
0,out/models/model_greps_model-it_0.pickle,64,78,QP,0.05637383460998535,0.81,0.048,0.81,0.048,q0: start,q63: companyResultsautomaticallyshared,q52: positive,3600,2
1,out/models/model_greps_model-it_0.pickle,64,78,LP,0.01471090316772461,0.81,0.048,0.81,0.048,q0: start,q63: companyResultsautomaticallyshared,q52: positive,3600,2
0,out/models/model_greps_model-it_0.pickle,64,78,QP,0.08675909042358398,0.81,0.213,0.81,0.213,q0: start,q58: customerResultsautomaticallyshared,q52: positive,3600,2
1,out/models/model_greps_model-it_0.pickle,64,78,LP,0.030096769332885742,0.81,0.213,0.81,0.213,q0: start,q58: customerResultsautomaticallyshared,q52: positive,3600,2
0,out/models/model_greps_model-it_0.pickle,64,78,QP,0.0635230541229248,0.81,0.952,0.81,0.952,q0: start,q42: companywaitingForScores,q52: positive,3600,2
1,out/models/model_greps_model-it_0.pickle,64,78,LP,0.017845869064331055,0.81,0.952,0.81,0.952,q0: start,q42: companywaitingForScores,q52: positive,3600,2
0,out/models/model_greps_model-it_0.pickle,64,78,QP,0.06637883186340332,0.81,0.619,0.81,0.619,q0: start,q45: companywaitingForResultApproval,q52: positive,3600,2
1,out/models/model_greps_model-it_0.pickle,64,78,LP,0.016030073165893555,0.81,0.619,0.81,0.619,q0: start,q45: companywaitingForResultApproval,q52: positive,3600,2
0,out/models/model_greps_model-it_0.pickle,64,78,QP,0.05648994445800781,0.81,0.381,0.81,0.381,q0: start,q53: waitingForSubjectAcceptance,q52: positive,3600,2
1,out/models/model_greps_model-it_0.pickle,64,78,LP,0.021400928497314453,0.81,0.381,0.81,0.381,q0: start,q53: waitingForSubjectAcceptance,q52: positive,3600,2
0,out/models/model_greps_model-it_0.pickle,64,78,QP,0.05281400680541992,0.81,0.905,0.81,0.905,q0: start,q38: companywaitingForManualScores,q52: positive,3600,2
1,out/models/model_greps_model-it_0.pickle,64,78,LP,0.02305293083190918,0.81,0.905,0.81,0.905,q0: start,q38: companywaitingForManualScores,q52: positive,3600,2
0,out/models/model_greps_model-it_0.pickle,64,78,QP,0.059900760650634766,0.81,0.095,0.81,0.095,q0: start,q59: customersubjectAcceptanceReceived,q52: positive,3600,2
1,out/models/model_greps_model-it_0.pickle,64,78,LP,0.025257110595703125,0.81,0.095,0.81,0.095,q0: start,q59: customersubjectAcceptanceReceived,q52: positive,3600,2
0,out/models/model_greps_model-it_0.pickle,64,78,QP,0.06642913818359375,0.81,0.238,0.81,0.238,q0: start,q54: companywaitingForSubjectAcceptance,q52: positive,3600,2
1,out/models/model_greps_model-it_0.pickle,64,78,LP,0.021088123321533203,0.81,0.238,0.81,0.238,q0: start,q54: companywaitingForSubjectAcceptance,q52: positive,3600,2
0,out/models/model_greps_model-it_0.pickle,64,78,QP,0.0555109977722168,0.81,0.143,0.81,0.143,q0: start,q55: customerwaitingForSubjectAcceptance,q52: positive,3600,2
1,out/models/model_greps_model-it_0.pickle,64,78,LP,0.02094411849975586,0.81,0.143,0.81,0.143,q0: start,q55: customerwaitingForSubjectAcceptance,q52: positive,3600,2
0,out/models/model_greps_model-it_0.pickle,64,78,QP,0.056207895278930664,0.81,0.97,0.81,0.97,q0: start,q8: activated,q52: positive,3600,2
1,out/models/model_greps_model-it_0.pickle,64,78,LP,0.022366046905517578,0.81,0.97,0.81,0.97,q0: start,q8: activated,q52: positive,3600,2
0,out/models/model_greps_model-it_0.pickle,64,78,QP,0.058634281158447266,0.81,0.619,0.81,0.619,q0: start,q37: Givefeedback4,q52: positive,3600,2
1,out/models/model_greps_model-it_0.pickle,64,78,LP,0.02161097526550293,0.81,0.619,0.81,0.619,q0: start,q37: Givefeedback4,q52: positive,3600,2
0,out/models/model_greps_model-it_0.pickle,64,78,QP,0.06172323226928711,0.81,0.905,0.81,0.905,q0: start,q36: waitingForManualScores,q52: positive,3600,2
1,out/models/model_greps_model-it_0.pickle,64,78,LP,0.02263617515563965,0.81,0.905,0.81,0.905,q0: start,q36: waitingForManualScores,q52: positive,3600,2
0,out/models/model_greps_model-it_0.pickle,64,78,QP,0.06632590293884277,0.81,0.619,0.81,0.619,q0: start,q41: Taskevent5,q52: positive,3600,2
1,out/models/model_greps_model-it_0.pickle,64,78,LP,0.023028135299682617,0.81,0.619,0.81,0.619,q0: start,q41: Taskevent5,q52: positive,3600,2
0,out/models/model_greps_model-it_0.pickle,64,78,QP,0.0722348690032959,0.81,0.619,0.81,0.619,q0: start,q39: customerGivefeedback4,q52: positive,3600,2
1,out/models/model_greps_model-it_0.pickle,64,78,LP,0.027665138244628906,0.81,0.619,0.81,0.619,q0: start,q39: customerGivefeedback4,q52: positive,3600,2
0,out/models/model_greps_model-it_0.pickle,64,78,QP,0.07622718811035156,0.81,0.97,0.81,0.97,q0: start,q4: registered,q52: positive,3600,2
1,out/models/model_greps_model-it_0.pickle,64,78,LP,0.01942586898803711,0.81,0.97,0.81,0.97,q0: start,q4: registered,q52: positive,3600,2
0,out/models/model_greps_model-it_0.pickle,64,78,QP,0.07371282577514648,0.81,0.03,0.81,0.03,q0: start,q1: companystart,q52: positive,3600,2
1,out/models/model_greps_model-it_0.pickle,64,78,LP,0.023898839950561523,0.81,0.03,0.81,0.03,q0: start,q1: companystart,q52: positive,3600,2
0,out/models/model_greps_model-it_0.pickle,64,78,QP,0.0725870132446289,0.81,0.97,0.81,0.97,q0: start,q6: companyregistered,q52: positive,3600,2
1,out/models/model_greps_model-it_0.pickle,64,78,LP,0.030806779861450195,0.81,0.97,0.81,0.97,q0: start,q6: companyregistered,q52: positive,3600,2
0,out/models/model_bpic12_model-it_0.pickle,129,290,QP,0.9835541248321533,1.0,0.0,1.0,1.0,q0: start,q87: customerW_Nabellenoffertes0,q58: positive,3600,2
1,out/models/model_bpic12_model-it_0.pickle,129,290,LP,0.060751914978027344,1.0,0.0,1.0,1.0,q0: start,q87: customerW_Nabellenoffertes0,q58: positive,3600,2
0,out/models/model_bpic12_model-it_0.pickle,129,290,QP,0.5784409046173096,1.0,0.0,1.0,1.0,q0: start,q49: companyO_CANCELLED,q58: positive,3600,2
1,out/models/model_bpic12_model-it_0.pickle,129,290,LP,0.05462312698364258,1.0,0.0,1.0,1.0,q0: start,q49: companyO_CANCELLED,q58: positive,3600,2
0,out/models/model_bpic12_model-it_0.pickle,129,290,QP,1.0837559700012207,1.0,0.0,1.0,1.0,q0: start,q93: W_Nabellenincompletedossiers2,q58: positive,3600,2
1,out/models/model_bpic12_model-it_0.pickle,129,290,LP,0.05365276336669922,1.0,0.0,1.0,1.0,q0: start,q93: W_Nabellenincompletedossiers2,q58: positive,3600,2
0,out/models/model_bpic12_model-it_0.pickle,129,290,QP,0.16578078269958496,1.0,1.0,1.0,1.0,q0: start,q58: positive,q58: positive,3600,2
1,out/models/model_bpic12_model-it_0.pickle,129,290,LP,0.017274856567382812,1.0,1.0,1.0,1.0,q0: start,q58: positive,q58: positive,3600,2
0,out/models/model_bpic12_model-it_0.pickle,129,290,QP,1.3340380191802979,1.0,0.0,1.0,1.0,q0: start,q121: O_CREATED5,q58: positive,3600,2
1,out/models/model_bpic12_model-it_0.pickle,129,290,LP,0.0689082145690918,1.0,0.0,1.0,1.0,q0: start,q121: O_CREATED5,q58: positive,3600,2
0,out/models/model_bpic12_model-it_0.pickle,129,290,QP,0.4851670265197754,1.0,0.0,1.0,1.0,q0: start,q124: companyO_CREATED4,q58: positive,3600,2
1,out/models/model_bpic12_model-it_0.pickle,129,290,LP,0.048503875732421875,1.0,0.0,1.0,1.0,q0: start,q124: companyO_CREATED4,q58: positive,3600,2
0,out/models/model_bpic12_model-it_0.pickle,129,290,QP,1.272918939590454,1.0,0.0,1.0,1.0,q0: start,q100: customerO_CREATED2,q58: positive,3600,2
1,out/models/model_bpic12_model-it_0.pickle,129,290,LP,0.06451106071472168,1.0,0.0,1.0,1.0,q0: start,q100: customerO_CREATED2,q58: positive,3600,2
0,out/models/model_bpic12_model-it_0.pickle,129,290,QP,0.8586587905883789,1.0,0.0,1.0,1.0,q0: start,q40: O_SENT_BACK,q58: positive,3600,2
1,out/models/model_bpic12_model-it_0.pickle,129,290,LP,0.05481410026550293,1.0,0.0,1.0,1.0,q0: start,q40: O_SENT_BACK,q58: positive,3600,2
0,out/models/model_bpic12_model-it_0.pickle,129,290,QP,0.8880691528320312,1.0,0.0,1.0,1.0,q0: start,q21: W_Nabellenoffertes1,q58: positive,3600,2
1,out/models/model_bpic12_model-it_0.pickle,129,290,LP,0.060426950454711914,1.0,0.0,1.0,1.0,q0: start,q21: W_Nabellenoffertes1,q58: positive,3600,2
0,out/models/model_bpic12_model-it_0.pickle,129,290,QP,0.5870611667633057,1.0,0.0,1.0,1.0,q0: start,q97: W_Nabellenoffertes0,q58: positive,3600,2
1,out/models/model_bpic12_model-it_0.pickle,129,290,LP,0.03783416748046875,1.0,0.0,1.0,1.0,q0: start,q97: W_Nabellenoffertes0,q58: positive,3600,2
0,out/models/model_bpic12_model-it_0.pickle,129,290,QP,0.5269851684570312,1.0,0.0,1.0,1.0,q0: start,q62: companyO_CANCELLED,q58: positive,3600,2
1,out/models/model_bpic12_model-it_0.pickle,129,290,LP,0.07464289665222168,1.0,0.0,1.0,1.0,q0: start,q62: companyO_CANCELLED,q58: positive,3600,2
0,out/models/model_bpic12_model-it_0.pickle,129,290,QP,0.5150668621063232,1.0,0.0,1.0,1.0,q0: start,q42: companyA_APPROVED,q58: positive,3600,2
1,out/models/model_bpic12_model-it_0.pickle,129,290,LP,0.0492250919342041,1.0,0.0,1.0,1.0,q0: start,q42: companyA_APPROVED,q58: positive,3600,2
0,out/models/model_bpic12_model-it_0.pickle,129,290,QP,0.7679450511932373,1.0,0.0,1.0,1.0,q0: start,q77: W_Nabellenoffertes0,q58: positive,3600,2
1,out/models/model_bpic12_model-it_0.pickle,129,290,LP,0.05850481986999512,1.0,0.0,1.0,1.0,q0: start,q77: W_Nabellenoffertes0,q58: positive,3600,2
0,out/models/model_bpic12_model-it_0.pickle,129,290,QP,0.5218827724456787,1.0,0.0,1.0,1.0,q0: start,q80: customerO_CREATED2,q58: positive,3600,2
1,out/models/model_bpic12_model-it_0.pickle,129,290,LP,0.05499005317687988,1.0,0.0,1.0,1.0,q0: start,q80: customerO_CREATED2,q58: positive,3600,2
0,out/models/model_bpic12_model-it_0.pickle,129,290,QP,0.927605152130127,1.0,0.0,1.0,1.0,q0: start,q39: O_CANCELLED,q58: positive,3600,2
1,out/models/model_bpic12_model-it_0.pickle,129,290,LP,0.07365632057189941,1.0,0.0,1.0,1.0,q0: start,q39: O_CANCELLED,q58: positive,3600,2
0,out/models/model_bpic12_model-it_0.pickle,129,290,QP,0.3214762210845947,1.0,0.0,1.0,1.0,q0: start,q118: companyW_Nabellenincompletedossiers0,q58: positive,3600,2
1,out/models/model_bpic12_model-it_0.pickle,129,290,LP,0.050753116607666016,1.0,0.0,1.0,1.0,q0: start,q118: companyW_Nabellenincompletedossiers0,q58: positive,3600,2
0,out/models/model_bpic12_model-it_0.pickle,129,290,QP,0.03976607322692871,1.0,0.0,1.0,0.0,q0: start,q11: negative,q58: positive,3600,2
1,out/models/model_bpic12_model-it_0.pickle,129,290,LP,0.02579522132873535,1.0,0.0,1.0,0.0,q0: start,q11: negative,q58: positive,3600,2
0,out/models/model_bpic12_model-it_0.pickle,129,290,QP,0.8351809978485107,1.0,0.0,1.0,1.0,q0: start,q72: O_CANCELLED,q58: positive,3600,2
1,out/models/model_bpic12_model-it_0.pickle,129,290,LP,0.06524896621704102,1.0,0.0,1.0,1.0,q0: start,q72: O_CANCELLED,q58: positive,3600,2
0,out/models/model_bpic12_model-it_0.pickle,129,290,QP,0.49959611892700195,1.0,0.0,1.0,1.0,q0: start,q79: W_Nabellenoffertes0,q58: positive,3600,2
1,out/models/model_bpic12_model-it_0.pickle,129,290,LP,0.07003498077392578,1.0,0.0,1.0,1.0,q0: start,q79: W_Nabellenoffertes0,q58: positive,3600,2
0,out/models/model_bpic12_model-it_0.pickle,129,290,QP,0.5552399158477783,1.0,0.0,1.0,1.0,q0: start,q91: O_CANCELLED,q58: positive,3600,2
1,out/models/model_bpic12_model-it_0.pickle,129,290,LP,0.06728720664978027,1.0,0.0,1.0,1.0,q0: start,q91: O_CANCELLED,q58: positive,3600,2
0,out/models/model_bpic12_model-it_0.pickle,129,290,QP,0.6373958587646484,1.0,0.0,1.0,1.0,q0: start,q28: customerW_Nabellenoffertes1,q58: positive,3600,2
1,out/models/model_bpic12_model-it_0.pickle,129,290,LP,0.05392622947692871,1.0,0.0,1.0,1.0,q0: start,q28: customerW_Nabellenoffertes1,q58: positive,3600,2
0,out/models/model_bpic12_model-it_0.pickle,129,290,QP,0.7974097728729248,1.0,0.0,1.0,1.0,q0: start,q83: companyO_CANCELLED,q58: positive,3600,2
1,out/models/model_bpic12_model-it_0.pickle,129,290,LP,0.07620620727539062,1.0,0.0,1.0,1.0,q0: start,q83: companyO_CANCELLED,q58: positive,3600,2
0,out/models/model_bpic12_model-it_0.pickle,129,290,QP,0.6805012226104736,1.0,0.0,1.0,1.0,q0: start,q82: companyO_CANCELLED,q58: positive,3600,2
1,out/models/model_bpic12_model-it_0.pickle,129,290,LP,0.06407880783081055,1.0,0.0,1.0,1.0,q0: start,q82: companyO_CANCELLED,q58: positive,3600,2
0,out/models/model_bpic12_model-it_0.pickle,129,290,QP,0.600726842880249,1.0,0.0,1.0,1.0,q0: start,q123: customerO_CREATED5,q58: positive,3600,2
1,out/models/model_bpic12_model-it_0.pickle,129,290,LP,0.06288576126098633,1.0,0.0,1.0,1.0,q0: start,q123: customerO_CREATED5,q58: positive,3600,2
0,out/models/model_bpic12_model-it_0.pickle,129,290,QP,0.7032120227813721,1.0,0.0,1.0,1.0,q0: start,q63: customerO_SENT_BACK,q58: positive,3600,2
1,out/models/model_bpic12_model-it_0.pickle,129,290,LP,0.06264090538024902,1.0,0.0,1.0,1.0,q0: start,q63: customerO_SENT_BACK,q58: positive,3600,2
0,out/models/model_bpic12_model-it_0.pickle,129,290,QP,0.6511859893798828,1.0,0.0,1.0,1.0,q0: start,q73: O_CANCELLED,q58: positive,3600,2
1,out/models/model_bpic12_model-it_0.pickle,129,290,LP,0.07853293418884277,1.0,0.0,1.0,1.0,q0: start,q73: O_CANCELLED,q58: positive,3600,2
0,out/models/model_bpic12_model-it_0.pickle,129,290,QP,2.7632620334625244,1.0,0.0,1.0,1.0,q0: start,q25: companyO_SENT_BACK,q58: positive,3600,2
1,out/models/model_bpic12_model-it_0.pickle,129,290,LP,0.05394101142883301,1.0,0.0,1.0,1.0,q0: start,q25: companyO_SENT_BACK,q58: positive,3600,2
0,out/models/model_bpic12_model-it_0.pickle,129,290,QP,0.7258450984954834,1.0,0.0,1.0,1.0,q0: start,q109: companyO_CANCELLED,q58: positive,3600,2
1,out/models/model_bpic12_model-it_0.pickle,129,290,LP,0.0626828670501709,1.0,0.0,1.0,1.0,q0: start,q109: companyO_CANCELLED,q58: positive,3600,2
0,out/models/model_bpic12_model-it_0.pickle,129,290,QP,0.8597540855407715,1.0,0.0,1.0,1.0,q0: start,q106: W_Nabellenoffertes0,q58: positive,3600,2
1,out/models/model_bpic12_model-it_0.pickle,129,290,LP,0.06496906280517578,1.0,0.0,1.0,1.0,q0: start,q106: W_Nabellenoffertes0,q58: positive,3600,2
0,out/models/model_bpic12_model-it_0.pickle,129,290,QP,0.7190511226654053,1.0,0.0,1.0,1.0,q0: start,q61: O_CREATED1,q58: positive,3600,2
1,out/models/model_bpic12_model-it_0.pickle,129,290,LP,0.06692004203796387,1.0,0.0,1.0,1.0,q0: start,q61: O_CREATED1,q58: positive,3600,2
0,out/models/model_bpic12_model-it_0.pickle,129,290,QP,0.6256036758422852,1.0,0.0,1.0,1.0,q0: start,q90: customerW_Nabellenoffertes0,q58: positive,3600,2
1,out/models/model_bpic12_model-it_0.pickle,129,290,LP,0.06588602066040039,1.0,0.0,1.0,1.0,q0: start,q90: customerW_Nabellenoffertes0,q58: positive,3600,2
0,out/models/model_bpic12_model-it_0.pickle,129,290,QP,0.5607233047485352,1.0,0.0,1.0,1.0,q0: start,q112: O_CREATED3,q58: positive,3600,2
1,out/models/model_bpic12_model-it_0.pickle,129,290,LP,0.06418800354003906,1.0,0.0,1.0,1.0,q0: start,q112: O_CREATED3,q58: positive,3600,2
0,out/models/model_bpic12_model-it_0.pickle,129,290,QP,1.5058720111846924,1.0,0.0,1.0,1.0,q0: start,q68: customerO_CREATED1,q58: positive,3600,2
1,out/models/model_bpic12_model-it_0.pickle,129,290,LP,0.05701398849487305,1.0,0.0,1.0,1.0,q0: start,q68: customerO_CREATED1,q58: positive,3600,2
0,out/models/model_bpic12_model-it_0.pickle,129,290,QP,0.7623388767242432,1.0,0.0,1.0,1.0,q0: start,q94: O_CREATED2,q58: positive,3600,2
1,out/models/model_bpic12_model-it_0.pickle,129,290,LP,0.08009791374206543,1.0,0.0,1.0,1.0,q0: start,q94: O_CREATED2,q58: positive,3600,2
0,out/models/model_bpic12_model-it_0.pickle,129,290,QP,0.6257510185241699,1.0,0.0,1.0,1.0,q0: start,q46: customerW_Nabellenincompletedossiers1,q58: positive,3600,2
1,out/models/model_bpic12_model-it_0.pickle,129,290,LP,0.07705187797546387,1.0,0.0,1.0,1.0,q0: start,q46: customerW_Nabellenincompletedossiers1,q58: positive,3600,2
0,out/models/model_bpic12_model-it_0.pickle,129,290,QP,1.0162880420684814,1.0,0.0,1.0,1.0,q0: start,q34: W_Nabellenincompletedossiers1,q58: positive,3600,2
1,out/models/model_bpic12_model-it_0.pickle,129,290,LP,0.07605600357055664,1.0,0.0,1.0,1.0,q0: start,q34: W_Nabellenincompletedossiers1,q58: positive,3600,2
0,out/models/model_bpic12_model-it_0.pickle,129,290,QP,0.9230108261108398,1.0,0.0,1.0,1.0,q0: start,q16: O_CREATED0,q58: positive,3600,2
1,out/models/model_bpic12_model-it_0.pickle,129,290,LP,0.20311999320983887,1.0,0.0,1.0,1.0,q0: start,q16: O_CREATED0,q58: positive,3600,2
0,out/models/model_bpic12_model-it_0.pickle,129,290,QP,0.821439266204834,1.0,0.0,1.0,1.0,q0: start,q102: customerO_CREATED2,q58: positive,3600,2
1,out/models/model_bpic12_model-it_0.pickle,129,290,LP,0.10337400436401367,1.0,0.0,1.0,1.0,q0: start,q102: customerO_CREATED2,q58: positive,3600,2
0,out/models/model_bpic12_model-it_0.pickle,129,290,QP,1.2407457828521729,1.0,0.0,1.0,1.0,q0: start,q57: W_Nabellenoffertes2,q58: positive,3600,2
1,out/models/model_bpic12_model-it_0.pickle,129,290,LP,0.06998896598815918,1.0,0.0,1.0,1.0,q0: start,q57: W_Nabellenoffertes2,q58: positive,3600,2
0,out/models/model_bpic12_model-it_0.pickle,129,290,QP,0.4268007278442383,1.0,0.0,1.0,1.0,q0: start,q45: companyW_Nabellenincompletedossiers1,q58: positive,3600,2
1,out/models/model_bpic12_model-it_0.pickle,129,290,LP,0.05356121063232422,1.0,0.0,1.0,1.0,q0: start,q45: companyW_Nabellenincompletedossiers1,q58: positive,3600,2
0,out/models/model_bpic12_model-it_0.pickle,129,290,QP,1.057384967803955,1.0,0.0,1.0,1.0,q0: start,q89: customerW_Nabellenoffertes0,q58: positive,3600,2
1,out/models/model_bpic12_model-it_0.pickle,129,290,LP,0.06831908226013184,1.0,0.0,1.0,1.0,q0: start,q89: customerW_Nabellenoffertes0,q58: positive,3600,2
0,out/models/model_bpic12_model-it_0.pickle,129,290,QP,1.2582671642303467,1.0,0.0,1.0,1.0,q0: start,q7: companyA_PREACCEPTED,q58: positive,3600,2
1,out/models/model_bpic12_model-it_0.pickle,129,290,LP,0.07558894157409668,1.0,0.0,1.0,1.0,q0: start,q7: companyA_PREACCEPTED,q58: positive,3600,2
0,out/models/model_bpic12_model-it_0.pickle,129,290,QP,1.5976998805999756,1.0,0.0,1.0,1.0,q0: start,q50: companyO_CANCELLED,q58: positive,3600,2
1,out/models/model_bpic12_model-it_0.pickle,129,290,LP,0.06378293037414551,1.0,0.0,1.0,1.0,q0: start,q50: companyO_CANCELLED,q58: positive,3600,2
0,out/models/model_bpic12_model-it_0.pickle,129,290,QP,1.529149055480957,1.0,0.0,1.0,1.0,q0: start,q8: customerA_PREACCEPTED,q58: positive,3600,2
1,out/models/model_bpic12_model-it_0.pickle,129,290,LP,0.1337590217590332,1.0,0.0,1.0,1.0,q0: start,q8: customerA_PREACCEPTED,q58: positive,3600,2
0,out/models/model_bpic12_model-it_0.pickle,129,290,QP,0.07684803009033203,1.0,1.0,1.0,1.0,q0: start,q0: start,q58: positive,3600,2
1,out/models/model_bpic12_model-it_0.pickle,129,290,LP,0.014861822128295898,1.0,1.0,1.0,1.0,q0: start,q0: start,q58: positive,3600,2
0,out/models/model_bpic12_model-it_0.pickle,129,290,QP,0.7574722766876221,1.0,0.0,1.0,1.0,q0: start,q47: companyW_Nabellenincompletedossiers2,q58: positive,3600,2
1,out/models/model_bpic12_model-it_0.pickle,129,290,LP,0.04583573341369629,1.0,0.0,1.0,1.0,q0: start,q47: companyW_Nabellenincompletedossiers2,q58: positive,3600,2
0,out/models/model_bpic12_model-it_0.pickle,129,290,QP,1.6376678943634033,1.0,0.0,1.0,1.0,q0: start,q104: O_CREATED3,q58: positive,3600,2
1,out/models/model_bpic12_model-it_0.pickle,129,290,LP,0.11466407775878906,1.0,0.0,1.0,1.0,q0: start,q104: O_CREATED3,q58: positive,3600,2
0,out/models/model_bpic12_model-it_0.pickle,129,290,QP,0.6771731376647949,1.0,0.0,1.0,1.0,q0: start,q76: O_SENT_BACK,q58: positive,3600,2
1,out/models/model_bpic12_model-it_0.pickle,129,290,LP,0.05218815803527832,1.0,0.0,1.0,1.0,q0: start,q76: O_SENT_BACK,q58: positive,3600,2
0,out/models/model_bpic12_model-it_0.pickle,129,290,QP,2.034295082092285,1.0,0.0,1.0,1.0,q0: start,q41: customerO_CREATED1,q58: positive,3600,2
1,out/models/model_bpic12_model-it_0.pickle,129,290,LP,0.055136919021606445,1.0,0.0,1.0,1.0,q0: start,q41: customerO_CREATED1,q58: positive,3600,2
0,out/models/model_bpic12_model-it_0.pickle,129,290,QP,1.7497379779815674,1.0,0.0,1.0,1.0,q0: start,q120: customerO_CREATED4,q58: positive,3600,2
1,out/models/model_bpic12_model-it_0.pickle,129,290,LP,0.07681393623352051,1.0,0.0,1.0,1.0,q0: start,q120: customerO_CREATED4,q58: positive,3600,2
0,out/models/model_bpic12_model-it_0.pickle,129,290,QP,0.6053309440612793,1.0,0.0,1.0,1.0,q0: start,q36: O_CANCELLED,q58: positive,3600,2
1,out/models/model_bpic12_model-it_0.pickle,129,290,LP,0.05160999298095703,1.0,0.0,1.0,1.0,q0: start,q36: O_CANCELLED,q58: positive,3600,2
0,out/models/model_bpic12_model-it_0.pickle,129,290,QP,1.7164859771728516,1.0,0.0,1.0,1.0,q0: start,q4: customerA_SUBMITTED,q58: positive,3600,2
1,out/models/model_bpic12_model-it_0.pickle,129,290,LP,0.0732419490814209,1.0,0.0,1.0,1.0,q0: start,q4: customerA_SUBMITTED,q58: positive,3600,2
0,out/models/model_bpic12_model-it_0.pickle,129,290,QP,0.9736061096191406,1.0,0.0,1.0,1.0,q0: start,q69: customerO_CREATED1,q58: positive,3600,2
1,out/models/model_bpic12_model-it_0.pickle,129,290,LP,0.09777021408081055,1.0,0.0,1.0,1.0,q0: start,q69: customerO_CREATED1,q58: positive,3600,2
0,out/models/model_bpic12_model-it_0.pickle,129,290,QP,0.6201479434967041,1.0,0.0,1.0,1.0,q0: start,q110: customerW_Nabellenoffertes0,q58: positive,3600,2
1,out/models/model_bpic12_model-it_0.pickle,129,290,LP,0.06997394561767578,1.0,0.0,1.0,1.0,q0: start,q110: customerW_Nabellenoffertes0,q58: positive,3600,2
0,out/models/model_bpic12_model-it_0.pickle,129,290,QP,0.38749265670776367,1.0,0.0,1.0,1.0,q0: start,q99: companyO_CREATED2,q58: positive,3600,2
1,out/models/model_bpic12_model-it_0.pickle,129,290,LP,0.055838823318481445,1.0,0.0,1.0,1.0,q0: start,q99: companyO_CREATED2,q58: positive,3600,2
0,out/models/model_bpic12_model-it_0.pickle,129,290,QP,1.7692608833312988,1.0,0.0,1.0,1.0,q0: start,q74: O_SENT_BACK,q58: positive,3600,2
1,out/models/model_bpic12_model-it_0.pickle,129,290,LP,0.053375959396362305,1.0,0.0,1.0,1.0,q0: start,q74: O_SENT_BACK,q58: positive,3600,2
0,out/models/model_bpic12_model-it_0.pickle,129,290,QP,0.4267618656158447,1.0,0.0,1.0,1.0,q0: start,q103: companyW_Nabellenoffertes0,q58: positive,3600,2
1,out/models/model_bpic12_model-it_0.pickle,129,290,LP,0.05339503288269043,1.0,0.0,1.0,1.0,q0: start,q103: companyW_Nabellenoffertes0,q58: positive,3600,2
0,out/models/model_bpic12_model-it_0.pickle,129,290,QP,1.2598919868469238,1.0,0.0,1.0,1.0,q0: start,q10: A_ACCEPTED,q58: positive,3600,2
1,out/models/model_bpic12_model-it_0.pickle,129,290,LP,0.06595110893249512,1.0,0.0,1.0,1.0,q0: start,q10: A_ACCEPTED,q58: positive,3600,2
0,out/models/model_bpic12_model-it_0.pickle,129,290,QP,0.5377130508422852,1.0,0.0,1.0,1.0,q0: start,q65: customerW_Nabellenoffertes1,q58: positive,3600,2
1,out/models/model_bpic12_model-it_0.pickle,129,290,LP,0.05690813064575195,1.0,0.0,1.0,1.0,q0: start,q65: customerW_Nabellenoffertes1,q58: positive,3600,2
0,out/models/model_bpic12_model-it_0.pickle,129,290,QP,0.740882158279419,1.0,0.0,1.0,1.0,q0: start,q33: W_Nabellenincompletedossiers0,q58: positive,3600,2
1,out/models/model_bpic12_model-it_0.pickle,129,290,LP,0.054147958755493164,1.0,0.0,1.0,1.0,q0: start,q33: W_Nabellenincompletedossiers0,q58: positive,3600,2
0,out/models/model_bpic12_model-it_0.pickle,129,290,QP,0.33457469940185547,1.0,0.0,1.0,1.0,q0: start,q43: companyW_Nabellenincompletedossiers0,q58: positive,3600,2
1,out/models/model_bpic12_model-it_0.pickle,129,290,LP,0.03705000877380371,1.0,0.0,1.0,1.0,q0: start,q43: companyW_Nabellenincompletedossiers0,q58: positive,3600,2
0,out/models/model_bpic12_model-it_0.pickle,129,290,QP,1.0857648849487305,1.0,0.0,1.0,1.0,q0: start,q23: companyO_CANCELLED,q58: positive,3600,2
1,out/models/model_bpic12_model-it_0.pickle,129,290,LP,0.05186629295349121,1.0,0.0,1.0,1.0,q0: start,q23: companyO_CANCELLED,q58: positive,3600,2
0,out/models/model_bpic12_model-it_0.pickle,129,290,QP,0.5357222557067871,1.0,0.0,1.0,1.0,q0: start,q117: W_Nabellenincompletedossiers0,q58: positive,3600,2
1,out/models/model_bpic12_model-it_0.pickle,129,290,LP,0.05109691619873047,1.0,0.0,1.0,1.0,q0: start,q117: W_Nabellenincompletedossiers0,q58: positive,3600,2
0,out/models/model_bpic12_model-it_0.pickle,129,290,QP,0.7972662448883057,1.0,0.0,1.0,1.0,q0: start,q84: customerO_SENT_BACK,q58: positive,3600,2
1,out/models/model_bpic12_model-it_0.pickle,129,290,LP,0.050087928771972656,1.0,0.0,1.0,1.0,q0: start,q84: customerO_SENT_BACK,q58: positive,3600,2
0,out/models/model_bpic12_model-it_0.pickle,129,290,QP,2.349283218383789,1.0,0.0,1.0,1.0,q0: start,q54: O_SENT_BACK,q58: positive,3600,2
1,out/models/model_bpic12_model-it_0.pickle,129,290,LP,0.05322408676147461,1.0,0.0,1.0,1.0,q0: start,q54: O_SENT_BACK,q58: positive,3600,2
0,out/models/model_bpic12_model-it_0.pickle,129,290,QP,1.384620189666748,1.0,0.0,1.0,1.0,q0: start,q101: customerW_Nabellenincompletedossiers2,q58: positive,3600,2
1,out/models/model_bpic12_model-it_0.pickle,129,290,LP,0.06433701515197754,1.0,0.0,1.0,1.0,q0: start,q101: customerW_Nabellenincompletedossiers2,q58: positive,3600,2
0,out/models/model_bpic12_model-it_0.pickle,129,290,QP,0.39719486236572266,1.0,0.0,1.0,1.0,q0: start,q85: customerW_Nabellenincompletedossiers0,q58: positive,3600,2
1,out/models/model_bpic12_model-it_0.pickle,129,290,LP,0.05724334716796875,1.0,0.0,1.0,1.0,q0: start,q85: customerW_Nabellenincompletedossiers0,q58: positive,3600,2
0,out/models/model_bpic12_model-it_0.pickle,129,290,QP,1.616420030593872,1.0,0.0,1.0,1.0,q0: start,q128: companyO_CREATED5,q58: positive,3600,2
1,out/models/model_bpic12_model-it_0.pickle,129,290,LP,0.03609609603881836,1.0,0.0,1.0,1.0,q0: start,q128: companyO_CREATED5,q58: positive,3600,2
0,out/models/model_bpic12_model-it_0.pickle,129,290,QP,0.8726098537445068,1.0,0.0,1.0,1.0,q0: start,q14: A_FINALIZED,q58: positive,3600,2
1,out/models/model_bpic12_model-it_0.pickle,129,290,LP,0.06347513198852539,1.0,0.0,1.0,1.0,q0: start,q14: A_FINALIZED,q58: positive,3600,2
0,out/models/model_bpic12_model-it_0.pickle,129,290,QP,0.505277156829834,1.0,0.0,1.0,1.0,q0: start,q88: companyO_CREATED1,q58: positive,3600,2
1,out/models/model_bpic12_model-it_0.pickle,129,290,LP,0.04635310173034668,1.0,0.0,1.0,1.0,q0: start,q88: companyO_CREATED1,q58: positive,3600,2
0,out/models/model_bpic12_model-it_0.pickle,129,290,QP,0.6311671733856201,1.0,0.0,1.0,1.0,q0: start,q59: O_CREATED1,q58: positive,3600,2
1,out/models/model_bpic12_model-it_0.pickle,129,290,LP,0.05014991760253906,1.0,0.0,1.0,1.0,q0: start,q59: O_CREATED1,q58: positive,3600,2
0,out/models/model_bpic12_model-it_0.pickle,129,290,QP,0.07850193977355957,1.0,1.0,1.0,1.0,q0: start,q1: customerstart,q58: positive,3600,2
1,out/models/model_bpic12_model-it_0.pickle,129,290,LP,0.015740156173706055,1.0,1.0,1.0,1.0,q0: start,q1: customerstart,q58: positive,3600,2
0,out/models/model_bpic12_model-it_0.pickle,129,290,QP,2.698953151702881,1.0,0.0,1.0,1.0,q0: start,q17: customerO_CREATED0,q58: positive,3600,2
1,out/models/model_bpic12_model-it_0.pickle,129,290,LP,0.07239794731140137,1.0,0.0,1.0,1.0,q0: start,q17: customerO_CREATED0,q58: positive,3600,2
0,out/models/model_bpic12_model-it_0.pickle,129,290,QP,4.60093092918396,1.0,0.0,1.0,1.0,q0: start,q78: W_Nabellenoffertes0,q58: positive,3600,2
1,out/models/model_bpic12_model-it_0.pickle,129,290,LP,0.044461965560913086,1.0,0.0,1.0,1.0,q0: start,q78: W_Nabellenoffertes0,q58: positive,3600,2
0,out/models/model_bpic12_model-it_0.pickle,129,290,QP,0.7317819595336914,1.0,0.0,1.0,1.0,q0: start,q67: customerO_CREATED1,q58: positive,3600,2
1,out/models/model_bpic12_model-it_0.pickle,129,290,LP,0.07418608665466309,1.0,0.0,1.0,1.0,q0: start,q67: customerO_CREATED1,q58: positive,3600,2
0,out/models/model_bpic12_model-it_0.pickle,129,290,QP,0.6210088729858398,1.0,0.0,1.0,1.0,q0: start,q92: O_CREATED2,q58: positive,3600,2
1,out/models/model_bpic12_model-it_0.pickle,129,290,LP,0.05262112617492676,1.0,0.0,1.0,1.0,q0: start,q92: O_CREATED2,q58: positive,3600,2
0,out/models/model_bpic12_model-it_0.pickle,129,290,QP,3.3785042762756348,1.0,0.0,1.0,1.0,q0: start,q107: A_APPROVED,q58: positive,3600,2
1,out/models/model_bpic12_model-it_0.pickle,129,290,LP,0.03812694549560547,1.0,0.0,1.0,1.0,q0: start,q107: A_APPROVED,q58: positive,3600,2
0,out/models/model_bpic12_model-it_0.pickle,129,290,QP,4.096692800521851,1.0,0.0,1.0,1.0,q0: start,q31: O_CREATED1,q58: positive,3600,2
1,out/models/model_bpic12_model-it_0.pickle,129,290,LP,0.05617022514343262,1.0,0.0,1.0,1.0,q0: start,q31: O_CREATED1,q58: positive,3600,2
0,out/models/model_bpic12_model-it_0.pickle,129,290,QP,0.9144589900970459,1.0,0.0,1.0,1.0,q0: start,q32: A_APPROVED,q58: positive,3600,2
1,out/models/model_bpic12_model-it_0.pickle,129,290,LP,0.044805288314819336,1.0,0.0,1.0,1.0,q0: start,q32: A_APPROVED,q58: positive,3600,2
0,out/models/model_bpic12_model-it_0.pickle,129,290,QP,4.225037097930908,1.0,0.0,1.0,1.0,q0: start,q115: customerW_Nabellenoffertes2,q58: positive,3600,2
1,out/models/model_bpic12_model-it_0.pickle,129,290,LP,0.05940580368041992,1.0,0.0,1.0,1.0,q0: start,q115: customerW_Nabellenoffertes2,q58: positive,3600,2
0,out/models/model_bpic12_model-it_0.pickle,129,290,QP,0.705254077911377,1.0,0.0,1.0,1.0,q0: start,q52: customerO_SENT_BACK,q58: positive,3600,2
1,out/models/model_bpic12_model-it_0.pickle,129,290,LP,0.05597686767578125,1.0,0.0,1.0,1.0,q0: start,q52: customerO_SENT_BACK,q58: positive,3600,2
0,out/models/model_bpic12_model-it_0.pickle,129,290,QP,0.6946959495544434,1.0,0.0,1.0,1.0,q0: start,q86: customerO_SENT_BACK,q58: positive,3600,2
1,out/models/model_bpic12_model-it_0.pickle,129,290,LP,0.17192792892456055,1.0,0.0,1.0,1.0,q0: start,q86: customerO_SENT_BACK,q58: positive,3600,2
0,out/models/model_bpic12_model-it_0.pickle,129,290,QP,0.5748550891876221,1.0,0.0,1.0,1.0,q0: start,q70: O_CREATED2,q58: positive,3600,2
1,out/models/model_bpic12_model-it_0.pickle,129,290,LP,0.08460426330566406,1.0,0.0,1.0,1.0,q0: start,q70: O_CREATED2,q58: positive,3600,2
0,out/models/model_bpic12_model-it_0.pickle,129,290,QP,1.05448579788208,1.0,0.0,1.0,1.0,q0: start,q96: W_Nabellenincompletedossiers0,q58: positive,3600,2
1,out/models/model_bpic12_model-it_0.pickle,129,290,LP,0.06937885284423828,1.0,0.0,1.0,1.0,q0: start,q96: W_Nabellenincompletedossiers0,q58: positive,3600,2
0,out/models/model_bpic12_model-it_0.pickle,129,290,QP,1.1015288829803467,1.0,0.0,1.0,1.0,q0: start,q71: W_Nabellenincompletedossiers0,q58: positive,3600,2
1,out/models/model_bpic12_model-it_0.pickle,129,290,LP,0.07064390182495117,1.0,0.0,1.0,1.0,q0: start,q71: W_Nabellenincompletedossiers0,q58: positive,3600,2
0,out/models/model_bpic12_model-it_0.pickle,129,290,QP,0.7322220802307129,1.0,0.0,1.0,1.0,q0: start,q53: O_CANCELLED,q58: positive,3600,2
1,out/models/model_bpic12_model-it_0.pickle,129,290,LP,0.0716850757598877,1.0,0.0,1.0,1.0,q0: start,q53: O_CANCELLED,q58: positive,3600,2
0,out/models/model_bpic12_model-it_0.pickle,129,290,QP,0.573624849319458,1.0,0.0,1.0,1.0,q0: start,q75: W_Nabellenincompletedossiers0,q58: positive,3600,2
1,out/models/model_bpic12_model-it_0.pickle,129,290,LP,0.06051492691040039,1.0,0.0,1.0,1.0,q0: start,q75: W_Nabellenincompletedossiers0,q58: positive,3600,2
0,out/models/model_bpic12_model-it_0.pickle,129,290,QP,0.6419239044189453,1.0,0.0,1.0,1.0,q0: start,q105: O_CANCELLED,q58: positive,3600,2
1,out/models/model_bpic12_model-it_0.pickle,129,290,LP,0.057907819747924805,1.0,0.0,1.0,1.0,q0: start,q105: O_CANCELLED,q58: positive,3600,2
0,out/models/model_bpic12_model-it_0.pickle,129,290,QP,0.6484179496765137,1.0,0.0,1.0,1.0,q0: start,q122: W_Nabellenincompletedossiers2,q58: positive,3600,2
1,out/models/model_bpic12_model-it_0.pickle,129,290,LP,0.05642127990722656,1.0,0.0,1.0,1.0,q0: start,q122: W_Nabellenincompletedossiers2,q58: positive,3600,2
0,out/models/model_bpic12_model-it_0.pickle,129,290,QP,0.13369297981262207,1.0,1.0,1.0,1.0,q0: start,q2: A_SUBMITTED,q58: positive,3600,2
1,out/models/model_bpic12_model-it_0.pickle,129,290,LP,0.060224056243896484,1.0,1.0,1.0,1.0,q0: start,q2: A_SUBMITTED,q58: positive,3600,2
0,out/models/model_bpic12_model-it_0.pickle,129,290,QP,1.5433409214019775,1.0,0.0,1.0,1.0,q0: start,q114: customerO_CREATED3,q58: positive,3600,2
1,out/models/model_bpic12_model-it_0.pickle,129,290,LP,0.05623316764831543,1.0,0.0,1.0,1.0,q0: start,q114: customerO_CREATED3,q58: positive,3600,2
0,out/models/model_bpic12_model-it_0.pickle,129,290,QP,0.9776368141174316,1.0,0.0,1.0,1.0,q0: start,q51: companyO_CANCELLED,q58: positive,3600,2
1,out/models/model_bpic12_model-it_0.pickle,129,290,LP,0.07345986366271973,1.0,0.0,1.0,1.0,q0: start,q51: companyO_CANCELLED,q58: positive,3600,2
0,out/models/model_bpic12_model-it_0.pickle,129,290,QP,0.6220419406890869,1.0,0.0,1.0,1.0,q0: start,q48: customerW_Nabellenincompletedossiers2,q58: positive,3600,2
1,out/models/model_bpic12_model-it_0.pickle,129,290,LP,0.05441784858703613,1.0,0.0,1.0,1.0,q0: start,q48: customerW_Nabellenincompletedossiers2,q58: positive,3600,2
0,out/models/model_bpic12_model-it_0.pickle,129,290,QP,0.4724268913269043,1.0,0.0,1.0,1.0,q0: start,q116: companyO_CREATED3,q58: positive,3600,2
1,out/models/model_bpic12_model-it_0.pickle,129,290,LP,0.0396580696105957,1.0,0.0,1.0,1.0,q0: start,q116: companyO_CREATED3,q58: positive,3600,2
0,out/models/model_bpic12_model-it_0.pickle,129,290,QP,5.718544960021973,1.0,0.0,1.0,1.0,q0: start,q111: customerA_APPROVED,q58: positive,3600,2
1,out/models/model_bpic12_model-it_0.pickle,129,290,LP,0.033911943435668945,1.0,0.0,1.0,1.0,q0: start,q111: customerA_APPROVED,q58: positive,3600,2
0,out/models/model_bpic12_model-it_0.pickle,129,290,QP,0.5132849216461182,1.0,0.0,1.0,1.0,q0: start,q127: customerO_CREATED6,q58: positive,3600,2
1,out/models/model_bpic12_model-it_0.pickle,129,290,LP,0.054631948471069336,1.0,0.0,1.0,1.0,q0: start,q127: customerO_CREATED6,q58: positive,3600,2
0,out/models/model_bpic17-both_model-it_0.pickle,158,294,QP,0.07889199256896973,1.0,1.0,1.0,1.0,q0: start,q119: companyO_Accepted,q146: positive,3600,2
1,out/models/model_bpic17-both_model-it_0.pickle,158,294,LP,0.023883819580078125,1.0,1.0,1.0,1.0,q0: start,q119: companyO_Accepted,q146: positive,3600,2
0,out/models/model_bpic12_model-it_0.pickle,129,290,QP,0.9856038093566895,1.0,0.0,1.0,1.0,q0: start,q125: customerW_Nabellenincompletedossiers2,q58: positive,3600,2
1,out/models/model_bpic12_model-it_0.pickle,129,290,LP,0.06989479064941406,1.0,0.0,1.0,1.0,q0: start,q125: customerW_Nabellenincompletedossiers2,q58: positive,3600,2
0,out/models/model_bpic12_model-it_0.pickle,129,290,QP,4.8388512134552,1.0,0.0,1.0,1.0,q0: start,q108: customerO_CREATED3,q58: positive,3600,2
1,out/models/model_bpic12_model-it_0.pickle,129,290,LP,0.06332612037658691,1.0,0.0,1.0,1.0,q0: start,q108: customerO_CREATED3,q58: positive,3600,2
0,out/models/model_bpic12_model-it_0.pickle,129,290,QP,0.5868020057678223,1.0,0.0,1.0,1.0,q0: start,q35: W_Nabellenincompletedossiers2,q58: positive,3600,2
1,out/models/model_bpic12_model-it_0.pickle,129,290,LP,0.05579209327697754,1.0,0.0,1.0,1.0,q0: start,q35: W_Nabellenincompletedossiers2,q58: positive,3600,2
0,out/models/model_bpic17-both_model-it_0.pickle,158,294,QP,0.08110570907592773,1.0,1.0,1.0,1.0,q0: start,q138: customerA_Pending,q146: positive,3600,2
1,out/models/model_bpic17-both_model-it_0.pickle,158,294,LP,0.038932085037231445,1.0,1.0,1.0,1.0,q0: start,q138: customerA_Pending,q146: positive,3600,2
0,out/models/model_bpic12_model-it_0.pickle,129,290,QP,0.5652568340301514,1.0,0.0,1.0,1.0,q0: start,q37: O_SENT_BACK,q58: positive,3600,2
1,out/models/model_bpic12_model-it_0.pickle,129,290,LP,0.08521199226379395,1.0,0.0,1.0,1.0,q0: start,q37: O_SENT_BACK,q58: positive,3600,2
0,out/models/model_bpic12_model-it_0.pickle,129,290,QP,5.423816204071045,1.0,0.0,1.0,1.0,q0: start,q22: W_Nabellenoffertes2,q58: positive,3600,2
1,out/models/model_bpic12_model-it_0.pickle,129,290,LP,0.05019998550415039,1.0,0.0,1.0,1.0,q0: start,q22: W_Nabellenoffertes2,q58: positive,3600,2
0,out/models/model_bpic12_model-it_0.pickle,129,290,QP,0.4830501079559326,1.0,0.0,1.0,1.0,q0: start,q126: O_CREATED6,q58: positive,3600,2
1,out/models/model_bpic12_model-it_0.pickle,129,290,LP,0.05469322204589844,1.0,0.0,1.0,1.0,q0: start,q126: O_CREATED6,q58: positive,3600,2
0,out/models/model_bpic12_model-it_0.pickle,129,290,QP,0.8868429660797119,1.0,0.0,1.0,1.0,q0: start,q13: customerA_ACCEPTED,q58: positive,3600,2
1,out/models/model_bpic12_model-it_0.pickle,129,290,LP,0.046968936920166016,1.0,0.0,1.0,1.0,q0: start,q13: customerA_ACCEPTED,q58: positive,3600,2
0,out/models/model_bpic12_model-it_0.pickle,129,290,QP,0.7233641147613525,1.0,0.0,1.0,1.0,q0: start,q60: O_CREATED1,q58: positive,3600,2
1,out/models/model_bpic12_model-it_0.pickle,129,290,LP,0.046597957611083984,1.0,0.0,1.0,1.0,q0: start,q60: O_CREATED1,q58: positive,3600,2
0,out/models/model_bpic12_model-it_0.pickle,129,290,QP,0.9977240562438965,1.0,0.0,1.0,1.0,q0: start,q113: W_Nabellenoffertes2,q58: positive,3600,2
1,out/models/model_bpic12_model-it_0.pickle,129,290,LP,0.07826995849609375,1.0,0.0,1.0,1.0,q0: start,q113: W_Nabellenoffertes2,q58: positive,3600,2
0,out/models/model_bpic12_model-it_0.pickle,129,290,QP,0.5630011558532715,1.0,0.0,1.0,1.0,q0: start,q30: O_CANCELLED,q58: positive,3600,2
1,out/models/model_bpic12_model-it_0.pickle,129,290,LP,0.051898956298828125,1.0,0.0,1.0,1.0,q0: start,q30: O_CANCELLED,q58: positive,3600,2
0,out/models/model_bpic12_model-it_0.pickle,129,290,QP,1.2353010177612305,1.0,0.0,1.0,1.0,q0: start,q38: O_CANCELLED,q58: positive,3600,2
1,out/models/model_bpic12_model-it_0.pickle,129,290,LP,0.04411005973815918,1.0,0.0,1.0,1.0,q0: start,q38: O_CANCELLED,q58: positive,3600,2
0,out/models/model_bpic12_model-it_0.pickle,129,290,QP,0.6872408390045166,1.0,0.0,1.0,1.0,q0: start,q55: W_Nabellenoffertes0,q58: positive,3600,2
1,out/models/model_bpic12_model-it_0.pickle,129,290,LP,0.08093690872192383,1.0,0.0,1.0,1.0,q0: start,q55: W_Nabellenoffertes0,q58: positive,3600,2
0,out/models/model_bpic12_model-it_0.pickle,129,290,QP,1.0834190845489502,1.0,0.0,1.0,1.0,q0: start,q64: customerW_Nabellenoffertes0,q58: positive,3600,2
1,out/models/model_bpic12_model-it_0.pickle,129,290,LP,0.0524289608001709,1.0,0.0,1.0,1.0,q0: start,q64: customerW_Nabellenoffertes0,q58: positive,3600,2
0,out/models/model_bpic12_model-it_0.pickle,129,290,QP,0.7181313037872314,1.0,0.0,1.0,1.0,q0: start,q56: W_Nabellenoffertes1,q58: positive,3600,2
1,out/models/model_bpic12_model-it_0.pickle,129,290,LP,0.052430152893066406,1.0,0.0,1.0,1.0,q0: start,q56: W_Nabellenoffertes1,q58: positive,3600,2
0,out/models/model_bpic17-both_model-it_0.pickle,158,294,QP,0.8835361003875732,1.0,0.0,1.0,0.955,q0: start,q107: W_CallincompletefilesSHORT,q146: positive,3600,2
1,out/models/model_bpic17-both_model-it_0.pickle,158,294,LP,0.06054401397705078,1.0,0.0,1.0,0.955,q0: start,q107: W_CallincompletefilesSHORT,q146: positive,3600,2
0,out/models/model_bpic17-both_model-it_0.pickle,158,294,QP,0.06368517875671387,1.0,1.0,1.0,1.0,q0: start,q131: A_Pending,q146: positive,3600,2
1,out/models/model_bpic17-both_model-it_0.pickle,158,294,LP,0.014095783233642578,1.0,1.0,1.0,1.0,q0: start,q131: A_Pending,q146: positive,3600,2
0,out/models/model_bpic12_model-it_0.pickle,129,290,QP,1.1811542510986328,1.0,0.0,1.0,1.0,q0: start,q19: O_SENT_BACK,q58: positive,3600,2
1,out/models/model_bpic12_model-it_0.pickle,129,290,LP,0.07265329360961914,1.0,0.0,1.0,1.0,q0: start,q19: O_SENT_BACK,q58: positive,3600,2
0,out/models/model_bpic12_model-it_0.pickle,129,290,QP,2.1985456943511963,1.0,0.0,1.0,1.0,q0: start,q98: companyO_CANCELLED,q58: positive,3600,2
1,out/models/model_bpic12_model-it_0.pickle,129,290,LP,0.07174396514892578,1.0,0.0,1.0,1.0,q0: start,q98: companyO_CANCELLED,q58: positive,3600,2
0,out/models/model_bpic17-both_model-it_0.pickle,158,294,QP,0.9364449977874756,1.0,0.0,1.0,0.0,q0: start,q134: O_Returned,q146: positive,3600,2
1,out/models/model_bpic17-both_model-it_0.pickle,158,294,LP,0.1169898509979248,1.0,0.0,1.0,0.0,q0: start,q134: O_Returned,q146: positive,3600,2
0,out/models/model_bpic17-both_model-it_0.pickle,158,294,QP,0.0663309097290039,1.0,1.0,1.0,1.0,q0: start,q1: companystart,q146: positive,3600,2
1,out/models/model_bpic17-both_model-it_0.pickle,158,294,LP,0.015822172164916992,1.0,1.0,1.0,1.0,q0: start,q1: companystart,q146: positive,3600,2
0,out/models/model_bpic12_model-it_0.pickle,129,290,QP,2.3247668743133545,1.0,0.0,1.0,1.0,q0: start,q66: customerW_Nabellenoffertes2,q58: positive,3600,2
1,out/models/model_bpic12_model-it_0.pickle,129,290,LP,0.04853701591491699,1.0,0.0,1.0,1.0,q0: start,q66: customerW_Nabellenoffertes2,q58: positive,3600,2
0,out/models/model_bpic17-both_model-it_0.pickle,158,294,QP,0.38526201248168945,1.0,0.003,1.0,0.003,q0: start,q28: companyO_Sentonlineonly,q146: positive,3600,2
1,out/models/model_bpic17-both_model-it_0.pickle,158,294,LP,0.11887788772583008,1.0,0.003,1.0,0.003,q0: start,q28: companyO_Sentonlineonly,q146: positive,3600,2
0,out/models/model_bpic17-both_model-it_0.pickle,158,294,QP,1.0772340297698975,1.0,0.001,1.0,0.001,q0: start,q156: companyO_CreateOffer3,q146: positive,3600,2
1,out/models/model_bpic17-both_model-it_0.pickle,158,294,LP,0.180466890335083,1.0,0.001,1.0,0.001,q0: start,q156: companyO_CreateOffer3,q146: positive,3600,2
0,out/models/model_bpic17-both_model-it_0.pickle,158,294,QP,0.9567079544067383,1.0,0.015,1.0,0.015,q0: start,q49: companyO_Sentmailandonline,q146: positive,3600,2
1,out/models/model_bpic17-both_model-it_0.pickle,158,294,LP,0.1406099796295166,1.0,0.015,1.0,0.015,q0: start,q49: companyO_Sentmailandonline,q146: positive,3600,2
0,out/models/model_bpic17-both_model-it_0.pickle,158,294,QP,0.3779280185699463,1.0,0.0,1.0,0.001,q0: start,q133: W_CallincompletefilesSUPERLONG,q146: positive,3600,2
1,out/models/model_bpic17-both_model-it_0.pickle,158,294,LP,0.08588123321533203,1.0,0.0,1.0,0.001,q0: start,q133: W_CallincompletefilesSUPERLONG,q146: positive,3600,2
0,out/models/model_bpic17-both_model-it_0.pickle,158,294,QP,1.0985431671142578,1.0,0.051,1.0,0.051,q0: start,q46: O_CreateOffer1,q146: positive,3600,2
1,out/models/model_bpic17-both_model-it_0.pickle,158,294,LP,0.17581725120544434,1.0,0.051,1.0,0.051,q0: start,q46: O_CreateOffer1,q146: positive,3600,2
0,out/models/model_bpic12_model-it_0.pickle,129,290,QP,6.5962419509887695,1.0,0.0,1.0,1.0,q0: start,q15: companyA_FINALIZED,q58: positive,3600,2
1,out/models/model_bpic12_model-it_0.pickle,129,290,LP,0.06013202667236328,1.0,0.0,1.0,1.0,q0: start,q15: companyA_FINALIZED,q58: positive,3600,2
0,out/models/model_bpic17-both_model-it_0.pickle,158,294,QP,0.04806995391845703,1.0,0.0,1.0,0.0,q0: start,q30: customerA_CancelledCUSTOMER,q146: positive,3600,2
1,out/models/model_bpic17-both_model-it_0.pickle,158,294,LP,0.014906883239746094,1.0,0.0,1.0,0.0,q0: start,q30: customerA_CancelledCUSTOMER,q146: positive,3600,2
0,out/models/model_bpic17-both_model-it_0.pickle,158,294,QP,0.8407809734344482,1.0,0.0,1.0,0.0,q0: start,q81: W_CallafteroffersSUPERLONG,q146: positive,3600,2
1,out/models/model_bpic17-both_model-it_0.pickle,158,294,LP,0.2146921157836914,1.0,0.0,1.0,0.0,q0: start,q81: W_CallafteroffersSUPERLONG,q146: positive,3600,2
0,out/models/model_bpic17-both_model-it_0.pickle,158,294,QP,1.0298402309417725,1.0,0.0,1.0,0.0,q0: start,q113: O_CreateOffer1,q146: positive,3600,2
1,out/models/model_bpic17-both_model-it_0.pickle,158,294,LP,0.10289716720581055,1.0,0.0,1.0,0.0,q0: start,q113: O_CreateOffer1,q146: positive,3600,2
0,out/models/model_bpic12_model-it_0.pickle,129,290,QP,2.976501941680908,1.0,0.0,1.0,1.0,q0: start,q18: O_CANCELLED,q58: positive,3600,2
1,out/models/model_bpic12_model-it_0.pickle,129,290,LP,0.06719708442687988,1.0,0.0,1.0,1.0,q0: start,q18: O_CANCELLED,q58: positive,3600,2
0,out/models/model_bpic17-both_model-it_0.pickle,158,294,QP,0.9411931037902832,1.0,0.005,1.0,0.005,q0: start,q16: customerO_CreateOffer0,q146: positive,3600,2
1,out/models/model_bpic17-both_model-it_0.pickle,158,294,LP,0.20599603652954102,1.0,0.005,1.0,0.005,q0: start,q16: customerO_CreateOffer0,q146: positive,3600,2
0,out/models/model_bpic17-both_model-it_0.pickle,158,294,QP,0.8324599266052246,1.0,0.351,1.0,0.351,q0: start,q15: companyO_CreateOffer0,q146: positive,3600,2
1,out/models/model_bpic17-both_model-it_0.pickle,158,294,LP,0.1933910846710205,1.0,0.351,1.0,0.351,q0: start,q15: companyO_CreateOffer0,q146: positive,3600,2
0,out/models/model_bpic17-both_model-it_0.pickle,158,294,QP,1.7482268810272217,1.0,0.001,1.0,0.001,q0: start,q154: O_CreateOffer3,q146: positive,3600,2
1,out/models/model_bpic17-both_model-it_0.pickle,158,294,LP,0.1759810447692871,1.0,0.001,1.0,0.001,q0: start,q154: O_CreateOffer3,q146: positive,3600,2
0,out/models/model_bpic17-both_model-it_0.pickle,158,294,QP,1.6638479232788086,1.0,0.0,1.0,0.0,q0: start,q61: companyW_CallafteroffersSUPERLONG,q146: positive,3600,2
1,out/models/model_bpic17-both_model-it_0.pickle,158,294,LP,0.2364027500152588,1.0,0.0,1.0,0.0,q0: start,q61: companyW_CallafteroffersSUPERLONG,q146: positive,3600,2
0,out/models/model_bpic17-both_model-it_0.pickle,158,294,QP,1.025998830795288,1.0,0.354,1.0,0.354,q0: start,q5: A_Concept,q146: positive,3600,2
1,out/models/model_bpic17-both_model-it_0.pickle,158,294,LP,0.18759393692016602,1.0,0.354,1.0,0.354,q0: start,q5: A_Concept,q146: positive,3600,2
0,out/models/model_bpic17-both_model-it_0.pickle,158,294,QP,0.6506631374359131,1.0,0.0,1.0,0.0,q0: start,q79: W_CallafteroffersLONG,q146: positive,3600,2
1,out/models/model_bpic17-both_model-it_0.pickle,158,294,LP,0.11312508583068848,1.0,0.0,1.0,0.0,q0: start,q79: W_CallafteroffersLONG,q146: positive,3600,2
0,out/models/model_bpic17-both_model-it_0.pickle,158,294,QP,0.8846380710601807,1.0,0.646,1.0,0.646,q0: start,q17: companyA_Accepted,q146: positive,3600,2
1,out/models/model_bpic17-both_model-it_0.pickle,158,294,LP,0.1899878978729248,1.0,0.646,1.0,0.646,q0: start,q17: companyA_Accepted,q146: positive,3600,2
0,out/models/model_bpic17-both_model-it_0.pickle,158,294,QP,1.4594919681549072,1.0,0.001,1.0,0.001,q0: start,q99: O_Sentmailandonline,q146: positive,3600,2
1,out/models/model_bpic17-both_model-it_0.pickle,158,294,LP,0.28513288497924805,1.0,0.001,1.0,0.001,q0: start,q99: O_Sentmailandonline,q146: positive,3600,2
0,out/models/model_bpic17-both_model-it_0.pickle,158,294,QP,1.7101068496704102,1.0,0.0,1.0,0.0,q0: start,q136: O_Sentmailandonline,q146: positive,3600,2
1,out/models/model_bpic17-both_model-it_0.pickle,158,294,LP,0.1827380657196045,1.0,0.0,1.0,0.0,q0: start,q136: O_Sentmailandonline,q146: positive,3600,2
0,out/models/model_bpic17-both_model-it_0.pickle,158,294,QP,0.9846549034118652,1.0,0.0,1.0,0.0,q0: start,q51: companyO_Sentonlineonly,q146: positive,3600,2
1,out/models/model_bpic17-both_model-it_0.pickle,158,294,LP,0.23364901542663574,1.0,0.0,1.0,0.0,q0: start,q51: companyO_Sentonlineonly,q146: positive,3600,2
0,out/models/model_bpic17-both_model-it_0.pickle,158,294,QP,0.6310439109802246,1.0,0.0,1.0,0.0,q0: start,q157: companyO_Sentmailandonline,q146: positive,3600,2
1,out/models/model_bpic17-both_model-it_0.pickle,158,294,LP,0.11162400245666504,1.0,0.0,1.0,0.0,q0: start,q157: companyO_Sentmailandonline,q146: positive,3600,2
0,out/models/model_bpic12_model-it_0.pickle,129,290,QP,7.712494850158691,1.0,0.0,1.0,1.0,q0: start,q81: customerW_Nabellenincompletedossiers0,q58: positive,3600,2
1,out/models/model_bpic12_model-it_0.pickle,129,290,LP,0.04838371276855469,1.0,0.0,1.0,1.0,q0: start,q81: customerW_Nabellenincompletedossiers0,q58: positive,3600,2
0,out/models/model_bpic17-both_model-it_0.pickle,158,294,QP,1.531111717224121,1.0,0.004,1.0,0.004,q0: start,q52: companyO_Cancelled,q146: positive,3600,2
1,out/models/model_bpic17-both_model-it_0.pickle,158,294,LP,0.16163992881774902,1.0,0.004,1.0,0.004,q0: start,q52: companyO_Cancelled,q146: positive,3600,2
0,out/models/model_bpic17-both_model-it_0.pickle,158,294,QP,0.6997289657592773,1.0,0.0,1.0,0.001,q0: start,q152: companyW_CallincompletefilesSUPERLONG,q146: positive,3600,2
1,out/models/model_bpic17-both_model-it_0.pickle,158,294,LP,0.1522676944732666,1.0,0.0,1.0,0.001,q0: start,q152: companyW_CallincompletefilesSUPERLONG,q146: positive,3600,2
0,out/models/model_bpic17-both_model-it_0.pickle,158,294,QP,0.9748179912567139,1.0,0.354,1.0,0.354,q0: start,q3: companyA_CreateApplication,q146: positive,3600,2
1,out/models/model_bpic17-both_model-it_0.pickle,158,294,LP,0.3463399410247803,1.0,0.354,1.0,0.354,q0: start,q3: companyA_CreateApplication,q146: positive,3600,2
0,out/models/model_bpic17-both_model-it_0.pickle,158,294,QP,0.6383569240570068,1.0,0.0,1.0,0.0,q0: start,q97: companyW_CallafteroffersSHORT,q146: positive,3600,2
1,out/models/model_bpic17-both_model-it_0.pickle,158,294,LP,0.19303607940673828,1.0,0.0,1.0,0.0,q0: start,q97: companyW_CallafteroffersSHORT,q146: positive,3600,2
0,out/models/model_bpic17-both_model-it_0.pickle,158,294,QP,0.9115471839904785,1.0,0.354,1.0,0.354,q0: start,q9: A_Accepted,q146: positive,3600,2
1,out/models/model_bpic17-both_model-it_0.pickle,158,294,LP,0.19494175910949707,1.0,0.354,1.0,0.354,q0: start,q9: A_Accepted,q146: positive,3600,2
0,out/models/model_bpic17-both_model-it_0.pickle,158,294,QP,0.059575796127319336,1.0,1.0,1.0,1.0,q0: start,q146: positive,q146: positive,3600,2
1,out/models/model_bpic17-both_model-it_0.pickle,158,294,LP,0.014586925506591797,1.0,1.0,1.0,1.0,q0: start,q146: positive,q146: positive,3600,2
0,out/models/model_bpic17-both_model-it_0.pickle,158,294,QP,0.8627400398254395,1.0,0.049,1.0,0.049,q0: start,q64: companyO_CreateOffer1,q146: positive,3600,2
1,out/models/model_bpic17-both_model-it_0.pickle,158,294,LP,0.18656110763549805,1.0,0.049,1.0,0.049,q0: start,q64: companyO_CreateOffer1,q146: positive,3600,2
0,out/models/model_bpic17-both_model-it_0.pickle,158,294,QP,0.932905912399292,1.0,0.015,1.0,0.015,q0: start,q34: O_Sentmailandonline,q146: positive,3600,2
1,out/models/model_bpic17-both_model-it_0.pickle,158,294,LP,0.15019989013671875,1.0,0.015,1.0,0.015,q0: start,q34: O_Sentmailandonline,q146: positive,3600,2
0,out/models/model_bpic12_model-it_0.pickle,129,290,QP,7.466166973114014,1.0,0.0,1.0,1.0,q0: start,q12: companyA_ACCEPTED,q58: positive,3600,2
1,out/models/model_bpic12_model-it_0.pickle,129,290,LP,0.0609130859375,1.0,0.0,1.0,1.0,q0: start,q12: companyA_ACCEPTED,q58: positive,3600,2
0,out/models/model_bpic17-both_model-it_0.pickle,158,294,QP,1.954549789428711,1.0,0.002,1.0,0.002,q0: start,q130: A_Validating,q146: positive,3600,2
1,out/models/model_bpic17-both_model-it_0.pickle,158,294,LP,0.14392924308776855,1.0,0.002,1.0,0.002,q0: start,q130: A_Validating,q146: positive,3600,2
0,out/models/model_bpic17-both_model-it_0.pickle,158,294,QP,2.1581761837005615,1.0,0.139,1.0,0.142,q0: start,q53: companyA_Validating,q146: positive,3600,2
1,out/models/model_bpic17-both_model-it_0.pickle,158,294,LP,0.10635995864868164,1.0,0.142,1.0,0.142,q0: start,q53: companyA_Validating,q146: positive,3600,2
0,out/models/model_bpic17-both_model-it_0.pickle,158,294,QP,1.7064330577850342,1.0,0.002,1.0,0.002,q0: start,q137: companyA_Validating,q146: positive,3600,2
1,out/models/model_bpic17-both_model-it_0.pickle,158,294,LP,0.13075518608093262,1.0,0.002,1.0,0.002,q0: start,q137: companyA_Validating,q146: positive,3600,2
0,out/models/model_bpic17-both_model-it_0.pickle,158,294,QP,0.8276419639587402,1.0,0.001,1.0,0.001,q0: start,q48: companyO_CreateOffer2,q146: positive,3600,2
1,out/models/model_bpic17-both_model-it_0.pickle,158,294,LP,0.21324396133422852,1.0,0.001,1.0,0.001,q0: start,q48: companyO_CreateOffer2,q146: positive,3600,2
0,out/models/model_bpic17-both_model-it_0.pickle,158,294,QP,0.9184470176696777,1.0,0.646,1.0,0.646,q0: start,q12: companyA_Concept,q146: positive,3600,2
1,out/models/model_bpic17-both_model-it_0.pickle,158,294,LP,0.17531895637512207,1.0,0.646,1.0,0.646,q0: start,q12: companyA_Concept,q146: positive,3600,2
0,out/models/model_bpic17-both_model-it_0.pickle,158,294,QP,1.8100039958953857,1.0,0.145,1.0,0.149,q0: start,q88: customerO_Returned,q146: positive,3600,2
1,out/models/model_bpic17-both_model-it_0.pickle,158,294,LP,0.09784793853759766,1.0,0.145,1.0,0.149,q0: start,q88: customerO_Returned,q146: positive,3600,2
0,out/models/model_bpic17-both_model-it_0.pickle,158,294,QP,0.04942893981933594,1.0,0.0,1.0,0.0,q0: start,q39: TIMEOUT,q146: positive,3600,2
1,out/models/model_bpic17-both_model-it_0.pickle,158,294,LP,0.012495040893554688,1.0,0.0,1.0,0.0,q0: start,q39: TIMEOUT,q146: positive,3600,2
0,out/models/model_bpic12_model-it_0.pickle,129,290,QP,5.7427661418914795,1.0,0.0,1.0,1.0,q0: start,q95: O_SENT_BACK,q58: positive,3600,2
1,out/models/model_bpic12_model-it_0.pickle,129,290,LP,0.04664421081542969,1.0,0.0,1.0,1.0,q0: start,q95: O_SENT_BACK,q58: positive,3600,2
0,out/models/model_bpic17-both_model-it_0.pickle,158,294,QP,0.048017024993896484,1.0,1.0,1.0,1.0,q0: start,q105: O_Accepted,q146: positive,3600,2
1,out/models/model_bpic17-both_model-it_0.pickle,158,294,LP,0.013560056686401367,1.0,1.0,1.0,1.0,q0: start,q105: O_Accepted,q146: positive,3600,2
0,out/models/model_bpic17-both_model-it_0.pickle,158,294,QP,0.9807949066162109,1.0,0.646,1.0,0.646,q0: start,q23: O_CreateOffer0,q146: positive,3600,2
1,out/models/model_bpic17-both_model-it_0.pickle,158,294,LP,0.21861815452575684,1.0,0.646,1.0,0.646,q0: start,q23: O_CreateOffer0,q146: positive,3600,2
0,out/models/model_bpic17-both_model-it_0.pickle,158,294,QP,2.1046390533447266,1.0,0.002,1.0,0.002,q0: start,q150: customerO_Returned,q146: positive,3600,2
1,out/models/model_bpic17-both_model-it_0.pickle,158,294,LP,0.25645995140075684,1.0,0.002,1.0,0.002,q0: start,q150: customerO_Returned,q146: positive,3600,2
0,out/models/model_bpic17-both_model-it_0.pickle,158,294,QP,0.7097978591918945,1.0,0.0,1.0,0.0,q0: start,q98: companyW_CallafteroffersSUPERLONG,q146: positive,3600,2
1,out/models/model_bpic17-both_model-it_0.pickle,158,294,LP,0.08787107467651367,1.0,0.0,1.0,0.0,q0: start,q98: companyW_CallafteroffersSUPERLONG,q146: positive,3600,2
0,out/models/model_bpic17-both_model-it_0.pickle,158,294,QP,1.0413010120391846,1.0,0.001,1.0,0.001,q0: start,q50: customerO_Sentmailandonline,q146: positive,3600,2
1,out/models/model_bpic17-both_model-it_0.pickle,158,294,LP,0.1376628875732422,1.0,0.001,1.0,0.001,q0: start,q50: customerO_Sentmailandonline,q146: positive,3600,2
0,out/models/model_bpic17-both_model-it_0.pickle,158,294,QP,1.421593189239502,1.0,0.002,1.0,0.002,q0: start,q100: O_Sentmailandonline,q146: positive,3600,2
1,out/models/model_bpic17-both_model-it_0.pickle,158,294,LP,0.23292803764343262,1.0,0.002,1.0,0.002,q0: start,q100: O_Sentmailandonline,q146: positive,3600,2
0,out/models/model_bpic17-both_model-it_0.pickle,158,294,QP,1.1227779388427734,1.0,0.0,1.0,0.0,q0: start,q42: W_CallafteroffersSUPERLONG,q146: positive,3600,2
1,out/models/model_bpic17-both_model-it_0.pickle,158,294,LP,0.1875460147857666,1.0,0.0,1.0,0.0,q0: start,q42: W_CallafteroffersSUPERLONG,q146: positive,3600,2
0,out/models/model_bpic12_model-it_0.pickle,129,290,QP,5.769489049911499,1.0,0.0,1.0,1.0,q0: start,q29: customerW_Nabellenoffertes2,q58: positive,3600,2
1,out/models/model_bpic12_model-it_0.pickle,129,290,LP,0.04970693588256836,1.0,0.0,1.0,1.0,q0: start,q29: customerW_Nabellenoffertes2,q58: positive,3600,2
0,out/models/model_bpic17-both_model-it_0.pickle,158,294,QP,0.6801328659057617,1.0,-0.0,1.0,0.0,q0: start,q142: companyO_Sentmailandonline,q146: positive,3600,2
1,out/models/model_bpic17-both_model-it_0.pickle,158,294,LP,0.13514089584350586,1.0,0.0,1.0,0.0,q0: start,q142: companyO_Sentmailandonline,q146: positive,3600,2
0,out/models/model_bpic17-both_model-it_0.pickle,158,294,QP,0.855839729309082,1.0,0.646,1.0,0.646,q0: start,q6: A_Submitted,q146: positive,3600,2
1,out/models/model_bpic17-both_model-it_0.pickle,158,294,LP,0.1927039623260498,1.0,0.646,1.0,0.646,q0: start,q6: A_Submitted,q146: positive,3600,2
0,out/models/model_bpic17-both_model-it_0.pickle,158,294,QP,0.9406399726867676,1.0,0.0,1.0,0.0,q0: start,q147: W_CallincompletefilesSHORT,q146: positive,3600,2
1,out/models/model_bpic17-both_model-it_0.pickle,158,294,LP,0.15658187866210938,1.0,0.0,1.0,0.0,q0: start,q147: W_CallincompletefilesSHORT,q146: positive,3600,2
0,out/models/model_bpic17-both_model-it_0.pickle,158,294,QP,0.05731487274169922,1.0,0.0,1.0,0.0,q0: start,q21: A_CancelledCUSTOMER,q146: positive,3600,2
1,out/models/model_bpic17-both_model-it_0.pickle,158,294,LP,0.015311241149902344,1.0,0.0,1.0,0.0,q0: start,q21: A_CancelledCUSTOMER,q146: positive,3600,2
0,out/models/model_bpic17-both_model-it_0.pickle,158,294,QP,1.4957587718963623,1.0,0.009,1.0,0.009,q0: start,q54: customerA_Validating,q146: positive,3600,2
1,out/models/model_bpic17-both_model-it_0.pickle,158,294,LP,0.11987781524658203,1.0,0.009,1.0,0.009,q0: start,q54: customerA_Validating,q146: positive,3600,2
0,out/models/model_bpic17-both_model-it_0.pickle,158,294,QP,2.201225996017456,1.0,0.001,1.0,0.001,q0: start,q67: O_CreateOffer3,q146: positive,3600,2
1,out/models/model_bpic17-both_model-it_0.pickle,158,294,LP,0.25963425636291504,1.0,0.001,1.0,0.001,q0: start,q67: O_CreateOffer3,q146: positive,3600,2
0,out/models/model_bpic17-both_model-it_0.pickle,158,294,QP,0.6289260387420654,1.0,0.0,1.0,0.001,q0: start,q139: customerW_CallincompletefilesSUPERLONG,q146: positive,3600,2
1,out/models/model_bpic17-both_model-it_0.pickle,158,294,LP,0.09864091873168945,1.0,0.0,1.0,0.001,q0: start,q139: customerW_CallincompletefilesSUPERLONG,q146: positive,3600,2
0,out/models/model_bpic17-both_model-it_0.pickle,158,294,QP,0.9088501930236816,1.0,0.0,1.0,0.0,q0: start,q125: companyW_CallincompletefilesLONG,q146: positive,3600,2
1,out/models/model_bpic17-both_model-it_0.pickle,158,294,LP,0.12696504592895508,1.0,0.0,1.0,0.0,q0: start,q125: companyW_CallincompletefilesLONG,q146: positive,3600,2
0,out/models/model_bpic17-both_model-it_0.pickle,158,294,QP,1.4413611888885498,1.0,0.0,1.0,0.0,q0: start,q80: W_CallafteroffersSHORT,q146: positive,3600,2
1,out/models/model_bpic17-both_model-it_0.pickle,158,294,LP,0.16598796844482422,1.0,0.0,1.0,0.0,q0: start,q80: W_CallafteroffersSHORT,q146: positive,3600,2
0,out/models/model_bpic17-both_model-it_0.pickle,158,294,QP,0.9866459369659424,1.0,0.354,1.0,0.354,q0: start,q7: companyA_Concept,q146: positive,3600,2
1,out/models/model_bpic17-both_model-it_0.pickle,158,294,LP,0.19385886192321777,1.0,0.354,1.0,0.354,q0: start,q7: companyA_Concept,q146: positive,3600,2
0,out/models/model_bpic17-both_model-it_0.pickle,158,294,QP,0.9196181297302246,1.0,0.0,1.0,0.0,q0: start,q140: customerO_Returned,q146: positive,3600,2
1,out/models/model_bpic17-both_model-it_0.pickle,158,294,LP,0.11841607093811035,1.0,0.0,1.0,0.0,q0: start,q140: customerO_Returned,q146: positive,3600,2
0,out/models/model_bpic17-both_model-it_0.pickle,158,294,QP,0.9567761421203613,1.0,0.354,1.0,0.354,q0: start,q13: O_CreateOffer0,q146: positive,3600,2
1,out/models/model_bpic17-both_model-it_0.pickle,158,294,LP,0.1865239143371582,1.0,0.354,1.0,0.354,q0: start,q13: O_CreateOffer0,q146: positive,3600,2
0,out/models/model_bpic17-both_model-it_0.pickle,158,294,QP,0.06850099563598633,1.0,0.0,1.0,0.0,q0: start,q62: customerW_CallafteroffersSUPERLONG,q146: positive,3600,2
1,out/models/model_bpic17-both_model-it_0.pickle,158,294,LP,0.023227930068969727,1.0,0.0,1.0,0.0,q0: start,q62: customerW_CallafteroffersSUPERLONG,q146: positive,3600,2
0,out/models/model_bpic17-both_model-it_0.pickle,158,294,QP,1.8359739780426025,1.0,0.011,1.0,0.011,q0: start,q87: companyO_Returned,q146: positive,3600,2
1,out/models/model_bpic17-both_model-it_0.pickle,158,294,LP,0.16225004196166992,1.0,0.011,1.0,0.011,q0: start,q87: companyO_Returned,q146: positive,3600,2
0,out/models/model_bpic17-both_model-it_0.pickle,158,294,QP,0.05812811851501465,1.0,1.0,1.0,1.0,q0: start,q0: start,q146: positive,3600,2
1,out/models/model_bpic17-both_model-it_0.pickle,158,294,LP,0.012924432754516602,1.0,1.0,1.0,1.0,q0: start,q0: start,q146: positive,3600,2
0,out/models/model_bpic17-both_model-it_0.pickle,158,294,QP,0.7948861122131348,1.0,0.0,1.0,0.0,q0: start,q129: companyO_CreateOffer1,q146: positive,3600,2
1,out/models/model_bpic17-both_model-it_0.pickle,158,294,LP,0.10674715042114258,1.0,0.0,1.0,0.0,q0: start,q129: companyO_CreateOffer1,q146: positive,3600,2
0,out/models/model_bpic17-both_model-it_0.pickle,158,294,QP,0.8147718906402588,1.0,0.552,1.0,0.552,q0: start,q66: customerO_Sentmailandonline,q146: positive,3600,2
1,out/models/model_bpic17-both_model-it_0.pickle,158,294,LP,0.18420195579528809,1.0,0.552,1.0,0.552,q0: start,q66: customerO_Sentmailandonline,q146: positive,3600,2
0,out/models/model_bpic17-both_model-it_0.pickle,158,294,QP,5.631150007247925,1.0,0.194,1.0,0.194,q0: start,q31: companyO_Cancelled,q146: positive,3600,2
1,out/models/model_bpic17-both_model-it_0.pickle,158,294,LP,0.16556811332702637,1.0,0.194,1.0,0.194,q0: start,q31: companyO_Cancelled,q146: positive,3600,2
0,out/models/model_bpic17-both_model-it_0.pickle,158,294,QP,1.4378039836883545,1.0,0.008,1.0,0.008,q0: start,q89: companyW_CallincompletefilesSHORT,q146: positive,3600,2
1,out/models/model_bpic17-both_model-it_0.pickle,158,294,LP,0.17230224609375,1.0,0.008,1.0,0.008,q0: start,q89: companyW_CallincompletefilesSHORT,q146: positive,3600,2
0,out/models/model_bpic17-both_model-it_0.pickle,158,294,QP,0.9372308254241943,1.0,0.354,1.0,0.354,q0: start,q11: companyA_Accepted,q146: positive,3600,2
1,out/models/model_bpic17-both_model-it_0.pickle,158,294,LP,0.1745457649230957,1.0,0.354,1.0,0.354,q0: start,q11: companyA_Accepted,q146: positive,3600,2
0,out/models/model_bpic17-both_model-it_0.pickle,158,294,QP,0.7111098766326904,1.0,0.0,1.0,0.0,q0: start,q96: companyW_CallafteroffersLONG,q146: positive,3600,2
1,out/models/model_bpic17-both_model-it_0.pickle,158,294,LP,0.08909010887145996,1.0,0.0,1.0,0.0,q0: start,q96: companyW_CallafteroffersLONG,q146: positive,3600,2
0,out/models/model_bpic17-both_model-it_0.pickle,158,294,QP,4.227914094924927,1.0,0.001,1.0,0.007,q0: start,q57: companyW_CallafteroffersLONG,q146: positive,3600,2
1,out/models/model_bpic17-both_model-it_0.pickle,158,294,LP,0.18681716918945312,1.0,0.007,1.0,0.007,q0: start,q57: companyW_CallafteroffersLONG,q146: positive,3600,2
0,out/models/model_bpic17-both_model-it_0.pickle,158,294,QP,0.050245046615600586,1.0,0.0,1.0,0.0,q0: start,q44: negative,q146: positive,3600,2
1,out/models/model_bpic17-both_model-it_0.pickle,158,294,LP,0.011812925338745117,1.0,0.0,1.0,0.0,q0: start,q44: negative,q146: positive,3600,2
0,out/models/model_bpic17-both_model-it_0.pickle,158,294,QP,1.3138079643249512,1.0,0.002,1.0,0.002,q0: start,q115: companyO_Sentmailandonline,q146: positive,3600,2
1,out/models/model_bpic17-both_model-it_0.pickle,158,294,LP,0.22908902168273926,1.0,0.002,1.0,0.002,q0: start,q115: companyO_Sentmailandonline,q146: positive,3600,2
0,out/models/model_bpic17-both_model-it_0.pickle,158,294,QP,0.9443268775939941,1.0,0.016,1.0,0.016,q0: start,q24: companyO_CreateOffer1,q146: positive,3600,2
1,out/models/model_bpic17-both_model-it_0.pickle,158,294,LP,0.17145109176635742,1.0,0.016,1.0,0.016,q0: start,q24: companyO_CreateOffer1,q146: positive,3600,2
0,out/models/model_bpic17-both_model-it_0.pickle,158,294,QP,0.048148155212402344,1.0,0.0,1.0,0.0,q0: start,q56: customerTIMEOUT,q146: positive,3600,2
1,out/models/model_bpic17-both_model-it_0.pickle,158,294,LP,0.012193918228149414,1.0,0.0,1.0,0.0,q0: start,q56: customerTIMEOUT,q146: positive,3600,2
0,out/models/model_bpic17-both_model-it_0.pickle,158,294,QP,0.7504889965057373,1.0,0.593,1.0,0.593,q0: start,q47: O_Sentmailandonline,q146: positive,3600,2
1,out/models/model_bpic17-both_model-it_0.pickle,158,294,LP,0.16198515892028809,1.0,0.593,1.0,0.593,q0: start,q47: O_Sentmailandonline,q146: positive,3600,2
0,out/models/model_bpic17-both_model-it_0.pickle,158,294,QP,0.8457238674163818,1.0,0.646,1.0,0.646,q0: start,q10: A_Concept,q146: positive,3600,2
1,out/models/model_bpic17-both_model-it_0.pickle,158,294,LP,0.17177700996398926,1.0,0.646,1.0,0.646,q0: start,q10: A_Concept,q146: positive,3600,2
0,out/models/model_bpic17-both_model-it_0.pickle,158,294,QP,7.083252906799316,1.0,0.0,1.0,0.006,q0: start,q145: W_CallincompletefilesSHORT,q146: positive,3600,2
1,out/models/model_bpic17-both_model-it_0.pickle,158,294,LP,0.09200406074523926,1.0,0.0,1.0,0.006,q0: start,q145: W_CallincompletefilesSHORT,q146: positive,3600,2
0,out/models/model_bpic17-both_model-it_0.pickle,158,294,QP,0.7580728530883789,1.0,0.041,1.0,0.041,q0: start,q65: companyO_Sentmailandonline,q146: positive,3600,2
1,out/models/model_bpic17-both_model-it_0.pickle,158,294,LP,0.14800429344177246,1.0,0.041,1.0,0.041,q0: start,q65: companyO_Sentmailandonline,q146: positive,3600,2
0,out/models/model_bpic17-both_model-it_0.pickle,158,294,QP,1.5115101337432861,1.0,0.646,1.0,0.646,q0: start,q4: customerA_CreateApplication,q146: positive,3600,2
1,out/models/model_bpic17-both_model-it_0.pickle,158,294,LP,0.26182007789611816,1.0,0.646,1.0,0.646,q0: start,q4: customerA_CreateApplication,q146: positive,3600,2
0,out/models/model_bpic17-both_model-it_0.pickle,158,294,QP,1.4406251907348633,1.0,0.001,1.0,0.001,q0: start,q114: companyO_Sentmailandonline,q146: positive,3600,2
1,out/models/model_bpic17-both_model-it_0.pickle,158,294,LP,0.190140962600708,1.0,0.001,1.0,0.001,q0: start,q114: companyO_Sentmailandonline,q146: positive,3600,2
0,out/models/model_bpic17-both_model-it_0.pickle,158,294,QP,6.349130153656006,1.0,0.345,1.0,0.345,q0: start,q19: O_Sentmailandonline,q146: positive,3600,2
1,out/models/model_bpic17-both_model-it_0.pickle,158,294,LP,0.18420982360839844,1.0,0.345,1.0,0.345,q0: start,q19: O_Sentmailandonline,q146: positive,3600,2
0,out/models/model_bpic17-both_model-it_0.pickle,158,294,QP,1.9287471771240234,1.0,0.001,1.0,0.001,q0: start,q82: companyO_CreateOffer3,q146: positive,3600,2
1,out/models/model_bpic17-both_model-it_0.pickle,158,294,LP,0.18152809143066406,1.0,0.001,1.0,0.001,q0: start,q82: companyO_CreateOffer3,q146: positive,3600,2
0,out/models/model_bpic17-both_model-it_0.pickle,158,294,QP,0.8651430606842041,1.0,0.0,1.0,0.0,q0: start,q35: O_Sentonlineonly,q146: positive,3600,2
1,out/models/model_bpic17-both_model-it_0.pickle,158,294,LP,0.1575920581817627,1.0,0.0,1.0,0.0,q0: start,q35: O_Sentonlineonly,q146: positive,3600,2
0,out/models/model_bpic17-both_model-it_0.pickle,158,294,QP,2.1734330654144287,1.0,0.012,1.0,0.012,q0: start,q29: customerO_Sentonlineonly,q146: positive,3600,2
1,out/models/model_bpic17-both_model-it_0.pickle,158,294,LP,0.1785109043121338,1.0,0.012,1.0,0.012,q0: start,q29: customerO_Sentonlineonly,q146: positive,3600,2
0,out/models/model_bpic17-both_model-it_0.pickle,158,294,QP,3.763275146484375,1.0,0.002,1.0,0.002,q0: start,q117: companyW_CallafteroffersLONG,q146: positive,3600,2
1,out/models/model_bpic17-both_model-it_0.pickle,158,294,LP,0.19156289100646973,1.0,0.002,1.0,0.002,q0: start,q117: companyW_CallafteroffersLONG,q146: positive,3600,2
0,out/models/model_bpic17-both_model-it_0.pickle,158,294,QP,6.275592088699341,1.0,0.337,1.0,0.337,q0: start,q27: customerO_Sentmailandonline,q146: positive,3600,2
1,out/models/model_bpic17-both_model-it_0.pickle,158,294,LP,0.1853771209716797,1.0,0.337,1.0,0.337,q0: start,q27: customerO_Sentmailandonline,q146: positive,3600,2
0,out/models/model_bpic17-both_model-it_0.pickle,158,294,QP,0.7952661514282227,1.0,0.644,1.0,0.644,q0: start,q32: companyO_CreateOffer0,q146: positive,3600,2
1,out/models/model_bpic17-both_model-it_0.pickle,158,294,LP,0.2823760509490967,1.0,0.644,1.0,0.644,q0: start,q32: companyO_CreateOffer0,q146: positive,3600,2
0,out/models/model_bpic17-both_model-it_0.pickle,158,294,QP,4.5635998249053955,1.0,0.0,1.0,0.15,q0: start,q120: companyW_CallincompletefilesLONG,q146: positive,3600,2
1,out/models/model_bpic17-both_model-it_0.pickle,158,294,LP,0.08887910842895508,1.0,0.0,1.0,0.15,q0: start,q120: companyW_CallincompletefilesLONG,q146: positive,3600,2
0,out/models/model_bpic17-both_model-it_0.pickle,158,294,QP,3.8996050357818604,1.0,0.005,1.0,0.005,q0: start,q92: companyA_Validating,q146: positive,3600,2
1,out/models/model_bpic17-both_model-it_0.pickle,158,294,LP,0.10829925537109375,1.0,0.005,1.0,0.005,q0: start,q92: companyA_Validating,q146: positive,3600,2
0,out/models/model_bpic17-both_model-it_0.pickle,158,294,QP,2.6163718700408936,1.0,0.147,1.0,0.151,q0: start,q71: O_Returned,q146: positive,3600,2
1,out/models/model_bpic17-both_model-it_0.pickle,158,294,LP,0.10085916519165039,1.0,0.147,1.0,0.15,q0: start,q71: O_Returned,q146: positive,3600,2
0,out/models/model_bpic17-both_model-it_0.pickle,158,294,QP,0.054227352142333984,1.0,1.0,1.0,1.0,q0: start,q2: A_CreateApplication,q146: positive,3600,2
1,out/models/model_bpic17-both_model-it_0.pickle,158,294,LP,0.015672922134399414,1.0,1.0,1.0,1.0,q0: start,q2: A_CreateApplication,q146: positive,3600,2
0,out/models/model_bpic17-both_model-it_0.pickle,158,294,QP,1.1414270401000977,1.0,0.002,1.0,0.002,q0: start,q144: O_Returned,q146: positive,3600,2
1,out/models/model_bpic17-both_model-it_0.pickle,158,294,LP,0.10297203063964844,1.0,0.002,1.0,0.002,q0: start,q144: O_Returned,q146: positive,3600,2
0,out/models/model_bpic17-both_model-it_0.pickle,158,294,QP,3.023077964782715,1.0,0.001,1.0,0.001,q0: start,q84: companyO_Sentmailandonline,q146: positive,3600,2
1,out/models/model_bpic17-both_model-it_0.pickle,158,294,LP,0.21369504928588867,1.0,0.001,1.0,0.001,q0: start,q84: companyO_Sentmailandonline,q146: positive,3600,2
0,out/models/model_bpic17-both_model-it_0.pickle,158,294,QP,0.529832124710083,1.0,0.0,1.0,0.115,q0: start,q132: W_CallincompletefilesLONG,q146: positive,3600,2
1,out/models/model_bpic17-both_model-it_0.pickle,158,294,LP,0.05809187889099121,1.0,0.0,1.0,0.115,q0: start,q132: W_CallincompletefilesLONG,q146: positive,3600,2
0,out/models/model_bpic17-both_model-it_0.pickle,158,294,QP,3.9716060161590576,1.0,0.849,1.0,0.853,q0: start,q74: A_Validating,q146: positive,3600,2
1,out/models/model_bpic17-both_model-it_0.pickle,158,294,LP,0.07202029228210449,1.0,0.849,1.0,0.853,q0: start,q74: A_Validating,q146: positive,3600,2
0,out/models/model_bpic12_model-it_0.pickle,129,290,QP,15.557963848114014,1.0,0.0,1.0,1.0,q0: start,q119: O_CREATED4,q58: positive,3600,2
1,out/models/model_bpic12_model-it_0.pickle,129,290,LP,0.06915783882141113,1.0,0.0,1.0,1.0,q0: start,q119: O_CREATED4,q58: positive,3600,2
0,out/models/model_bpic17-both_model-it_0.pickle,158,294,QP,3.9242379665374756,1.0,0.011,1.0,0.553,q0: start,q104: A_Validating,q146: positive,3600,2
1,out/models/model_bpic17-both_model-it_0.pickle,158,294,LP,0.1380157470703125,1.0,0.011,1.0,0.553,q0: start,q104: A_Validating,q146: positive,3600,2
0,out/models/model_bpic12_model-it_0.pickle,129,290,QP,10.618151187896729,1.0,0.0,1.0,1.0,q0: start,q20: W_Nabellenoffertes0,q58: positive,3600,2
1,out/models/model_bpic12_model-it_0.pickle,129,290,LP,0.04841423034667969,1.0,0.0,1.0,1.0,q0: start,q20: W_Nabellenoffertes0,q58: positive,3600,2
0,out/models/model_bpic17-both_model-it_0.pickle,158,294,QP,2.2799201011657715,1.0,0.847,1.0,0.885,q0: start,q91: customerO_Cancelled,q146: positive,3600,2
1,out/models/model_bpic17-both_model-it_0.pickle,158,294,LP,0.14773988723754883,1.0,0.848,1.0,0.885,q0: start,q91: customerO_Cancelled,q146: positive,3600,2
0,out/models/model_bpic17-both_model-it_0.pickle,158,294,QP,3.044792890548706,1.0,0.005,1.0,0.005,q0: start,q126: customerO_Returned,q146: positive,3600,2
1,out/models/model_bpic17-both_model-it_0.pickle,158,294,LP,0.13898897171020508,1.0,0.005,1.0,0.005,q0: start,q126: customerO_Returned,q146: positive,3600,2
0,out/models/model_bpic17-both_model-it_0.pickle,158,294,QP,9.853847026824951,1.0,0.842,1.0,0.846,q0: start,q90: companyA_Validating,q146: positive,3600,2
1,out/models/model_bpic17-both_model-it_0.pickle,158,294,LP,0.11902117729187012,1.0,0.842,1.0,0.846,q0: start,q90: companyA_Validating,q146: positive,3600,2
0,out/models/model_bpic17-both_model-it_0.pickle,158,294,QP,0.630939245223999,1.0,0.0,1.0,0.0,q0: start,q153: companyO_CreateOffer2,q146: positive,3600,2
1,out/models/model_bpic17-both_model-it_0.pickle,158,294,LP,0.16717910766601562,1.0,0.0,1.0,0.0,q0: start,q153: companyO_CreateOffer2,q146: positive,3600,2
0,out/models/model_bpic17-both_model-it_0.pickle,158,294,QP,5.446635961532593,1.0,0.011,1.0,0.553,q0: start,q118: customerA_Validating,q146: positive,3600,2
1,out/models/model_bpic17-both_model-it_0.pickle,158,294,LP,0.2183539867401123,1.0,0.011,1.0,0.553,q0: start,q118: customerA_Validating,q146: positive,3600,2
0,out/models/model_bpic17-both_model-it_0.pickle,158,294,QP,2.884341239929199,1.0,0.005,1.0,0.005,q0: start,q36: O_Cancelled,q146: positive,3600,2
1,out/models/model_bpic17-both_model-it_0.pickle,158,294,LP,0.16241192817687988,1.0,0.005,1.0,0.005,q0: start,q36: O_Cancelled,q146: positive,3600,2
0,out/models/model_bpic17-both_model-it_0.pickle,158,294,QP,0.8586089611053467,1.0,0.016,1.0,0.016,q0: start,q18: O_CreateOffer1,q146: positive,3600,2
1,out/models/model_bpic17-both_model-it_0.pickle,158,294,LP,0.15213871002197266,1.0,0.016,1.0,0.016,q0: start,q18: O_CreateOffer1,q146: positive,3600,2
0,out/models/model_bpic17-both_model-it_0.pickle,158,294,QP,4.1615071296691895,1.0,0.002,1.0,0.011,q0: start,q40: W_CallafteroffersLONG,q146: positive,3600,2
1,out/models/model_bpic17-both_model-it_0.pickle,158,294,LP,0.20833611488342285,1.0,0.011,1.0,0.011,q0: start,q40: W_CallafteroffersLONG,q146: positive,3600,2
0,out/models/model_bpic17-both_model-it_0.pickle,158,294,QP,3.0476419925689697,1.0,0.015,1.0,0.015,q0: start,q20: O_Sentonlineonly,q146: positive,3600,2
1,out/models/model_bpic17-both_model-it_0.pickle,158,294,LP,0.17456507682800293,1.0,0.015,1.0,0.015,q0: start,q20: O_Sentonlineonly,q146: positive,3600,2
0,out/models/model_bpic17-both_model-it_0.pickle,158,294,QP,1.422659158706665,1.0,0.008,1.0,0.008,q0: start,q72: W_CallincompletefilesSHORT,q146: positive,3600,2
1,out/models/model_bpic17-both_model-it_0.pickle,158,294,LP,0.15483403205871582,1.0,0.008,1.0,0.008,q0: start,q72: W_CallincompletefilesSHORT,q146: positive,3600,2
0,out/models/model_bpic17-both_model-it_0.pickle,158,294,QP,1.5138437747955322,1.0,0.005,1.0,0.005,q0: start,q25: customerO_CreateOffer1,q146: positive,3600,2
1,out/models/model_bpic17-both_model-it_0.pickle,158,294,LP,0.14231610298156738,1.0,0.005,1.0,0.005,q0: start,q25: customerO_CreateOffer1,q146: positive,3600,2
0,out/models/model_bpic17-both_model-it_0.pickle,158,294,QP,9.201214075088501,1.0,0.0,1.0,0.001,q0: start,q151: companyO_CreateOffer3,q146: positive,3600,2
1,out/models/model_bpic17-both_model-it_0.pickle,158,294,LP,0.12261486053466797,1.0,0.0,1.0,0.0,q0: start,q151: companyO_CreateOffer3,q146: positive,3600,2
0,out/models/model_bpic17-both_model-it_0.pickle,158,294,QP,10.253539085388184,1.0,0.07,1.0,0.07,q0: start,q73: O_Sentmailandonline,q146: positive,3600,2
1,out/models/model_bpic17-both_model-it_0.pickle,158,294,LP,0.15529203414916992,1.0,0.07,1.0,0.07,q0: start,q73: O_Sentmailandonline,q146: positive,3600,2
0,out/models/model_bpic17-both_model-it_0.pickle,158,294,QP,0.8580119609832764,1.0,0.0,1.0,0.0,q0: start,q109: W_CallincompletefilesLONG,q146: positive,3600,2
1,out/models/model_bpic17-both_model-it_0.pickle,158,294,LP,0.13113784790039062,1.0,0.0,1.0,0.0,q0: start,q109: W_CallincompletefilesLONG,q146: positive,3600,2
0,out/models/model_bpic17-both_model-it_0.pickle,158,294,QP,0.9004518985748291,1.0,0.646,1.0,0.646,q0: start,q14: A_Accepted,q146: positive,3600,2
1,out/models/model_bpic17-both_model-it_0.pickle,158,294,LP,0.19465994834899902,1.0,0.646,1.0,0.646,q0: start,q14: A_Accepted,q146: positive,3600,2
0,out/models/model_bpic17-both_model-it_0.pickle,158,294,QP,1.715813159942627,1.0,0.002,1.0,0.002,q0: start,q83: companyO_Sentmailandonline,q146: positive,3600,2
1,out/models/model_bpic17-both_model-it_0.pickle,158,294,LP,0.25354504585266113,1.0,0.002,1.0,0.002,q0: start,q83: companyO_Sentmailandonline,q146: positive,3600,2
0,out/models/model_bpic17-both_model-it_0.pickle,158,294,QP,7.543686866760254,1.0,0.164,1.0,0.164,q0: start,q93: customerO_Sentmailandonline,q146: positive,3600,2
1,out/models/model_bpic17-both_model-it_0.pickle,158,294,LP,0.15960907936096191,1.0,0.164,1.0,0.164,q0: start,q93: customerO_Sentmailandonline,q146: positive,3600,2
0,out/models/model_bpic17-both_model-it_0.pickle,158,294,QP,5.444035768508911,1.0,0.0,1.0,0.001,q0: start,q128: companyO_Cancelled,q146: positive,3600,2
1,out/models/model_bpic17-both_model-it_0.pickle,158,294,LP,0.13487887382507324,1.0,0.0,1.0,0.0,q0: start,q128: companyO_Cancelled,q146: positive,3600,2
0,out/models/model_bpic17-both_model-it_0.pickle,158,294,QP,0.784149169921875,1.0,0.001,1.0,0.001,q0: start,q70: W_CallafteroffersSHORT,q146: positive,3600,2
1,out/models/model_bpic17-both_model-it_0.pickle,158,294,LP,0.14652395248413086,1.0,0.001,1.0,0.001,q0: start,q70: W_CallafteroffersSHORT,q146: positive,3600,2
0,out/models/model_bpic17-both_model-it_0.pickle,158,294,QP,5.042121171951294,1.0,0.0,1.0,0.922,q0: start,q123: customerW_CallincompletefilesSHORT,q146: positive,3600,2
1,out/models/model_bpic17-both_model-it_0.pickle,158,294,LP,0.1293330192565918,1.0,0.0,1.0,0.922,q0: start,q123: customerW_CallincompletefilesSHORT,q146: positive,3600,2
0,out/models/model_bpic17-both_model-it_0.pickle,158,294,QP,1.2375843524932861,1.0,0.0,1.0,0.0,q0: start,q155: O_Sentmailandonline,q146: positive,3600,2
1,out/models/model_bpic17-both_model-it_0.pickle,158,294,LP,0.10702300071716309,1.0,0.0,1.0,0.0,q0: start,q155: O_Sentmailandonline,q146: positive,3600,2
0,out/models/model_bpic17-both_model-it_0.pickle,158,294,QP,9.796545028686523,1.0,0.842,1.0,0.846,q0: start,q108: O_Returned,q146: positive,3600,2
1,out/models/model_bpic17-both_model-it_0.pickle,158,294,LP,0.08947491645812988,1.0,0.842,1.0,0.842,q0: start,q108: O_Returned,q146: positive,3600,2
0,out/models/model_bpic17-both_model-it_0.pickle,158,294,QP,5.698462009429932,1.0,0.0,1.0,0.077,q0: start,q121: customerW_CallincompletefilesLONG,q146: positive,3600,2
1,out/models/model_bpic17-both_model-it_0.pickle,158,294,LP,0.11718201637268066,1.0,0.0,1.0,0.077,q0: start,q121: customerW_CallincompletefilesLONG,q146: positive,3600,2
0,out/models/model_bpic17-both_model-it_0.pickle,158,294,QP,9.340428113937378,1.0,0.073,1.0,0.073,q0: start,q55: companyO_CreateOffer1,q146: positive,3600,2
1,out/models/model_bpic17-both_model-it_0.pickle,158,294,LP,0.21244096755981445,1.0,0.073,1.0,0.073,q0: start,q55: companyO_CreateOffer1,q146: positive,3600,2
0,out/models/model_bpic17-both_model-it_0.pickle,158,294,QP,9.761200904846191,1.0,0.36,1.0,0.393,q0: start,q60: customerW_CallafteroffersSHORT,q146: positive,3600,2
1,out/models/model_bpic17-both_model-it_0.pickle,158,294,LP,0.1845560073852539,1.0,0.36,1.0,0.393,q0: start,q60: customerW_CallafteroffersSHORT,q146: positive,3600,2
0,out/models/model_bpic17-both_model-it_0.pickle,158,294,QP,0.9368691444396973,1.0,0.002,1.0,0.002,q0: start,q33: O_CreateOffer2,q146: positive,3600,2
1,out/models/model_bpic17-both_model-it_0.pickle,158,294,LP,0.18883323669433594,1.0,0.002,1.0,0.002,q0: start,q33: O_CreateOffer2,q146: positive,3600,2
0,out/models/model_bpic17-both_model-it_0.pickle,158,294,QP,0.6831357479095459,1.0,0.0,1.0,0.0,q0: start,q149: O_CreateOffer2,q146: positive,3600,2
1,out/models/model_bpic17-both_model-it_0.pickle,158,294,LP,0.14115595817565918,1.0,0.0,1.0,0.0,q0: start,q149: O_CreateOffer2,q146: positive,3600,2
0,out/models/model_bpic17-both_model-it_0.pickle,158,294,QP,1.0235366821289062,1.0,0.646,1.0,0.646,q0: start,q8: companyA_Submitted,q146: positive,3600,2
1,out/models/model_bpic17-both_model-it_0.pickle,158,294,LP,0.16300702095031738,1.0,0.646,1.0,0.646,q0: start,q8: companyA_Submitted,q146: positive,3600,2
0,out/models/model_bpic17-both_model-it_0.pickle,158,294,QP,8.585544109344482,1.0,0.848,1.0,0.885,q0: start,q41: W_CallafteroffersSHORT,q146: positive,3600,2
1,out/models/model_bpic17-both_model-it_0.pickle,158,294,LP,0.19049072265625,1.0,0.848,1.0,0.885,q0: start,q41: W_CallafteroffersSHORT,q146: positive,3600,2
0,out/models/model_bpic17-both_model-it_0.pickle,158,294,QP,0.765347957611084,1.0,0.0,1.0,0.0,q0: start,q94: customerO_CreateOffer2,q146: positive,3600,2
1,out/models/model_bpic17-both_model-it_0.pickle,158,294,LP,0.14184188842773438,1.0,0.0,1.0,0.0,q0: start,q94: customerO_CreateOffer2,q146: positive,3600,2
0,out/models/model_bpic17-both_model-it_0.pickle,158,294,QP,1.1591720581054688,1.0,0.002,1.0,0.002,q0: start,q68: O_Sentmailandonline,q146: positive,3600,2
1,out/models/model_bpic17-both_model-it_0.pickle,158,294,LP,0.183150053024292,1.0,0.002,1.0,0.002,q0: start,q68: O_Sentmailandonline,q146: positive,3600,2
0,out/models/model_bpic17-both_model-it_0.pickle,158,294,QP,3.8115029335021973,1.0,0.005,1.0,0.005,q0: start,q110: O_Returned,q146: positive,3600,2
1,out/models/model_bpic17-both_model-it_0.pickle,158,294,LP,0.09624981880187988,1.0,0.005,1.0,0.005,q0: start,q110: O_Returned,q146: positive,3600,2
0,out/models/model_bpic17-both_model-it_0.pickle,158,294,QP,2.100527048110962,1.0,0.14,1.0,0.144,q0: start,q37: A_Validating,q146: positive,3600,2
1,out/models/model_bpic17-both_model-it_0.pickle,158,294,LP,0.10534501075744629,1.0,0.144,1.0,0.144,q0: start,q37: A_Validating,q146: positive,3600,2
0,out/models/model_bpic17-both_model-it_0.pickle,158,294,QP,12.114583969116211,1.0,0.0,1.0,0.001,q0: start,q112: O_Cancelled,q146: positive,3600,2
1,out/models/model_bpic17-both_model-it_0.pickle,158,294,LP,0.07640624046325684,1.0,0.0,1.0,0.0,q0: start,q112: O_Cancelled,q146: positive,3600,2
0,out/models/model_bpic17-both_model-it_0.pickle,158,294,QP,4.543865203857422,1.0,0.005,1.0,0.005,q0: start,q76: A_Validating,q146: positive,3600,2
1,out/models/model_bpic17-both_model-it_0.pickle,158,294,LP,0.09627604484558105,1.0,0.005,1.0,0.005,q0: start,q76: A_Validating,q146: positive,3600,2
0,out/models/model_bpic17-both_model-it_0.pickle,158,294,QP,12.171294212341309,1.0,0.004,1.0,0.007,q0: start,q58: customerW_CallafteroffersLONG,q146: positive,3600,2
1,out/models/model_bpic17-both_model-it_0.pickle,158,294,LP,0.1858680248260498,1.0,0.004,1.0,0.007,q0: start,q58: customerW_CallafteroffersLONG,q146: positive,3600,2
0,out/models/model_bpic17-both_model-it_0.pickle,158,294,QP,2.071424961090088,1.0,0.0,1.0,0.498,q0: start,q122: companyW_CallincompletefilesSHORT,q146: positive,3600,2
1,out/models/model_bpic17-both_model-it_0.pickle,158,294,LP,0.07546067237854004,1.0,0.0,1.0,0.498,q0: start,q122: companyW_CallincompletefilesSHORT,q146: positive,3600,2
0,out/models/model_bpic17-both_model-it_0.pickle,158,294,QP,1.7080788612365723,1.0,0.0,1.0,0.0,q0: start,q143: customerO_Sentmailandonline,q146: positive,3600,2
1,out/models/model_bpic17-both_model-it_0.pickle,158,294,LP,0.09541583061218262,1.0,0.0,1.0,0.0,q0: start,q143: customerO_Sentmailandonline,q146: positive,3600,2
0,out/models/model_bpic17-both_model-it_0.pickle,158,294,QP,3.505969285964966,1.0,0.833,1.0,0.837,q0: start,q124: customerO_Returned,q146: positive,3600,2
1,out/models/model_bpic17-both_model-it_0.pickle,158,294,LP,0.06309986114501953,1.0,0.833,1.0,0.833,q0: start,q124: customerO_Returned,q146: positive,3600,2
0,out/models/model_bpic17-both_model-it_0.pickle,158,294,QP,10.626195192337036,1.0,0.005,1.0,0.005,q0: start,q102: W_CallafteroffersLONG,q146: positive,3600,2
1,out/models/model_bpic17-both_model-it_0.pickle,158,294,LP,0.17268013954162598,1.0,0.005,1.0,0.005,q0: start,q102: W_CallafteroffersLONG,q146: positive,3600,2
0,out/models/model_bpic17-both_model-it_0.pickle,158,294,QP,6.898345947265625,1.0,0.884,1.0,0.887,q0: start,q59: companyW_CallafteroffersSHORT,q146: positive,3600,2
1,out/models/model_bpic17-both_model-it_0.pickle,158,294,LP,0.0894160270690918,1.0,0.884,1.0,0.887,q0: start,q59: companyW_CallafteroffersSHORT,q146: positive,3600,2
0,out/models/model_bpic17-both_model-it_0.pickle,158,294,QP,5.559846878051758,1.0,0.02,1.0,0.02,q0: start,q101: O_CreateOffer2,q146: positive,3600,2
1,out/models/model_bpic17-both_model-it_0.pickle,158,294,LP,0.16534876823425293,1.0,0.02,1.0,0.02,q0: start,q101: O_CreateOffer2,q146: positive,3600,2
0,out/models/model_bpic17-both_model-it_0.pickle,158,294,QP,10.112954139709473,1.0,0.02,1.0,0.02,q0: start,q116: companyO_CreateOffer2,q146: positive,3600,2
1,out/models/model_bpic17-both_model-it_0.pickle,158,294,LP,0.17938017845153809,1.0,0.02,1.0,0.02,q0: start,q116: companyO_CreateOffer2,q146: positive,3600,2
0,out/models/model_bpic12_model-it_0.pickle,129,290,QP,16.90707516670227,1.0,0.0,1.0,1.0,q0: start,q44: customerW_Nabellenincompletedossiers0,q58: positive,3600,2
1,out/models/model_bpic12_model-it_0.pickle,129,290,LP,0.0427861213684082,1.0,0.0,1.0,1.0,q0: start,q44: customerW_Nabellenincompletedossiers0,q58: positive,3600,2
0,out/models/model_bpic17-both_model-it_0.pickle,158,294,QP,12.267466068267822,1.0,0.0,1.0,0.001,q0: start,q148: O_CreateOffer3,q146: positive,3600,2
1,out/models/model_bpic17-both_model-it_0.pickle,158,294,LP,0.07931900024414062,1.0,0.0,1.0,0.0,q0: start,q148: O_CreateOffer3,q146: positive,3600,2
0,out/models/model_bpic17-both_model-it_0.pickle,158,294,QP,9.852956056594849,1.0,0.018,1.0,0.019,q0: start,q69: O_Sentmailandonline,q146: positive,3600,2
1,out/models/model_bpic17-both_model-it_0.pickle,158,294,LP,0.15229201316833496,1.0,0.018,1.0,0.018,q0: start,q69: O_Sentmailandonline,q146: positive,3600,2
0,out/models/model_bpic17-both_model-it_0.pickle,158,294,QP,11.989738941192627,1.0,0.017,1.0,0.018,q0: start,q85: customerO_Sentmailandonline,q146: positive,3600,2
1,out/models/model_bpic17-both_model-it_0.pickle,158,294,LP,0.14793705940246582,1.0,0.017,1.0,0.018,q0: start,q85: customerO_Sentmailandonline,q146: positive,3600,2
0,out/models/model_bpic17-both_model-it_0.pickle,158,294,QP,6.589226007461548,1.0,0.902,1.0,0.906,q0: start,q75: O_Cancelled,q146: positive,3600,2
1,out/models/model_bpic17-both_model-it_0.pickle,158,294,LP,0.11562204360961914,1.0,0.902,1.0,0.907,q0: start,q75: O_Cancelled,q146: positive,3600,2
0,out/models/model_bpic17-both_model-it_0.pickle,158,294,QP,13.517026901245117,1.0,0.196,1.0,0.197,q0: start,q63: companyO_CreateOffer1,q146: positive,3600,2
1,out/models/model_bpic17-both_model-it_0.pickle,158,294,LP,0.13516521453857422,1.0,0.196,1.0,0.197,q0: start,q63: companyO_CreateOffer1,q146: positive,3600,2
0,out/models/model_bpic17-both_model-it_0.pickle,158,294,QP,14.77613091468811,1.0,0.192,1.0,0.192,q0: start,q77: O_Sentmailandonline,q146: positive,3600,2
1,out/models/model_bpic17-both_model-it_0.pickle,158,294,LP,0.14095115661621094,1.0,0.192,1.0,0.192,q0: start,q77: O_Sentmailandonline,q146: positive,3600,2
0,out/models/model_bpic17-both_model-it_0.pickle,158,294,QP,9.071690082550049,1.0,0.074,1.0,0.074,q0: start,q38: O_CreateOffer1,q146: positive,3600,2
1,out/models/model_bpic17-both_model-it_0.pickle,158,294,LP,0.13260698318481445,1.0,0.074,1.0,0.074,q0: start,q38: O_CreateOffer1,q146: positive,3600,2
0,out/models/model_bpic17-both_model-it_0.pickle,158,294,QP,11.775284767150879,1.0,0.046,1.0,0.047,q0: start,q95: companyO_Sentmailandonline,q146: positive,3600,2
1,out/models/model_bpic17-both_model-it_0.pickle,158,294,LP,0.14253902435302734,1.0,0.046,1.0,0.046,q0: start,q95: companyO_Sentmailandonline,q146: positive,3600,2
0,out/models/model_bpic17-both_model-it_0.pickle,158,294,QP,13.60693097114563,1.0,0.046,1.0,0.046,q0: start,q111: O_Sentmailandonline,q146: positive,3600,2
1,out/models/model_bpic17-both_model-it_0.pickle,158,294,LP,0.1352989673614502,1.0,0.046,1.0,0.046,q0: start,q111: O_Sentmailandonline,q146: positive,3600,2
0,out/models/model_bpic17-both_model-it_0.pickle,158,294,QP,16.28933596611023,1.0,0.006,1.0,0.006,q0: start,q86: companyW_CallafteroffersSHORT,q146: positive,3600,2
1,out/models/model_bpic17-both_model-it_0.pickle,158,294,LP,0.13212013244628906,1.0,0.006,1.0,0.006,q0: start,q86: companyW_CallafteroffersSHORT,q146: positive,3600,2
0,out/models/model_bpic17-both_model-it_0.pickle,158,294,QP,9.11307668685913,1.0,0.044,1.0,0.045,q0: start,q127: customerO_Sentmailandonline,q146: positive,3600,2
1,out/models/model_bpic17-both_model-it_0.pickle,158,294,LP,0.14329814910888672,1.0,0.044,1.0,0.044,q0: start,q127: customerO_Sentmailandonline,q146: positive,3600,2
0,out/models/model_bpic17-both_model-it_0.pickle,158,294,QP,17.438745975494385,1.0,0.048,1.0,0.049,q0: start,q78: O_Sentmailandonline,q146: positive,3600,2
1,out/models/model_bpic17-both_model-it_0.pickle,158,294,LP,0.11220693588256836,1.0,0.048,1.0,0.048,q0: start,q78: O_Sentmailandonline,q146: positive,3600,2
0,out/models/model_bpic12_model-it_0.pickle,129,290,QP,29.63337278366089,1.0,0.0,1.0,1.0,q0: start,q24: customerO_CANCELLED,q58: positive,3600,2
1,out/models/model_bpic12_model-it_0.pickle,129,290,LP,0.04351615905761719,1.0,0.0,1.0,1.0,q0: start,q24: customerO_CANCELLED,q58: positive,3600,2
0,out/models/model_bpic17-both_model-it_0.pickle,158,294,QP,18.709816932678223,1.0,0.0,1.0,0.001,q0: start,q141: companyO_CreateOffer2,q146: positive,3600,2
1,out/models/model_bpic17-both_model-it_0.pickle,158,294,LP,0.08803606033325195,1.0,0.0,1.0,0.0,q0: start,q141: companyO_CreateOffer2,q146: positive,3600,2
0,out/models/model_bpic17-both_model-it_0.pickle,158,294,QP,11.63211989402771,1.0,0.008,1.0,0.012,q0: start,q22: O_Cancelled,q146: positive,3600,2
1,out/models/model_bpic17-both_model-it_0.pickle,158,294,LP,0.1958601474761963,1.0,0.011,1.0,0.011,q0: start,q22: O_Cancelled,q146: positive,3600,2
0,out/models/model_bpic17-both_model-it_0.pickle,158,294,QP,21.19439196586609,1.0,0.0,1.0,0.117,q0: start,q106: W_CallincompletefilesLONG,q146: positive,3600,2
1,out/models/model_bpic17-both_model-it_0.pickle,158,294,LP,0.09551119804382324,1.0,0.0,1.0,0.117,q0: start,q106: W_CallincompletefilesLONG,q146: positive,3600,2
0,out/models/model_bpic17-both_model-it_0.pickle,158,294,QP,14.730929136276245,1.0,0.102,1.0,0.104,q0: start,q26: companyO_Sentmailandonline,q146: positive,3600,2
1,out/models/model_bpic17-both_model-it_0.pickle,158,294,LP,0.13007116317749023,1.0,0.102,1.0,0.104,q0: start,q26: companyO_Sentmailandonline,q146: positive,3600,2
0,out/models/model_bpic17-both_model-it_0.pickle,158,294,QP,16.701235055923462,1.0,0.198,1.0,0.198,q0: start,q45: O_CreateOffer1,q146: positive,3600,2
1,out/models/model_bpic17-both_model-it_0.pickle,158,294,LP,0.1400928497314453,1.0,0.198,1.0,0.198,q0: start,q45: O_CreateOffer1,q146: positive,3600,2
0,out/models/model_bpic17-both_model-it_0.pickle,158,294,QP,17.59648609161377,1.0,0.052,1.0,0.204,q0: start,q43: W_CallafteroffersSHORT,q146: positive,3600,2
1,out/models/model_bpic17-both_model-it_0.pickle,158,294,LP,0.13334131240844727,1.0,0.203,1.0,0.203,q0: start,q43: W_CallafteroffersSHORT,q146: positive,3600,2
0,out/models/model_bpic17-both_model-it_0.pickle,158,294,QP,28.01447296142578,1.0,0.0,1.0,0.001,q0: start,q135: O_CreateOffer2,q146: positive,3600,2
1,out/models/model_bpic17-both_model-it_0.pickle,158,294,LP,0.09219527244567871,1.0,0.0,1.0,0.0,q0: start,q135: O_CreateOffer2,q146: positive,3600,2
0,out/models/model_bpic12_model-it_0.pickle,129,290,QP,57.447776079177856,1.0,0.0,1.0,1.0,q0: start,q3: companyA_SUBMITTED,q58: positive,3600,2
1,out/models/model_bpic12_model-it_0.pickle,129,290,LP,0.03872990608215332,1.0,0.0,1.0,1.0,q0: start,q3: companyA_SUBMITTED,q58: positive,3600,2
0,out/models/model_bpic12_model-it_0.pickle,129,290,QP,58.021568059921265,1.0,0.0,1.0,1.0,q0: start,q5: A_PREACCEPTED,q58: positive,3600,2
1,out/models/model_bpic12_model-it_0.pickle,129,290,LP,0.039357900619506836,1.0,0.0,1.0,1.0,q0: start,q5: A_PREACCEPTED,q58: positive,3600,2
0,out/models/model_bpic12_model-it_0.pickle,129,290,QP,64.81808614730835,1.0,0.0,1.0,1.0,q0: start,q9: customerA_CANCELLED,q58: positive,3600,2
1,out/models/model_bpic12_model-it_0.pickle,129,290,LP,0.061760902404785156,1.0,0.0,1.0,1.0,q0: start,q9: customerA_CANCELLED,q58: positive,3600,2
0,out/models/model_bpic12_model-it_0.pickle,129,290,QP,85.19732308387756,1.0,0.0,1.0,1.0,q0: start,q27: customerW_Nabellenoffertes0,q58: positive,3600,2
1,out/models/model_bpic12_model-it_0.pickle,129,290,LP,0.03682971000671387,1.0,0.0,1.0,1.0,q0: start,q27: customerW_Nabellenoffertes0,q58: positive,3600,2
0,out/models/model_bpic17-both_model-it_0.pickle,158,294,QP,134.22219681739807,1.0,0.015,1.0,0.015,q0: start,q103: W_CallafteroffersSHORT,q146: positive,3600,2
1,out/models/model_bpic17-both_model-it_0.pickle,158,294,LP,0.15256905555725098,1.0,0.015,1.0,0.015,q0: start,q103: W_CallafteroffersSHORT,q146: positive,3600,2
0,out/models/model_bpic12_model-it_0.pickle,129,290,QP,177.57777309417725,1.0,0.0,1.0,1.0,q0: start,q6: A_CANCELLED,q58: positive,3600,2
1,out/models/model_bpic12_model-it_0.pickle,129,290,LP,0.03287196159362793,1.0,0.0,1.0,1.0,q0: start,q6: A_CANCELLED,q58: positive,3600,2
0,out/models/model_bpic12_model-it_0.pickle,129,290,QP,430.3436391353607,1.0,0.0,1.0,1.0,q0: start,q26: customerO_SENT_BACK,q58: positive,3600,2
1,out/models/model_bpic12_model-it_0.pickle,129,290,LP,0.04373288154602051,1.0,0.0,1.0,1.0,q0: start,q26: customerO_SENT_BACK,q58: positive,3600,2
