,name,states,transitions,encoding,sense,time,reachability_value,importance_value,start_state,via_state,target_state,timeout,status
0,out/models/model_epidemic4_model-it_0.pickle,227,898,QP,1,0.00666499137878418,1.0,0.0,q0: start,"(4, 1, 3)",positive,3600,2
1,out/models/model_epidemic4_model-it_0.pickle,227,898,LP,1,0.0026841163635253906,1.0,0.0,q0: start,"(4, 1, 3)",positive,3600,2
0,out/models/model_epidemic4_model-it_0.pickle,227,898,QP,-1,0.12256598472595215,1.0,1.0,q0: start,"(4, 1, 6)",positive,3600,2
1,out/models/model_epidemic4_model-it_0.pickle,227,898,LP,-1,0.004809141159057617,1.0,1.0,q0: start,"(4, 1, 6)",positive,3600,2
0,out/models/model_epidemic4_model-it_0.pickle,227,898,QP,-1,0.007490873336791992,1.0,0.0,q0: start,"(4, 1, 4)",positive,3600,2
1,out/models/model_epidemic4_model-it_0.pickle,227,898,LP,-1,0.004072904586791992,1.0,0.0,q0: start,"(4, 1, 4)",positive,3600,2
0,out/models/model_epidemic4_model-it_0.pickle,227,898,QP,-1,0.12494897842407227,1.0,1.0,q0: start,"(4, 1, 5)",positive,3600,2
1,out/models/model_epidemic4_model-it_0.pickle,227,898,LP,-1,0.0031518936157226562,1.0,1.0,q0: start,"(4, 1, 5)",positive,3600,2
0,out/models/model_epidemic4_model-it_0.pickle,227,898,QP,1,0.008970022201538086,1.0,0.0,q0: start,"(4, 1, 4)",positive,3600,2
1,out/models/model_epidemic4_model-it_0.pickle,227,898,LP,1,0.002660036087036133,1.0,0.0,q0: start,"(4, 1, 4)",positive,3600,2
0,out/models/model_epidemic4_model-it_0.pickle,227,898,QP,-1,0.12192010879516602,1.0,1.0,q0: start,"(4, 1, 7)",positive,3600,2
1,out/models/model_epidemic4_model-it_0.pickle,227,898,LP,-1,0.0037009716033935547,1.0,1.0,q0: start,"(4, 1, 7)",positive,3600,2
0,out/models/model_epidemic5_model-it_0.pickle,398,1816,QP,1,0.2609419822692871,1.0,0.0,q0: start,"(5, 1, 6)",positive,3600,2
1,out/models/model_epidemic5_model-it_0.pickle,398,1816,LP,1,0.006986141204833984,1.0,0.0,q0: start,"(5, 1, 6)",positive,3600,2
0,out/models/model_epidemic5_model-it_0.pickle,398,1816,QP,-1,0.008353948593139648,1.0,0.0,q0: start,"(5, 1, 2)",positive,3600,2
1,out/models/model_epidemic5_model-it_0.pickle,398,1816,LP,-1,0.008011102676391602,1.0,0.0,q0: start,"(5, 1, 2)",positive,3600,2
0,out/models/model_epidemic4_model-it_0.pickle,227,898,QP,-1,0.01654791831970215,1.0,0.0,q0: start,"(4, 1, 1)",positive,3600,2
1,out/models/model_epidemic4_model-it_0.pickle,227,898,LP,-1,0.006869077682495117,1.0,0.0,q0: start,"(4, 1, 1)",positive,3600,2
0,out/models/model_epidemic4_model-it_0.pickle,227,898,QP,-1,0.023515939712524414,1.0,0.0,q0: start,"(4, 1, 0)",positive,3600,2
1,out/models/model_epidemic4_model-it_0.pickle,227,898,LP,-1,0.0059239864349365234,1.0,0.0,q0: start,"(4, 1, 0)",positive,3600,2
0,out/models/model_epidemic4_model-it_0.pickle,227,898,QP,1,0.009341001510620117,1.0,0.0,q0: start,"(4, 1, 1)",positive,3600,2
1,out/models/model_epidemic4_model-it_0.pickle,227,898,LP,1,0.033039093017578125,1.0,0.0,q0: start,"(4, 1, 1)",positive,3600,2
0,out/models/model_epidemic4_model-it_0.pickle,227,898,QP,1,0.15248894691467285,1.0,0.0,q0: start,"(4, 1, 8)",positive,3600,2
1,out/models/model_epidemic4_model-it_0.pickle,227,898,LP,1,0.0036711692810058594,1.0,0.0,q0: start,"(4, 1, 8)",positive,3600,2
0,out/models/model_epidemic4_model-it_0.pickle,227,898,QP,1,0.1429908275604248,1.0,0.0,q0: start,"(4, 1, 6)",positive,3600,2
1,out/models/model_epidemic4_model-it_0.pickle,227,898,LP,1,0.004151105880737305,1.0,0.0,q0: start,"(4, 1, 6)",positive,3600,2
0,out/models/model_epidemic4_model-it_0.pickle,227,898,QP,1,0.016770124435424805,1.0,0.0,q0: start,"(4, 1, 2)",positive,3600,2
1,out/models/model_epidemic4_model-it_0.pickle,227,898,LP,1,0.005557060241699219,1.0,0.0,q0: start,"(4, 1, 2)",positive,3600,2
0,out/models/model_epidemic4_model-it_0.pickle,227,898,QP,-1,0.04916191101074219,1.0,0.0,q0: start,"(4, 1, 2)",positive,3600,2
1,out/models/model_epidemic4_model-it_0.pickle,227,898,LP,-1,0.0052700042724609375,1.0,0.0,q0: start,"(4, 1, 2)",positive,3600,2
0,out/models/model_epidemic4_model-it_0.pickle,227,898,QP,1,0.014711141586303711,1.0,0.0,q0: start,"(4, 1, 0)",positive,3600,2
1,out/models/model_epidemic4_model-it_0.pickle,227,898,LP,1,0.00557398796081543,1.0,0.0,q0: start,"(4, 1, 0)",positive,3600,2
0,out/models/model_epidemic5_model-it_0.pickle,398,1816,QP,-1,0.015735149383544922,1.0,0.0,q0: start,"(5, 1, 0)",positive,3600,2
1,out/models/model_epidemic5_model-it_0.pickle,398,1816,LP,-1,0.008304834365844727,1.0,0.0,q0: start,"(5, 1, 0)",positive,3600,2
0,out/models/model_epidemic4_model-it_0.pickle,227,898,QP,-1,0.012597084045410156,1.0,0.0,q0: start,"(4, 1, 3)",positive,3600,2
1,out/models/model_epidemic4_model-it_0.pickle,227,898,LP,-1,0.023170948028564453,1.0,0.0,q0: start,"(4, 1, 3)",positive,3600,2
0,out/models/model_epidemic4_model-it_0.pickle,227,898,QP,1,0.21986007690429688,1.0,0.0,q0: start,"(4, 1, 5)",positive,3600,2
1,out/models/model_epidemic4_model-it_0.pickle,227,898,LP,1,0.00563502311706543,1.0,0.0,q0: start,"(4, 1, 5)",positive,3600,2
0,out/models/model_epidemic5_model-it_0.pickle,398,1816,QP,-1,0.017560958862304688,1.0,0.0,q0: start,"(5, 1, 4)",positive,3600,2
1,out/models/model_epidemic5_model-it_0.pickle,398,1816,LP,-1,0.008686065673828125,1.0,0.0,q0: start,"(5, 1, 4)",positive,3600,2
0,out/models/model_epidemic5_model-it_0.pickle,398,1816,QP,1,0.015603065490722656,1.0,0.0,q0: start,"(5, 1, 3)",positive,3600,2
1,out/models/model_epidemic5_model-it_0.pickle,398,1816,LP,1,0.0037419795989990234,1.0,0.0,q0: start,"(5, 1, 3)",positive,3600,2
0,out/models/model_epidemic5_model-it_0.pickle,398,1816,QP,1,0.016203880310058594,1.0,0.0,q0: start,"(5, 1, 1)",positive,3600,2
1,out/models/model_epidemic5_model-it_0.pickle,398,1816,LP,1,0.0034439563751220703,1.0,0.0,q0: start,"(5, 1, 1)",positive,3600,2
0,out/models/model_epidemic5_model-it_0.pickle,398,1816,QP,1,0.37441492080688477,1.0,0.0,q0: start,"(5, 1, 9)",positive,3600,2
1,out/models/model_epidemic5_model-it_0.pickle,398,1816,LP,1,0.0035741329193115234,1.0,0.0,q0: start,"(5, 1, 9)",positive,3600,2
0,out/models/model_epidemic5_model-it_0.pickle,398,1816,QP,1,0.01590895652770996,1.0,0.0,q0: start,"(5, 1, 2)",positive,3600,2
1,out/models/model_epidemic5_model-it_0.pickle,398,1816,LP,1,0.0042400360107421875,1.0,0.0,q0: start,"(5, 1, 2)",positive,3600,2
0,out/models/model_epidemic5_model-it_0.pickle,398,1816,QP,-1,0.04319405555725098,1.0,0.0,q0: start,"(5, 1, 3)",positive,3600,2
1,out/models/model_epidemic5_model-it_0.pickle,398,1816,LP,-1,0.005627870559692383,1.0,0.0,q0: start,"(5, 1, 3)",positive,3600,2
0,out/models/model_epidemic4_model-it_0.pickle,227,898,QP,-1,0.2558908462524414,1.0,1.0,q0: start,"(4, 1, 8)",positive,3600,2
1,out/models/model_epidemic4_model-it_0.pickle,227,898,LP,-1,0.004879951477050781,1.0,1.0,q0: start,"(4, 1, 8)",positive,3600,2
0,out/models/model_epidemic5_model-it_0.pickle,398,1816,QP,1,0.013422966003417969,1.0,0.0,q0: start,"(5, 1, 0)",positive,3600,2
1,out/models/model_epidemic5_model-it_0.pickle,398,1816,LP,1,0.004287004470825195,1.0,0.0,q0: start,"(5, 1, 0)",positive,3600,2
0,out/models/model_epidemic5_model-it_0.pickle,398,1816,QP,1,0.27150988578796387,1.0,0.0,q0: start,"(5, 1, 10)",positive,3600,2
1,out/models/model_epidemic5_model-it_0.pickle,398,1816,LP,1,0.004809141159057617,1.0,0.0,q0: start,"(5, 1, 10)",positive,3600,2
0,out/models/model_epidemic4_model-it_0.pickle,227,898,QP,1,0.2284221649169922,1.0,0.0,q0: start,"(4, 1, 7)",positive,3600,2
1,out/models/model_epidemic4_model-it_0.pickle,227,898,LP,1,0.004911899566650391,1.0,0.0,q0: start,"(4, 1, 7)",positive,3600,2
0,out/models/model_epidemic5_model-it_0.pickle,398,1816,QP,1,0.015983104705810547,1.0,0.0,q0: start,"(5, 1, 4)",positive,3600,2
1,out/models/model_epidemic5_model-it_0.pickle,398,1816,LP,1,0.004024028778076172,1.0,0.0,q0: start,"(5, 1, 4)",positive,3600,2
0,out/models/model_epidemic5_model-it_0.pickle,398,1816,QP,-1,0.01671886444091797,1.0,0.0,q0: start,"(5, 1, 5)",positive,3600,2
1,out/models/model_epidemic5_model-it_0.pickle,398,1816,LP,-1,0.013074159622192383,1.0,0.0,q0: start,"(5, 1, 5)",positive,3600,2
0,out/models/model_epidemic5_model-it_0.pickle,398,1816,QP,1,0.017467975616455078,1.0,0.0,q0: start,"(5, 1, 5)",positive,3600,2
1,out/models/model_epidemic5_model-it_0.pickle,398,1816,LP,1,0.004220008850097656,1.0,0.0,q0: start,"(5, 1, 5)",positive,3600,2
0,out/models/model_epidemic5_model-it_0.pickle,398,1816,QP,-1,0.45899486541748047,1.0,1.0,q0: start,"(5, 1, 9)",positive,3600,2
1,out/models/model_epidemic5_model-it_0.pickle,398,1816,LP,-1,0.00648808479309082,1.0,1.0,q0: start,"(5, 1, 9)",positive,3600,2
0,out/models/model_epidemic5_model-it_0.pickle,398,1816,QP,-1,0.44609904289245605,1.0,1.0,q0: start,"(5, 1, 10)",positive,3600,2
1,out/models/model_epidemic5_model-it_0.pickle,398,1816,LP,-1,0.0047681331634521484,1.0,1.0,q0: start,"(5, 1, 10)",positive,3600,2
0,out/models/model_epidemic5_model-it_0.pickle,398,1816,QP,1,0.3228781223297119,1.0,0.0,q0: start,"(5, 1, 8)",positive,3600,2
1,out/models/model_epidemic5_model-it_0.pickle,398,1816,LP,1,0.004088163375854492,1.0,0.0,q0: start,"(5, 1, 8)",positive,3600,2
0,out/models/model_epidemic5_model-it_0.pickle,398,1816,QP,-1,0.5241260528564453,1.0,1.0,q0: start,"(5, 1, 7)",positive,3600,2
1,out/models/model_epidemic5_model-it_0.pickle,398,1816,LP,-1,0.19072318077087402,1.0,1.0,q0: start,"(5, 1, 7)",positive,3600,2
0,out/models/model_epidemic5_model-it_0.pickle,398,1816,QP,-1,0.4341409206390381,1.0,1.0,q0: start,"(5, 1, 8)",positive,3600,2
1,out/models/model_epidemic5_model-it_0.pickle,398,1816,LP,-1,0.006173849105834961,1.0,1.0,q0: start,"(5, 1, 8)",positive,3600,2
0,out/models/model_epidemic6_model-it_0.pickle,639,3364,QP,1,0.08630895614624023,1.0,0.0,q0: start,"(6, 1, 0)",positive,3600,2
1,out/models/model_epidemic6_model-it_0.pickle,639,3364,LP,1,0.013165950775146484,1.0,0.0,q0: start,"(6, 1, 0)",positive,3600,2
0,out/models/model_epidemic5_model-it_0.pickle,398,1816,QP,1,0.425321102142334,1.0,0.0,q0: start,"(5, 1, 7)",positive,3600,2
1,out/models/model_epidemic5_model-it_0.pickle,398,1816,LP,1,0.02153611183166504,1.0,0.0,q0: start,"(5, 1, 7)",positive,3600,2
0,out/models/model_epidemic5_model-it_0.pickle,398,1816,QP,-1,0.0234220027923584,1.0,0.0,q0: start,"(5, 1, 1)",positive,3600,2
1,out/models/model_epidemic5_model-it_0.pickle,398,1816,LP,-1,0.027466773986816406,1.0,0.0,q0: start,"(5, 1, 1)",positive,3600,2
0,out/models/model_epidemic5_model-it_0.pickle,398,1816,QP,-1,0.5254991054534912,1.0,1.0,q0: start,"(5, 1, 6)",positive,3600,2
1,out/models/model_epidemic5_model-it_0.pickle,398,1816,LP,-1,0.033367156982421875,1.0,1.0,q0: start,"(5, 1, 6)",positive,3600,2
0,out/models/model_epidemic6_model-it_0.pickle,639,3364,QP,1,0.016989946365356445,1.0,0.0,q0: start,"(6, 1, 1)",positive,3600,2
1,out/models/model_epidemic6_model-it_0.pickle,639,3364,LP,1,0.00513005256652832,1.0,0.0,q0: start,"(6, 1, 1)",positive,3600,2
0,out/models/model_epidemic6_model-it_0.pickle,639,3364,QP,1,0.014444112777709961,1.0,0.0,q0: start,"(6, 1, 6)",positive,3600,2
1,out/models/model_epidemic6_model-it_0.pickle,639,3364,LP,1,0.03273606300354004,1.0,0.0,q0: start,"(6, 1, 6)",positive,3600,2
0,out/models/model_epidemic6_model-it_0.pickle,639,3364,QP,1,0.016679048538208008,1.0,0.0,q0: start,"(6, 1, 3)",positive,3600,2
1,out/models/model_epidemic6_model-it_0.pickle,639,3364,LP,1,0.010393857955932617,1.0,0.0,q0: start,"(6, 1, 3)",positive,3600,2
0,out/models/model_epidemic6_model-it_0.pickle,639,3364,QP,1,0.028098106384277344,1.0,0.0,q0: start,"(6, 1, 5)",positive,3600,2
1,out/models/model_epidemic6_model-it_0.pickle,639,3364,LP,1,0.010822057723999023,1.0,0.0,q0: start,"(6, 1, 5)",positive,3600,2
0,out/models/model_epidemic6_model-it_0.pickle,639,3364,QP,1,0.02131795883178711,1.0,0.0,q0: start,"(6, 1, 2)",positive,3600,2
1,out/models/model_epidemic6_model-it_0.pickle,639,3364,LP,1,0.019019126892089844,1.0,0.0,q0: start,"(6, 1, 2)",positive,3600,2
0,out/models/model_epidemic6_model-it_0.pickle,639,3364,QP,1,1.8221938610076904,1.0,0.0,q0: start,"(6, 1, 12)",positive,3600,2
1,out/models/model_epidemic6_model-it_0.pickle,639,3364,LP,1,0.0211789608001709,1.0,0.0,q0: start,"(6, 1, 12)",positive,3600,2
0,out/models/model_epidemic6_model-it_0.pickle,639,3364,QP,-1,0.017094135284423828,1.0,0.0,q0: start,"(6, 1, 0)",positive,3600,2
1,out/models/model_epidemic6_model-it_0.pickle,639,3364,LP,-1,0.03635907173156738,1.0,0.0,q0: start,"(6, 1, 0)",positive,3600,2
0,out/models/model_epidemic6_model-it_0.pickle,639,3364,QP,1,1.8072268962860107,1.0,0.0,q0: start,"(6, 1, 7)",positive,3600,2
1,out/models/model_epidemic6_model-it_0.pickle,639,3364,LP,1,0.0072438716888427734,1.0,0.0,q0: start,"(6, 1, 7)",positive,3600,2
0,out/models/model_epidemic6_model-it_0.pickle,639,3364,QP,1,0.020884037017822266,1.0,0.0,q0: start,"(6, 1, 4)",positive,3600,2
1,out/models/model_epidemic6_model-it_0.pickle,639,3364,LP,1,0.025999069213867188,1.0,0.0,q0: start,"(6, 1, 4)",positive,3600,2
0,out/models/model_epidemic6_model-it_0.pickle,639,3364,QP,1,0.8328959941864014,1.0,0.0,q0: start,"(6, 1, 10)",positive,3600,2
1,out/models/model_epidemic6_model-it_0.pickle,639,3364,LP,1,0.027279138565063477,1.0,0.0,q0: start,"(6, 1, 10)",positive,3600,2
0,out/models/model_epidemic6_model-it_0.pickle,639,3364,QP,1,2.341057062149048,1.0,0.0,q0: start,"(6, 1, 8)",positive,3600,2
1,out/models/model_epidemic6_model-it_0.pickle,639,3364,LP,1,0.0639190673828125,1.0,0.0,q0: start,"(6, 1, 8)",positive,3600,2
0,out/models/model_epidemic6_model-it_0.pickle,639,3364,QP,-1,0.017398834228515625,1.0,0.0,q0: start,"(6, 1, 3)",positive,3600,2
1,out/models/model_epidemic6_model-it_0.pickle,639,3364,LP,-1,0.06759905815124512,1.0,0.0,q0: start,"(6, 1, 3)",positive,3600,2
0,out/models/model_epidemic6_model-it_0.pickle,639,3364,QP,-1,0.19327497482299805,1.0,0.0,q0: start,"(6, 1, 2)",positive,3600,2
1,out/models/model_epidemic6_model-it_0.pickle,639,3364,LP,-1,0.06963896751403809,1.0,0.0,q0: start,"(6, 1, 2)",positive,3600,2
0,out/models/model_epidemic6_model-it_0.pickle,639,3364,QP,-1,0.022578001022338867,1.0,0.0,q0: start,"(6, 1, 4)",positive,3600,2
1,out/models/model_epidemic6_model-it_0.pickle,639,3364,LP,-1,0.03827404975891113,1.0,0.0,q0: start,"(6, 1, 4)",positive,3600,2
0,out/models/model_epidemic6_model-it_0.pickle,639,3364,QP,1,1.1491870880126953,1.0,0.0,q0: start,"(6, 1, 9)",positive,3600,2
1,out/models/model_epidemic6_model-it_0.pickle,639,3364,LP,1,0.008946895599365234,1.0,0.0,q0: start,"(6, 1, 9)",positive,3600,2
0,out/models/model_epidemic6_model-it_0.pickle,639,3364,QP,-1,0.9098250865936279,1.0,1.0,q0: start,"(6, 1, 10)",positive,3600,2
1,out/models/model_epidemic6_model-it_0.pickle,639,3364,LP,-1,0.011015176773071289,1.0,1.0,q0: start,"(6, 1, 10)",positive,3600,2
0,out/models/model_epidemic6_model-it_0.pickle,639,3364,QP,-1,0.021718978881835938,1.0,0.0,q0: start,"(6, 1, 1)",positive,3600,2
1,out/models/model_epidemic6_model-it_0.pickle,639,3364,LP,-1,0.011250972747802734,1.0,0.0,q0: start,"(6, 1, 1)",positive,3600,2
0,out/models/model_epidemic6_model-it_0.pickle,639,3364,QP,-1,0.0861968994140625,1.0,0.0,q0: start,"(6, 1, 6)",positive,3600,2
1,out/models/model_epidemic6_model-it_0.pickle,639,3364,LP,-1,0.05935215950012207,1.0,0.0,q0: start,"(6, 1, 6)",positive,3600,2
0,out/models/model_epidemic6_model-it_0.pickle,639,3364,QP,-1,1.0177290439605713,1.0,1.0,q0: start,"(6, 1, 9)",positive,3600,2
1,out/models/model_epidemic6_model-it_0.pickle,639,3364,LP,-1,0.06257987022399902,1.0,1.0,q0: start,"(6, 1, 9)",positive,3600,2
0,out/models/model_epidemic6_model-it_0.pickle,639,3364,QP,-1,0.9710369110107422,1.0,1.0,q0: start,"(6, 1, 7)",positive,3600,2
1,out/models/model_epidemic6_model-it_0.pickle,639,3364,LP,-1,0.007310152053833008,1.0,1.0,q0: start,"(6, 1, 7)",positive,3600,2
0,out/models/model_epidemic6_model-it_0.pickle,639,3364,QP,-1,0.08152580261230469,1.0,0.0,q0: start,"(6, 1, 5)",positive,3600,2
1,out/models/model_epidemic6_model-it_0.pickle,639,3364,LP,-1,0.006803989410400391,1.0,0.0,q0: start,"(6, 1, 5)",positive,3600,2
0,out/models/model_epidemic6_model-it_0.pickle,639,3364,QP,-1,0.8450438976287842,1.0,1.0,q0: start,"(6, 1, 12)",positive,3600,2
1,out/models/model_epidemic6_model-it_0.pickle,639,3364,LP,-1,0.009495019912719727,1.0,1.0,q0: start,"(6, 1, 12)",positive,3600,2
0,out/models/model_epidemic6_model-it_0.pickle,639,3364,QP,-1,0.8344581127166748,1.0,1.0,q0: start,"(6, 1, 8)",positive,3600,2
1,out/models/model_epidemic6_model-it_0.pickle,639,3364,LP,-1,0.009093999862670898,1.0,1.0,q0: start,"(6, 1, 8)",positive,3600,2
0,out/models/model_epidemic6_model-it_0.pickle,639,3364,QP,1,2.5182008743286133,1.0,0.0,q0: start,"(6, 1, 11)",positive,3600,2
1,out/models/model_epidemic6_model-it_0.pickle,639,3364,LP,1,0.00427699089050293,1.0,0.0,q0: start,"(6, 1, 11)",positive,3600,2
0,out/models/model_epidemic6_model-it_0.pickle,639,3364,QP,-1,1.1806941032409668,1.0,1.0,q0: start,"(6, 1, 11)",positive,3600,2
1,out/models/model_epidemic6_model-it_0.pickle,639,3364,LP,-1,0.005935192108154297,1.0,1.0,q0: start,"(6, 1, 11)",positive,3600,2
0,out/models/model_epidemic7_model-it_0.pickle,962,5644,QP,1,0.05924820899963379,0.9999999999999999,0.0,q0: start,"(7, 1, 5)",positive,3600,2
1,out/models/model_epidemic7_model-it_0.pickle,962,5644,LP,1,0.004723072052001953,1.0,0.0,q0: start,"(7, 1, 5)",positive,3600,2
0,out/models/model_epidemic7_model-it_0.pickle,962,5644,QP,1,0.0781090259552002,0.9999999999999999,0.0,q0: start,"(7, 1, 1)",positive,3600,2
1,out/models/model_epidemic7_model-it_0.pickle,962,5644,LP,1,0.005792856216430664,1.0,0.0,q0: start,"(7, 1, 1)",positive,3600,2
0,out/models/model_epidemic7_model-it_0.pickle,962,5644,QP,1,0.08650898933410645,0.9999999999999999,0.0,q0: start,"(7, 1, 4)",positive,3600,2
1,out/models/model_epidemic7_model-it_0.pickle,962,5644,LP,1,0.005766153335571289,1.0,0.0,q0: start,"(7, 1, 4)",positive,3600,2
0,out/models/model_epidemic7_model-it_0.pickle,962,5644,QP,1,0.0863652229309082,0.9999999999999999,0.0,q0: start,"(7, 1, 2)",positive,3600,2
1,out/models/model_epidemic7_model-it_0.pickle,962,5644,LP,1,0.005609035491943359,1.0,0.0,q0: start,"(7, 1, 2)",positive,3600,2
0,out/models/model_epidemic7_model-it_0.pickle,962,5644,QP,1,0.0713191032409668,0.9999999999999999,0.0,q0: start,"(7, 1, 7)",positive,3600,2
1,out/models/model_epidemic7_model-it_0.pickle,962,5644,LP,1,0.00557398796081543,1.0,0.0,q0: start,"(7, 1, 7)",positive,3600,2
0,out/models/model_epidemic7_model-it_0.pickle,962,5644,QP,1,0.07402801513671875,0.9999999999999999,0.0,q0: start,"(7, 1, 3)",positive,3600,2
1,out/models/model_epidemic7_model-it_0.pickle,962,5644,LP,1,0.005221128463745117,1.0,0.0,q0: start,"(7, 1, 3)",positive,3600,2
0,out/models/model_epidemic7_model-it_0.pickle,962,5644,QP,1,0.06892704963684082,0.9999999999999999,0.0,q0: start,"(7, 1, 6)",positive,3600,2
1,out/models/model_epidemic7_model-it_0.pickle,962,5644,LP,1,0.0055310726165771484,1.0,0.0,q0: start,"(7, 1, 6)",positive,3600,2
0,out/models/model_epidemic7_model-it_0.pickle,962,5644,QP,-1,0.01549386978149414,0.9999999999999999,0.0,q0: start,"(7, 1, 0)",positive,3600,2
1,out/models/model_epidemic7_model-it_0.pickle,962,5644,LP,-1,0.007023811340332031,1.0,0.0,q0: start,"(7, 1, 0)",positive,3600,2
0,out/models/model_epidemic7_model-it_0.pickle,962,5644,QP,-1,0.015066862106323242,0.9999999999999999,0.0,q0: start,"(7, 1, 5)",positive,3600,2
1,out/models/model_epidemic7_model-it_0.pickle,962,5644,LP,-1,0.006414890289306641,1.0,0.0,q0: start,"(7, 1, 5)",positive,3600,2
0,out/models/model_epidemic7_model-it_0.pickle,962,5644,QP,-1,0.014750957489013672,0.9999999999999999,0.0,q0: start,"(7, 1, 6)",positive,3600,2
1,out/models/model_epidemic7_model-it_0.pickle,962,5644,LP,-1,0.006757020950317383,1.0,0.0,q0: start,"(7, 1, 6)",positive,3600,2
0,out/models/model_epidemic7_model-it_0.pickle,962,5644,QP,-1,0.016585826873779297,0.9999999999999999,0.0,q0: start,"(7, 1, 3)",positive,3600,2
1,out/models/model_epidemic7_model-it_0.pickle,962,5644,LP,-1,0.007794857025146484,1.0,0.0,q0: start,"(7, 1, 3)",positive,3600,2
0,out/models/model_epidemic7_model-it_0.pickle,962,5644,QP,-1,0.01729583740234375,0.9999999999999999,0.0,q0: start,"(7, 1, 1)",positive,3600,2
1,out/models/model_epidemic7_model-it_0.pickle,962,5644,LP,-1,0.0062808990478515625,1.0,0.0,q0: start,"(7, 1, 1)",positive,3600,2
0,out/models/model_epidemic7_model-it_0.pickle,962,5644,QP,-1,0.020800113677978516,0.9999999999999999,0.0,q0: start,"(7, 1, 7)",positive,3600,2
1,out/models/model_epidemic7_model-it_0.pickle,962,5644,LP,-1,0.006181001663208008,1.0,0.0,q0: start,"(7, 1, 7)",positive,3600,2
0,out/models/model_epidemic7_model-it_0.pickle,962,5644,QP,-1,0.021528005599975586,0.9999999999999999,0.0,q0: start,"(7, 1, 4)",positive,3600,2
1,out/models/model_epidemic7_model-it_0.pickle,962,5644,LP,-1,0.006563901901245117,1.0,0.0,q0: start,"(7, 1, 4)",positive,3600,2
0,out/models/model_epidemic7_model-it_0.pickle,962,5644,QP,-1,0.02762603759765625,0.9999999999999999,0.0,q0: start,"(7, 1, 2)",positive,3600,2
1,out/models/model_epidemic7_model-it_0.pickle,962,5644,LP,-1,0.006228923797607422,1.0,0.0,q0: start,"(7, 1, 2)",positive,3600,2
0,out/models/model_epidemic7_model-it_0.pickle,962,5644,QP,1,0.03055286407470703,0.9999999999999999,0.0,q0: start,"(7, 1, 0)",positive,3600,2
1,out/models/model_epidemic7_model-it_0.pickle,962,5644,LP,1,0.007149934768676758,1.0,0.0,q0: start,"(7, 1, 0)",positive,3600,2
0,out/models/model_epidemic8_model-it_0.pickle,1379,9029,QP,1,0.01656198501586914,1.0,0.0,q0: start,"(8, 1, 2)",positive,3600,2
1,out/models/model_epidemic8_model-it_0.pickle,1379,9029,LP,1,0.004667043685913086,1.0,0.0,q0: start,"(8, 1, 2)",positive,3600,2
0,out/models/model_epidemic7_model-it_0.pickle,962,5644,QP,1,4.282094955444336,1.0,0.0,q0: start,"(7, 1, 10)",positive,3600,2
1,out/models/model_epidemic7_model-it_0.pickle,962,5644,LP,1,0.003901958465576172,1.0,0.0,q0: start,"(7, 1, 10)",positive,3600,2
0,out/models/model_epidemic8_model-it_0.pickle,1379,9029,QP,1,0.018568038940429688,1.0,0.0,q0: start,"(8, 1, 4)",positive,3600,2
1,out/models/model_epidemic8_model-it_0.pickle,1379,9029,LP,1,0.0046041011810302734,1.0,0.0,q0: start,"(8, 1, 4)",positive,3600,2
0,out/models/model_epidemic8_model-it_0.pickle,1379,9029,QP,1,0.015928983688354492,1.0,0.0,q0: start,"(8, 1, 3)",positive,3600,2
1,out/models/model_epidemic8_model-it_0.pickle,1379,9029,LP,1,0.004308938980102539,1.0,0.0,q0: start,"(8, 1, 3)",positive,3600,2
0,out/models/model_epidemic7_model-it_0.pickle,962,5644,QP,1,3.877223014831543,1.0,0.0,q0: start,"(7, 1, 9)",positive,3600,2
1,out/models/model_epidemic7_model-it_0.pickle,962,5644,LP,1,0.003932952880859375,1.0,0.0,q0: start,"(7, 1, 9)",positive,3600,2
0,out/models/model_epidemic8_model-it_0.pickle,1379,9029,QP,1,0.017241954803466797,1.0,0.0,q0: start,"(8, 1, 6)",positive,3600,2
1,out/models/model_epidemic8_model-it_0.pickle,1379,9029,LP,1,0.004818916320800781,1.0,0.0,q0: start,"(8, 1, 6)",positive,3600,2
0,out/models/model_epidemic8_model-it_0.pickle,1379,9029,QP,1,0.015435934066772461,1.0,0.0,q0: start,"(8, 1, 8)",positive,3600,2
1,out/models/model_epidemic8_model-it_0.pickle,1379,9029,LP,1,0.0048220157623291016,1.0,0.0,q0: start,"(8, 1, 8)",positive,3600,2
0,out/models/model_epidemic7_model-it_0.pickle,962,5644,QP,1,4.333410978317261,1.0,0.0,q0: start,"(7, 1, 14)",positive,3600,2
1,out/models/model_epidemic7_model-it_0.pickle,962,5644,LP,1,0.004556894302368164,1.0,0.0,q0: start,"(7, 1, 14)",positive,3600,2
0,out/models/model_epidemic8_model-it_0.pickle,1379,9029,QP,1,0.015638113021850586,1.0,0.0,q0: start,"(8, 1, 1)",positive,3600,2
1,out/models/model_epidemic8_model-it_0.pickle,1379,9029,LP,1,0.004781007766723633,1.0,0.0,q0: start,"(8, 1, 1)",positive,3600,2
0,out/models/model_epidemic8_model-it_0.pickle,1379,9029,QP,1,0.0179898738861084,1.0,0.0,q0: start,"(8, 1, 0)",positive,3600,2
1,out/models/model_epidemic8_model-it_0.pickle,1379,9029,LP,1,0.004547119140625,1.0,0.0,q0: start,"(8, 1, 0)",positive,3600,2
0,out/models/model_epidemic8_model-it_0.pickle,1379,9029,QP,1,0.019494056701660156,1.0,0.0,q0: start,"(8, 1, 5)",positive,3600,2
1,out/models/model_epidemic8_model-it_0.pickle,1379,9029,LP,1,0.004199981689453125,1.0,0.0,q0: start,"(8, 1, 5)",positive,3600,2
0,out/models/model_epidemic8_model-it_0.pickle,1379,9029,QP,1,0.018381118774414062,1.0,0.0,q0: start,"(8, 1, 7)",positive,3600,2
1,out/models/model_epidemic8_model-it_0.pickle,1379,9029,LP,1,0.004835844039916992,1.0,0.0,q0: start,"(8, 1, 7)",positive,3600,2
0,out/models/model_epidemic8_model-it_0.pickle,1379,9029,QP,-1,0.01600813865661621,1.0,0.0,q0: start,"(8, 1, 1)",positive,3600,2
1,out/models/model_epidemic8_model-it_0.pickle,1379,9029,LP,-1,0.008196115493774414,1.0,0.0,q0: start,"(8, 1, 1)",positive,3600,2
0,out/models/model_epidemic8_model-it_0.pickle,1379,9029,QP,-1,0.015890121459960938,1.0,0.0,q0: start,"(8, 1, 3)",positive,3600,2
1,out/models/model_epidemic8_model-it_0.pickle,1379,9029,LP,-1,0.007910966873168945,1.0,0.0,q0: start,"(8, 1, 3)",positive,3600,2
0,out/models/model_epidemic7_model-it_0.pickle,962,5644,QP,-1,2.7502291202545166,1.0,1.0,q0: start,"(7, 1, 14)",positive,3600,2
1,out/models/model_epidemic7_model-it_0.pickle,962,5644,LP,-1,0.0059430599212646484,1.0,1.0,q0: start,"(7, 1, 14)",positive,3600,2
0,out/models/model_epidemic7_model-it_0.pickle,962,5644,QP,-1,3.7755351066589355,1.0,1.0,q0: start,"(7, 1, 13)",positive,3600,2
1,out/models/model_epidemic7_model-it_0.pickle,962,5644,LP,-1,0.005980014801025391,1.0,1.0,q0: start,"(7, 1, 13)",positive,3600,2
0,out/models/model_epidemic7_model-it_0.pickle,962,5644,QP,-1,2.4943931102752686,1.0,1.0,q0: start,"(7, 1, 8)",positive,3600,2
1,out/models/model_epidemic7_model-it_0.pickle,962,5644,LP,-1,0.006331920623779297,1.0,1.0,q0: start,"(7, 1, 8)",positive,3600,2
0,out/models/model_epidemic8_model-it_0.pickle,1379,9029,QP,-1,0.018867969512939453,1.0,0.0,q0: start,"(8, 1, 2)",positive,3600,2
1,out/models/model_epidemic8_model-it_0.pickle,1379,9029,LP,-1,0.007580995559692383,1.0,0.0,q0: start,"(8, 1, 2)",positive,3600,2
0,out/models/model_epidemic7_model-it_0.pickle,962,5644,QP,1,3.9070119857788086,1.0,0.0,q0: start,"(7, 1, 11)",positive,3600,2
1,out/models/model_epidemic7_model-it_0.pickle,962,5644,LP,1,0.0037229061126708984,1.0,0.0,q0: start,"(7, 1, 11)",positive,3600,2
0,out/models/model_epidemic8_model-it_0.pickle,1379,9029,QP,-1,0.016101837158203125,1.0,0.0,q0: start,"(8, 1, 6)",positive,3600,2
1,out/models/model_epidemic8_model-it_0.pickle,1379,9029,LP,-1,0.009287834167480469,1.0,0.0,q0: start,"(8, 1, 6)",positive,3600,2
0,out/models/model_epidemic7_model-it_0.pickle,962,5644,QP,-1,3.5663249492645264,1.0,1.0,q0: start,"(7, 1, 12)",positive,3600,2
1,out/models/model_epidemic7_model-it_0.pickle,962,5644,LP,-1,0.0060160160064697266,1.0,1.0,q0: start,"(7, 1, 12)",positive,3600,2
0,out/models/model_epidemic7_model-it_0.pickle,962,5644,QP,1,4.700323104858398,1.0,0.0,q0: start,"(7, 1, 13)",positive,3600,2
1,out/models/model_epidemic7_model-it_0.pickle,962,5644,LP,1,0.0036399364471435547,1.0,0.0,q0: start,"(7, 1, 13)",positive,3600,2
0,out/models/model_epidemic7_model-it_0.pickle,962,5644,QP,-1,3.5763189792633057,1.0,1.0,q0: start,"(7, 1, 11)",positive,3600,2
1,out/models/model_epidemic7_model-it_0.pickle,962,5644,LP,-1,0.0058748722076416016,1.0,1.0,q0: start,"(7, 1, 11)",positive,3600,2
0,out/models/model_epidemic7_model-it_0.pickle,962,5644,QP,-1,3.227959156036377,1.0,1.0,q0: start,"(7, 1, 9)",positive,3600,2
1,out/models/model_epidemic7_model-it_0.pickle,962,5644,LP,-1,0.0059468746185302734,1.0,1.0,q0: start,"(7, 1, 9)",positive,3600,2
0,out/models/model_epidemic8_model-it_0.pickle,1379,9029,QP,-1,0.015200138092041016,1.0,0.0,q0: start,"(8, 1, 4)",positive,3600,2
1,out/models/model_epidemic8_model-it_0.pickle,1379,9029,LP,-1,0.008064031600952148,1.0,0.0,q0: start,"(8, 1, 4)",positive,3600,2
0,out/models/model_epidemic8_model-it_0.pickle,1379,9029,QP,-1,0.014319896697998047,1.0,0.0,q0: start,"(8, 1, 7)",positive,3600,2
1,out/models/model_epidemic8_model-it_0.pickle,1379,9029,LP,-1,0.00736689567565918,1.0,0.0,q0: start,"(8, 1, 7)",positive,3600,2
0,out/models/model_epidemic8_model-it_0.pickle,1379,9029,QP,-1,0.014684915542602539,1.0,0.0,q0: start,"(8, 1, 5)",positive,3600,2
1,out/models/model_epidemic8_model-it_0.pickle,1379,9029,LP,-1,0.007117033004760742,1.0,0.0,q0: start,"(8, 1, 5)",positive,3600,2
0,out/models/model_epidemic8_model-it_0.pickle,1379,9029,QP,-1,0.014672994613647461,1.0,0.0,q0: start,"(8, 1, 0)",positive,3600,2
1,out/models/model_epidemic8_model-it_0.pickle,1379,9029,LP,-1,0.0073089599609375,1.0,0.0,q0: start,"(8, 1, 0)",positive,3600,2
0,out/models/model_epidemic7_model-it_0.pickle,962,5644,QP,-1,3.6058530807495117,1.0,1.0,q0: start,"(7, 1, 10)",positive,3600,2
1,out/models/model_epidemic7_model-it_0.pickle,962,5644,LP,-1,0.0073680877685546875,1.0,1.0,q0: start,"(7, 1, 10)",positive,3600,2
0,out/models/model_epidemic8_model-it_0.pickle,1379,9029,QP,-1,0.015515804290771484,1.0,0.0,q0: start,"(8, 1, 8)",positive,3600,2
1,out/models/model_epidemic8_model-it_0.pickle,1379,9029,LP,-1,0.007647037506103516,1.0,0.0,q0: start,"(8, 1, 8)",positive,3600,2
0,out/models/model_epidemic9_model-it_0.pickle,1902,13600,QP,1,0.017594099044799805,1.0,0.0,q0: start,"(9, 1, 2)",positive,3600,2
1,out/models/model_epidemic9_model-it_0.pickle,1902,13600,LP,1,0.0044040679931640625,1.0,0.0,q0: start,"(9, 1, 2)",positive,3600,2
0,out/models/model_epidemic9_model-it_0.pickle,1902,13600,QP,1,0.017796993255615234,1.0,0.0,q0: start,"(9, 1, 8)",positive,3600,2
1,out/models/model_epidemic9_model-it_0.pickle,1902,13600,LP,1,0.005578041076660156,1.0,0.0,q0: start,"(9, 1, 8)",positive,3600,2
0,out/models/model_epidemic9_model-it_0.pickle,1902,13600,QP,1,0.018132925033569336,1.0,0.0,q0: start,"(9, 1, 4)",positive,3600,2
1,out/models/model_epidemic9_model-it_0.pickle,1902,13600,LP,1,0.004642009735107422,1.0,0.0,q0: start,"(9, 1, 4)",positive,3600,2
0,out/models/model_epidemic9_model-it_0.pickle,1902,13600,QP,1,0.018219947814941406,1.0,0.0,q0: start,"(9, 1, 6)",positive,3600,2
1,out/models/model_epidemic9_model-it_0.pickle,1902,13600,LP,1,0.005424022674560547,1.0,0.0,q0: start,"(9, 1, 6)",positive,3600,2
0,out/models/model_epidemic9_model-it_0.pickle,1902,13600,QP,1,0.018765926361083984,1.0,0.0,q0: start,"(9, 1, 9)",positive,3600,2
1,out/models/model_epidemic9_model-it_0.pickle,1902,13600,LP,1,0.005029916763305664,1.0,0.0,q0: start,"(9, 1, 9)",positive,3600,2
0,out/models/model_epidemic9_model-it_0.pickle,1902,13600,QP,1,0.019201993942260742,1.0,0.0,q0: start,"(9, 1, 3)",positive,3600,2
1,out/models/model_epidemic9_model-it_0.pickle,1902,13600,LP,1,0.004807949066162109,1.0,0.0,q0: start,"(9, 1, 3)",positive,3600,2
0,out/models/model_epidemic9_model-it_0.pickle,1902,13600,QP,1,0.017457962036132812,1.0,0.0,q0: start,"(9, 1, 7)",positive,3600,2
1,out/models/model_epidemic9_model-it_0.pickle,1902,13600,LP,1,0.005112886428833008,1.0,0.0,q0: start,"(9, 1, 7)",positive,3600,2
0,out/models/model_epidemic9_model-it_0.pickle,1902,13600,QP,1,0.018224000930786133,1.0,0.0,q0: start,"(9, 1, 0)",positive,3600,2
1,out/models/model_epidemic9_model-it_0.pickle,1902,13600,LP,1,0.0046350955963134766,1.0,0.0,q0: start,"(9, 1, 0)",positive,3600,2
0,out/models/model_epidemic9_model-it_0.pickle,1902,13600,QP,1,0.01863694190979004,1.0,0.0,q0: start,"(9, 1, 1)",positive,3600,2
1,out/models/model_epidemic9_model-it_0.pickle,1902,13600,LP,1,0.0047550201416015625,1.0,0.0,q0: start,"(9, 1, 1)",positive,3600,2
0,out/models/model_epidemic9_model-it_0.pickle,1902,13600,QP,1,0.018038034439086914,1.0,0.0,q0: start,"(9, 1, 5)",positive,3600,2
1,out/models/model_epidemic9_model-it_0.pickle,1902,13600,LP,1,0.004786014556884766,1.0,0.0,q0: start,"(9, 1, 5)",positive,3600,2
0,out/models/model_epidemic9_model-it_0.pickle,1902,13600,QP,-1,0.018522977828979492,1.0,0.0,q0: start,"(9, 1, 0)",positive,3600,2
1,out/models/model_epidemic9_model-it_0.pickle,1902,13600,LP,-1,0.009595870971679688,1.0,0.0,q0: start,"(9, 1, 0)",positive,3600,2
0,out/models/model_epidemic9_model-it_0.pickle,1902,13600,QP,-1,0.018670082092285156,1.0,0.0,q0: start,"(9, 1, 7)",positive,3600,2
1,out/models/model_epidemic9_model-it_0.pickle,1902,13600,LP,-1,0.00943899154663086,1.0,0.0,q0: start,"(9, 1, 7)",positive,3600,2
0,out/models/model_epidemic9_model-it_0.pickle,1902,13600,QP,-1,0.019186973571777344,1.0,0.0,q0: start,"(9, 1, 3)",positive,3600,2
1,out/models/model_epidemic9_model-it_0.pickle,1902,13600,LP,-1,0.009203910827636719,1.0,0.0,q0: start,"(9, 1, 3)",positive,3600,2
0,out/models/model_epidemic9_model-it_0.pickle,1902,13600,QP,-1,0.01858806610107422,1.0,0.0,q0: start,"(9, 1, 4)",positive,3600,2
1,out/models/model_epidemic9_model-it_0.pickle,1902,13600,LP,-1,0.009315013885498047,1.0,0.0,q0: start,"(9, 1, 4)",positive,3600,2
0,out/models/model_epidemic9_model-it_0.pickle,1902,13600,QP,-1,0.01870107650756836,1.0,0.0,q0: start,"(9, 1, 1)",positive,3600,2
1,out/models/model_epidemic9_model-it_0.pickle,1902,13600,LP,-1,0.009582042694091797,1.0,0.0,q0: start,"(9, 1, 1)",positive,3600,2
0,out/models/model_epidemic9_model-it_0.pickle,1902,13600,QP,-1,0.01790785789489746,1.0,0.0,q0: start,"(9, 1, 5)",positive,3600,2
1,out/models/model_epidemic9_model-it_0.pickle,1902,13600,LP,-1,0.00949406623840332,1.0,0.0,q0: start,"(9, 1, 5)",positive,3600,2
0,out/models/model_epidemic7_model-it_0.pickle,962,5644,QP,1,11.577760934829712,1.0,0.0,q0: start,"(7, 1, 12)",positive,3600,2
1,out/models/model_epidemic7_model-it_0.pickle,962,5644,LP,1,0.003451108932495117,1.0,0.0,q0: start,"(7, 1, 12)",positive,3600,2
0,out/models/model_epidemic9_model-it_0.pickle,1902,13600,QP,-1,0.018254995346069336,1.0,0.0,q0: start,"(9, 1, 9)",positive,3600,2
1,out/models/model_epidemic9_model-it_0.pickle,1902,13600,LP,-1,0.010831832885742188,1.0,0.0,q0: start,"(9, 1, 9)",positive,3600,2
0,out/models/model_epidemic7_model-it_0.pickle,962,5644,QP,1,12.100107192993164,1.0,0.0,q0: start,"(7, 1, 8)",positive,3600,2
1,out/models/model_epidemic7_model-it_0.pickle,962,5644,LP,1,0.003545045852661133,1.0,0.0,q0: start,"(7, 1, 8)",positive,3600,2
0,out/models/model_epidemic9_model-it_0.pickle,1902,13600,QP,-1,0.018089771270751953,1.0,0.0,q0: start,"(9, 1, 8)",positive,3600,2
1,out/models/model_epidemic9_model-it_0.pickle,1902,13600,LP,-1,0.01061105728149414,1.0,0.0,q0: start,"(9, 1, 8)",positive,3600,2
0,out/models/model_epidemic9_model-it_0.pickle,1902,13600,QP,-1,0.018697023391723633,1.0,0.0,q0: start,"(9, 1, 2)",positive,3600,2
1,out/models/model_epidemic9_model-it_0.pickle,1902,13600,LP,-1,0.009752035140991211,1.0,0.0,q0: start,"(9, 1, 2)",positive,3600,2
0,out/models/model_epidemic9_model-it_0.pickle,1902,13600,QP,-1,0.018732070922851562,1.0,0.0,q0: start,"(9, 1, 6)",positive,3600,2
1,out/models/model_epidemic9_model-it_0.pickle,1902,13600,LP,-1,0.009962797164916992,1.0,0.0,q0: start,"(9, 1, 6)",positive,3600,2
0,out/models/model_epidemic10_model-it_0.pickle,2543,19883,QP,1,0.02417898178100586,1.0,0.0,q0: start,"(10, 1, 5)",positive,3600,2
1,out/models/model_epidemic10_model-it_0.pickle,2543,19883,LP,1,0.005320072174072266,1.0,0.0,q0: start,"(10, 1, 5)",positive,3600,2
0,out/models/model_epidemic10_model-it_0.pickle,2543,19883,QP,1,0.024146080017089844,1.0,0.0,q0: start,"(10, 1, 8)",positive,3600,2
1,out/models/model_epidemic10_model-it_0.pickle,2543,19883,LP,1,0.005873918533325195,1.0,0.0,q0: start,"(10, 1, 8)",positive,3600,2
0,out/models/model_epidemic8_model-it_0.pickle,1379,9029,QP,1,16.311212062835693,1.0,0.0,q0: start,"(8, 1, 11)",positive,3600,2
1,out/models/model_epidemic8_model-it_0.pickle,1379,9029,LP,1,0.00783991813659668,1.0,0.0,q0: start,"(8, 1, 11)",positive,3600,2
0,out/models/model_epidemic10_model-it_0.pickle,2543,19883,QP,1,0.023849010467529297,1.0,0.0,q0: start,"(10, 1, 3)",positive,3600,2
1,out/models/model_epidemic10_model-it_0.pickle,2543,19883,LP,1,0.005647897720336914,1.0,0.0,q0: start,"(10, 1, 3)",positive,3600,2
0,out/models/model_epidemic8_model-it_0.pickle,1379,9029,QP,1,21.87130093574524,1.0,0.0,q0: start,"(8, 1, 12)",positive,3600,2
1,out/models/model_epidemic8_model-it_0.pickle,1379,9029,LP,1,0.008028030395507812,1.0,0.0,q0: start,"(8, 1, 12)",positive,3600,2
0,out/models/model_epidemic9_model-it_0.pickle,1902,13600,QP,1,26.126363039016724,1.0,0.0,q0: start,"(9, 1, 17)",positive,3600,2
1,out/models/model_epidemic9_model-it_0.pickle,1902,13600,LP,1,0.010515928268432617,1.0,0.0,q0: start,"(9, 1, 17)",positive,3600,2
0,out/models/model_epidemic10_model-it_0.pickle,2543,19883,QP,1,0.02567601203918457,1.0,0.0,q0: start,"(10, 1, 4)",positive,3600,2
1,out/models/model_epidemic10_model-it_0.pickle,2543,19883,LP,1,0.005496978759765625,1.0,0.0,q0: start,"(10, 1, 4)",positive,3600,2
0,out/models/model_epidemic8_model-it_0.pickle,1379,9029,QP,-1,37.06164002418518,1.0,1.0,q0: start,"(8, 1, 14)",positive,3600,2
1,out/models/model_epidemic8_model-it_0.pickle,1379,9029,LP,-1,0.00799107551574707,1.0,1.0,q0: start,"(8, 1, 14)",positive,3600,2
0,out/models/model_epidemic9_model-it_0.pickle,1902,13600,QP,-1,28.03933596611023,1.0,1.0,q0: start,"(9, 1, 11)",positive,3600,2
1,out/models/model_epidemic9_model-it_0.pickle,1902,13600,LP,-1,0.0103759765625,1.0,1.0,q0: start,"(9, 1, 11)",positive,3600,2
0,out/models/model_epidemic8_model-it_0.pickle,1379,9029,QP,1,39.1498441696167,1.0,0.0,q0: start,"(8, 1, 9)",positive,3600,2
1,out/models/model_epidemic8_model-it_0.pickle,1379,9029,LP,1,0.004242897033691406,1.0,0.0,q0: start,"(8, 1, 9)",positive,3600,2
0,out/models/model_epidemic10_model-it_0.pickle,2543,19883,QP,1,0.02483987808227539,1.0,0.0,q0: start,"(10, 1, 6)",positive,3600,2
1,out/models/model_epidemic10_model-it_0.pickle,2543,19883,LP,1,0.006161928176879883,1.0,0.0,q0: start,"(10, 1, 6)",positive,3600,2
0,out/models/model_epidemic10_model-it_0.pickle,2543,19883,QP,1,0.024324893951416016,1.0,0.0,q0: start,"(10, 1, 10)",positive,3600,2
1,out/models/model_epidemic10_model-it_0.pickle,2543,19883,LP,1,0.005738973617553711,1.0,0.0,q0: start,"(10, 1, 10)",positive,3600,2
0,out/models/model_epidemic10_model-it_0.pickle,2543,19883,QP,1,0.025262117385864258,1.0,0.0,q0: start,"(10, 1, 9)",positive,3600,2
1,out/models/model_epidemic10_model-it_0.pickle,2543,19883,LP,1,0.005230903625488281,1.0,0.0,q0: start,"(10, 1, 9)",positive,3600,2
0,out/models/model_epidemic8_model-it_0.pickle,1379,9029,QP,-1,46.3671338558197,1.0,1.0,q0: start,"(8, 1, 12)",positive,3600,2
1,out/models/model_epidemic8_model-it_0.pickle,1379,9029,LP,-1,0.0047130584716796875,1.0,1.0,q0: start,"(8, 1, 12)",positive,3600,2
0,out/models/model_epidemic10_model-it_0.pickle,2543,19883,QP,1,0.024281978607177734,1.0,0.0,q0: start,"(10, 1, 7)",positive,3600,2
1,out/models/model_epidemic10_model-it_0.pickle,2543,19883,LP,1,0.012889862060546875,1.0,0.0,q0: start,"(10, 1, 7)",positive,3600,2
0,out/models/model_epidemic10_model-it_0.pickle,2543,19883,QP,1,0.025330066680908203,1.0,0.0,q0: start,"(10, 1, 0)",positive,3600,2
1,out/models/model_epidemic10_model-it_0.pickle,2543,19883,LP,1,0.005212068557739258,1.0,0.0,q0: start,"(10, 1, 0)",positive,3600,2
0,out/models/model_epidemic8_model-it_0.pickle,1379,9029,QP,1,49.363446950912476,1.0,0.0,q0: start,"(8, 1, 16)",positive,3600,2
1,out/models/model_epidemic8_model-it_0.pickle,1379,9029,LP,1,0.00362396240234375,1.0,0.0,q0: start,"(8, 1, 16)",positive,3600,2
0,out/models/model_epidemic8_model-it_0.pickle,1379,9029,QP,1,51.33706188201904,1.0,0.0,q0: start,"(8, 1, 13)",positive,3600,2
1,out/models/model_epidemic8_model-it_0.pickle,1379,9029,LP,1,0.008352041244506836,1.0,0.0,q0: start,"(8, 1, 13)",positive,3600,2
0,out/models/model_epidemic10_model-it_0.pickle,2543,19883,QP,1,0.0256350040435791,1.0,0.0,q0: start,"(10, 1, 2)",positive,3600,2
1,out/models/model_epidemic10_model-it_0.pickle,2543,19883,LP,1,0.006640911102294922,1.0,0.0,q0: start,"(10, 1, 2)",positive,3600,2
0,out/models/model_epidemic10_model-it_0.pickle,2543,19883,QP,-1,0.023858070373535156,1.0,0.0,q0: start,"(10, 1, 10)",positive,3600,2
1,out/models/model_epidemic10_model-it_0.pickle,2543,19883,LP,-1,0.011534929275512695,1.0,0.0,q0: start,"(10, 1, 10)",positive,3600,2
0,out/models/model_epidemic10_model-it_0.pickle,2543,19883,QP,-1,0.026137828826904297,1.0,0.0,q0: start,"(10, 1, 0)",positive,3600,2
1,out/models/model_epidemic10_model-it_0.pickle,2543,19883,LP,-1,0.011868000030517578,1.0,0.0,q0: start,"(10, 1, 0)",positive,3600,2
0,out/models/model_epidemic10_model-it_0.pickle,2543,19883,QP,1,0.025567054748535156,1.0,0.0,q0: start,"(10, 1, 1)",positive,3600,2
1,out/models/model_epidemic10_model-it_0.pickle,2543,19883,LP,1,0.005944013595581055,1.0,0.0,q0: start,"(10, 1, 1)",positive,3600,2
0,out/models/model_epidemic8_model-it_0.pickle,1379,9029,QP,1,58.13311696052551,1.0,0.0,q0: start,"(8, 1, 10)",positive,3600,2
1,out/models/model_epidemic8_model-it_0.pickle,1379,9029,LP,1,0.0052700042724609375,1.0,0.0,q0: start,"(8, 1, 10)",positive,3600,2
0,out/models/model_epidemic10_model-it_0.pickle,2543,19883,QP,-1,0.02477407455444336,1.0,0.0,q0: start,"(10, 1, 7)",positive,3600,2
1,out/models/model_epidemic10_model-it_0.pickle,2543,19883,LP,-1,0.012714147567749023,1.0,0.0,q0: start,"(10, 1, 7)",positive,3600,2
0,out/models/model_epidemic8_model-it_0.pickle,1379,9029,QP,-1,59.875718116760254,1.0,1.0,q0: start,"(8, 1, 10)",positive,3600,2
1,out/models/model_epidemic8_model-it_0.pickle,1379,9029,LP,-1,0.008402824401855469,1.0,1.0,q0: start,"(8, 1, 10)",positive,3600,2
0,out/models/model_epidemic10_model-it_0.pickle,2543,19883,QP,-1,0.028985977172851562,1.0,0.0,q0: start,"(10, 1, 1)",positive,3600,2
1,out/models/model_epidemic10_model-it_0.pickle,2543,19883,LP,-1,0.012308120727539062,1.0,0.0,q0: start,"(10, 1, 1)",positive,3600,2
0,out/models/model_epidemic8_model-it_0.pickle,1379,9029,QP,-1,62.48862099647522,1.0,1.0,q0: start,"(8, 1, 11)",positive,3600,2
1,out/models/model_epidemic8_model-it_0.pickle,1379,9029,LP,-1,0.004502058029174805,1.0,1.0,q0: start,"(8, 1, 11)",positive,3600,2
0,out/models/model_epidemic10_model-it_0.pickle,2543,19883,QP,-1,0.025537967681884766,1.0,0.0,q0: start,"(10, 1, 3)",positive,3600,2
1,out/models/model_epidemic10_model-it_0.pickle,2543,19883,LP,-1,0.012080907821655273,1.0,0.0,q0: start,"(10, 1, 3)",positive,3600,2
0,out/models/model_epidemic9_model-it_0.pickle,1902,13600,QP,1,68.89341807365417,1.0,0.0,q0: start,"(9, 1, 18)",positive,3600,2
1,out/models/model_epidemic9_model-it_0.pickle,1902,13600,LP,1,0.010618925094604492,1.0,0.0,q0: start,"(9, 1, 18)",positive,3600,2
0,out/models/model_epidemic9_model-it_0.pickle,1902,13600,QP,1,71.12372398376465,1.0,0.0,q0: start,"(9, 1, 16)",positive,3600,2
1,out/models/model_epidemic9_model-it_0.pickle,1902,13600,LP,1,0.010244131088256836,1.0,0.0,q0: start,"(9, 1, 16)",positive,3600,2
0,out/models/model_epidemic9_model-it_0.pickle,1902,13600,QP,-1,69.27611017227173,1.0,1.0,q0: start,"(9, 1, 12)",positive,3600,2
1,out/models/model_epidemic9_model-it_0.pickle,1902,13600,LP,-1,0.010653018951416016,1.0,1.0,q0: start,"(9, 1, 12)",positive,3600,2
0,out/models/model_epidemic10_model-it_0.pickle,2543,19883,QP,-1,0.024823904037475586,1.0,0.0,q0: start,"(10, 1, 6)",positive,3600,2
1,out/models/model_epidemic10_model-it_0.pickle,2543,19883,LP,-1,0.012794017791748047,1.0,0.0,q0: start,"(10, 1, 6)",positive,3600,2
0,out/models/model_epidemic9_model-it_0.pickle,1902,13600,QP,-1,72.45835590362549,1.0,1.0,q0: start,"(9, 1, 15)",positive,3600,2
1,out/models/model_epidemic9_model-it_0.pickle,1902,13600,LP,-1,0.0048980712890625,1.0,1.0,q0: start,"(9, 1, 15)",positive,3600,2
0,out/models/model_epidemic10_model-it_0.pickle,2543,19883,QP,-1,0.02474212646484375,1.0,0.0,q0: start,"(10, 1, 2)",positive,3600,2
1,out/models/model_epidemic10_model-it_0.pickle,2543,19883,LP,-1,0.01244497299194336,1.0,0.0,q0: start,"(10, 1, 2)",positive,3600,2
0,out/models/model_epidemic9_model-it_0.pickle,1902,13600,QP,1,80.42335104942322,1.0,0.0,q0: start,"(9, 1, 10)",positive,3600,2
1,out/models/model_epidemic9_model-it_0.pickle,1902,13600,LP,1,0.004631996154785156,1.0,0.0,q0: start,"(9, 1, 10)",positive,3600,2
0,out/models/model_epidemic10_model-it_0.pickle,2543,19883,QP,-1,0.025355100631713867,1.0,0.0,q0: start,"(10, 1, 8)",positive,3600,2
1,out/models/model_epidemic10_model-it_0.pickle,2543,19883,LP,-1,0.012194156646728516,1.0,0.0,q0: start,"(10, 1, 8)",positive,3600,2
0,out/models/model_epidemic10_model-it_0.pickle,2543,19883,QP,-1,0.026468992233276367,1.0,0.0,q0: start,"(10, 1, 5)",positive,3600,2
1,out/models/model_epidemic10_model-it_0.pickle,2543,19883,LP,-1,0.012451171875,1.0,0.0,q0: start,"(10, 1, 5)",positive,3600,2
0,out/models/model_epidemic10_model-it_0.pickle,2543,19883,QP,-1,0.025830984115600586,1.0,0.0,q0: start,"(10, 1, 9)",positive,3600,2
1,out/models/model_epidemic10_model-it_0.pickle,2543,19883,LP,-1,0.011954069137573242,1.0,0.0,q0: start,"(10, 1, 9)",positive,3600,2
0,out/models/model_epidemic10_model-it_0.pickle,2543,19883,QP,-1,0.025361061096191406,1.0,0.0,q0: start,"(10, 1, 4)",positive,3600,2
1,out/models/model_epidemic10_model-it_0.pickle,2543,19883,LP,-1,0.011699914932250977,1.0,0.0,q0: start,"(10, 1, 4)",positive,3600,2
0,out/models/model_epidemic11_model-it_0.pickle,3314,27914,QP,1,0.03279685974121094,1.0,0.0,q0: start,"(11, 1, 4)",positive,3600,2
1,out/models/model_epidemic11_model-it_0.pickle,3314,27914,LP,1,0.006231784820556641,1.0,0.0,q0: start,"(11, 1, 4)",positive,3600,2
0,out/models/model_epidemic9_model-it_0.pickle,1902,13600,QP,-1,99.97961497306824,1.0,1.0,q0: start,"(9, 1, 18)",positive,3600,2
1,out/models/model_epidemic9_model-it_0.pickle,1902,13600,LP,-1,0.011521100997924805,1.0,1.0,q0: start,"(9, 1, 18)",positive,3600,2
0,out/models/model_epidemic9_model-it_0.pickle,1902,13600,QP,1,102.84947395324707,1.0,0.0,q0: start,"(9, 1, 12)",positive,3600,2
1,out/models/model_epidemic9_model-it_0.pickle,1902,13600,LP,1,0.011113166809082031,1.0,0.0,q0: start,"(9, 1, 12)",positive,3600,2
0,out/models/model_epidemic10_model-it_0.pickle,2543,19883,QP,-1,25.61609196662903,1.0,1.0,q0: start,"(10, 1, 15)",positive,3600,2
1,out/models/model_epidemic10_model-it_0.pickle,2543,19883,LP,-1,0.013899087905883789,1.0,1.0,q0: start,"(10, 1, 15)",positive,3600,2
0,out/models/model_epidemic9_model-it_0.pickle,1902,13600,QP,-1,106.10743284225464,1.0,1.0,q0: start,"(9, 1, 10)",positive,3600,2
1,out/models/model_epidemic9_model-it_0.pickle,1902,13600,LP,-1,0.009784936904907227,1.0,1.0,q0: start,"(9, 1, 10)",positive,3600,2
0,out/models/model_epidemic11_model-it_0.pickle,3314,27914,QP,1,0.032447099685668945,1.0,0.0,q0: start,"(11, 1, 7)",positive,3600,2
1,out/models/model_epidemic11_model-it_0.pickle,3314,27914,LP,1,0.008244991302490234,1.0,0.0,q0: start,"(11, 1, 7)",positive,3600,2
0,out/models/model_epidemic11_model-it_0.pickle,3314,27914,QP,1,0.03226304054260254,1.0,0.0,q0: start,"(11, 1, 3)",positive,3600,2
1,out/models/model_epidemic11_model-it_0.pickle,3314,27914,LP,1,0.006289005279541016,1.0,0.0,q0: start,"(11, 1, 3)",positive,3600,2
0,out/models/model_epidemic11_model-it_0.pickle,3314,27914,QP,1,0.03313302993774414,1.0,0.0,q0: start,"(11, 1, 1)",positive,3600,2
1,out/models/model_epidemic11_model-it_0.pickle,3314,27914,LP,1,0.006926059722900391,1.0,0.0,q0: start,"(11, 1, 1)",positive,3600,2
0,out/models/model_epidemic10_model-it_0.pickle,2543,19883,QP,1,151.2873718738556,1.0,0.0,q0: start,"(10, 1, 19)",positive,3600,2
1,out/models/model_epidemic10_model-it_0.pickle,2543,19883,LP,1,0.006030082702636719,1.0,0.0,q0: start,"(10, 1, 19)",positive,3600,2
0,out/models/model_epidemic11_model-it_0.pickle,3314,27914,QP,1,0.03467297554016113,1.0,0.0,q0: start,"(11, 1, 10)",positive,3600,2
1,out/models/model_epidemic11_model-it_0.pickle,3314,27914,LP,1,0.006974935531616211,1.0,0.0,q0: start,"(11, 1, 10)",positive,3600,2
0,out/models/model_epidemic11_model-it_0.pickle,3314,27914,QP,1,0.0323331356048584,1.0,0.0,q0: start,"(11, 1, 6)",positive,3600,2
1,out/models/model_epidemic11_model-it_0.pickle,3314,27914,LP,1,0.016791820526123047,1.0,0.0,q0: start,"(11, 1, 6)",positive,3600,2
0,out/models/model_epidemic11_model-it_0.pickle,3314,27914,QP,1,0.03256988525390625,1.0,0.0,q0: start,"(11, 1, 5)",positive,3600,2
1,out/models/model_epidemic11_model-it_0.pickle,3314,27914,LP,1,0.007164955139160156,1.0,0.0,q0: start,"(11, 1, 5)",positive,3600,2
0,out/models/model_epidemic11_model-it_0.pickle,3314,27914,QP,1,0.03325295448303223,1.0,0.0,q0: start,"(11, 1, 11)",positive,3600,2
1,out/models/model_epidemic11_model-it_0.pickle,3314,27914,LP,1,0.007284879684448242,1.0,0.0,q0: start,"(11, 1, 11)",positive,3600,2
0,out/models/model_epidemic9_model-it_0.pickle,1902,13600,QP,1,203.233656167984,1.0,0.0,q0: start,"(9, 1, 13)",positive,3600,2
1,out/models/model_epidemic9_model-it_0.pickle,1902,13600,LP,1,0.011272907257080078,1.0,0.0,q0: start,"(9, 1, 13)",positive,3600,2
0,out/models/model_epidemic11_model-it_0.pickle,3314,27914,QP,1,0.03326702117919922,1.0,0.0,q0: start,"(11, 1, 8)",positive,3600,2
1,out/models/model_epidemic11_model-it_0.pickle,3314,27914,LP,1,0.00771784782409668,1.0,0.0,q0: start,"(11, 1, 8)",positive,3600,2
0,out/models/model_epidemic11_model-it_0.pickle,3314,27914,QP,1,0.03345608711242676,1.0,0.0,q0: start,"(11, 1, 9)",positive,3600,2
1,out/models/model_epidemic11_model-it_0.pickle,3314,27914,LP,1,0.00677490234375,1.0,0.0,q0: start,"(11, 1, 9)",positive,3600,2
0,out/models/model_epidemic11_model-it_0.pickle,3314,27914,QP,1,0.034713029861450195,1.0,0.0,q0: start,"(11, 1, 0)",positive,3600,2
1,out/models/model_epidemic11_model-it_0.pickle,3314,27914,LP,1,0.005801200866699219,1.0,0.0,q0: start,"(11, 1, 0)",positive,3600,2
0,out/models/model_epidemic10_model-it_0.pickle,2543,19883,QP,-1,173.99710607528687,1.0,1.0,q0: start,"(10, 1, 17)",positive,3600,2
1,out/models/model_epidemic10_model-it_0.pickle,2543,19883,LP,-1,0.013781070709228516,1.0,1.0,q0: start,"(10, 1, 17)",positive,3600,2
0,out/models/model_epidemic11_model-it_0.pickle,3314,27914,QP,1,514.967670917511,1.0,0.0,q0: start,"(11, 1, 21)",positive,3600,2
1,out/models/model_epidemic11_model-it_0.pickle,3314,27914,LP,1,0.017333030700683594,1.0,0.0,q0: start,"(11, 1, 21)",positive,3600,2
0,out/models/model_epidemic10_model-it_0.pickle,2543,19883,QP,1,840.6690008640289,1.0,0.0,q0: start,"(10, 1, 17)",positive,3600,2
1,out/models/model_epidemic10_model-it_0.pickle,2543,19883,LP,1,0.014934062957763672,1.0,0.0,q0: start,"(10, 1, 17)",positive,3600,2
0,out/models/model_epidemic11_model-it_0.pickle,3314,27914,QP,1,0.03256797790527344,1.0,0.0,q0: start,"(11, 1, 2)",positive,3600,2
1,out/models/model_epidemic11_model-it_0.pickle,3314,27914,LP,1,0.007083892822265625,1.0,0.0,q0: start,"(11, 1, 2)",positive,3600,2
0,out/models/model_epidemic11_model-it_0.pickle,3314,27914,QP,-1,0.03390097618103027,1.0,0.0,q0: start,"(11, 1, 3)",positive,3600,2
1,out/models/model_epidemic11_model-it_0.pickle,3314,27914,LP,-1,0.015306949615478516,1.0,0.0,q0: start,"(11, 1, 3)",positive,3600,2
0,out/models/model_epidemic11_model-it_0.pickle,3314,27914,QP,-1,0.03429698944091797,1.0,0.0,q0: start,"(11, 1, 7)",positive,3600,2
1,out/models/model_epidemic11_model-it_0.pickle,3314,27914,LP,-1,0.015255212783813477,1.0,0.0,q0: start,"(11, 1, 7)",positive,3600,2
0,out/models/model_epidemic11_model-it_0.pickle,3314,27914,QP,-1,0.03377699851989746,1.0,0.0,q0: start,"(11, 1, 6)",positive,3600,2
1,out/models/model_epidemic11_model-it_0.pickle,3314,27914,LP,-1,0.017348051071166992,1.0,0.0,q0: start,"(11, 1, 6)",positive,3600,2
0,out/models/model_epidemic8_model-it_0.pickle,1379,9029,QP,1,3600.0171468257904,1.0,0.4442313057010293,q0: start,"(8, 1, 14)",positive,3600,9
1,out/models/model_epidemic8_model-it_0.pickle,1379,9029,LP,1,0.008897066116333008,1.0,0.0,q0: start,"(8, 1, 14)",positive,3600,2
0,out/models/model_epidemic8_model-it_0.pickle,1379,9029,QP,1,3600.0240499973297,1.0,0.4424594675151796,q0: start,"(8, 1, 15)",positive,3600,9
1,out/models/model_epidemic8_model-it_0.pickle,1379,9029,LP,1,0.004083156585693359,1.0,0.0,q0: start,"(8, 1, 15)",positive,3600,2
0,out/models/model_epidemic8_model-it_0.pickle,1379,9029,QP,-1,3600.0296750068665,1.0,0.5918931642670651,q0: start,"(8, 1, 9)",positive,3600,9
1,out/models/model_epidemic8_model-it_0.pickle,1379,9029,LP,-1,0.00880289077758789,1.0,1.0,q0: start,"(8, 1, 9)",positive,3600,2
0,out/models/model_epidemic8_model-it_0.pickle,1379,9029,QP,-1,3600.022435903549,1.0,0.582634953135886,q0: start,"(8, 1, 13)",positive,3600,9
1,out/models/model_epidemic8_model-it_0.pickle,1379,9029,LP,-1,0.007166147232055664,1.0,1.0,q0: start,"(8, 1, 13)",positive,3600,2
0,out/models/model_epidemic8_model-it_0.pickle,1379,9029,QP,-1,3600.0204951763153,1.0,0.5826349531352704,q0: start,"(8, 1, 15)",positive,3600,9
1,out/models/model_epidemic8_model-it_0.pickle,1379,9029,LP,-1,0.008769989013671875,1.0,1.0,q0: start,"(8, 1, 15)",positive,3600,2
0,out/models/model_epidemic8_model-it_0.pickle,1379,9029,QP,-1,3600.018296957016,1.0,0.5826349531367435,q0: start,"(8, 1, 16)",positive,3600,9
1,out/models/model_epidemic8_model-it_0.pickle,1379,9029,LP,-1,0.008938789367675781,1.0,1.0,q0: start,"(8, 1, 16)",positive,3600,2
0,out/models/model_epidemic9_model-it_0.pickle,1902,13600,QP,1,3600.0270659923553,1.0,0.4545678600454097,q0: start,"(9, 1, 14)",positive,3600,9
1,out/models/model_epidemic9_model-it_0.pickle,1902,13600,LP,1,0.011754989624023438,1.0,0.0,q0: start,"(9, 1, 14)",positive,3600,2
0,out/models/model_epidemic9_model-it_0.pickle,1902,13600,QP,1,3600.0194659233093,1.0,0.45371429222121584,q0: start,"(9, 1, 11)",positive,3600,9
1,out/models/model_epidemic9_model-it_0.pickle,1902,13600,LP,1,0.013041019439697266,1.0,0.0,q0: start,"(9, 1, 11)",positive,3600,2
0,out/models/model_epidemic9_model-it_0.pickle,1902,13600,QP,-1,3600.027137041092,1.0,0.5151944293236229,q0: start,"(9, 1, 16)",positive,3600,9
1,out/models/model_epidemic9_model-it_0.pickle,1902,13600,LP,-1,0.012120962142944336,1.0,1.0,q0: start,"(9, 1, 16)",positive,3600,2
0,out/models/model_epidemic9_model-it_0.pickle,1902,13600,QP,1,3600.030303001404,1.0,0.454553429405391,q0: start,"(9, 1, 15)",positive,3600,9
1,out/models/model_epidemic9_model-it_0.pickle,1902,13600,LP,1,0.01271200180053711,1.0,0.0,q0: start,"(9, 1, 15)",positive,3600,2
0,out/models/model_epidemic9_model-it_0.pickle,1902,13600,QP,-1,3600.0278239250183,1.0,0.5151944293438693,q0: start,"(9, 1, 17)",positive,3600,9
1,out/models/model_epidemic9_model-it_0.pickle,1902,13600,LP,-1,0.01252889633178711,1.0,1.0,q0: start,"(9, 1, 17)",positive,3600,2
0,out/models/model_epidemic9_model-it_0.pickle,1902,13600,QP,-1,3600.0237238407135,1.0,0.5151944293423572,q0: start,"(9, 1, 13)",positive,3600,9
1,out/models/model_epidemic9_model-it_0.pickle,1902,13600,LP,-1,0.012317180633544922,1.0,1.0,q0: start,"(9, 1, 13)",positive,3600,2
0,out/models/model_epidemic11_model-it_0.pickle,3314,27914,QP,-1,0.035420894622802734,1.0,0.0,q0: start,"(11, 1, 2)",positive,3600,2
1,out/models/model_epidemic11_model-it_0.pickle,3314,27914,LP,-1,0.016819000244140625,1.0,0.0,q0: start,"(11, 1, 2)",positive,3600,2
0,out/models/model_epidemic11_model-it_0.pickle,3314,27914,QP,-1,0.03539705276489258,1.0,0.0,q0: start,"(11, 1, 4)",positive,3600,2
1,out/models/model_epidemic11_model-it_0.pickle,3314,27914,LP,-1,0.015501976013183594,1.0,0.0,q0: start,"(11, 1, 4)",positive,3600,2
0,out/models/model_epidemic9_model-it_0.pickle,1902,13600,QP,-1,3600.0429379940033,1.0,0.5241360607201526,q0: start,"(9, 1, 14)",positive,3600,9
1,out/models/model_epidemic9_model-it_0.pickle,1902,13600,LP,-1,0.014837026596069336,1.0,1.0,q0: start,"(9, 1, 14)",positive,3600,2
0,out/models/model_epidemic10_model-it_0.pickle,2543,19883,QP,1,3600.0285861492157,1.0,0.464602906678247,q0: start,"(10, 1, 15)",positive,3600,9
1,out/models/model_epidemic10_model-it_0.pickle,2543,19883,LP,1,0.017910003662109375,1.0,0.0,q0: start,"(10, 1, 15)",positive,3600,2
0,out/models/model_epidemic11_model-it_0.pickle,3314,27914,QP,-1,0.03484201431274414,1.0,0.0,q0: start,"(11, 1, 8)",positive,3600,2
1,out/models/model_epidemic11_model-it_0.pickle,3314,27914,LP,-1,0.01654505729675293,1.0,0.0,q0: start,"(11, 1, 8)",positive,3600,2
0,out/models/model_epidemic11_model-it_0.pickle,3314,27914,QP,-1,0.036787986755371094,1.0,0.0,q0: start,"(11, 1, 1)",positive,3600,2
1,out/models/model_epidemic11_model-it_0.pickle,3314,27914,LP,-1,0.016232967376708984,1.0,0.0,q0: start,"(11, 1, 1)",positive,3600,2
0,out/models/model_epidemic11_model-it_0.pickle,3314,27914,QP,-1,0.035674095153808594,1.0,0.0,q0: start,"(11, 1, 10)",positive,3600,2
1,out/models/model_epidemic11_model-it_0.pickle,3314,27914,LP,-1,0.02377605438232422,1.0,0.0,q0: start,"(11, 1, 10)",positive,3600,2
0,out/models/model_epidemic10_model-it_0.pickle,2543,19883,QP,1,3600.050770998001,1.0,0.4646029066925095,q0: start,"(10, 1, 16)",positive,3600,9
1,out/models/model_epidemic10_model-it_0.pickle,2543,19883,LP,1,0.016231060028076172,1.0,0.0,q0: start,"(10, 1, 16)",positive,3600,2
0,out/models/model_epidemic10_model-it_0.pickle,2543,19883,QP,1,3600.021735906601,1.0,0.4646029066750039,q0: start,"(10, 1, 13)",positive,3600,9
1,out/models/model_epidemic10_model-it_0.pickle,2543,19883,LP,1,0.015837907791137695,1.0,0.0,q0: start,"(10, 1, 13)",positive,3600,2
0,out/models/model_epidemic11_model-it_0.pickle,3314,27914,QP,-1,0.03296399116516113,1.0,0.0,q0: start,"(11, 1, 5)",positive,3600,2
1,out/models/model_epidemic11_model-it_0.pickle,3314,27914,LP,-1,0.015965938568115234,1.0,0.0,q0: start,"(11, 1, 5)",positive,3600,2
0,out/models/model_epidemic11_model-it_0.pickle,3314,27914,QP,-1,0.03226804733276367,1.0,0.0,q0: start,"(11, 1, 0)",positive,3600,2
1,out/models/model_epidemic11_model-it_0.pickle,3314,27914,LP,-1,0.014457941055297852,1.0,0.0,q0: start,"(11, 1, 0)",positive,3600,2
0,out/models/model_epidemic10_model-it_0.pickle,2543,19883,QP,1,3600.0217549800873,1.0,0.4646029066818299,q0: start,"(10, 1, 12)",positive,3600,9
1,out/models/model_epidemic10_model-it_0.pickle,2543,19883,LP,1,0.006201982498168945,1.0,0.0,q0: start,"(10, 1, 12)",positive,3600,2
0,out/models/model_epidemic11_model-it_0.pickle,3314,27914,QP,-1,0.03317403793334961,1.0,0.0,q0: start,"(11, 1, 11)",positive,3600,2
1,out/models/model_epidemic11_model-it_0.pickle,3314,27914,LP,-1,0.015748977661132812,1.0,0.0,q0: start,"(11, 1, 11)",positive,3600,2
0,out/models/model_epidemic11_model-it_0.pickle,3314,27914,QP,-1,0.032423973083496094,1.0,0.0,q0: start,"(11, 1, 9)",positive,3600,2
1,out/models/model_epidemic11_model-it_0.pickle,3314,27914,LP,-1,0.014955997467041016,1.0,0.0,q0: start,"(11, 1, 9)",positive,3600,2
0,out/models/model_epidemic10_model-it_0.pickle,2543,19883,QP,1,3600.0313210487366,1.0,0.4646029066733516,q0: start,"(10, 1, 11)",positive,3600,9
1,out/models/model_epidemic10_model-it_0.pickle,2543,19883,LP,1,0.005383014678955078,1.0,0.0,q0: start,"(10, 1, 11)",positive,3600,2
0,out/models/model_epidemic10_model-it_0.pickle,2543,19883,QP,1,3600.047478914261,1.0,0.4646029066992545,q0: start,"(10, 1, 14)",positive,3600,9
1,out/models/model_epidemic10_model-it_0.pickle,2543,19883,LP,1,0.01887202262878418,1.0,0.0,q0: start,"(10, 1, 14)",positive,3600,2
0,out/models/model_epidemic12_model-it_0.pickle,4227,38396,QP,1,0.04101109504699707,1.0,0.0,q0: start,"(12, 1, 6)",positive,3600,2
1,out/models/model_epidemic12_model-it_0.pickle,4227,38396,LP,1,0.007537126541137695,1.0,0.0,q0: start,"(12, 1, 6)",positive,3600,2
0,out/models/model_epidemic12_model-it_0.pickle,4227,38396,QP,1,0.0599970817565918,1.0,0.0,q0: start,"(12, 1, 12)",positive,3600,2
1,out/models/model_epidemic12_model-it_0.pickle,4227,38396,LP,1,0.006556987762451172,1.0,0.0,q0: start,"(12, 1, 12)",positive,3600,2
0,out/models/model_epidemic12_model-it_0.pickle,4227,38396,QP,1,0.04216408729553223,1.0,0.0,q0: start,"(12, 1, 1)",positive,3600,2
1,out/models/model_epidemic12_model-it_0.pickle,4227,38396,LP,1,0.007502079010009766,1.0,0.0,q0: start,"(12, 1, 1)",positive,3600,2
0,out/models/model_epidemic12_model-it_0.pickle,4227,38396,QP,1,0.04326581954956055,1.0,0.0,q0: start,"(12, 1, 5)",positive,3600,2
1,out/models/model_epidemic12_model-it_0.pickle,4227,38396,LP,1,0.008135795593261719,1.0,0.0,q0: start,"(12, 1, 5)",positive,3600,2
0,out/models/model_epidemic12_model-it_0.pickle,4227,38396,QP,1,0.04987907409667969,1.0,0.0,q0: start,"(12, 1, 0)",positive,3600,2
1,out/models/model_epidemic12_model-it_0.pickle,4227,38396,LP,1,0.011775970458984375,1.0,0.0,q0: start,"(12, 1, 0)",positive,3600,2
0,out/models/model_epidemic10_model-it_0.pickle,2543,19883,QP,1,3600.0462880134583,1.0,0.4639235910558698,q0: start,"(10, 1, 18)",positive,3600,9
1,out/models/model_epidemic10_model-it_0.pickle,2543,19883,LP,1,0.018388986587524414,1.0,0.0,q0: start,"(10, 1, 18)",positive,3600,2
0,out/models/model_epidemic12_model-it_0.pickle,4227,38396,QP,1,0.04285597801208496,1.0,0.0,q0: start,"(12, 1, 4)",positive,3600,2
1,out/models/model_epidemic12_model-it_0.pickle,4227,38396,LP,1,0.007726907730102539,1.0,0.0,q0: start,"(12, 1, 4)",positive,3600,2
0,out/models/model_epidemic10_model-it_0.pickle,2543,19883,QP,1,3600.0258259773254,1.0,0.464602906691025,q0: start,"(10, 1, 20)",positive,3600,9
1,out/models/model_epidemic10_model-it_0.pickle,2543,19883,LP,1,0.006249904632568359,1.0,0.0,q0: start,"(10, 1, 20)",positive,3600,2
0,out/models/model_epidemic12_model-it_0.pickle,4227,38396,QP,1,0.04846620559692383,1.0,0.0,q0: start,"(12, 1, 7)",positive,3600,2
1,out/models/model_epidemic12_model-it_0.pickle,4227,38396,LP,1,0.008643150329589844,1.0,0.0,q0: start,"(12, 1, 7)",positive,3600,2
0,out/models/model_epidemic10_model-it_0.pickle,2543,19883,QP,-1,3600.025146961212,1.0,0.5117302417066008,q0: start,"(10, 1, 18)",positive,3600,9
1,out/models/model_epidemic10_model-it_0.pickle,2543,19883,LP,-1,0.015986919403076172,1.0,1.0,q0: start,"(10, 1, 18)",positive,3600,2
0,out/models/model_epidemic12_model-it_0.pickle,4227,38396,QP,1,0.04368305206298828,1.0,0.0,q0: start,"(12, 1, 8)",positive,3600,2
1,out/models/model_epidemic12_model-it_0.pickle,4227,38396,LP,1,0.008591175079345703,1.0,0.0,q0: start,"(12, 1, 8)",positive,3600,2
0,out/models/model_epidemic10_model-it_0.pickle,2543,19883,QP,-1,3600.0263102054596,1.0,0.5111472412974103,q0: start,"(10, 1, 16)",positive,3600,9
1,out/models/model_epidemic10_model-it_0.pickle,2543,19883,LP,-1,0.015460968017578125,1.0,1.0,q0: start,"(10, 1, 16)",positive,3600,2
0,out/models/model_epidemic10_model-it_0.pickle,2543,19883,QP,-1,3600.0293979644775,1.0,0.5111472412806033,q0: start,"(10, 1, 19)",positive,3600,9
1,out/models/model_epidemic10_model-it_0.pickle,2543,19883,LP,-1,0.01557612419128418,1.0,1.0,q0: start,"(10, 1, 19)",positive,3600,2
0,out/models/model_epidemic12_model-it_0.pickle,4227,38396,QP,1,0.04106593132019043,1.0,0.0,q0: start,"(12, 1, 11)",positive,3600,2
1,out/models/model_epidemic12_model-it_0.pickle,4227,38396,LP,1,0.009187936782836914,1.0,0.0,q0: start,"(12, 1, 11)",positive,3600,2
0,out/models/model_epidemic10_model-it_0.pickle,2543,19883,QP,-1,3600.020421028137,1.0,0.5123571285803492,q0: start,"(10, 1, 11)",positive,3600,9
1,out/models/model_epidemic10_model-it_0.pickle,2543,19883,LP,-1,0.01974797248840332,1.0,1.0,q0: start,"(10, 1, 11)",positive,3600,2
0,out/models/model_epidemic10_model-it_0.pickle,2543,19883,QP,-1,3600.0365240573883,1.0,0.5111472413334368,q0: start,"(10, 1, 20)",positive,3600,9
1,out/models/model_epidemic10_model-it_0.pickle,2543,19883,LP,-1,0.015398025512695312,1.0,1.0,q0: start,"(10, 1, 20)",positive,3600,2
0,out/models/model_epidemic10_model-it_0.pickle,2543,19883,QP,-1,3600.0282230377197,1.0,0.5187385937073739,q0: start,"(10, 1, 14)",positive,3600,9
1,out/models/model_epidemic10_model-it_0.pickle,2543,19883,LP,-1,0.019311904907226562,1.0,1.0,q0: start,"(10, 1, 14)",positive,3600,2
0,out/models/model_epidemic12_model-it_0.pickle,4227,38396,QP,1,0.04207897186279297,1.0,0.0,q0: start,"(12, 1, 9)",positive,3600,2
1,out/models/model_epidemic12_model-it_0.pickle,4227,38396,LP,1,0.009326934814453125,1.0,0.0,q0: start,"(12, 1, 9)",positive,3600,2
0,out/models/model_epidemic12_model-it_0.pickle,4227,38396,QP,1,0.04662609100341797,1.0,0.0,q0: start,"(12, 1, 2)",positive,3600,2
1,out/models/model_epidemic12_model-it_0.pickle,4227,38396,LP,1,0.008300065994262695,1.0,0.0,q0: start,"(12, 1, 2)",positive,3600,2
0,out/models/model_epidemic10_model-it_0.pickle,2543,19883,QP,-1,3600.0301020145416,1.0,0.5111472413180995,q0: start,"(10, 1, 13)",positive,3600,9
1,out/models/model_epidemic10_model-it_0.pickle,2543,19883,LP,-1,0.016510009765625,1.0,1.0,q0: start,"(10, 1, 13)",positive,3600,2
0,out/models/model_epidemic12_model-it_0.pickle,4227,38396,QP,1,0.043009042739868164,1.0,0.0,q0: start,"(12, 1, 10)",positive,3600,2
1,out/models/model_epidemic12_model-it_0.pickle,4227,38396,LP,1,0.008980035781860352,1.0,0.0,q0: start,"(12, 1, 10)",positive,3600,2
0,out/models/model_epidemic10_model-it_0.pickle,2543,19883,QP,-1,3600.0254809856415,1.0,0.5111472413199067,q0: start,"(10, 1, 12)",positive,3600,9
1,out/models/model_epidemic10_model-it_0.pickle,2543,19883,LP,-1,0.018896818161010742,1.0,1.0,q0: start,"(10, 1, 12)",positive,3600,2
0,out/models/model_epidemic12_model-it_0.pickle,4227,38396,QP,1,0.05029296875,1.0,0.0,q0: start,"(12, 1, 3)",positive,3600,2
1,out/models/model_epidemic12_model-it_0.pickle,4227,38396,LP,1,0.012087106704711914,1.0,0.0,q0: start,"(12, 1, 3)",positive,3600,2
0,out/models/model_epidemic12_model-it_0.pickle,4227,38396,QP,-1,0.046948909759521484,1.0,0.0,q0: start,"(12, 1, 1)",positive,3600,2
1,out/models/model_epidemic12_model-it_0.pickle,4227,38396,LP,-1,0.022459983825683594,1.0,0.0,q0: start,"(12, 1, 1)",positive,3600,2
0,out/models/model_epidemic12_model-it_0.pickle,4227,38396,QP,-1,0.043724775314331055,1.0,0.0,q0: start,"(12, 1, 5)",positive,3600,2
1,out/models/model_epidemic12_model-it_0.pickle,4227,38396,LP,-1,0.021703004837036133,1.0,0.0,q0: start,"(12, 1, 5)",positive,3600,2
0,out/models/model_epidemic11_model-it_0.pickle,3314,27914,QP,1,3600.044867038727,1.0,0.4582012671011293,q0: start,"(11, 1, 17)",positive,3600,9
1,out/models/model_epidemic11_model-it_0.pickle,3314,27914,LP,1,0.01912689208984375,1.0,0.0,q0: start,"(11, 1, 17)",positive,3600,2
0,out/models/model_epidemic11_model-it_0.pickle,3314,27914,QP,1,3600.047250032425,1.0,0.4582012671014565,q0: start,"(11, 1, 18)",positive,3600,9
1,out/models/model_epidemic11_model-it_0.pickle,3314,27914,LP,1,0.020013093948364258,1.0,0.0,q0: start,"(11, 1, 18)",positive,3600,2
0,out/models/model_epidemic11_model-it_0.pickle,3314,27914,QP,1,3600.0256049633026,1.0,0.458201267101096,q0: start,"(11, 1, 20)",positive,3600,9
1,out/models/model_epidemic11_model-it_0.pickle,3314,27914,LP,1,0.018666982650756836,1.0,0.0,q0: start,"(11, 1, 20)",positive,3600,2
0,out/models/model_epidemic12_model-it_0.pickle,4227,38396,QP,-1,0.042562007904052734,1.0,0.0,q0: start,"(12, 1, 2)",positive,3600,2
1,out/models/model_epidemic12_model-it_0.pickle,4227,38396,LP,-1,0.022954940795898438,1.0,0.0,q0: start,"(12, 1, 2)",positive,3600,2
0,out/models/model_epidemic11_model-it_0.pickle,3314,27914,QP,1,3600.0669589042664,1.0,0.4582012671001703,q0: start,"(11, 1, 15)",positive,3600,9
1,out/models/model_epidemic11_model-it_0.pickle,3314,27914,LP,1,0.020758867263793945,1.0,0.0,q0: start,"(11, 1, 15)",positive,3600,2
0,out/models/model_epidemic11_model-it_0.pickle,3314,27914,QP,1,3600.028885126114,1.0,0.4582012671038769,q0: start,"(11, 1, 19)",positive,3600,9
1,out/models/model_epidemic11_model-it_0.pickle,3314,27914,LP,1,0.019315004348754883,1.0,0.0,q0: start,"(11, 1, 19)",positive,3600,2
0,out/models/model_epidemic11_model-it_0.pickle,3314,27914,QP,1,3600.043216943741,1.0,0.45820126710357756,q0: start,"(11, 1, 13)",positive,3600,9
1,out/models/model_epidemic11_model-it_0.pickle,3314,27914,LP,1,0.019474029541015625,1.0,0.0,q0: start,"(11, 1, 13)",positive,3600,2
0,out/models/model_epidemic12_model-it_0.pickle,4227,38396,QP,-1,0.046449899673461914,1.0,0.0,q0: start,"(12, 1, 9)",positive,3600,2
1,out/models/model_epidemic12_model-it_0.pickle,4227,38396,LP,-1,0.024697065353393555,1.0,0.0,q0: start,"(12, 1, 9)",positive,3600,2
0,out/models/model_epidemic12_model-it_0.pickle,4227,38396,QP,-1,0.04485607147216797,1.0,0.0,q0: start,"(12, 1, 12)",positive,3600,2
1,out/models/model_epidemic12_model-it_0.pickle,4227,38396,LP,-1,0.022968053817749023,1.0,0.0,q0: start,"(12, 1, 12)",positive,3600,2
0,out/models/model_epidemic12_model-it_0.pickle,4227,38396,QP,-1,0.049410104751586914,1.0,0.0,q0: start,"(12, 1, 3)",positive,3600,2
1,out/models/model_epidemic12_model-it_0.pickle,4227,38396,LP,-1,0.02065896987915039,1.0,0.0,q0: start,"(12, 1, 3)",positive,3600,2
0,out/models/model_epidemic12_model-it_0.pickle,4227,38396,QP,-1,0.04136013984680176,1.0,0.0,q0: start,"(12, 1, 6)",positive,3600,2
1,out/models/model_epidemic12_model-it_0.pickle,4227,38396,LP,-1,0.019307851791381836,1.0,0.0,q0: start,"(12, 1, 6)",positive,3600,2
0,out/models/model_epidemic11_model-it_0.pickle,3314,27914,QP,1,3600.04167509079,1.0,0.45820126710303677,q0: start,"(11, 1, 16)",positive,3600,9
1,out/models/model_epidemic11_model-it_0.pickle,3314,27914,LP,1,0.01995682716369629,1.0,0.0,q0: start,"(11, 1, 16)",positive,3600,2
0,out/models/model_epidemic12_model-it_0.pickle,4227,38396,QP,-1,0.041877031326293945,1.0,0.0,q0: start,"(12, 1, 10)",positive,3600,2
1,out/models/model_epidemic12_model-it_0.pickle,4227,38396,LP,-1,0.02226996421813965,1.0,0.0,q0: start,"(12, 1, 10)",positive,3600,2
0,out/models/model_epidemic12_model-it_0.pickle,4227,38396,QP,-1,0.04474210739135742,1.0,0.0,q0: start,"(12, 1, 4)",positive,3600,2
1,out/models/model_epidemic12_model-it_0.pickle,4227,38396,LP,-1,0.020387887954711914,1.0,0.0,q0: start,"(12, 1, 4)",positive,3600,2
0,out/models/model_epidemic12_model-it_0.pickle,4227,38396,QP,-1,0.041364192962646484,1.0,0.0,q0: start,"(12, 1, 7)",positive,3600,2
1,out/models/model_epidemic12_model-it_0.pickle,4227,38396,LP,-1,0.021659135818481445,1.0,0.0,q0: start,"(12, 1, 7)",positive,3600,2
0,out/models/model_epidemic12_model-it_0.pickle,4227,38396,QP,-1,0.04638504981994629,1.0,0.0,q0: start,"(12, 1, 8)",positive,3600,2
1,out/models/model_epidemic12_model-it_0.pickle,4227,38396,LP,-1,0.02126789093017578,1.0,0.0,q0: start,"(12, 1, 8)",positive,3600,2
0,out/models/model_epidemic12_model-it_0.pickle,4227,38396,QP,-1,0.0407869815826416,1.0,0.0,q0: start,"(12, 1, 0)",positive,3600,2
1,out/models/model_epidemic12_model-it_0.pickle,4227,38396,LP,-1,0.022526025772094727,1.0,0.0,q0: start,"(12, 1, 0)",positive,3600,2
0,out/models/model_epidemic12_model-it_0.pickle,4227,38396,QP,-1,0.04451107978820801,1.0,0.0,q0: start,"(12, 1, 11)",positive,3600,2
1,out/models/model_epidemic12_model-it_0.pickle,4227,38396,LP,-1,0.02153921127319336,1.0,0.0,q0: start,"(12, 1, 11)",positive,3600,2
0,out/models/model_epidemic11_model-it_0.pickle,3314,27914,QP,1,3600.0455689430237,1.0,0.45820126710308573,q0: start,"(11, 1, 14)",positive,3600,9
1,out/models/model_epidemic11_model-it_0.pickle,3314,27914,LP,1,0.024061918258666992,1.0,0.0,q0: start,"(11, 1, 14)",positive,3600,2
0,out/models/model_epidemic11_model-it_0.pickle,3314,27914,QP,1,3600.044888973236,1.0,0.45820126710469455,q0: start,"(11, 1, 22)",positive,3600,9
1,out/models/model_epidemic11_model-it_0.pickle,3314,27914,LP,1,0.023713111877441406,1.0,0.0,q0: start,"(11, 1, 22)",positive,3600,2
0,out/models/model_epidemic11_model-it_0.pickle,3314,27914,QP,1,3600.03453207016,1.0,0.45820126710043607,q0: start,"(11, 1, 12)",positive,3600,9
1,out/models/model_epidemic11_model-it_0.pickle,3314,27914,LP,1,0.02399897575378418,1.0,0.0,q0: start,"(11, 1, 12)",positive,3600,2
0,out/models/model_epidemic13_model-it_0.pickle,5294,51296,QP,1,0.06524395942687988,1.0,0.0,q0: start,"(13, 1, 10)",positive,3600,2
1,out/models/model_epidemic13_model-it_0.pickle,5294,51296,LP,1,0.008099079132080078,1.0,0.0,q0: start,"(13, 1, 10)",positive,3600,2
0,out/models/model_epidemic13_model-it_0.pickle,5294,51296,QP,1,0.05881810188293457,1.0,0.0,q0: start,"(13, 1, 8)",positive,3600,2
1,out/models/model_epidemic13_model-it_0.pickle,5294,51296,LP,1,0.008858919143676758,1.0,0.0,q0: start,"(13, 1, 8)",positive,3600,2
0,out/models/model_epidemic13_model-it_0.pickle,5294,51296,QP,1,0.054412841796875,1.0,0.0,q0: start,"(13, 1, 6)",positive,3600,2
1,out/models/model_epidemic13_model-it_0.pickle,5294,51296,LP,1,0.009829044342041016,1.0,0.0,q0: start,"(13, 1, 6)",positive,3600,2
0,out/models/model_epidemic11_model-it_0.pickle,3314,27914,QP,-1,3600.0243921279907,1.0,0.5129643976243865,q0: start,"(11, 1, 20)",positive,3600,9
1,out/models/model_epidemic11_model-it_0.pickle,3314,27914,LP,-1,0.007431983947753906,1.0,1.0,q0: start,"(11, 1, 20)",positive,3600,2
0,out/models/model_epidemic13_model-it_0.pickle,5294,51296,QP,1,0.05399799346923828,1.0,0.0,q0: start,"(13, 1, 7)",positive,3600,2
1,out/models/model_epidemic13_model-it_0.pickle,5294,51296,LP,1,0.008602142333984375,1.0,0.0,q0: start,"(13, 1, 7)",positive,3600,2
0,out/models/model_epidemic11_model-it_0.pickle,3314,27914,QP,-1,3600.0340950489044,1.0,0.5129643976244876,q0: start,"(11, 1, 17)",positive,3600,9
1,out/models/model_epidemic11_model-it_0.pickle,3314,27914,LP,-1,0.007484912872314453,1.0,1.0,q0: start,"(11, 1, 17)",positive,3600,2
0,out/models/model_epidemic11_model-it_0.pickle,3314,27914,QP,-1,3600.041533946991,1.0,0.5129643976248172,q0: start,"(11, 1, 14)",positive,3600,9
1,out/models/model_epidemic11_model-it_0.pickle,3314,27914,LP,-1,0.007957935333251953,1.0,1.0,q0: start,"(11, 1, 14)",positive,3600,2
0,out/models/model_epidemic11_model-it_0.pickle,3314,27914,QP,-1,3600.0311999320984,1.0,0.5129643976244378,q0: start,"(11, 1, 13)",positive,3600,9
1,out/models/model_epidemic11_model-it_0.pickle,3314,27914,LP,-1,0.007124900817871094,1.0,1.0,q0: start,"(11, 1, 13)",positive,3600,2
0,out/models/model_epidemic11_model-it_0.pickle,3314,27914,QP,-1,3600.0788769721985,1.0,0.5129643976253301,q0: start,"(11, 1, 16)",positive,3600,9
1,out/models/model_epidemic11_model-it_0.pickle,3314,27914,LP,-1,0.008530855178833008,1.0,1.0,q0: start,"(11, 1, 16)",positive,3600,2
0,out/models/model_epidemic11_model-it_0.pickle,3314,27914,QP,-1,3600.065502882004,1.0,0.5129643976252469,q0: start,"(11, 1, 21)",positive,3600,9
1,out/models/model_epidemic11_model-it_0.pickle,3314,27914,LP,-1,0.008050918579101562,1.0,1.0,q0: start,"(11, 1, 21)",positive,3600,2
0,out/models/model_epidemic11_model-it_0.pickle,3314,27914,QP,-1,3600.038969039917,1.0,0.5129643976244564,q0: start,"(11, 1, 12)",positive,3600,9
1,out/models/model_epidemic11_model-it_0.pickle,3314,27914,LP,-1,0.007267951965332031,1.0,1.0,q0: start,"(11, 1, 12)",positive,3600,2
0,out/models/model_epidemic11_model-it_0.pickle,3314,27914,QP,-1,3600.043648004532,1.0,0.5129643976247387,q0: start,"(11, 1, 22)",positive,3600,9
1,out/models/model_epidemic11_model-it_0.pickle,3314,27914,LP,-1,0.006942033767700195,1.0,1.0,q0: start,"(11, 1, 22)",positive,3600,2
0,out/models/model_epidemic11_model-it_0.pickle,3314,27914,QP,-1,3600.044836997986,1.0,0.5129643976244584,q0: start,"(11, 1, 15)",positive,3600,9
1,out/models/model_epidemic11_model-it_0.pickle,3314,27914,LP,-1,0.007412910461425781,1.0,1.0,q0: start,"(11, 1, 15)",positive,3600,2
0,out/models/model_epidemic11_model-it_0.pickle,3314,27914,QP,-1,3600.0580909252167,1.0,0.5129643976248202,q0: start,"(11, 1, 19)",positive,3600,9
1,out/models/model_epidemic11_model-it_0.pickle,3314,27914,LP,-1,0.008674144744873047,1.0,1.0,q0: start,"(11, 1, 19)",positive,3600,2
0,out/models/model_epidemic11_model-it_0.pickle,3314,27914,QP,-1,3600.0787711143494,1.0,0.5129643976245275,q0: start,"(11, 1, 18)",positive,3600,9
1,out/models/model_epidemic11_model-it_0.pickle,3314,27914,LP,-1,0.00767207145690918,1.0,1.0,q0: start,"(11, 1, 18)",positive,3600,2
0,out/models/model_epidemic13_model-it_0.pickle,5294,51296,QP,1,0.06044507026672363,1.0,0.0,q0: start,"(13, 1, 12)",positive,3600,2
1,out/models/model_epidemic13_model-it_0.pickle,5294,51296,LP,1,0.008248090744018555,1.0,0.0,q0: start,"(13, 1, 12)",positive,3600,2
0,out/models/model_epidemic13_model-it_0.pickle,5294,51296,QP,1,0.05932497978210449,1.0,0.0,q0: start,"(13, 1, 4)",positive,3600,2
1,out/models/model_epidemic13_model-it_0.pickle,5294,51296,LP,1,0.033338069915771484,1.0,0.0,q0: start,"(13, 1, 4)",positive,3600,2
0,out/models/model_epidemic12_model-it_0.pickle,4227,38396,QP,1,3600.0594182014465,1.0,0.46191208653619253,q0: start,"(12, 1, 15)",positive,3600,9
1,out/models/model_epidemic12_model-it_0.pickle,4227,38396,LP,1,0.008536100387573242,1.0,0.0,q0: start,"(12, 1, 15)",positive,3600,2
0,out/models/model_epidemic12_model-it_0.pickle,4227,38396,QP,1,3600.054100036621,1.0,0.4619120866823605,q0: start,"(12, 1, 13)",positive,3600,9
1,out/models/model_epidemic12_model-it_0.pickle,4227,38396,LP,1,0.008705854415893555,1.0,0.0,q0: start,"(12, 1, 13)",positive,3600,2
0,out/models/model_epidemic12_model-it_0.pickle,4227,38396,QP,1,3600.0271289348602,1.0,0.4619120866826496,q0: start,"(12, 1, 23)",positive,3600,9
1,out/models/model_epidemic12_model-it_0.pickle,4227,38396,LP,1,0.008215904235839844,1.0,0.0,q0: start,"(12, 1, 23)",positive,3600,2
0,out/models/model_epidemic13_model-it_0.pickle,5294,51296,QP,1,0.05608677864074707,1.0,0.0,q0: start,"(13, 1, 5)",positive,3600,2
1,out/models/model_epidemic13_model-it_0.pickle,5294,51296,LP,1,0.008589029312133789,1.0,0.0,q0: start,"(13, 1, 5)",positive,3600,2
0,out/models/model_epidemic12_model-it_0.pickle,4227,38396,QP,1,3600.064462184906,1.0,0.4619120866828442,q0: start,"(12, 1, 20)",positive,3600,9
1,out/models/model_epidemic12_model-it_0.pickle,4227,38396,LP,1,0.009312868118286133,1.0,0.0,q0: start,"(12, 1, 20)",positive,3600,2
0,out/models/model_epidemic13_model-it_0.pickle,5294,51296,QP,1,0.06338691711425781,1.0,0.0,q0: start,"(13, 1, 0)",positive,3600,2
1,out/models/model_epidemic13_model-it_0.pickle,5294,51296,LP,1,0.009031057357788086,1.0,0.0,q0: start,"(13, 1, 0)",positive,3600,2
0,out/models/model_epidemic13_model-it_0.pickle,5294,51296,QP,1,0.06847190856933594,1.0,0.0,q0: start,"(13, 1, 1)",positive,3600,2
1,out/models/model_epidemic13_model-it_0.pickle,5294,51296,LP,1,0.007925987243652344,1.0,0.0,q0: start,"(13, 1, 1)",positive,3600,2
0,out/models/model_epidemic13_model-it_0.pickle,5294,51296,QP,1,0.06558799743652344,1.0,0.0,q0: start,"(13, 1, 11)",positive,3600,2
1,out/models/model_epidemic13_model-it_0.pickle,5294,51296,LP,1,0.029859066009521484,1.0,0.0,q0: start,"(13, 1, 11)",positive,3600,2
0,out/models/model_epidemic12_model-it_0.pickle,4227,38396,QP,1,3600.0382640361786,1.0,0.46191208668234507,q0: start,"(12, 1, 17)",positive,3600,9
1,out/models/model_epidemic12_model-it_0.pickle,4227,38396,LP,1,0.008178949356079102,1.0,0.0,q0: start,"(12, 1, 17)",positive,3600,2
0,out/models/model_epidemic12_model-it_0.pickle,4227,38396,QP,1,3600.0436611175537,1.0,0.46191208668247663,q0: start,"(12, 1, 22)",positive,3600,9
1,out/models/model_epidemic12_model-it_0.pickle,4227,38396,LP,1,0.007467031478881836,1.0,0.0,q0: start,"(12, 1, 22)",positive,3600,2
0,out/models/model_epidemic12_model-it_0.pickle,4227,38396,QP,1,3600.1288599967957,1.0,0.4619120866824392,q0: start,"(12, 1, 24)",positive,3600,9
1,out/models/model_epidemic12_model-it_0.pickle,4227,38396,LP,1,0.025155067443847656,1.0,0.0,q0: start,"(12, 1, 24)",positive,3600,2
0,out/models/model_epidemic13_model-it_0.pickle,5294,51296,QP,1,0.05969715118408203,1.0,0.0,q0: start,"(13, 1, 13)",positive,3600,2
1,out/models/model_epidemic13_model-it_0.pickle,5294,51296,LP,1,0.0276949405670166,1.0,0.0,q0: start,"(13, 1, 13)",positive,3600,2
0,out/models/model_epidemic13_model-it_0.pickle,5294,51296,QP,1,0.0627279281616211,1.0,0.0,q0: start,"(13, 1, 2)",positive,3600,2
1,out/models/model_epidemic13_model-it_0.pickle,5294,51296,LP,1,0.01034402847290039,1.0,0.0,q0: start,"(13, 1, 2)",positive,3600,2
0,out/models/model_epidemic13_model-it_0.pickle,5294,51296,QP,1,0.05402207374572754,1.0,0.0,q0: start,"(13, 1, 3)",positive,3600,2
1,out/models/model_epidemic13_model-it_0.pickle,5294,51296,LP,1,0.008270025253295898,1.0,0.0,q0: start,"(13, 1, 3)",positive,3600,2
0,out/models/model_epidemic12_model-it_0.pickle,4227,38396,QP,1,3600.0819280147552,1.0,0.4619120866825772,q0: start,"(12, 1, 14)",positive,3600,9
1,out/models/model_epidemic12_model-it_0.pickle,4227,38396,LP,1,0.0084381103515625,1.0,0.0,q0: start,"(12, 1, 14)",positive,3600,2
0,out/models/model_epidemic12_model-it_0.pickle,4227,38396,QP,1,3600.0966889858246,1.0,0.4619120866824128,q0: start,"(12, 1, 21)",positive,3600,9
1,out/models/model_epidemic12_model-it_0.pickle,4227,38396,LP,1,0.008090972900390625,1.0,0.0,q0: start,"(12, 1, 21)",positive,3600,2
0,out/models/model_epidemic13_model-it_0.pickle,5294,51296,QP,1,0.07169008255004883,1.0,0.0,q0: start,"(13, 1, 9)",positive,3600,2
1,out/models/model_epidemic13_model-it_0.pickle,5294,51296,LP,1,0.008660078048706055,1.0,0.0,q0: start,"(13, 1, 9)",positive,3600,2
0,out/models/model_epidemic13_model-it_0.pickle,5294,51296,QP,-1,0.05747699737548828,1.0,0.0,q0: start,"(13, 1, 2)",positive,3600,2
1,out/models/model_epidemic13_model-it_0.pickle,5294,51296,LP,-1,0.02692413330078125,1.0,0.0,q0: start,"(13, 1, 2)",positive,3600,2
0,out/models/model_epidemic13_model-it_0.pickle,5294,51296,QP,-1,0.05955219268798828,1.0,0.0,q0: start,"(13, 1, 4)",positive,3600,2
1,out/models/model_epidemic13_model-it_0.pickle,5294,51296,LP,-1,0.03175187110900879,1.0,0.0,q0: start,"(13, 1, 4)",positive,3600,2
0,out/models/model_epidemic13_model-it_0.pickle,5294,51296,QP,-1,0.05371904373168945,1.0,0.0,q0: start,"(13, 1, 11)",positive,3600,2
1,out/models/model_epidemic13_model-it_0.pickle,5294,51296,LP,-1,0.02992105484008789,1.0,0.0,q0: start,"(13, 1, 11)",positive,3600,2
0,out/models/model_epidemic13_model-it_0.pickle,5294,51296,QP,-1,0.0640408992767334,1.0,0.0,q0: start,"(13, 1, 7)",positive,3600,2
1,out/models/model_epidemic13_model-it_0.pickle,5294,51296,LP,-1,0.02927994728088379,1.0,0.0,q0: start,"(13, 1, 7)",positive,3600,2
0,out/models/model_epidemic13_model-it_0.pickle,5294,51296,QP,-1,0.09620904922485352,1.0,0.0,q0: start,"(13, 1, 9)",positive,3600,2
1,out/models/model_epidemic13_model-it_0.pickle,5294,51296,LP,-1,0.0337071418762207,1.0,0.0,q0: start,"(13, 1, 9)",positive,3600,2
0,out/models/model_epidemic13_model-it_0.pickle,5294,51296,QP,-1,0.05423998832702637,1.0,0.0,q0: start,"(13, 1, 5)",positive,3600,2
1,out/models/model_epidemic13_model-it_0.pickle,5294,51296,LP,-1,0.025382041931152344,1.0,0.0,q0: start,"(13, 1, 5)",positive,3600,2
0,out/models/model_epidemic12_model-it_0.pickle,4227,38396,QP,1,3600.09557390213,1.0,0.46191208668270123,q0: start,"(12, 1, 19)",positive,3600,9
1,out/models/model_epidemic12_model-it_0.pickle,4227,38396,LP,1,0.00955820083618164,1.0,0.0,q0: start,"(12, 1, 19)",positive,3600,2
0,out/models/model_epidemic12_model-it_0.pickle,4227,38396,QP,1,3600.1001620292664,1.0,0.46191208668228645,q0: start,"(12, 1, 18)",positive,3600,9
1,out/models/model_epidemic12_model-it_0.pickle,4227,38396,LP,1,0.008594989776611328,1.0,0.0,q0: start,"(12, 1, 18)",positive,3600,2
0,out/models/model_epidemic13_model-it_0.pickle,5294,51296,QP,-1,0.054895877838134766,1.0,0.0,q0: start,"(13, 1, 10)",positive,3600,2
1,out/models/model_epidemic13_model-it_0.pickle,5294,51296,LP,-1,0.027559995651245117,1.0,0.0,q0: start,"(13, 1, 10)",positive,3600,2
0,out/models/model_epidemic12_model-it_0.pickle,4227,38396,QP,1,3600.0483889579773,1.0,0.46191208668306605,q0: start,"(12, 1, 16)",positive,3600,9
1,out/models/model_epidemic12_model-it_0.pickle,4227,38396,LP,1,0.00849294662475586,1.0,0.0,q0: start,"(12, 1, 16)",positive,3600,2
0,out/models/model_epidemic13_model-it_0.pickle,5294,51296,QP,-1,0.051592111587524414,1.0,0.0,q0: start,"(13, 1, 13)",positive,3600,2
1,out/models/model_epidemic13_model-it_0.pickle,5294,51296,LP,-1,0.0315399169921875,1.0,0.0,q0: start,"(13, 1, 13)",positive,3600,2
0,out/models/model_epidemic13_model-it_0.pickle,5294,51296,QP,-1,0.05994415283203125,1.0,0.0,q0: start,"(13, 1, 0)",positive,3600,2
1,out/models/model_epidemic13_model-it_0.pickle,5294,51296,LP,-1,0.030377864837646484,1.0,0.0,q0: start,"(13, 1, 0)",positive,3600,2
0,out/models/model_epidemic13_model-it_0.pickle,5294,51296,QP,-1,0.05350303649902344,1.0,0.0,q0: start,"(13, 1, 8)",positive,3600,2
1,out/models/model_epidemic13_model-it_0.pickle,5294,51296,LP,-1,0.024064064025878906,1.0,0.0,q0: start,"(13, 1, 8)",positive,3600,2
0,out/models/model_epidemic12_model-it_0.pickle,4227,38396,QP,-1,3600.2046608924866,1.0,0.5141508646939263,q0: start,"(12, 1, 24)",positive,3600,9
1,out/models/model_epidemic12_model-it_0.pickle,4227,38396,LP,-1,0.010051965713500977,1.0,1.0,q0: start,"(12, 1, 24)",positive,3600,2
0,out/models/model_epidemic12_model-it_0.pickle,4227,38396,QP,-1,3600.0650629997253,1.0,0.5141508646943518,q0: start,"(12, 1, 18)",positive,3600,9
1,out/models/model_epidemic12_model-it_0.pickle,4227,38396,LP,-1,0.02398991584777832,1.0,1.0,q0: start,"(12, 1, 18)",positive,3600,2
0,out/models/model_epidemic13_model-it_0.pickle,5294,51296,QP,-1,0.05299496650695801,1.0,0.0,q0: start,"(13, 1, 1)",positive,3600,2
1,out/models/model_epidemic13_model-it_0.pickle,5294,51296,LP,-1,0.024378061294555664,1.0,0.0,q0: start,"(13, 1, 1)",positive,3600,2
0,out/models/model_epidemic12_model-it_0.pickle,4227,38396,QP,-1,3600.057765007019,1.0,0.5141508646947427,q0: start,"(12, 1, 15)",positive,3600,9
1,out/models/model_epidemic12_model-it_0.pickle,4227,38396,LP,-1,0.03197503089904785,1.0,1.0,q0: start,"(12, 1, 15)",positive,3600,2
0,out/models/model_epidemic12_model-it_0.pickle,4227,38396,QP,-1,3600.0784368515015,1.0,0.5141508646937692,q0: start,"(12, 1, 16)",positive,3600,9
1,out/models/model_epidemic12_model-it_0.pickle,4227,38396,LP,-1,0.03159189224243164,1.0,1.0,q0: start,"(12, 1, 16)",positive,3600,2
0,out/models/model_epidemic12_model-it_0.pickle,4227,38396,QP,-1,3600.0641028881073,1.0,0.5141508646938457,q0: start,"(12, 1, 20)",positive,3600,9
1,out/models/model_epidemic12_model-it_0.pickle,4227,38396,LP,-1,0.030678987503051758,1.0,1.0,q0: start,"(12, 1, 20)",positive,3600,2
0,out/models/model_epidemic12_model-it_0.pickle,4227,38396,QP,-1,3600.0416769981384,1.0,0.5141508646941898,q0: start,"(12, 1, 23)",positive,3600,9
1,out/models/model_epidemic12_model-it_0.pickle,4227,38396,LP,-1,0.02627277374267578,1.0,1.0,q0: start,"(12, 1, 23)",positive,3600,2
0,out/models/model_epidemic13_model-it_0.pickle,5294,51296,QP,-1,0.061964988708496094,1.0,0.0,q0: start,"(13, 1, 6)",positive,3600,2
1,out/models/model_epidemic13_model-it_0.pickle,5294,51296,LP,-1,0.025784015655517578,1.0,0.0,q0: start,"(13, 1, 6)",positive,3600,2
0,out/models/model_epidemic13_model-it_0.pickle,5294,51296,QP,-1,0.05136609077453613,1.0,0.0,q0: start,"(13, 1, 3)",positive,3600,2
1,out/models/model_epidemic13_model-it_0.pickle,5294,51296,LP,-1,0.024058103561401367,1.0,0.0,q0: start,"(13, 1, 3)",positive,3600,2
0,out/models/model_epidemic13_model-it_0.pickle,5294,51296,QP,-1,0.07262110710144043,1.0,0.0,q0: start,"(13, 1, 12)",positive,3600,2
1,out/models/model_epidemic13_model-it_0.pickle,5294,51296,LP,-1,0.02587103843688965,1.0,0.0,q0: start,"(13, 1, 12)",positive,3600,2
0,out/models/model_epidemic12_model-it_0.pickle,4227,38396,QP,-1,3600.0350489616394,1.0,0.5141508646935442,q0: start,"(12, 1, 19)",positive,3600,9
1,out/models/model_epidemic12_model-it_0.pickle,4227,38396,LP,-1,0.02502608299255371,1.0,1.0,q0: start,"(12, 1, 19)",positive,3600,2
0,out/models/model_epidemic12_model-it_0.pickle,4227,38396,QP,-1,3600.076630115509,1.0,0.5141508646933558,q0: start,"(12, 1, 13)",positive,3600,9
1,out/models/model_epidemic12_model-it_0.pickle,4227,38396,LP,-1,0.030033111572265625,1.0,1.0,q0: start,"(12, 1, 13)",positive,3600,2
0,out/models/model_epidemic14_model-it_0.pickle,6527,67518,QP,1,0.08625602722167969,1.0,0.0,q0: start,"(14, 1, 10)",positive,3600,2
1,out/models/model_epidemic14_model-it_0.pickle,6527,67518,LP,1,0.012274026870727539,1.0,0.0,q0: start,"(14, 1, 10)",positive,3600,2
0,out/models/model_epidemic14_model-it_0.pickle,6527,67518,QP,1,0.0769040584564209,1.0,0.0,q0: start,"(14, 1, 6)",positive,3600,2
1,out/models/model_epidemic14_model-it_0.pickle,6527,67518,LP,1,0.0338139533996582,1.0,0.0,q0: start,"(14, 1, 6)",positive,3600,2
0,out/models/model_epidemic12_model-it_0.pickle,4227,38396,QP,-1,3600.0578620433807,1.0,0.5141508646937102,q0: start,"(12, 1, 21)",positive,3600,9
1,out/models/model_epidemic12_model-it_0.pickle,4227,38396,LP,-1,0.024310827255249023,1.0,1.0,q0: start,"(12, 1, 21)",positive,3600,2
0,out/models/model_epidemic14_model-it_0.pickle,6527,67518,QP,1,0.07308220863342285,1.0,0.0,q0: start,"(14, 1, 8)",positive,3600,2
1,out/models/model_epidemic14_model-it_0.pickle,6527,67518,LP,1,0.009836196899414062,1.0,0.0,q0: start,"(14, 1, 8)",positive,3600,2
0,out/models/model_epidemic12_model-it_0.pickle,4227,38396,QP,-1,3600.073388814926,1.0,0.5141508646925188,q0: start,"(12, 1, 17)",positive,3600,9
1,out/models/model_epidemic12_model-it_0.pickle,4227,38396,LP,-1,0.028066158294677734,1.0,1.0,q0: start,"(12, 1, 17)",positive,3600,2
0,out/models/model_epidemic14_model-it_0.pickle,6527,67518,QP,1,0.0756690502166748,1.0,0.0,q0: start,"(14, 1, 1)",positive,3600,2
1,out/models/model_epidemic14_model-it_0.pickle,6527,67518,LP,1,0.010293960571289062,1.0,0.0,q0: start,"(14, 1, 1)",positive,3600,2
0,out/models/model_epidemic14_model-it_0.pickle,6527,67518,QP,1,0.06537985801696777,1.0,0.0,q0: start,"(14, 1, 13)",positive,3600,2
1,out/models/model_epidemic14_model-it_0.pickle,6527,67518,LP,1,0.009570837020874023,1.0,0.0,q0: start,"(14, 1, 13)",positive,3600,2
0,out/models/model_epidemic14_model-it_0.pickle,6527,67518,QP,1,0.0731508731842041,1.0,0.0,q0: start,"(14, 1, 2)",positive,3600,2
1,out/models/model_epidemic14_model-it_0.pickle,6527,67518,LP,1,0.010280847549438477,1.0,0.0,q0: start,"(14, 1, 2)",positive,3600,2
0,out/models/model_epidemic14_model-it_0.pickle,6527,67518,QP,1,0.0817868709564209,1.0,0.0,q0: start,"(14, 1, 0)",positive,3600,2
1,out/models/model_epidemic14_model-it_0.pickle,6527,67518,LP,1,0.009948968887329102,1.0,0.0,q0: start,"(14, 1, 0)",positive,3600,2
0,out/models/model_epidemic12_model-it_0.pickle,4227,38396,QP,-1,3600.056678056717,1.0,0.5141508646924614,q0: start,"(12, 1, 14)",positive,3600,9
1,out/models/model_epidemic12_model-it_0.pickle,4227,38396,LP,-1,0.024344921112060547,1.0,1.0,q0: start,"(12, 1, 14)",positive,3600,2
0,out/models/model_epidemic12_model-it_0.pickle,4227,38396,QP,-1,3600.045804977417,1.0,0.514150864694187,q0: start,"(12, 1, 22)",positive,3600,9
1,out/models/model_epidemic12_model-it_0.pickle,4227,38396,LP,-1,0.024801015853881836,1.0,1.0,q0: start,"(12, 1, 22)",positive,3600,2
0,out/models/model_epidemic14_model-it_0.pickle,6527,67518,QP,1,0.06317400932312012,1.0,0.0,q0: start,"(14, 1, 5)",positive,3600,2
1,out/models/model_epidemic14_model-it_0.pickle,6527,67518,LP,1,0.010481834411621094,1.0,0.0,q0: start,"(14, 1, 5)",positive,3600,2
0,out/models/model_epidemic14_model-it_0.pickle,6527,67518,QP,1,0.07219886779785156,1.0,0.0,q0: start,"(14, 1, 12)",positive,3600,2
1,out/models/model_epidemic14_model-it_0.pickle,6527,67518,LP,1,0.009196996688842773,1.0,0.0,q0: start,"(14, 1, 12)",positive,3600,2
0,out/models/model_epidemic13_model-it_0.pickle,5294,51296,QP,1,3600.0613119602203,1.0,0.46658841363818804,q0: start,"(13, 1, 21)",positive,3600,9
1,out/models/model_epidemic13_model-it_0.pickle,5294,51296,LP,1,0.03273892402648926,1.0,0.0,q0: start,"(13, 1, 21)",positive,3600,2
0,out/models/model_epidemic13_model-it_0.pickle,5294,51296,QP,1,3600.082356929779,1.0,0.46658841363812564,q0: start,"(13, 1, 18)",positive,3600,9
1,out/models/model_epidemic13_model-it_0.pickle,5294,51296,LP,1,0.008589982986450195,1.0,0.0,q0: start,"(13, 1, 18)",positive,3600,2
0,out/models/model_epidemic14_model-it_0.pickle,6527,67518,QP,1,0.07103395462036133,1.0,0.0,q0: start,"(14, 1, 4)",positive,3600,2
1,out/models/model_epidemic14_model-it_0.pickle,6527,67518,LP,1,0.010938167572021484,1.0,0.0,q0: start,"(14, 1, 4)",positive,3600,2
0,out/models/model_epidemic14_model-it_0.pickle,6527,67518,QP,1,0.07454085350036621,1.0,0.0,q0: start,"(14, 1, 11)",positive,3600,2
1,out/models/model_epidemic14_model-it_0.pickle,6527,67518,LP,1,0.034748077392578125,1.0,0.0,q0: start,"(14, 1, 11)",positive,3600,2
0,out/models/model_epidemic14_model-it_0.pickle,6527,67518,QP,1,0.06546187400817871,1.0,0.0,q0: start,"(14, 1, 7)",positive,3600,2
1,out/models/model_epidemic14_model-it_0.pickle,6527,67518,LP,1,0.010912895202636719,1.0,0.0,q0: start,"(14, 1, 7)",positive,3600,2
0,out/models/model_epidemic14_model-it_0.pickle,6527,67518,QP,1,0.06415510177612305,1.0,0.0,q0: start,"(14, 1, 9)",positive,3600,2
1,out/models/model_epidemic14_model-it_0.pickle,6527,67518,LP,1,0.011103153228759766,1.0,0.0,q0: start,"(14, 1, 9)",positive,3600,2
0,out/models/model_epidemic14_model-it_0.pickle,6527,67518,QP,1,0.07593894004821777,1.0,0.0,q0: start,"(14, 1, 3)",positive,3600,2
1,out/models/model_epidemic14_model-it_0.pickle,6527,67518,LP,1,0.03197193145751953,1.0,0.0,q0: start,"(14, 1, 3)",positive,3600,2
0,out/models/model_epidemic14_model-it_0.pickle,6527,67518,QP,1,0.06882500648498535,1.0,0.0,q0: start,"(14, 1, 14)",positive,3600,2
1,out/models/model_epidemic14_model-it_0.pickle,6527,67518,LP,1,0.010362863540649414,1.0,0.0,q0: start,"(14, 1, 14)",positive,3600,2
0,out/models/model_epidemic13_model-it_0.pickle,5294,51296,QP,1,3600.050318002701,1.0,0.4665884136378844,q0: start,"(13, 1, 25)",positive,3600,9
1,out/models/model_epidemic13_model-it_0.pickle,5294,51296,LP,1,0.009470939636230469,1.0,0.0,q0: start,"(13, 1, 25)",positive,3600,2
0,out/models/model_epidemic14_model-it_0.pickle,6527,67518,QP,-1,0.06340217590332031,1.0,0.0,q0: start,"(14, 1, 1)",positive,3600,2
1,out/models/model_epidemic14_model-it_0.pickle,6527,67518,LP,-1,0.0388188362121582,1.0,0.0,q0: start,"(14, 1, 1)",positive,3600,2
0,out/models/model_epidemic13_model-it_0.pickle,5294,51296,QP,1,3600.0824580192566,1.0,0.46658841363747194,q0: start,"(13, 1, 16)",positive,3600,9
1,out/models/model_epidemic13_model-it_0.pickle,5294,51296,LP,1,0.009174108505249023,1.0,0.0,q0: start,"(13, 1, 16)",positive,3600,2
0,out/models/model_epidemic14_model-it_0.pickle,6527,67518,QP,-1,0.0625009536743164,1.0,0.0,q0: start,"(14, 1, 11)",positive,3600,2
1,out/models/model_epidemic14_model-it_0.pickle,6527,67518,LP,-1,0.035208940505981445,1.0,0.0,q0: start,"(14, 1, 11)",positive,3600,2
0,out/models/model_epidemic13_model-it_0.pickle,5294,51296,QP,1,3600.1382830142975,1.0,0.4665884136379672,q0: start,"(13, 1, 22)",positive,3600,9
1,out/models/model_epidemic13_model-it_0.pickle,5294,51296,LP,1,0.008774995803833008,1.0,0.0,q0: start,"(13, 1, 22)",positive,3600,2
0,out/models/model_epidemic14_model-it_0.pickle,6527,67518,QP,-1,0.07756209373474121,1.0,0.0,q0: start,"(14, 1, 4)",positive,3600,2
1,out/models/model_epidemic14_model-it_0.pickle,6527,67518,LP,-1,0.03099203109741211,1.0,0.0,q0: start,"(14, 1, 4)",positive,3600,2
0,out/models/model_epidemic14_model-it_0.pickle,6527,67518,QP,-1,0.06925201416015625,1.0,0.0,q0: start,"(14, 1, 13)",positive,3600,2
1,out/models/model_epidemic14_model-it_0.pickle,6527,67518,LP,-1,0.030375957489013672,1.0,0.0,q0: start,"(14, 1, 13)",positive,3600,2
0,out/models/model_epidemic13_model-it_0.pickle,5294,51296,QP,1,3600.0753791332245,1.0,0.46658841363737724,q0: start,"(13, 1, 26)",positive,3600,9
1,out/models/model_epidemic13_model-it_0.pickle,5294,51296,LP,1,0.010166168212890625,1.0,0.0,q0: start,"(13, 1, 26)",positive,3600,2
0,out/models/model_epidemic13_model-it_0.pickle,5294,51296,QP,1,3600.093808889389,1.0,0.4665884136380375,q0: start,"(13, 1, 19)",positive,3600,9
1,out/models/model_epidemic13_model-it_0.pickle,5294,51296,LP,1,0.009226083755493164,1.0,0.0,q0: start,"(13, 1, 19)",positive,3600,2
0,out/models/model_epidemic13_model-it_0.pickle,5294,51296,QP,1,3600.07546710968,1.0,0.46658841363766934,q0: start,"(13, 1, 14)",positive,3600,9
1,out/models/model_epidemic13_model-it_0.pickle,5294,51296,LP,1,0.009927988052368164,1.0,0.0,q0: start,"(13, 1, 14)",positive,3600,2
0,out/models/model_epidemic13_model-it_0.pickle,5294,51296,QP,1,3600.069808959961,1.0,0.46658841363798553,q0: start,"(13, 1, 15)",positive,3600,9
1,out/models/model_epidemic13_model-it_0.pickle,5294,51296,LP,1,0.010535955429077148,1.0,0.0,q0: start,"(13, 1, 15)",positive,3600,2
0,out/models/model_epidemic13_model-it_0.pickle,5294,51296,QP,1,3600.0541319847107,1.0,0.46658841363801307,q0: start,"(13, 1, 24)",positive,3600,9
1,out/models/model_epidemic13_model-it_0.pickle,5294,51296,LP,1,0.008419036865234375,1.0,0.0,q0: start,"(13, 1, 24)",positive,3600,2
0,out/models/model_epidemic13_model-it_0.pickle,5294,51296,QP,1,3600.0857870578766,1.0,0.466588413637832,q0: start,"(13, 1, 20)",positive,3600,9
1,out/models/model_epidemic13_model-it_0.pickle,5294,51296,LP,1,0.010174036026000977,1.0,0.0,q0: start,"(13, 1, 20)",positive,3600,2
0,out/models/model_epidemic13_model-it_0.pickle,5294,51296,QP,1,3600.0883350372314,1.0,0.46658841363744763,q0: start,"(13, 1, 17)",positive,3600,9
1,out/models/model_epidemic13_model-it_0.pickle,5294,51296,LP,1,0.008426904678344727,1.0,0.0,q0: start,"(13, 1, 17)",positive,3600,2
0,out/models/model_epidemic13_model-it_0.pickle,5294,51296,QP,1,3600.099349975586,1.0,0.4665884136374834,q0: start,"(13, 1, 23)",positive,3600,9
1,out/models/model_epidemic13_model-it_0.pickle,5294,51296,LP,1,0.009932994842529297,1.0,0.0,q0: start,"(13, 1, 23)",positive,3600,2
0,out/models/model_epidemic14_model-it_0.pickle,6527,67518,QP,-1,0.0745840072631836,1.0,0.0,q0: start,"(14, 1, 9)",positive,3600,2
1,out/models/model_epidemic14_model-it_0.pickle,6527,67518,LP,-1,0.033110857009887695,1.0,0.0,q0: start,"(14, 1, 9)",positive,3600,2
0,out/models/model_epidemic13_model-it_0.pickle,5294,51296,QP,-1,3600.039922952652,1.0,0.5121225245653935,q0: start,"(13, 1, 25)",positive,3600,9
1,out/models/model_epidemic13_model-it_0.pickle,5294,51296,LP,-1,0.029338836669921875,1.0,1.0,q0: start,"(13, 1, 25)",positive,3600,2
0,out/models/model_epidemic13_model-it_0.pickle,5294,51296,QP,-1,3600.063136816025,1.0,0.5121225245651745,q0: start,"(13, 1, 14)",positive,3600,9
1,out/models/model_epidemic13_model-it_0.pickle,5294,51296,LP,-1,0.03291010856628418,1.0,1.0,q0: start,"(13, 1, 14)",positive,3600,2
0,out/models/model_epidemic13_model-it_0.pickle,5294,51296,QP,-1,3600.0912878513336,1.0,0.5121225245647401,q0: start,"(13, 1, 17)",positive,3600,9
1,out/models/model_epidemic13_model-it_0.pickle,5294,51296,LP,-1,0.03664684295654297,1.0,1.0,q0: start,"(13, 1, 17)",positive,3600,2
0,out/models/model_epidemic13_model-it_0.pickle,5294,51296,QP,-1,3600.0782170295715,1.0,0.512122524565654,q0: start,"(13, 1, 21)",positive,3600,9
1,out/models/model_epidemic13_model-it_0.pickle,5294,51296,LP,-1,0.034999847412109375,1.0,1.0,q0: start,"(13, 1, 21)",positive,3600,2
0,out/models/model_epidemic13_model-it_0.pickle,5294,51296,QP,-1,3600.0622370243073,1.0,0.5121225245652046,q0: start,"(13, 1, 16)",positive,3600,9
1,out/models/model_epidemic13_model-it_0.pickle,5294,51296,LP,-1,0.043540000915527344,1.0,1.0,q0: start,"(13, 1, 16)",positive,3600,2
0,out/models/model_epidemic14_model-it_0.pickle,6527,67518,QP,-1,0.07500290870666504,1.0,0.0,q0: start,"(14, 1, 10)",positive,3600,2
1,out/models/model_epidemic14_model-it_0.pickle,6527,67518,LP,-1,0.03794503211975098,1.0,0.0,q0: start,"(14, 1, 10)",positive,3600,2
0,out/models/model_epidemic14_model-it_0.pickle,6527,67518,QP,-1,0.07028698921203613,1.0,0.0,q0: start,"(14, 1, 14)",positive,3600,2
1,out/models/model_epidemic14_model-it_0.pickle,6527,67518,LP,-1,0.031710147857666016,1.0,0.0,q0: start,"(14, 1, 14)",positive,3600,2
0,out/models/model_epidemic14_model-it_0.pickle,6527,67518,QP,-1,0.07529997825622559,1.0,0.0,q0: start,"(14, 1, 3)",positive,3600,2
1,out/models/model_epidemic14_model-it_0.pickle,6527,67518,LP,-1,0.0366818904876709,1.0,0.0,q0: start,"(14, 1, 3)",positive,3600,2
0,out/models/model_epidemic13_model-it_0.pickle,5294,51296,QP,-1,3600.064831972122,1.0,0.512122524565578,q0: start,"(13, 1, 26)",positive,3600,9
1,out/models/model_epidemic13_model-it_0.pickle,5294,51296,LP,-1,0.029456138610839844,1.0,1.0,q0: start,"(13, 1, 26)",positive,3600,2
0,out/models/model_epidemic13_model-it_0.pickle,5294,51296,QP,-1,3600.041293144226,1.0,0.5121225245646737,q0: start,"(13, 1, 19)",positive,3600,9
1,out/models/model_epidemic13_model-it_0.pickle,5294,51296,LP,-1,0.029575824737548828,1.0,1.0,q0: start,"(13, 1, 19)",positive,3600,2
0,out/models/model_epidemic13_model-it_0.pickle,5294,51296,QP,-1,3600.0627901554108,1.0,0.512122524565298,q0: start,"(13, 1, 24)",positive,3600,9
1,out/models/model_epidemic13_model-it_0.pickle,5294,51296,LP,-1,0.03752398490905762,1.0,1.0,q0: start,"(13, 1, 24)",positive,3600,2
0,out/models/model_epidemic13_model-it_0.pickle,5294,51296,QP,-1,3600.0855078697205,1.0,0.5121225245641534,q0: start,"(13, 1, 22)",positive,3600,9
1,out/models/model_epidemic13_model-it_0.pickle,5294,51296,LP,-1,0.03286099433898926,1.0,1.0,q0: start,"(13, 1, 22)",positive,3600,2
0,out/models/model_epidemic14_model-it_0.pickle,6527,67518,QP,-1,0.07205986976623535,1.0,0.0,q0: start,"(14, 1, 5)",positive,3600,2
1,out/models/model_epidemic14_model-it_0.pickle,6527,67518,LP,-1,0.03192496299743652,1.0,0.0,q0: start,"(14, 1, 5)",positive,3600,2
0,out/models/model_epidemic13_model-it_0.pickle,5294,51296,QP,-1,3600.0564007759094,1.0,0.5121225245646019,q0: start,"(13, 1, 23)",positive,3600,9
1,out/models/model_epidemic13_model-it_0.pickle,5294,51296,LP,-1,0.0332798957824707,1.0,1.0,q0: start,"(13, 1, 23)",positive,3600,2
0,out/models/model_epidemic13_model-it_0.pickle,5294,51296,QP,-1,3600.0594391822815,1.0,0.5121225245657439,q0: start,"(13, 1, 15)",positive,3600,9
1,out/models/model_epidemic13_model-it_0.pickle,5294,51296,LP,-1,0.037915945053100586,1.0,1.0,q0: start,"(13, 1, 15)",positive,3600,2
0,out/models/model_epidemic13_model-it_0.pickle,5294,51296,QP,-1,3600.0374250411987,1.0,0.5121225245651317,q0: start,"(13, 1, 18)",positive,3600,9
1,out/models/model_epidemic13_model-it_0.pickle,5294,51296,LP,-1,0.03744101524353027,1.0,1.0,q0: start,"(13, 1, 18)",positive,3600,2
0,out/models/model_epidemic14_model-it_0.pickle,6527,67518,QP,-1,0.08182597160339355,1.0,0.0,q0: start,"(14, 1, 8)",positive,3600,2
1,out/models/model_epidemic14_model-it_0.pickle,6527,67518,LP,-1,0.05760598182678223,1.0,0.0,q0: start,"(14, 1, 8)",positive,3600,2
0,out/models/model_epidemic14_model-it_0.pickle,6527,67518,QP,-1,0.07355618476867676,1.0,0.0,q0: start,"(14, 1, 6)",positive,3600,2
1,out/models/model_epidemic14_model-it_0.pickle,6527,67518,LP,-1,0.03685307502746582,1.0,0.0,q0: start,"(14, 1, 6)",positive,3600,2
0,out/models/model_epidemic14_model-it_0.pickle,6527,67518,QP,-1,0.0633089542388916,1.0,0.0,q0: start,"(14, 1, 7)",positive,3600,2
1,out/models/model_epidemic14_model-it_0.pickle,6527,67518,LP,-1,0.03166007995605469,1.0,0.0,q0: start,"(14, 1, 7)",positive,3600,2
0,out/models/model_epidemic13_model-it_0.pickle,5294,51296,QP,-1,3600.0693969726562,1.0,0.5121225245649234,q0: start,"(13, 1, 20)",positive,3600,9
1,out/models/model_epidemic13_model-it_0.pickle,5294,51296,LP,-1,0.03423500061035156,1.0,1.0,q0: start,"(13, 1, 20)",positive,3600,2
0,out/models/model_epidemic14_model-it_0.pickle,6527,67518,QP,-1,0.0753178596496582,1.0,0.0,q0: start,"(14, 1, 0)",positive,3600,2
1,out/models/model_epidemic14_model-it_0.pickle,6527,67518,LP,-1,0.032826900482177734,1.0,0.0,q0: start,"(14, 1, 0)",positive,3600,2
0,out/models/model_epidemic14_model-it_0.pickle,6527,67518,QP,-1,0.08842992782592773,1.0,0.0,q0: start,"(14, 1, 2)",positive,3600,2
1,out/models/model_epidemic14_model-it_0.pickle,6527,67518,LP,-1,0.03792095184326172,1.0,0.0,q0: start,"(14, 1, 2)",positive,3600,2
0,out/models/model_epidemic14_model-it_0.pickle,6527,67518,QP,-1,0.08070898056030273,1.0,0.0,q0: start,"(14, 1, 12)",positive,3600,2
1,out/models/model_epidemic14_model-it_0.pickle,6527,67518,LP,-1,0.037461042404174805,1.0,0.0,q0: start,"(14, 1, 12)",positive,3600,2
0,out/models/model_epidemic14_model-it_0.pickle,6527,67518,QP,1,3600.105994939804,1.0,0.47034968822728174,q0: start,"(14, 1, 22)",positive,3600,9
1,out/models/model_epidemic14_model-it_0.pickle,6527,67518,LP,1,0.01211404800415039,1.0,0.0,q0: start,"(14, 1, 22)",positive,3600,2
0,out/models/model_epidemic14_model-it_0.pickle,6527,67518,QP,1,3600.054757833481,1.0,0.4703496882036263,q0: start,"(14, 1, 21)",positive,3600,9
1,out/models/model_epidemic14_model-it_0.pickle,6527,67518,LP,1,0.010183095932006836,1.0,0.0,q0: start,"(14, 1, 21)",positive,3600,2
0,out/models/model_epidemic14_model-it_0.pickle,6527,67518,QP,1,3600.090924978256,1.0,0.4703496881955087,q0: start,"(14, 1, 20)",positive,3600,9
1,out/models/model_epidemic14_model-it_0.pickle,6527,67518,LP,1,0.011472225189208984,1.0,0.0,q0: start,"(14, 1, 20)",positive,3600,2
0,out/models/model_epidemic14_model-it_0.pickle,6527,67518,QP,1,3600.105068922043,1.0,0.4703496882475017,q0: start,"(14, 1, 16)",positive,3600,9
1,out/models/model_epidemic14_model-it_0.pickle,6527,67518,LP,1,0.011770009994506836,1.0,0.0,q0: start,"(14, 1, 16)",positive,3600,2
0,out/models/model_epidemic14_model-it_0.pickle,6527,67518,QP,1,3600.0764648914337,1.0,0.4703496882394723,q0: start,"(14, 1, 15)",positive,3600,9
1,out/models/model_epidemic14_model-it_0.pickle,6527,67518,LP,1,0.011135101318359375,1.0,0.0,q0: start,"(14, 1, 15)",positive,3600,2
0,out/models/model_epidemic15_model-it_0.pickle,7938,86936,QP,1,0.10798096656799316,1.0,0.0,q0: start,"(15, 1, 0)",positive,3600,2
1,out/models/model_epidemic15_model-it_0.pickle,7938,86936,LP,1,0.010591983795166016,1.0,0.0,q0: start,"(15, 1, 0)",positive,3600,2
0,out/models/model_epidemic15_model-it_0.pickle,7938,86936,QP,1,0.08558893203735352,1.0,0.0,q0: start,"(15, 1, 5)",positive,3600,2
1,out/models/model_epidemic15_model-it_0.pickle,7938,86936,LP,1,0.013852119445800781,1.0,0.0,q0: start,"(15, 1, 5)",positive,3600,2
0,out/models/model_epidemic15_model-it_0.pickle,7938,86936,QP,1,0.09963798522949219,1.0,0.0,q0: start,"(15, 1, 10)",positive,3600,2
1,out/models/model_epidemic15_model-it_0.pickle,7938,86936,LP,1,0.012727022171020508,1.0,0.0,q0: start,"(15, 1, 10)",positive,3600,2
0,out/models/model_epidemic14_model-it_0.pickle,6527,67518,QP,1,3600.077533006668,1.0,0.4703496882753665,q0: start,"(14, 1, 23)",positive,3600,9
1,out/models/model_epidemic14_model-it_0.pickle,6527,67518,LP,1,0.010756969451904297,1.0,0.0,q0: start,"(14, 1, 23)",positive,3600,2
0,out/models/model_epidemic15_model-it_0.pickle,7938,86936,QP,1,0.10156488418579102,1.0,0.0,q0: start,"(15, 1, 13)",positive,3600,2
1,out/models/model_epidemic15_model-it_0.pickle,7938,86936,LP,1,0.010618925094604492,1.0,0.0,q0: start,"(15, 1, 13)",positive,3600,2
0,out/models/model_epidemic15_model-it_0.pickle,7938,86936,QP,1,0.08588790893554688,1.0,0.0,q0: start,"(15, 1, 7)",positive,3600,2
1,out/models/model_epidemic15_model-it_0.pickle,7938,86936,LP,1,0.012905120849609375,1.0,0.0,q0: start,"(15, 1, 7)",positive,3600,2
0,out/models/model_epidemic15_model-it_0.pickle,7938,86936,QP,1,0.08889389038085938,1.0,0.0,q0: start,"(15, 1, 8)",positive,3600,2
1,out/models/model_epidemic15_model-it_0.pickle,7938,86936,LP,1,0.010467052459716797,1.0,0.0,q0: start,"(15, 1, 8)",positive,3600,2
0,out/models/model_epidemic14_model-it_0.pickle,6527,67518,QP,1,3600.071368932724,1.0,0.47034968826415735,q0: start,"(14, 1, 24)",positive,3600,9
1,out/models/model_epidemic14_model-it_0.pickle,6527,67518,LP,1,0.01270294189453125,1.0,0.0,q0: start,"(14, 1, 24)",positive,3600,2
0,out/models/model_epidemic15_model-it_0.pickle,7938,86936,QP,1,0.09022212028503418,1.0,0.0,q0: start,"(15, 1, 3)",positive,3600,2
1,out/models/model_epidemic15_model-it_0.pickle,7938,86936,LP,1,0.011341094970703125,1.0,0.0,q0: start,"(15, 1, 3)",positive,3600,2
0,out/models/model_epidemic14_model-it_0.pickle,6527,67518,QP,1,3600.052342891693,1.0,0.4703496882995045,q0: start,"(14, 1, 19)",positive,3600,9
1,out/models/model_epidemic14_model-it_0.pickle,6527,67518,LP,1,0.010967016220092773,1.0,0.0,q0: start,"(14, 1, 19)",positive,3600,2
0,out/models/model_epidemic15_model-it_0.pickle,7938,86936,QP,1,0.0930330753326416,1.0,0.0,q0: start,"(15, 1, 12)",positive,3600,2
1,out/models/model_epidemic15_model-it_0.pickle,7938,86936,LP,1,0.01184701919555664,1.0,0.0,q0: start,"(15, 1, 12)",positive,3600,2
0,out/models/model_epidemic15_model-it_0.pickle,7938,86936,QP,1,0.0977931022644043,1.0,0.0,q0: start,"(15, 1, 1)",positive,3600,2
1,out/models/model_epidemic15_model-it_0.pickle,7938,86936,LP,1,0.014598846435546875,1.0,0.0,q0: start,"(15, 1, 1)",positive,3600,2
0,out/models/model_epidemic15_model-it_0.pickle,7938,86936,QP,1,0.09436392784118652,1.0,0.0,q0: start,"(15, 1, 15)",positive,3600,2
1,out/models/model_epidemic15_model-it_0.pickle,7938,86936,LP,1,0.01248788833618164,1.0,0.0,q0: start,"(15, 1, 15)",positive,3600,2
0,out/models/model_epidemic14_model-it_0.pickle,6527,67518,QP,1,3600.1428399086,1.0,0.47034968830312973,q0: start,"(14, 1, 18)",positive,3600,9
1,out/models/model_epidemic14_model-it_0.pickle,6527,67518,LP,1,0.010699033737182617,1.0,0.0,q0: start,"(14, 1, 18)",positive,3600,2
0,out/models/model_epidemic15_model-it_0.pickle,7938,86936,QP,1,0.1076970100402832,1.0,0.0,q0: start,"(15, 1, 4)",positive,3600,2
1,out/models/model_epidemic15_model-it_0.pickle,7938,86936,LP,1,0.011947154998779297,1.0,0.0,q0: start,"(15, 1, 4)",positive,3600,2
0,out/models/model_epidemic15_model-it_0.pickle,7938,86936,QP,1,0.08549308776855469,1.0,0.0,q0: start,"(15, 1, 14)",positive,3600,2
1,out/models/model_epidemic15_model-it_0.pickle,7938,86936,LP,1,0.011957883834838867,1.0,0.0,q0: start,"(15, 1, 14)",positive,3600,2
0,out/models/model_epidemic15_model-it_0.pickle,7938,86936,QP,1,0.08033418655395508,1.0,0.0,q0: start,"(15, 1, 9)",positive,3600,2
1,out/models/model_epidemic15_model-it_0.pickle,7938,86936,LP,1,0.05350995063781738,1.0,0.0,q0: start,"(15, 1, 9)",positive,3600,2
0,out/models/model_epidemic14_model-it_0.pickle,6527,67518,QP,1,3600.07244682312,1.0,0.47034968827174195,q0: start,"(14, 1, 27)",positive,3600,9
1,out/models/model_epidemic14_model-it_0.pickle,6527,67518,LP,1,0.013792991638183594,1.0,0.0,q0: start,"(14, 1, 27)",positive,3600,2
0,out/models/model_epidemic15_model-it_0.pickle,7938,86936,QP,1,0.10054993629455566,1.0,0.0,q0: start,"(15, 1, 11)",positive,3600,2
1,out/models/model_epidemic15_model-it_0.pickle,7938,86936,LP,1,0.014163970947265625,1.0,0.0,q0: start,"(15, 1, 11)",positive,3600,2
0,out/models/model_epidemic15_model-it_0.pickle,7938,86936,QP,1,0.07963895797729492,1.0,0.0,q0: start,"(15, 1, 2)",positive,3600,2
1,out/models/model_epidemic15_model-it_0.pickle,7938,86936,LP,1,0.010468006134033203,1.0,0.0,q0: start,"(15, 1, 2)",positive,3600,2
0,out/models/model_epidemic15_model-it_0.pickle,7938,86936,QP,1,0.08278894424438477,1.0,0.0,q0: start,"(15, 1, 6)",positive,3600,2
1,out/models/model_epidemic15_model-it_0.pickle,7938,86936,LP,1,0.013279914855957031,1.0,0.0,q0: start,"(15, 1, 6)",positive,3600,2
0,out/models/model_epidemic14_model-it_0.pickle,6527,67518,QP,1,3600.062087059021,1.0,0.4703496881239555,q0: start,"(14, 1, 17)",positive,3600,9
1,out/models/model_epidemic14_model-it_0.pickle,6527,67518,LP,1,0.011829137802124023,1.0,0.0,q0: start,"(14, 1, 17)",positive,3600,2
0,out/models/model_epidemic15_model-it_0.pickle,7938,86936,QP,-1,0.09115290641784668,1.0,0.0,q0: start,"(15, 1, 11)",positive,3600,2
1,out/models/model_epidemic15_model-it_0.pickle,7938,86936,LP,-1,0.04834604263305664,1.0,0.0,q0: start,"(15, 1, 11)",positive,3600,2
0,out/models/model_epidemic15_model-it_0.pickle,7938,86936,QP,-1,0.09624004364013672,1.0,0.0,q0: start,"(15, 1, 12)",positive,3600,2
1,out/models/model_epidemic15_model-it_0.pickle,7938,86936,LP,-1,0.03568100929260254,1.0,0.0,q0: start,"(15, 1, 12)",positive,3600,2
0,out/models/model_epidemic14_model-it_0.pickle,6527,67518,QP,1,3600.0668420791626,1.0,0.4703496882773014,q0: start,"(14, 1, 26)",positive,3600,9
1,out/models/model_epidemic14_model-it_0.pickle,6527,67518,LP,1,0.014311075210571289,1.0,0.0,q0: start,"(14, 1, 26)",positive,3600,2
0,out/models/model_epidemic14_model-it_0.pickle,6527,67518,QP,1,3600.119777917862,1.0,0.47034968829184975,q0: start,"(14, 1, 28)",positive,3600,9
1,out/models/model_epidemic14_model-it_0.pickle,6527,67518,LP,1,0.010288000106811523,1.0,0.0,q0: start,"(14, 1, 28)",positive,3600,2
0,out/models/model_epidemic14_model-it_0.pickle,6527,67518,QP,1,3600.0676419734955,1.0,0.47034968821119716,q0: start,"(14, 1, 25)",positive,3600,9
1,out/models/model_epidemic14_model-it_0.pickle,6527,67518,LP,1,0.010799884796142578,1.0,0.0,q0: start,"(14, 1, 25)",positive,3600,2
0,out/models/model_epidemic15_model-it_0.pickle,7938,86936,QP,-1,0.08024001121520996,1.0,0.0,q0: start,"(15, 1, 10)",positive,3600,2
1,out/models/model_epidemic15_model-it_0.pickle,7938,86936,LP,-1,0.04391598701477051,1.0,0.0,q0: start,"(15, 1, 10)",positive,3600,2
0,out/models/model_epidemic14_model-it_0.pickle,6527,67518,QP,-1,3600.072378873825,1.0,0.5101273718174792,q0: start,"(14, 1, 17)",positive,3600,9
1,out/models/model_epidemic14_model-it_0.pickle,6527,67518,LP,-1,0.04051995277404785,1.0,1.0,q0: start,"(14, 1, 17)",positive,3600,2
0,out/models/model_epidemic15_model-it_0.pickle,7938,86936,QP,-1,0.09088301658630371,1.0,0.0,q0: start,"(15, 1, 0)",positive,3600,2
1,out/models/model_epidemic15_model-it_0.pickle,7938,86936,LP,-1,0.04063606262207031,1.0,0.0,q0: start,"(15, 1, 0)",positive,3600,2
0,out/models/model_epidemic15_model-it_0.pickle,7938,86936,QP,-1,0.08813190460205078,1.0,0.0,q0: start,"(15, 1, 3)",positive,3600,2
1,out/models/model_epidemic15_model-it_0.pickle,7938,86936,LP,-1,0.03723311424255371,1.0,0.0,q0: start,"(15, 1, 3)",positive,3600,2
0,out/models/model_epidemic15_model-it_0.pickle,7938,86936,QP,-1,0.09255290031433105,1.0,0.0,q0: start,"(15, 1, 8)",positive,3600,2
1,out/models/model_epidemic15_model-it_0.pickle,7938,86936,LP,-1,0.036238908767700195,1.0,0.0,q0: start,"(15, 1, 8)",positive,3600,2
0,out/models/model_epidemic15_model-it_0.pickle,7938,86936,QP,-1,0.09650516510009766,1.0,0.0,q0: start,"(15, 1, 5)",positive,3600,2
1,out/models/model_epidemic15_model-it_0.pickle,7938,86936,LP,-1,0.043174028396606445,1.0,0.0,q0: start,"(15, 1, 5)",positive,3600,2
0,out/models/model_epidemic14_model-it_0.pickle,6527,67518,QP,-1,3600.042240858078,1.0,0.5101273718150208,q0: start,"(14, 1, 26)",positive,3600,9
1,out/models/model_epidemic14_model-it_0.pickle,6527,67518,LP,-1,0.04860496520996094,1.0,1.0,q0: start,"(14, 1, 26)",positive,3600,2
0,out/models/model_epidemic15_model-it_0.pickle,7938,86936,QP,-1,0.08663010597229004,1.0,0.0,q0: start,"(15, 1, 1)",positive,3600,2
1,out/models/model_epidemic15_model-it_0.pickle,7938,86936,LP,-1,0.04098820686340332,1.0,0.0,q0: start,"(15, 1, 1)",positive,3600,2
0,out/models/model_epidemic15_model-it_0.pickle,7938,86936,QP,-1,0.08516812324523926,1.0,0.0,q0: start,"(15, 1, 13)",positive,3600,2
1,out/models/model_epidemic15_model-it_0.pickle,7938,86936,LP,-1,0.04439091682434082,1.0,0.0,q0: start,"(15, 1, 13)",positive,3600,2
0,out/models/model_epidemic14_model-it_0.pickle,6527,67518,QP,-1,3600.083971977234,1.0,0.510127371817595,q0: start,"(14, 1, 18)",positive,3600,9
1,out/models/model_epidemic14_model-it_0.pickle,6527,67518,LP,-1,0.045233964920043945,1.0,1.0,q0: start,"(14, 1, 18)",positive,3600,2
0,out/models/model_epidemic14_model-it_0.pickle,6527,67518,QP,-1,3600.077218055725,1.0,0.5101273718194075,q0: start,"(14, 1, 28)",positive,3600,9
1,out/models/model_epidemic14_model-it_0.pickle,6527,67518,LP,-1,0.0440831184387207,1.0,1.0,q0: start,"(14, 1, 28)",positive,3600,2
0,out/models/model_epidemic15_model-it_0.pickle,7938,86936,QP,-1,0.09433412551879883,1.0,0.0,q0: start,"(15, 1, 14)",positive,3600,2
1,out/models/model_epidemic15_model-it_0.pickle,7938,86936,LP,-1,0.042185068130493164,1.0,0.0,q0: start,"(15, 1, 14)",positive,3600,2
0,out/models/model_epidemic15_model-it_0.pickle,7938,86936,QP,-1,0.08335709571838379,1.0,0.0,q0: start,"(15, 1, 6)",positive,3600,2
1,out/models/model_epidemic15_model-it_0.pickle,7938,86936,LP,-1,0.040760040283203125,1.0,0.0,q0: start,"(15, 1, 6)",positive,3600,2
0,out/models/model_epidemic15_model-it_0.pickle,7938,86936,QP,-1,0.08275508880615234,1.0,0.0,q0: start,"(15, 1, 9)",positive,3600,2
1,out/models/model_epidemic15_model-it_0.pickle,7938,86936,LP,-1,0.04440188407897949,1.0,0.0,q0: start,"(15, 1, 9)",positive,3600,2
0,out/models/model_epidemic15_model-it_0.pickle,7938,86936,QP,-1,0.08476114273071289,1.0,0.0,q0: start,"(15, 1, 4)",positive,3600,2
1,out/models/model_epidemic15_model-it_0.pickle,7938,86936,LP,-1,0.03954887390136719,1.0,0.0,q0: start,"(15, 1, 4)",positive,3600,2
0,out/models/model_epidemic15_model-it_0.pickle,7938,86936,QP,-1,0.07967209815979004,1.0,0.0,q0: start,"(15, 1, 7)",positive,3600,2
1,out/models/model_epidemic15_model-it_0.pickle,7938,86936,LP,-1,0.04005885124206543,1.0,0.0,q0: start,"(15, 1, 7)",positive,3600,2
0,out/models/model_epidemic15_model-it_0.pickle,7938,86936,QP,-1,0.08437609672546387,1.0,0.0,q0: start,"(15, 1, 2)",positive,3600,2
1,out/models/model_epidemic15_model-it_0.pickle,7938,86936,LP,-1,0.037969112396240234,1.0,0.0,q0: start,"(15, 1, 2)",positive,3600,2
0,out/models/model_epidemic15_model-it_0.pickle,7938,86936,QP,-1,0.08327579498291016,1.0,0.0,q0: start,"(15, 1, 15)",positive,3600,2
1,out/models/model_epidemic15_model-it_0.pickle,7938,86936,LP,-1,0.03922104835510254,1.0,0.0,q0: start,"(15, 1, 15)",positive,3600,2
0,out/models/model_epidemic14_model-it_0.pickle,6527,67518,QP,-1,3600.063017129898,1.0,0.5101273718200696,q0: start,"(14, 1, 22)",positive,3600,9
1,out/models/model_epidemic14_model-it_0.pickle,6527,67518,LP,-1,0.04353189468383789,1.0,1.0,q0: start,"(14, 1, 22)",positive,3600,2
0,out/models/model_epidemic14_model-it_0.pickle,6527,67518,QP,-1,3600.057641983032,1.0,0.5101273718190847,q0: start,"(14, 1, 27)",positive,3600,9
1,out/models/model_epidemic14_model-it_0.pickle,6527,67518,LP,-1,0.04148602485656738,1.0,1.0,q0: start,"(14, 1, 27)",positive,3600,2
0,out/models/model_epidemic16_model-it_0.pickle,9539,110679,QP,1,0.10960006713867188,1.0,0.0,q0: start,"(16, 1, 12)",positive,3600,2
1,out/models/model_epidemic16_model-it_0.pickle,9539,110679,LP,1,0.06057095527648926,1.0,0.0,q0: start,"(16, 1, 12)",positive,3600,2
0,out/models/model_epidemic16_model-it_0.pickle,9539,110679,QP,1,0.10681605339050293,1.0,0.0,q0: start,"(16, 1, 13)",positive,3600,2
1,out/models/model_epidemic16_model-it_0.pickle,9539,110679,LP,1,0.04833102226257324,1.0,0.0,q0: start,"(16, 1, 13)",positive,3600,2
0,out/models/model_epidemic16_model-it_0.pickle,9539,110679,QP,1,0.09534406661987305,1.0,0.0,q0: start,"(16, 1, 2)",positive,3600,2
1,out/models/model_epidemic16_model-it_0.pickle,9539,110679,LP,1,0.014831066131591797,1.0,0.0,q0: start,"(16, 1, 2)",positive,3600,2
0,out/models/model_epidemic14_model-it_0.pickle,6527,67518,QP,-1,3600.0668580532074,1.0,0.5101273718133081,q0: start,"(14, 1, 25)",positive,3600,9
1,out/models/model_epidemic14_model-it_0.pickle,6527,67518,LP,-1,0.04746294021606445,1.0,1.0,q0: start,"(14, 1, 25)",positive,3600,2
0,out/models/model_epidemic14_model-it_0.pickle,6527,67518,QP,-1,3600.1403789520264,1.0,0.5101273718222401,q0: start,"(14, 1, 19)",positive,3600,9
1,out/models/model_epidemic14_model-it_0.pickle,6527,67518,LP,-1,0.04220104217529297,1.0,1.0,q0: start,"(14, 1, 19)",positive,3600,2
0,out/models/model_epidemic14_model-it_0.pickle,6527,67518,QP,-1,3600.110913038254,1.0,0.5101273718184411,q0: start,"(14, 1, 23)",positive,3600,9
1,out/models/model_epidemic14_model-it_0.pickle,6527,67518,LP,-1,0.04913210868835449,1.0,1.0,q0: start,"(14, 1, 23)",positive,3600,2
0,out/models/model_epidemic14_model-it_0.pickle,6527,67518,QP,-1,3600.064969062805,1.0,0.5101273718218171,q0: start,"(14, 1, 21)",positive,3600,9
1,out/models/model_epidemic14_model-it_0.pickle,6527,67518,LP,-1,0.05506420135498047,1.0,1.0,q0: start,"(14, 1, 21)",positive,3600,2
0,out/models/model_epidemic14_model-it_0.pickle,6527,67518,QP,-1,3600.07679605484,1.0,0.5101273718178321,q0: start,"(14, 1, 16)",positive,3600,9
1,out/models/model_epidemic14_model-it_0.pickle,6527,67518,LP,-1,0.042849063873291016,1.0,1.0,q0: start,"(14, 1, 16)",positive,3600,2
0,out/models/model_epidemic14_model-it_0.pickle,6527,67518,QP,-1,3600.0713908672333,1.0,0.510127371819652,q0: start,"(14, 1, 20)",positive,3600,9
1,out/models/model_epidemic14_model-it_0.pickle,6527,67518,LP,-1,0.046415090560913086,1.0,1.0,q0: start,"(14, 1, 20)",positive,3600,2
0,out/models/model_epidemic14_model-it_0.pickle,6527,67518,QP,-1,3600.110424041748,1.0,0.5101273718173686,q0: start,"(14, 1, 24)",positive,3600,9
1,out/models/model_epidemic14_model-it_0.pickle,6527,67518,LP,-1,0.0560300350189209,1.0,1.0,q0: start,"(14, 1, 24)",positive,3600,2
0,out/models/model_epidemic14_model-it_0.pickle,6527,67518,QP,-1,3600.081960916519,1.0,0.5101273718244419,q0: start,"(14, 1, 15)",positive,3600,9
1,out/models/model_epidemic14_model-it_0.pickle,6527,67518,LP,-1,0.05125093460083008,1.0,1.0,q0: start,"(14, 1, 15)",positive,3600,2
0,out/models/model_epidemic16_model-it_0.pickle,9539,110679,QP,1,0.1288161277770996,1.0,0.0,q0: start,"(16, 1, 10)",positive,3600,2
1,out/models/model_epidemic16_model-it_0.pickle,9539,110679,LP,1,0.0530850887298584,1.0,0.0,q0: start,"(16, 1, 10)",positive,3600,2
0,out/models/model_epidemic15_model-it_0.pickle,7938,86936,QP,1,3600.033946990967,1.0,0.4724783330865173,q0: start,"(15, 1, 25)",positive,3600,9
1,out/models/model_epidemic15_model-it_0.pickle,7938,86936,LP,1,0.0785219669342041,1.0,0.0,q0: start,"(15, 1, 25)",positive,3600,2
0,out/models/model_epidemic15_model-it_0.pickle,7938,86936,QP,1,3600.0474932193756,1.0,0.47247833308944276,q0: start,"(15, 1, 23)",positive,3600,9
1,out/models/model_epidemic15_model-it_0.pickle,7938,86936,LP,1,0.07444500923156738,1.0,0.0,q0: start,"(15, 1, 23)",positive,3600,2
0,out/models/model_epidemic15_model-it_0.pickle,7938,86936,QP,1,3600.1292490959167,1.0,0.4724783330874508,q0: start,"(15, 1, 21)",positive,3600,9
1,out/models/model_epidemic15_model-it_0.pickle,7938,86936,LP,1,0.05987715721130371,1.0,0.0,q0: start,"(15, 1, 21)",positive,3600,2
0,out/models/model_epidemic15_model-it_0.pickle,7938,86936,QP,1,3600.0337131023407,1.0,0.47247833308759957,q0: start,"(15, 1, 28)",positive,3600,9
1,out/models/model_epidemic15_model-it_0.pickle,7938,86936,LP,1,0.06932592391967773,1.0,0.0,q0: start,"(15, 1, 28)",positive,3600,2
0,out/models/model_epidemic16_model-it_0.pickle,9539,110679,QP,1,0.13000702857971191,1.0,0.0,q0: start,"(16, 1, 3)",positive,3600,2
1,out/models/model_epidemic16_model-it_0.pickle,9539,110679,LP,1,0.06566309928894043,1.0,0.0,q0: start,"(16, 1, 3)",positive,3600,2
0,out/models/model_epidemic15_model-it_0.pickle,7938,86936,QP,1,3600.084238052368,1.0,0.47247833308715537,q0: start,"(15, 1, 29)",positive,3600,9
1,out/models/model_epidemic15_model-it_0.pickle,7938,86936,LP,1,0.013595819473266602,1.0,0.0,q0: start,"(15, 1, 29)",positive,3600,2
0,out/models/model_epidemic16_model-it_0.pickle,9539,110679,QP,1,0.1387939453125,1.0,0.0,q0: start,"(16, 1, 9)",positive,3600,2
1,out/models/model_epidemic16_model-it_0.pickle,9539,110679,LP,1,0.012995004653930664,1.0,0.0,q0: start,"(16, 1, 9)",positive,3600,2
0,out/models/model_epidemic16_model-it_0.pickle,9539,110679,QP,1,0.12975215911865234,1.0,0.0,q0: start,"(16, 1, 16)",positive,3600,2
1,out/models/model_epidemic16_model-it_0.pickle,9539,110679,LP,1,0.013776063919067383,1.0,0.0,q0: start,"(16, 1, 16)",positive,3600,2
0,out/models/model_epidemic15_model-it_0.pickle,7938,86936,QP,1,3600.0449640750885,1.0,0.47247833308713494,q0: start,"(15, 1, 22)",positive,3600,9
1,out/models/model_epidemic15_model-it_0.pickle,7938,86936,LP,1,0.0696251392364502,1.0,0.0,q0: start,"(15, 1, 22)",positive,3600,2
0,out/models/model_epidemic15_model-it_0.pickle,7938,86936,QP,1,3600.04070687294,1.0,0.47247833308733966,q0: start,"(15, 1, 19)",positive,3600,9
1,out/models/model_epidemic15_model-it_0.pickle,7938,86936,LP,1,0.07085108757019043,1.0,0.0,q0: start,"(15, 1, 19)",positive,3600,2
0,out/models/model_epidemic15_model-it_0.pickle,7938,86936,QP,1,3600.0371549129486,1.0,0.47247833308730314,q0: start,"(15, 1, 26)",positive,3600,9
1,out/models/model_epidemic15_model-it_0.pickle,7938,86936,LP,1,0.07318305969238281,1.0,0.0,q0: start,"(15, 1, 26)",positive,3600,2
0,out/models/model_epidemic15_model-it_0.pickle,7938,86936,QP,1,3600.0472540855408,1.0,0.47247833308640086,q0: start,"(15, 1, 16)",positive,3600,9
1,out/models/model_epidemic15_model-it_0.pickle,7938,86936,LP,1,0.0611419677734375,1.0,0.0,q0: start,"(15, 1, 16)",positive,3600,2
0,out/models/model_epidemic15_model-it_0.pickle,7938,86936,QP,1,3600.106285095215,1.0,0.4724783330844121,q0: start,"(15, 1, 20)",positive,3600,9
1,out/models/model_epidemic15_model-it_0.pickle,7938,86936,LP,1,0.06817507743835449,1.0,0.0,q0: start,"(15, 1, 20)",positive,3600,2
0,out/models/model_epidemic15_model-it_0.pickle,7938,86936,QP,1,3600.0927300453186,1.0,0.4724783330826605,q0: start,"(15, 1, 30)",positive,3600,9
1,out/models/model_epidemic15_model-it_0.pickle,7938,86936,LP,1,0.016198158264160156,1.0,0.0,q0: start,"(15, 1, 30)",positive,3600,2
0,out/models/model_epidemic15_model-it_0.pickle,7938,86936,QP,1,3600.1003968715668,1.0,0.47247833308888065,q0: start,"(15, 1, 17)",positive,3600,9
1,out/models/model_epidemic15_model-it_0.pickle,7938,86936,LP,1,0.06611108779907227,1.0,0.0,q0: start,"(15, 1, 17)",positive,3600,2
0,out/models/model_epidemic15_model-it_0.pickle,7938,86936,QP,1,3600.0696170330048,1.0,0.4724783330856065,q0: start,"(15, 1, 24)",positive,3600,9
1,out/models/model_epidemic15_model-it_0.pickle,7938,86936,LP,1,0.06645894050598145,1.0,0.0,q0: start,"(15, 1, 24)",positive,3600,2
0,out/models/model_epidemic15_model-it_0.pickle,7938,86936,QP,1,3600.0546638965607,1.0,0.47247833308599363,q0: start,"(15, 1, 18)",positive,3600,9
1,out/models/model_epidemic15_model-it_0.pickle,7938,86936,LP,1,0.07049107551574707,1.0,0.0,q0: start,"(15, 1, 18)",positive,3600,2
0,out/models/model_epidemic16_model-it_0.pickle,9539,110679,QP,1,0.12393712997436523,1.0,0.0,q0: start,"(16, 1, 4)",positive,3600,2
1,out/models/model_epidemic16_model-it_0.pickle,9539,110679,LP,1,0.05324697494506836,1.0,0.0,q0: start,"(16, 1, 4)",positive,3600,2
0,out/models/model_epidemic16_model-it_0.pickle,9539,110679,QP,1,0.12056684494018555,1.0,0.0,q0: start,"(16, 1, 6)",positive,3600,2
1,out/models/model_epidemic16_model-it_0.pickle,9539,110679,LP,1,0.01695990562438965,1.0,0.0,q0: start,"(16, 1, 6)",positive,3600,2
0,out/models/model_epidemic15_model-it_0.pickle,7938,86936,QP,1,3600.0526928901672,1.0,0.4724783330860395,q0: start,"(15, 1, 27)",positive,3600,9
1,out/models/model_epidemic15_model-it_0.pickle,7938,86936,LP,1,0.0753779411315918,1.0,0.0,q0: start,"(15, 1, 27)",positive,3600,2
0,out/models/model_epidemic15_model-it_0.pickle,7938,86936,QP,-1,3600.0759921073914,1.0,0.5076286546746829,q0: start,"(15, 1, 20)",positive,3600,9
1,out/models/model_epidemic15_model-it_0.pickle,7938,86936,LP,-1,0.05453014373779297,1.0,1.0,q0: start,"(15, 1, 20)",positive,3600,2
0,out/models/model_epidemic15_model-it_0.pickle,7938,86936,QP,-1,3600.0421068668365,1.0,0.5076286546745331,q0: start,"(15, 1, 16)",positive,3600,9
1,out/models/model_epidemic15_model-it_0.pickle,7938,86936,LP,-1,0.08084988594055176,1.0,1.0,q0: start,"(15, 1, 16)",positive,3600,2
0,out/models/model_epidemic16_model-it_0.pickle,9539,110679,QP,1,0.11700606346130371,1.0,0.0,q0: start,"(16, 1, 11)",positive,3600,2
1,out/models/model_epidemic16_model-it_0.pickle,9539,110679,LP,1,0.016238927841186523,1.0,0.0,q0: start,"(16, 1, 11)",positive,3600,2
0,out/models/model_epidemic16_model-it_0.pickle,9539,110679,QP,1,0.12200379371643066,1.0,0.0,q0: start,"(16, 1, 15)",positive,3600,2
1,out/models/model_epidemic16_model-it_0.pickle,9539,110679,LP,1,0.05501699447631836,1.0,0.0,q0: start,"(16, 1, 15)",positive,3600,2
0,out/models/model_epidemic15_model-it_0.pickle,7938,86936,QP,-1,3600.123626947403,1.0,0.5076286546747419,q0: start,"(15, 1, 21)",positive,3600,9
1,out/models/model_epidemic15_model-it_0.pickle,7938,86936,LP,-1,0.07257914543151855,1.0,1.0,q0: start,"(15, 1, 21)",positive,3600,2
0,out/models/model_epidemic16_model-it_0.pickle,9539,110679,QP,1,0.11738705635070801,1.0,0.0,q0: start,"(16, 1, 8)",positive,3600,2
1,out/models/model_epidemic16_model-it_0.pickle,9539,110679,LP,1,0.015182971954345703,1.0,0.0,q0: start,"(16, 1, 8)",positive,3600,2
0,out/models/model_epidemic15_model-it_0.pickle,7938,86936,QP,-1,3600.0455210208893,1.0,0.5076286546744523,q0: start,"(15, 1, 17)",positive,3600,9
1,out/models/model_epidemic15_model-it_0.pickle,7938,86936,LP,-1,0.07428407669067383,1.0,1.0,q0: start,"(15, 1, 17)",positive,3600,2
0,out/models/model_epidemic16_model-it_0.pickle,9539,110679,QP,1,0.11560606956481934,1.0,0.0,q0: start,"(16, 1, 0)",positive,3600,2
1,out/models/model_epidemic16_model-it_0.pickle,9539,110679,LP,1,0.015480995178222656,1.0,0.0,q0: start,"(16, 1, 0)",positive,3600,2
0,out/models/model_epidemic16_model-it_0.pickle,9539,110679,QP,1,0.14994406700134277,1.0,0.0,q0: start,"(16, 1, 7)",positive,3600,2
1,out/models/model_epidemic16_model-it_0.pickle,9539,110679,LP,1,0.015697956085205078,1.0,0.0,q0: start,"(16, 1, 7)",positive,3600,2
0,out/models/model_epidemic16_model-it_0.pickle,9539,110679,QP,1,0.11260199546813965,1.0,0.0,q0: start,"(16, 1, 5)",positive,3600,2
1,out/models/model_epidemic16_model-it_0.pickle,9539,110679,LP,1,0.015555143356323242,1.0,0.0,q0: start,"(16, 1, 5)",positive,3600,2
0,out/models/model_epidemic16_model-it_0.pickle,9539,110679,QP,1,0.1024179458618164,1.0,0.0,q0: start,"(16, 1, 1)",positive,3600,2
1,out/models/model_epidemic16_model-it_0.pickle,9539,110679,LP,1,0.01282811164855957,1.0,0.0,q0: start,"(16, 1, 1)",positive,3600,2
0,out/models/model_epidemic16_model-it_0.pickle,9539,110679,QP,1,0.1067349910736084,1.0,0.0,q0: start,"(16, 1, 14)",positive,3600,2
1,out/models/model_epidemic16_model-it_0.pickle,9539,110679,LP,1,0.0164339542388916,1.0,0.0,q0: start,"(16, 1, 14)",positive,3600,2
0,out/models/model_epidemic15_model-it_0.pickle,7938,86936,QP,-1,3600.042638063431,1.0,0.5076286546745612,q0: start,"(15, 1, 18)",positive,3600,9
1,out/models/model_epidemic15_model-it_0.pickle,7938,86936,LP,-1,0.05816483497619629,1.0,1.0,q0: start,"(15, 1, 18)",positive,3600,2
0,out/models/model_epidemic15_model-it_0.pickle,7938,86936,QP,-1,3600.0714910030365,1.0,0.5076286546741906,q0: start,"(15, 1, 26)",positive,3600,9
1,out/models/model_epidemic15_model-it_0.pickle,7938,86936,LP,-1,0.0639810562133789,1.0,1.0,q0: start,"(15, 1, 26)",positive,3600,2
0,out/models/model_epidemic16_model-it_0.pickle,9539,110679,QP,-1,0.12688016891479492,1.0,0.0,q0: start,"(16, 1, 14)",positive,3600,2
1,out/models/model_epidemic16_model-it_0.pickle,9539,110679,LP,-1,0.05466198921203613,1.0,0.0,q0: start,"(16, 1, 14)",positive,3600,2
0,out/models/model_epidemic16_model-it_0.pickle,9539,110679,QP,-1,0.09763193130493164,1.0,0.0,q0: start,"(16, 1, 6)",positive,3600,2
1,out/models/model_epidemic16_model-it_0.pickle,9539,110679,LP,-1,0.05530285835266113,1.0,0.0,q0: start,"(16, 1, 6)",positive,3600,2
0,out/models/model_epidemic16_model-it_0.pickle,9539,110679,QP,-1,0.13113689422607422,1.0,0.0,q0: start,"(16, 1, 16)",positive,3600,2
1,out/models/model_epidemic16_model-it_0.pickle,9539,110679,LP,-1,0.04735302925109863,1.0,0.0,q0: start,"(16, 1, 16)",positive,3600,2
0,out/models/model_epidemic16_model-it_0.pickle,9539,110679,QP,-1,0.10508894920349121,1.0,0.0,q0: start,"(16, 1, 15)",positive,3600,2
1,out/models/model_epidemic16_model-it_0.pickle,9539,110679,LP,-1,0.05421900749206543,1.0,0.0,q0: start,"(16, 1, 15)",positive,3600,2
0,out/models/model_epidemic15_model-it_0.pickle,7938,86936,QP,-1,3600.0636081695557,1.0,0.5076286546747134,q0: start,"(15, 1, 22)",positive,3600,9
1,out/models/model_epidemic15_model-it_0.pickle,7938,86936,LP,-1,0.0594029426574707,1.0,1.0,q0: start,"(15, 1, 22)",positive,3600,2
0,out/models/model_epidemic15_model-it_0.pickle,7938,86936,QP,-1,3600.075649023056,1.0,0.5076286546748643,q0: start,"(15, 1, 29)",positive,3600,9
1,out/models/model_epidemic15_model-it_0.pickle,7938,86936,LP,-1,0.058096885681152344,1.0,1.0,q0: start,"(15, 1, 29)",positive,3600,2
0,out/models/model_epidemic15_model-it_0.pickle,7938,86936,QP,-1,3600.0836539268494,1.0,0.5076286546743851,q0: start,"(15, 1, 30)",positive,3600,9
1,out/models/model_epidemic15_model-it_0.pickle,7938,86936,LP,-1,0.06741690635681152,1.0,1.0,q0: start,"(15, 1, 30)",positive,3600,2
0,out/models/model_epidemic15_model-it_0.pickle,7938,86936,QP,-1,3600.097564935684,1.0,0.5076286546743236,q0: start,"(15, 1, 27)",positive,3600,9
1,out/models/model_epidemic15_model-it_0.pickle,7938,86936,LP,-1,0.06289982795715332,1.0,1.0,q0: start,"(15, 1, 27)",positive,3600,2
0,out/models/model_epidemic16_model-it_0.pickle,9539,110679,QP,-1,0.10757994651794434,1.0,0.0,q0: start,"(16, 1, 5)",positive,3600,2
1,out/models/model_epidemic16_model-it_0.pickle,9539,110679,LP,-1,0.06548595428466797,1.0,0.0,q0: start,"(16, 1, 5)",positive,3600,2
0,out/models/model_epidemic16_model-it_0.pickle,9539,110679,QP,-1,0.09729790687561035,1.0,0.0,q0: start,"(16, 1, 2)",positive,3600,2
1,out/models/model_epidemic16_model-it_0.pickle,9539,110679,LP,-1,0.04822182655334473,1.0,0.0,q0: start,"(16, 1, 2)",positive,3600,2
0,out/models/model_epidemic16_model-it_0.pickle,9539,110679,QP,-1,0.09755706787109375,1.0,0.0,q0: start,"(16, 1, 9)",positive,3600,2
1,out/models/model_epidemic16_model-it_0.pickle,9539,110679,LP,-1,0.05723690986633301,1.0,0.0,q0: start,"(16, 1, 9)",positive,3600,2
0,out/models/model_epidemic16_model-it_0.pickle,9539,110679,QP,-1,0.10851788520812988,1.0,0.0,q0: start,"(16, 1, 10)",positive,3600,2
1,out/models/model_epidemic16_model-it_0.pickle,9539,110679,LP,-1,0.05939006805419922,1.0,0.0,q0: start,"(16, 1, 10)",positive,3600,2
0,out/models/model_epidemic16_model-it_0.pickle,9539,110679,QP,-1,0.0995950698852539,1.0,0.0,q0: start,"(16, 1, 7)",positive,3600,2
1,out/models/model_epidemic16_model-it_0.pickle,9539,110679,LP,-1,0.050163984298706055,1.0,0.0,q0: start,"(16, 1, 7)",positive,3600,2
0,out/models/model_epidemic15_model-it_0.pickle,7938,86936,QP,-1,3600.0540590286255,1.0,0.5076286546742046,q0: start,"(15, 1, 19)",positive,3600,9
1,out/models/model_epidemic15_model-it_0.pickle,7938,86936,LP,-1,0.06881189346313477,1.0,1.0,q0: start,"(15, 1, 19)",positive,3600,2
0,out/models/model_epidemic16_model-it_0.pickle,9539,110679,QP,-1,0.13012003898620605,1.0,0.0,q0: start,"(16, 1, 12)",positive,3600,2
1,out/models/model_epidemic16_model-it_0.pickle,9539,110679,LP,-1,0.052043914794921875,1.0,0.0,q0: start,"(16, 1, 12)",positive,3600,2
0,out/models/model_epidemic16_model-it_0.pickle,9539,110679,QP,-1,0.10086393356323242,1.0,0.0,q0: start,"(16, 1, 3)",positive,3600,2
1,out/models/model_epidemic16_model-it_0.pickle,9539,110679,LP,-1,0.05409097671508789,1.0,0.0,q0: start,"(16, 1, 3)",positive,3600,2
0,out/models/model_epidemic15_model-it_0.pickle,7938,86936,QP,-1,3600.060080051422,1.0,0.5076286546741564,q0: start,"(15, 1, 25)",positive,3600,9
1,out/models/model_epidemic15_model-it_0.pickle,7938,86936,LP,-1,0.06469297409057617,1.0,1.0,q0: start,"(15, 1, 25)",positive,3600,2
0,out/models/model_epidemic15_model-it_0.pickle,7938,86936,QP,-1,3600.036540031433,1.0,0.5076286546744386,q0: start,"(15, 1, 28)",positive,3600,9
1,out/models/model_epidemic15_model-it_0.pickle,7938,86936,LP,-1,0.07197904586791992,1.0,1.0,q0: start,"(15, 1, 28)",positive,3600,2
0,out/models/model_epidemic16_model-it_0.pickle,9539,110679,QP,-1,0.12890982627868652,1.0,0.0,q0: start,"(16, 1, 0)",positive,3600,2
1,out/models/model_epidemic16_model-it_0.pickle,9539,110679,LP,-1,0.060289859771728516,1.0,0.0,q0: start,"(16, 1, 0)",positive,3600,2
0,out/models/model_epidemic16_model-it_0.pickle,9539,110679,QP,-1,0.10705685615539551,1.0,0.0,q0: start,"(16, 1, 13)",positive,3600,2
1,out/models/model_epidemic16_model-it_0.pickle,9539,110679,LP,-1,0.05668210983276367,1.0,0.0,q0: start,"(16, 1, 13)",positive,3600,2
0,out/models/model_epidemic16_model-it_0.pickle,9539,110679,QP,-1,0.1022958755493164,1.0,0.0,q0: start,"(16, 1, 4)",positive,3600,2
1,out/models/model_epidemic16_model-it_0.pickle,9539,110679,LP,-1,0.052255868911743164,1.0,0.0,q0: start,"(16, 1, 4)",positive,3600,2
0,out/models/model_epidemic16_model-it_0.pickle,9539,110679,QP,-1,0.14300084114074707,1.0,0.0,q0: start,"(16, 1, 8)",positive,3600,2
1,out/models/model_epidemic16_model-it_0.pickle,9539,110679,LP,-1,0.04736208915710449,1.0,0.0,q0: start,"(16, 1, 8)",positive,3600,2
0,out/models/model_epidemic16_model-it_0.pickle,9539,110679,QP,-1,0.1020359992980957,1.0,0.0,q0: start,"(16, 1, 11)",positive,3600,2
1,out/models/model_epidemic16_model-it_0.pickle,9539,110679,LP,-1,0.049308061599731445,1.0,0.0,q0: start,"(16, 1, 11)",positive,3600,2
0,out/models/model_epidemic16_model-it_0.pickle,9539,110679,QP,-1,0.11117792129516602,1.0,0.0,q0: start,"(16, 1, 1)",positive,3600,2
1,out/models/model_epidemic16_model-it_0.pickle,9539,110679,LP,-1,0.05075812339782715,1.0,0.0,q0: start,"(16, 1, 1)",positive,3600,2
0,out/models/model_epidemic15_model-it_0.pickle,7938,86936,QP,-1,3600.121929883957,1.0,0.5076286546743327,q0: start,"(15, 1, 23)",positive,3600,9
1,out/models/model_epidemic15_model-it_0.pickle,7938,86936,LP,-1,0.018854856491088867,1.0,1.0,q0: start,"(15, 1, 23)",positive,3600,2
0,out/models/model_epidemic17_model-it_0.pickle,11342,138504,QP,1,0.13625693321228027,1.0,0.0,q0: start,"(17, 1, 15)",positive,3600,2
1,out/models/model_epidemic17_model-it_0.pickle,11342,138504,LP,1,0.01577305793762207,1.0,0.0,q0: start,"(17, 1, 15)",positive,3600,2
0,out/models/model_epidemic17_model-it_0.pickle,11342,138504,QP,1,0.13800621032714844,1.0,0.0,q0: start,"(17, 1, 9)",positive,3600,2
1,out/models/model_epidemic17_model-it_0.pickle,11342,138504,LP,1,0.02808403968811035,1.0,0.0,q0: start,"(17, 1, 9)",positive,3600,2
0,out/models/model_epidemic15_model-it_0.pickle,7938,86936,QP,-1,3600.107029914856,1.0,0.5076286546745677,q0: start,"(15, 1, 24)",positive,3600,9
1,out/models/model_epidemic15_model-it_0.pickle,7938,86936,LP,-1,0.0637362003326416,1.0,1.0,q0: start,"(15, 1, 24)",positive,3600,2
0,out/models/model_epidemic17_model-it_0.pickle,11342,138504,QP,1,0.15964698791503906,1.0,0.0,q0: start,"(17, 1, 0)",positive,3600,2
1,out/models/model_epidemic17_model-it_0.pickle,11342,138504,LP,1,0.02149200439453125,1.0,0.0,q0: start,"(17, 1, 0)",positive,3600,2
0,out/models/model_epidemic17_model-it_0.pickle,11342,138504,QP,1,0.14938592910766602,1.0,0.0,q0: start,"(17, 1, 3)",positive,3600,2
1,out/models/model_epidemic17_model-it_0.pickle,11342,138504,LP,1,0.05623197555541992,1.0,0.0,q0: start,"(17, 1, 3)",positive,3600,2
0,out/models/model_epidemic17_model-it_0.pickle,11342,138504,QP,1,0.1249849796295166,1.0,0.0,q0: start,"(17, 1, 13)",positive,3600,2
1,out/models/model_epidemic17_model-it_0.pickle,11342,138504,LP,1,0.014983892440795898,1.0,0.0,q0: start,"(17, 1, 13)",positive,3600,2
0,out/models/model_epidemic17_model-it_0.pickle,11342,138504,QP,1,0.12209081649780273,1.0,0.0,q0: start,"(17, 1, 7)",positive,3600,2
1,out/models/model_epidemic17_model-it_0.pickle,11342,138504,LP,1,0.02005314826965332,1.0,0.0,q0: start,"(17, 1, 7)",positive,3600,2
0,out/models/model_epidemic17_model-it_0.pickle,11342,138504,QP,1,0.12237000465393066,1.0,0.0,q0: start,"(17, 1, 5)",positive,3600,2
1,out/models/model_epidemic17_model-it_0.pickle,11342,138504,LP,1,0.01901721954345703,1.0,0.0,q0: start,"(17, 1, 5)",positive,3600,2
0,out/models/model_epidemic17_model-it_0.pickle,11342,138504,QP,1,0.12799882888793945,1.0,0.0,q0: start,"(17, 1, 16)",positive,3600,2
1,out/models/model_epidemic17_model-it_0.pickle,11342,138504,LP,1,0.05948615074157715,1.0,0.0,q0: start,"(17, 1, 16)",positive,3600,2
0,out/models/model_epidemic17_model-it_0.pickle,11342,138504,QP,1,0.12838196754455566,1.0,0.0,q0: start,"(17, 1, 14)",positive,3600,2
1,out/models/model_epidemic17_model-it_0.pickle,11342,138504,LP,1,0.02113199234008789,1.0,0.0,q0: start,"(17, 1, 14)",positive,3600,2
0,out/models/model_epidemic17_model-it_0.pickle,11342,138504,QP,1,0.12193608283996582,1.0,0.0,q0: start,"(17, 1, 1)",positive,3600,2
1,out/models/model_epidemic17_model-it_0.pickle,11342,138504,LP,1,0.014956951141357422,1.0,0.0,q0: start,"(17, 1, 1)",positive,3600,2
0,out/models/model_epidemic16_model-it_0.pickle,9539,110679,QP,1,3600.1633999347687,1.0,0.4746597817185858,q0: start,"(16, 1, 23)",positive,3600,9
1,out/models/model_epidemic16_model-it_0.pickle,9539,110679,LP,1,0.13852810859680176,1.0,0.0,q0: start,"(16, 1, 23)",positive,3600,2
0,out/models/model_epidemic17_model-it_0.pickle,11342,138504,QP,1,0.12575507164001465,1.0,0.0,q0: start,"(17, 1, 17)",positive,3600,2
1,out/models/model_epidemic17_model-it_0.pickle,11342,138504,LP,1,0.02071690559387207,1.0,0.0,q0: start,"(17, 1, 17)",positive,3600,2
0,out/models/model_epidemic16_model-it_0.pickle,9539,110679,QP,1,3600.072858095169,1.0,0.47465978171761425,q0: start,"(16, 1, 21)",positive,3600,9
1,out/models/model_epidemic16_model-it_0.pickle,9539,110679,LP,1,0.10177421569824219,1.0,0.0,q0: start,"(16, 1, 21)",positive,3600,2
0,out/models/model_epidemic16_model-it_0.pickle,9539,110679,QP,1,3600.1717751026154,1.0,0.4746597817177629,q0: start,"(16, 1, 19)",positive,3600,9
1,out/models/model_epidemic16_model-it_0.pickle,9539,110679,LP,1,0.07946610450744629,1.0,0.0,q0: start,"(16, 1, 19)",positive,3600,2
0,out/models/model_epidemic16_model-it_0.pickle,9539,110679,QP,1,3600.1066811084747,1.0,0.47465978266511344,q0: start,"(16, 1, 27)",positive,3600,9
1,out/models/model_epidemic16_model-it_0.pickle,9539,110679,LP,1,0.08888387680053711,1.0,0.0,q0: start,"(16, 1, 27)",positive,3600,2
0,out/models/model_epidemic16_model-it_0.pickle,9539,110679,QP,1,3600.499248981476,1.0,0.47465978171859446,q0: start,"(16, 1, 28)",positive,3600,9
1,out/models/model_epidemic16_model-it_0.pickle,9539,110679,LP,1,0.09394097328186035,1.0,0.0,q0: start,"(16, 1, 28)",positive,3600,2
0,out/models/model_epidemic16_model-it_0.pickle,9539,110679,QP,1,3600.1681101322174,1.0,0.4746597817173275,q0: start,"(16, 1, 22)",positive,3600,9
1,out/models/model_epidemic16_model-it_0.pickle,9539,110679,LP,1,0.08701300621032715,1.0,0.0,q0: start,"(16, 1, 22)",positive,3600,2
0,out/models/model_epidemic16_model-it_0.pickle,9539,110679,QP,1,3600.204358100891,1.0,0.474659781717775,q0: start,"(16, 1, 30)",positive,3600,9
1,out/models/model_epidemic16_model-it_0.pickle,9539,110679,LP,1,0.07124495506286621,1.0,0.0,q0: start,"(16, 1, 30)",positive,3600,2
0,out/models/model_epidemic16_model-it_0.pickle,9539,110679,QP,1,3600.1002130508423,1.0,0.474659782704252,q0: start,"(16, 1, 25)",positive,3600,9
1,out/models/model_epidemic16_model-it_0.pickle,9539,110679,LP,1,0.07999181747436523,1.0,0.0,q0: start,"(16, 1, 25)",positive,3600,2
0,out/models/model_epidemic16_model-it_0.pickle,9539,110679,QP,1,3600.200714826584,1.0,0.47465978171754086,q0: start,"(16, 1, 32)",positive,3600,9
1,out/models/model_epidemic16_model-it_0.pickle,9539,110679,LP,1,0.0771479606628418,1.0,0.0,q0: start,"(16, 1, 32)",positive,3600,2
0,out/models/model_epidemic17_model-it_0.pickle,11342,138504,QP,1,0.1316061019897461,1.0,0.0,q0: start,"(17, 1, 2)",positive,3600,2
1,out/models/model_epidemic17_model-it_0.pickle,11342,138504,LP,1,0.01359701156616211,1.0,0.0,q0: start,"(17, 1, 2)",positive,3600,2
0,out/models/model_epidemic17_model-it_0.pickle,11342,138504,QP,1,0.14578986167907715,1.0,0.0,q0: start,"(17, 1, 12)",positive,3600,2
1,out/models/model_epidemic17_model-it_0.pickle,11342,138504,LP,1,0.016412973403930664,1.0,0.0,q0: start,"(17, 1, 12)",positive,3600,2
0,out/models/model_epidemic16_model-it_0.pickle,9539,110679,QP,1,3600.174789905548,1.0,0.47465978171824297,q0: start,"(16, 1, 20)",positive,3600,9
1,out/models/model_epidemic16_model-it_0.pickle,9539,110679,LP,1,0.0802621841430664,1.0,0.0,q0: start,"(16, 1, 20)",positive,3600,2
0,out/models/model_epidemic16_model-it_0.pickle,9539,110679,QP,1,3600.038202047348,1.0,0.47465978266414055,q0: start,"(16, 1, 31)",positive,3600,9
1,out/models/model_epidemic16_model-it_0.pickle,9539,110679,LP,1,0.06735610961914062,1.0,0.0,q0: start,"(16, 1, 31)",positive,3600,2
0,out/models/model_epidemic16_model-it_0.pickle,9539,110679,QP,1,3600.098345041275,1.0,0.4746597817177761,q0: start,"(16, 1, 18)",positive,3600,9
1,out/models/model_epidemic16_model-it_0.pickle,9539,110679,LP,1,0.07918000221252441,1.0,0.0,q0: start,"(16, 1, 18)",positive,3600,2
0,out/models/model_epidemic16_model-it_0.pickle,9539,110679,QP,1,3600.09934091568,1.0,0.47465978160347466,q0: start,"(16, 1, 26)",positive,3600,9
1,out/models/model_epidemic16_model-it_0.pickle,9539,110679,LP,1,0.07777214050292969,1.0,0.0,q0: start,"(16, 1, 26)",positive,3600,2
0,out/models/model_epidemic16_model-it_0.pickle,9539,110679,QP,1,3600.054237127304,1.0,0.4746597817176008,q0: start,"(16, 1, 29)",positive,3600,9
1,out/models/model_epidemic16_model-it_0.pickle,9539,110679,LP,1,0.0691678524017334,1.0,0.0,q0: start,"(16, 1, 29)",positive,3600,2
0,out/models/model_epidemic16_model-it_0.pickle,9539,110679,QP,1,3600.106125831604,1.0,0.47465978171841217,q0: start,"(16, 1, 17)",positive,3600,9
1,out/models/model_epidemic16_model-it_0.pickle,9539,110679,LP,1,0.07525205612182617,1.0,0.0,q0: start,"(16, 1, 17)",positive,3600,2
0,out/models/model_epidemic17_model-it_0.pickle,11342,138504,QP,1,0.13556814193725586,1.0,0.0,q0: start,"(17, 1, 10)",positive,3600,2
1,out/models/model_epidemic17_model-it_0.pickle,11342,138504,LP,1,0.014429092407226562,1.0,0.0,q0: start,"(17, 1, 10)",positive,3600,2
0,out/models/model_epidemic17_model-it_0.pickle,11342,138504,QP,1,0.15860700607299805,1.0,0.0,q0: start,"(17, 1, 8)",positive,3600,2
1,out/models/model_epidemic17_model-it_0.pickle,11342,138504,LP,1,0.015336990356445312,1.0,0.0,q0: start,"(17, 1, 8)",positive,3600,2
0,out/models/model_epidemic16_model-it_0.pickle,9539,110679,QP,1,3600.114886045456,1.0,0.4746597827066976,q0: start,"(16, 1, 24)",positive,3600,9
1,out/models/model_epidemic16_model-it_0.pickle,9539,110679,LP,1,0.07877302169799805,1.0,0.0,q0: start,"(16, 1, 24)",positive,3600,2
0,out/models/model_epidemic16_model-it_0.pickle,9539,110679,QP,-1,3600.1239700317383,1.0,0.5388560813027381,q0: start,"(16, 1, 29)",positive,3600,9
1,out/models/model_epidemic16_model-it_0.pickle,9539,110679,LP,-1,0.08233308792114258,1.0,1.0,q0: start,"(16, 1, 29)",positive,3600,2
0,out/models/model_epidemic17_model-it_0.pickle,11342,138504,QP,1,0.12238192558288574,1.0,0.0,q0: start,"(17, 1, 6)",positive,3600,2
1,out/models/model_epidemic17_model-it_0.pickle,11342,138504,LP,1,0.022053003311157227,1.0,0.0,q0: start,"(17, 1, 6)",positive,3600,2
0,out/models/model_epidemic17_model-it_0.pickle,11342,138504,QP,1,0.13245296478271484,1.0,0.0,q0: start,"(17, 1, 11)",positive,3600,2
1,out/models/model_epidemic17_model-it_0.pickle,11342,138504,LP,1,0.05334186553955078,1.0,0.0,q0: start,"(17, 1, 11)",positive,3600,2
0,out/models/model_epidemic17_model-it_0.pickle,11342,138504,QP,1,0.1371901035308838,1.0,0.0,q0: start,"(17, 1, 4)",positive,3600,2
1,out/models/model_epidemic17_model-it_0.pickle,11342,138504,LP,1,0.06236100196838379,1.0,0.0,q0: start,"(17, 1, 4)",positive,3600,2
0,out/models/model_epidemic16_model-it_0.pickle,9539,110679,QP,-1,3600.12810087204,1.0,0.5388560813014154,q0: start,"(16, 1, 21)",positive,3600,9
1,out/models/model_epidemic16_model-it_0.pickle,9539,110679,LP,-1,0.06541299819946289,1.0,1.0,q0: start,"(16, 1, 21)",positive,3600,2
0,out/models/model_epidemic16_model-it_0.pickle,9539,110679,QP,-1,3600.0764830112457,1.0,0.5388560813014861,q0: start,"(16, 1, 28)",positive,3600,9
1,out/models/model_epidemic16_model-it_0.pickle,9539,110679,LP,-1,0.08294916152954102,1.0,1.0,q0: start,"(16, 1, 28)",positive,3600,2
0,out/models/model_epidemic16_model-it_0.pickle,9539,110679,QP,-1,3600.1325221061707,1.0,0.5388560875260044,q0: start,"(16, 1, 25)",positive,3600,9
1,out/models/model_epidemic16_model-it_0.pickle,9539,110679,LP,-1,0.06676506996154785,1.0,1.0,q0: start,"(16, 1, 25)",positive,3600,2
0,out/models/model_epidemic16_model-it_0.pickle,9539,110679,QP,-1,3600.1823959350586,1.0,0.5388560813051535,q0: start,"(16, 1, 23)",positive,3600,9
1,out/models/model_epidemic16_model-it_0.pickle,9539,110679,LP,-1,0.019345998764038086,1.0,1.0,q0: start,"(16, 1, 23)",positive,3600,2
0,out/models/model_epidemic16_model-it_0.pickle,9539,110679,QP,-1,3600.1104669570923,1.0,0.5388560813043061,q0: start,"(16, 1, 32)",positive,3600,9
1,out/models/model_epidemic16_model-it_0.pickle,9539,110679,LP,-1,0.08605098724365234,1.0,1.0,q0: start,"(16, 1, 32)",positive,3600,2
0,out/models/model_epidemic17_model-it_0.pickle,11342,138504,QP,-1,0.12386608123779297,1.0,0.0,q0: start,"(17, 1, 16)",positive,3600,2
1,out/models/model_epidemic17_model-it_0.pickle,11342,138504,LP,-1,0.055673837661743164,1.0,0.0,q0: start,"(17, 1, 16)",positive,3600,2
0,out/models/model_epidemic17_model-it_0.pickle,11342,138504,QP,-1,0.18389391899108887,1.0,0.0,q0: start,"(17, 1, 15)",positive,3600,2
1,out/models/model_epidemic17_model-it_0.pickle,11342,138504,LP,-1,0.09239315986633301,1.0,0.0,q0: start,"(17, 1, 15)",positive,3600,2
0,out/models/model_epidemic16_model-it_0.pickle,9539,110679,QP,-1,3600.1154079437256,1.0,0.5388560872732534,q0: start,"(16, 1, 27)",positive,3600,9
1,out/models/model_epidemic16_model-it_0.pickle,9539,110679,LP,-1,0.07843399047851562,1.0,1.0,q0: start,"(16, 1, 27)",positive,3600,2
0,out/models/model_epidemic16_model-it_0.pickle,9539,110679,QP,-1,3600.053535938263,1.0,0.5388560813017884,q0: start,"(16, 1, 22)",positive,3600,9
1,out/models/model_epidemic16_model-it_0.pickle,9539,110679,LP,-1,0.07466888427734375,1.0,1.0,q0: start,"(16, 1, 22)",positive,3600,2
0,out/models/model_epidemic16_model-it_0.pickle,9539,110679,QP,-1,3600.0999829769135,1.0,0.5388560813025349,q0: start,"(16, 1, 20)",positive,3600,9
1,out/models/model_epidemic16_model-it_0.pickle,9539,110679,LP,-1,0.07714390754699707,1.0,1.0,q0: start,"(16, 1, 20)",positive,3600,2
0,out/models/model_epidemic17_model-it_0.pickle,11342,138504,QP,-1,0.12380409240722656,1.0,0.0,q0: start,"(17, 1, 8)",positive,3600,2
1,out/models/model_epidemic17_model-it_0.pickle,11342,138504,LP,-1,0.04985690116882324,1.0,0.0,q0: start,"(17, 1, 8)",positive,3600,2
0,out/models/model_epidemic16_model-it_0.pickle,9539,110679,QP,-1,3600.105190038681,1.0,0.5388560813022654,q0: start,"(16, 1, 30)",positive,3600,9
1,out/models/model_epidemic16_model-it_0.pickle,9539,110679,LP,-1,0.09074997901916504,1.0,1.0,q0: start,"(16, 1, 30)",positive,3600,2
0,out/models/model_epidemic16_model-it_0.pickle,9539,110679,QP,-1,3600.062922000885,1.0,0.5388560813016269,q0: start,"(16, 1, 17)",positive,3600,9
1,out/models/model_epidemic16_model-it_0.pickle,9539,110679,LP,-1,0.0887298583984375,1.0,1.0,q0: start,"(16, 1, 17)",positive,3600,2
0,out/models/model_epidemic16_model-it_0.pickle,9539,110679,QP,-1,3600.088949918747,1.0,0.5388560813032524,q0: start,"(16, 1, 18)",positive,3600,9
1,out/models/model_epidemic16_model-it_0.pickle,9539,110679,LP,-1,0.07363200187683105,1.0,1.0,q0: start,"(16, 1, 18)",positive,3600,2
0,out/models/model_epidemic16_model-it_0.pickle,9539,110679,QP,-1,3600.0921211242676,1.0,0.538856081301827,q0: start,"(16, 1, 19)",positive,3600,9
1,out/models/model_epidemic16_model-it_0.pickle,9539,110679,LP,-1,0.07824587821960449,1.0,1.0,q0: start,"(16, 1, 19)",positive,3600,2
0,out/models/model_epidemic17_model-it_0.pickle,11342,138504,QP,-1,0.12731504440307617,1.0,0.0,q0: start,"(17, 1, 7)",positive,3600,2
1,out/models/model_epidemic17_model-it_0.pickle,11342,138504,LP,-1,0.05052781105041504,1.0,0.0,q0: start,"(17, 1, 7)",positive,3600,2
0,out/models/model_epidemic17_model-it_0.pickle,11342,138504,QP,-1,0.1228489875793457,1.0,0.0,q0: start,"(17, 1, 2)",positive,3600,2
1,out/models/model_epidemic17_model-it_0.pickle,11342,138504,LP,-1,0.04673504829406738,1.0,0.0,q0: start,"(17, 1, 2)",positive,3600,2
0,out/models/model_epidemic16_model-it_0.pickle,9539,110679,QP,-1,3600.035017967224,1.0,0.538856080586035,q0: start,"(16, 1, 26)",positive,3600,9
1,out/models/model_epidemic16_model-it_0.pickle,9539,110679,LP,-1,0.06189298629760742,1.0,1.0,q0: start,"(16, 1, 26)",positive,3600,2
0,out/models/model_epidemic17_model-it_0.pickle,11342,138504,QP,-1,0.12899494171142578,1.0,0.0,q0: start,"(17, 1, 14)",positive,3600,2
1,out/models/model_epidemic17_model-it_0.pickle,11342,138504,LP,-1,0.055979013442993164,1.0,0.0,q0: start,"(17, 1, 14)",positive,3600,2
0,out/models/model_epidemic16_model-it_0.pickle,9539,110679,QP,-1,3600.0638329982758,1.0,0.5388560872737713,q0: start,"(16, 1, 31)",positive,3600,9
1,out/models/model_epidemic16_model-it_0.pickle,9539,110679,LP,-1,0.06710505485534668,1.0,1.0,q0: start,"(16, 1, 31)",positive,3600,2
0,out/models/model_epidemic17_model-it_0.pickle,11342,138504,QP,-1,0.12117600440979004,1.0,0.0,q0: start,"(17, 1, 9)",positive,3600,2
1,out/models/model_epidemic17_model-it_0.pickle,11342,138504,LP,-1,0.05766487121582031,1.0,0.0,q0: start,"(17, 1, 9)",positive,3600,2
0,out/models/model_epidemic16_model-it_0.pickle,9539,110679,QP,-1,3600.072359085083,1.0,0.538856087524932,q0: start,"(16, 1, 24)",positive,3600,9
1,out/models/model_epidemic16_model-it_0.pickle,9539,110679,LP,-1,0.06962704658508301,1.0,1.0,q0: start,"(16, 1, 24)",positive,3600,2
0,out/models/model_epidemic17_model-it_0.pickle,11342,138504,QP,-1,0.13210391998291016,1.0,0.0,q0: start,"(17, 1, 10)",positive,3600,2
1,out/models/model_epidemic17_model-it_0.pickle,11342,138504,LP,-1,0.04840803146362305,1.0,0.0,q0: start,"(17, 1, 10)",positive,3600,2
0,out/models/model_epidemic17_model-it_0.pickle,11342,138504,QP,-1,0.14863801002502441,1.0,0.0,q0: start,"(17, 1, 5)",positive,3600,2
1,out/models/model_epidemic17_model-it_0.pickle,11342,138504,LP,-1,0.053575992584228516,1.0,0.0,q0: start,"(17, 1, 5)",positive,3600,2
0,out/models/model_epidemic17_model-it_0.pickle,11342,138504,QP,1,3600.0781428813934,1.0,0.4770117552229235,q0: start,"(17, 1, 31)",positive,3600,9
1,out/models/model_epidemic17_model-it_0.pickle,11342,138504,LP,1,0.06289196014404297,1.0,0.0,q0: start,"(17, 1, 31)",positive,3600,2
0,out/models/model_epidemic17_model-it_0.pickle,11342,138504,QP,-1,0.1429738998413086,1.0,0.0,q0: start,"(17, 1, 1)",positive,3600,2
1,out/models/model_epidemic17_model-it_0.pickle,11342,138504,LP,-1,0.0450739860534668,1.0,0.0,q0: start,"(17, 1, 1)",positive,3600,2
0,out/models/model_epidemic17_model-it_0.pickle,11342,138504,QP,1,3600.1637530326843,1.0,0.4770117552235953,q0: start,"(17, 1, 25)",positive,3600,9
1,out/models/model_epidemic17_model-it_0.pickle,11342,138504,LP,1,0.018873929977416992,1.0,0.0,q0: start,"(17, 1, 25)",positive,3600,2
0,out/models/model_epidemic17_model-it_0.pickle,11342,138504,QP,-1,0.14358091354370117,1.0,0.0,q0: start,"(17, 1, 3)",positive,3600,2
1,out/models/model_epidemic17_model-it_0.pickle,11342,138504,LP,-1,0.0591130256652832,1.0,0.0,q0: start,"(17, 1, 3)",positive,3600,2
0,out/models/model_epidemic17_model-it_0.pickle,11342,138504,QP,-1,0.13513779640197754,1.0,0.0,q0: start,"(17, 1, 11)",positive,3600,2
1,out/models/model_epidemic17_model-it_0.pickle,11342,138504,LP,-1,0.05231904983520508,1.0,0.0,q0: start,"(17, 1, 11)",positive,3600,2
0,out/models/model_epidemic17_model-it_0.pickle,11342,138504,QP,-1,0.11845207214355469,1.0,0.0,q0: start,"(17, 1, 6)",positive,3600,2
1,out/models/model_epidemic17_model-it_0.pickle,11342,138504,LP,-1,0.05194592475891113,1.0,0.0,q0: start,"(17, 1, 6)",positive,3600,2
0,out/models/model_epidemic17_model-it_0.pickle,11342,138504,QP,1,3600.1748580932617,1.0,0.4770117552224967,q0: start,"(17, 1, 20)",positive,3600,9
1,out/models/model_epidemic17_model-it_0.pickle,11342,138504,LP,1,0.01823592185974121,1.0,0.0,q0: start,"(17, 1, 20)",positive,3600,2
0,out/models/model_epidemic17_model-it_0.pickle,11342,138504,QP,-1,0.13100886344909668,1.0,0.0,q0: start,"(17, 1, 12)",positive,3600,2
1,out/models/model_epidemic17_model-it_0.pickle,11342,138504,LP,-1,0.058145999908447266,1.0,0.0,q0: start,"(17, 1, 12)",positive,3600,2
0,out/models/model_epidemic17_model-it_0.pickle,11342,138504,QP,1,3600.195340871811,1.0,0.4770117552232277,q0: start,"(17, 1, 22)",positive,3600,9
1,out/models/model_epidemic17_model-it_0.pickle,11342,138504,LP,1,0.017049074172973633,1.0,0.0,q0: start,"(17, 1, 22)",positive,3600,2
0,out/models/model_epidemic17_model-it_0.pickle,11342,138504,QP,-1,0.11889314651489258,1.0,0.0,q0: start,"(17, 1, 0)",positive,3600,2
1,out/models/model_epidemic17_model-it_0.pickle,11342,138504,LP,-1,0.05295896530151367,1.0,0.0,q0: start,"(17, 1, 0)",positive,3600,2
0,out/models/model_epidemic17_model-it_0.pickle,11342,138504,QP,-1,0.1469259262084961,1.0,0.0,q0: start,"(17, 1, 13)",positive,3600,2
1,out/models/model_epidemic17_model-it_0.pickle,11342,138504,LP,-1,0.04503798484802246,1.0,0.0,q0: start,"(17, 1, 13)",positive,3600,2
0,out/models/model_epidemic17_model-it_0.pickle,11342,138504,QP,-1,0.12842702865600586,1.0,0.0,q0: start,"(17, 1, 17)",positive,3600,2
1,out/models/model_epidemic17_model-it_0.pickle,11342,138504,LP,-1,0.049284934997558594,1.0,0.0,q0: start,"(17, 1, 17)",positive,3600,2
0,out/models/model_epidemic17_model-it_0.pickle,11342,138504,QP,-1,0.1434769630432129,1.0,0.0,q0: start,"(17, 1, 4)",positive,3600,2
1,out/models/model_epidemic17_model-it_0.pickle,11342,138504,LP,-1,0.050486087799072266,1.0,0.0,q0: start,"(17, 1, 4)",positive,3600,2
0,out/models/model_epidemic17_model-it_0.pickle,11342,138504,QP,1,3600.1677420139313,1.0,0.47701175522338735,q0: start,"(17, 1, 24)",positive,3600,9
1,out/models/model_epidemic17_model-it_0.pickle,11342,138504,LP,1,0.021649837493896484,1.0,0.0,q0: start,"(17, 1, 24)",positive,3600,2
0,out/models/model_epidemic17_model-it_0.pickle,11342,138504,QP,1,3600.0532791614532,1.0,0.4770117552234511,q0: start,"(17, 1, 27)",positive,3600,9
1,out/models/model_epidemic17_model-it_0.pickle,11342,138504,LP,1,0.01942300796508789,1.0,0.0,q0: start,"(17, 1, 27)",positive,3600,2
0,out/models/model_epidemic17_model-it_0.pickle,11342,138504,QP,1,3600.134129047394,1.0,0.4770117552231161,q0: start,"(17, 1, 26)",positive,3600,9
1,out/models/model_epidemic17_model-it_0.pickle,11342,138504,LP,1,0.018246173858642578,1.0,0.0,q0: start,"(17, 1, 26)",positive,3600,2
0,out/models/model_epidemic18_model-it_0.pickle,13359,171789,QP,1,0.16270089149475098,1.0,0.0,q0: start,"(18, 1, 3)",positive,3600,2
1,out/models/model_epidemic18_model-it_0.pickle,13359,171789,LP,1,0.016980886459350586,1.0,0.0,q0: start,"(18, 1, 3)",positive,3600,2
0,out/models/model_epidemic18_model-it_0.pickle,13359,171789,QP,1,0.16391587257385254,1.0,0.0,q0: start,"(18, 1, 13)",positive,3600,2
1,out/models/model_epidemic18_model-it_0.pickle,13359,171789,LP,1,0.017632007598876953,1.0,0.0,q0: start,"(18, 1, 13)",positive,3600,2
0,out/models/model_epidemic18_model-it_0.pickle,13359,171789,QP,1,0.16792678833007812,1.0,0.0,q0: start,"(18, 1, 1)",positive,3600,2
1,out/models/model_epidemic18_model-it_0.pickle,13359,171789,LP,1,0.01683187484741211,1.0,0.0,q0: start,"(18, 1, 1)",positive,3600,2
0,out/models/model_epidemic18_model-it_0.pickle,13359,171789,QP,1,0.15842294692993164,1.0,0.0,q0: start,"(18, 1, 18)",positive,3600,2
1,out/models/model_epidemic18_model-it_0.pickle,13359,171789,LP,1,0.017036914825439453,1.0,0.0,q0: start,"(18, 1, 18)",positive,3600,2
0,out/models/model_epidemic18_model-it_0.pickle,13359,171789,QP,1,0.19353914260864258,1.0,0.0,q0: start,"(18, 1, 12)",positive,3600,2
1,out/models/model_epidemic18_model-it_0.pickle,13359,171789,LP,1,0.019021034240722656,1.0,0.0,q0: start,"(18, 1, 12)",positive,3600,2
0,out/models/model_epidemic18_model-it_0.pickle,13359,171789,QP,1,0.17728900909423828,1.0,0.0,q0: start,"(18, 1, 15)",positive,3600,2
1,out/models/model_epidemic18_model-it_0.pickle,13359,171789,LP,1,0.02158808708190918,1.0,0.0,q0: start,"(18, 1, 15)",positive,3600,2
0,out/models/model_epidemic18_model-it_0.pickle,13359,171789,QP,1,0.18319296836853027,1.0,0.0,q0: start,"(18, 1, 0)",positive,3600,2
1,out/models/model_epidemic18_model-it_0.pickle,13359,171789,LP,1,0.017437219619750977,1.0,0.0,q0: start,"(18, 1, 0)",positive,3600,2
0,out/models/model_epidemic18_model-it_0.pickle,13359,171789,QP,1,0.14205002784729004,1.0,0.0,q0: start,"(18, 1, 11)",positive,3600,2
1,out/models/model_epidemic18_model-it_0.pickle,13359,171789,LP,1,0.017789840698242188,1.0,0.0,q0: start,"(18, 1, 11)",positive,3600,2
0,out/models/model_epidemic18_model-it_0.pickle,13359,171789,QP,1,0.15775609016418457,1.0,0.0,q0: start,"(18, 1, 9)",positive,3600,2
1,out/models/model_epidemic18_model-it_0.pickle,13359,171789,LP,1,0.022138118743896484,1.0,0.0,q0: start,"(18, 1, 9)",positive,3600,2
0,out/models/model_epidemic18_model-it_0.pickle,13359,171789,QP,1,0.14333796501159668,1.0,0.0,q0: start,"(18, 1, 17)",positive,3600,2
1,out/models/model_epidemic18_model-it_0.pickle,13359,171789,LP,1,0.01658320426940918,1.0,0.0,q0: start,"(18, 1, 17)",positive,3600,2
0,out/models/model_epidemic18_model-it_0.pickle,13359,171789,QP,1,0.14897584915161133,1.0,0.0,q0: start,"(18, 1, 7)",positive,3600,2
1,out/models/model_epidemic18_model-it_0.pickle,13359,171789,LP,1,0.01850104331970215,1.0,0.0,q0: start,"(18, 1, 7)",positive,3600,2
0,out/models/model_epidemic18_model-it_0.pickle,13359,171789,QP,1,0.1440439224243164,1.0,0.0,q0: start,"(18, 1, 4)",positive,3600,2
1,out/models/model_epidemic18_model-it_0.pickle,13359,171789,LP,1,0.01797795295715332,1.0,0.0,q0: start,"(18, 1, 4)",positive,3600,2
0,out/models/model_epidemic18_model-it_0.pickle,13359,171789,QP,1,0.14564895629882812,1.0,0.0,q0: start,"(18, 1, 6)",positive,3600,2
1,out/models/model_epidemic18_model-it_0.pickle,13359,171789,LP,1,0.017461061477661133,1.0,0.0,q0: start,"(18, 1, 6)",positive,3600,2
0,out/models/model_epidemic18_model-it_0.pickle,13359,171789,QP,1,0.13712787628173828,1.0,0.0,q0: start,"(18, 1, 16)",positive,3600,2
1,out/models/model_epidemic18_model-it_0.pickle,13359,171789,LP,1,0.0287020206451416,1.0,0.0,q0: start,"(18, 1, 16)",positive,3600,2
0,out/models/model_epidemic17_model-it_0.pickle,11342,138504,QP,1,3600.104019165039,1.0,0.4770117552234244,q0: start,"(17, 1, 29)",positive,3600,9
1,out/models/model_epidemic17_model-it_0.pickle,11342,138504,LP,1,0.06803083419799805,1.0,0.0,q0: start,"(17, 1, 29)",positive,3600,2
0,out/models/model_epidemic17_model-it_0.pickle,11342,138504,QP,1,3600.167627096176,1.0,0.4770117552233625,q0: start,"(17, 1, 33)",positive,3600,9
1,out/models/model_epidemic17_model-it_0.pickle,11342,138504,LP,1,0.06968498229980469,1.0,0.0,q0: start,"(17, 1, 33)",positive,3600,2
0,out/models/model_epidemic18_model-it_0.pickle,13359,171789,QP,1,0.16209912300109863,1.0,0.0,q0: start,"(18, 1, 5)",positive,3600,2
1,out/models/model_epidemic18_model-it_0.pickle,13359,171789,LP,1,0.01839303970336914,1.0,0.0,q0: start,"(18, 1, 5)",positive,3600,2
0,out/models/model_epidemic17_model-it_0.pickle,11342,138504,QP,1,3600.0980479717255,1.0,0.47701175522362294,q0: start,"(17, 1, 30)",positive,3600,9
1,out/models/model_epidemic17_model-it_0.pickle,11342,138504,LP,1,0.06236004829406738,1.0,0.0,q0: start,"(17, 1, 30)",positive,3600,2
0,out/models/model_epidemic18_model-it_0.pickle,13359,171789,QP,1,0.16433191299438477,1.0,0.0,q0: start,"(18, 1, 10)",positive,3600,2
1,out/models/model_epidemic18_model-it_0.pickle,13359,171789,LP,1,0.018536090850830078,1.0,0.0,q0: start,"(18, 1, 10)",positive,3600,2
0,out/models/model_epidemic18_model-it_0.pickle,13359,171789,QP,1,0.1442852020263672,1.0,0.0,q0: start,"(18, 1, 2)",positive,3600,2
1,out/models/model_epidemic18_model-it_0.pickle,13359,171789,LP,1,0.020144939422607422,1.0,0.0,q0: start,"(18, 1, 2)",positive,3600,2
0,out/models/model_epidemic18_model-it_0.pickle,13359,171789,QP,1,0.1722710132598877,1.0,0.0,q0: start,"(18, 1, 8)",positive,3600,2
1,out/models/model_epidemic18_model-it_0.pickle,13359,171789,LP,1,0.021949052810668945,1.0,0.0,q0: start,"(18, 1, 8)",positive,3600,2
0,out/models/model_epidemic17_model-it_0.pickle,11342,138504,QP,1,3600.194491147995,1.0,0.47701175522351946,q0: start,"(17, 1, 19)",positive,3600,9
1,out/models/model_epidemic17_model-it_0.pickle,11342,138504,LP,1,0.01481008529663086,1.0,0.0,q0: start,"(17, 1, 19)",positive,3600,2
0,out/models/model_epidemic17_model-it_0.pickle,11342,138504,QP,1,3600.1051409244537,1.0,0.4770117552232753,q0: start,"(17, 1, 21)",positive,3600,9
1,out/models/model_epidemic17_model-it_0.pickle,11342,138504,LP,1,0.015916109085083008,1.0,0.0,q0: start,"(17, 1, 21)",positive,3600,2
0,out/models/model_epidemic17_model-it_0.pickle,11342,138504,QP,1,3600.130119085312,1.0,0.47701175522346706,q0: start,"(17, 1, 32)",positive,3600,9
1,out/models/model_epidemic17_model-it_0.pickle,11342,138504,LP,1,0.055351972579956055,1.0,0.0,q0: start,"(17, 1, 32)",positive,3600,2
0,out/models/model_epidemic17_model-it_0.pickle,11342,138504,QP,1,3600.1037228107452,1.0,0.477011755223124,q0: start,"(17, 1, 34)",positive,3600,9
1,out/models/model_epidemic17_model-it_0.pickle,11342,138504,LP,1,0.05819201469421387,1.0,0.0,q0: start,"(17, 1, 34)",positive,3600,2
0,out/models/model_epidemic17_model-it_0.pickle,11342,138504,QP,1,3600.109654903412,1.0,0.47701175522384454,q0: start,"(17, 1, 23)",positive,3600,9
1,out/models/model_epidemic17_model-it_0.pickle,11342,138504,LP,1,0.01587200164794922,1.0,0.0,q0: start,"(17, 1, 23)",positive,3600,2
0,out/models/model_epidemic17_model-it_0.pickle,11342,138504,QP,1,3600.1997730731964,1.0,0.47701175522280503,q0: start,"(17, 1, 18)",positive,3600,9
1,out/models/model_epidemic17_model-it_0.pickle,11342,138504,LP,1,0.014780998229980469,1.0,0.0,q0: start,"(17, 1, 18)",positive,3600,2
0,out/models/model_epidemic17_model-it_0.pickle,11342,138504,QP,1,3600.0304889678955,1.0,0.4770117552231492,q0: start,"(17, 1, 28)",positive,3600,9
1,out/models/model_epidemic17_model-it_0.pickle,11342,138504,LP,1,0.06931114196777344,1.0,0.0,q0: start,"(17, 1, 28)",positive,3600,2
0,out/models/model_epidemic17_model-it_0.pickle,11342,138504,QP,-1,3600.1670920848846,1.0,0.5376434788744887,q0: start,"(17, 1, 30)",positive,3600,9
1,out/models/model_epidemic17_model-it_0.pickle,11342,138504,LP,-1,0.05803084373474121,1.0,1.0,q0: start,"(17, 1, 30)",positive,3600,2
0,out/models/model_epidemic17_model-it_0.pickle,11342,138504,QP,-1,3600.176586151123,1.0,0.5376434788784427,q0: start,"(17, 1, 28)",positive,3600,9
1,out/models/model_epidemic17_model-it_0.pickle,11342,138504,LP,-1,0.05843496322631836,1.0,1.0,q0: start,"(17, 1, 28)",positive,3600,2
0,out/models/model_epidemic18_model-it_0.pickle,13359,171789,QP,1,0.15137100219726562,1.0,0.0,q0: start,"(18, 1, 14)",positive,3600,2
1,out/models/model_epidemic18_model-it_0.pickle,13359,171789,LP,1,0.01899886131286621,1.0,0.0,q0: start,"(18, 1, 14)",positive,3600,2
0,out/models/model_epidemic17_model-it_0.pickle,11342,138504,QP,-1,3600.0756459236145,1.0,0.5376434788764359,q0: start,"(17, 1, 26)",positive,3600,9
1,out/models/model_epidemic17_model-it_0.pickle,11342,138504,LP,-1,0.0535280704498291,1.0,1.0,q0: start,"(17, 1, 26)",positive,3600,2
0,out/models/model_epidemic17_model-it_0.pickle,11342,138504,QP,-1,3600.0464310646057,1.0,0.5376434788771272,q0: start,"(17, 1, 27)",positive,3600,9
1,out/models/model_epidemic17_model-it_0.pickle,11342,138504,LP,-1,0.05198311805725098,1.0,1.0,q0: start,"(17, 1, 27)",positive,3600,2
0,out/models/model_epidemic17_model-it_0.pickle,11342,138504,QP,-1,3600.063399076462,1.0,0.5376434788781781,q0: start,"(17, 1, 20)",positive,3600,9
1,out/models/model_epidemic17_model-it_0.pickle,11342,138504,LP,-1,0.054342031478881836,1.0,1.0,q0: start,"(17, 1, 20)",positive,3600,2
0,out/models/model_epidemic17_model-it_0.pickle,11342,138504,QP,-1,3600.0607059001923,1.0,0.5376434788698425,q0: start,"(17, 1, 24)",positive,3600,9
1,out/models/model_epidemic17_model-it_0.pickle,11342,138504,LP,-1,0.05825400352478027,1.0,1.0,q0: start,"(17, 1, 24)",positive,3600,2
0,out/models/model_epidemic17_model-it_0.pickle,11342,138504,QP,-1,3600.2298130989075,1.0,0.5376434788822051,q0: start,"(17, 1, 32)",positive,3600,9
1,out/models/model_epidemic17_model-it_0.pickle,11342,138504,LP,-1,0.07298111915588379,1.0,1.0,q0: start,"(17, 1, 32)",positive,3600,2
0,out/models/model_epidemic17_model-it_0.pickle,11342,138504,QP,-1,3600.1204781532288,1.0,0.537643478878977,q0: start,"(17, 1, 31)",positive,3600,9
1,out/models/model_epidemic17_model-it_0.pickle,11342,138504,LP,-1,0.05454683303833008,1.0,1.0,q0: start,"(17, 1, 31)",positive,3600,2
0,out/models/model_epidemic17_model-it_0.pickle,11342,138504,QP,-1,3600.1475279331207,1.0,0.5376434788782847,q0: start,"(17, 1, 29)",positive,3600,9
1,out/models/model_epidemic17_model-it_0.pickle,11342,138504,LP,-1,0.056765079498291016,1.0,1.0,q0: start,"(17, 1, 29)",positive,3600,2
0,out/models/model_epidemic18_model-it_0.pickle,13359,171789,QP,-1,0.22464609146118164,1.0,0.0,q0: start,"(18, 1, 8)",positive,3600,2
1,out/models/model_epidemic18_model-it_0.pickle,13359,171789,LP,-1,0.06587100028991699,1.0,0.0,q0: start,"(18, 1, 8)",positive,3600,2
0,out/models/model_epidemic17_model-it_0.pickle,11342,138504,QP,-1,3600.1231548786163,1.0,0.5376434788802522,q0: start,"(17, 1, 33)",positive,3600,9
1,out/models/model_epidemic17_model-it_0.pickle,11342,138504,LP,-1,0.05758404731750488,1.0,1.0,q0: start,"(17, 1, 33)",positive,3600,2
0,out/models/model_epidemic18_model-it_0.pickle,13359,171789,QP,-1,0.14852690696716309,1.0,0.0,q0: start,"(18, 1, 11)",positive,3600,2
1,out/models/model_epidemic18_model-it_0.pickle,13359,171789,LP,-1,0.05684208869934082,1.0,0.0,q0: start,"(18, 1, 11)",positive,3600,2
0,out/models/model_epidemic18_model-it_0.pickle,13359,171789,QP,-1,0.14815115928649902,1.0,0.0,q0: start,"(18, 1, 3)",positive,3600,2
1,out/models/model_epidemic18_model-it_0.pickle,13359,171789,LP,-1,0.05739092826843262,1.0,0.0,q0: start,"(18, 1, 3)",positive,3600,2
0,out/models/model_epidemic17_model-it_0.pickle,11342,138504,QP,-1,3600.1702580451965,1.0,0.537643478878802,q0: start,"(17, 1, 22)",positive,3600,9
1,out/models/model_epidemic17_model-it_0.pickle,11342,138504,LP,-1,0.06415820121765137,1.0,1.0,q0: start,"(17, 1, 22)",positive,3600,2
0,out/models/model_epidemic18_model-it_0.pickle,13359,171789,QP,-1,0.14339399337768555,1.0,0.0,q0: start,"(18, 1, 16)",positive,3600,2
1,out/models/model_epidemic18_model-it_0.pickle,13359,171789,LP,-1,0.05678296089172363,1.0,0.0,q0: start,"(18, 1, 16)",positive,3600,2
0,out/models/model_epidemic17_model-it_0.pickle,11342,138504,QP,-1,3600.048238992691,1.0,0.5376434788836217,q0: start,"(17, 1, 21)",positive,3600,9
1,out/models/model_epidemic17_model-it_0.pickle,11342,138504,LP,-1,0.05577683448791504,1.0,1.0,q0: start,"(17, 1, 21)",positive,3600,2
0,out/models/model_epidemic18_model-it_0.pickle,13359,171789,QP,-1,0.1442570686340332,1.0,0.0,q0: start,"(18, 1, 12)",positive,3600,2
1,out/models/model_epidemic18_model-it_0.pickle,13359,171789,LP,-1,0.06023216247558594,1.0,0.0,q0: start,"(18, 1, 12)",positive,3600,2
0,out/models/model_epidemic17_model-it_0.pickle,11342,138504,QP,-1,3600.2300369739532,1.0,0.53764347887466,q0: start,"(17, 1, 25)",positive,3600,9
1,out/models/model_epidemic17_model-it_0.pickle,11342,138504,LP,-1,0.060502052307128906,1.0,1.0,q0: start,"(17, 1, 25)",positive,3600,2
0,out/models/model_epidemic18_model-it_0.pickle,13359,171789,QP,-1,0.14493298530578613,1.0,0.0,q0: start,"(18, 1, 10)",positive,3600,2
1,out/models/model_epidemic18_model-it_0.pickle,13359,171789,LP,-1,0.05848097801208496,1.0,0.0,q0: start,"(18, 1, 10)",positive,3600,2
0,out/models/model_epidemic18_model-it_0.pickle,13359,171789,QP,-1,0.1497340202331543,1.0,0.0,q0: start,"(18, 1, 6)",positive,3600,2
1,out/models/model_epidemic18_model-it_0.pickle,13359,171789,LP,-1,0.05654406547546387,1.0,0.0,q0: start,"(18, 1, 6)",positive,3600,2
0,out/models/model_epidemic18_model-it_0.pickle,13359,171789,QP,-1,0.14188504219055176,1.0,0.0,q0: start,"(18, 1, 14)",positive,3600,2
1,out/models/model_epidemic18_model-it_0.pickle,13359,171789,LP,-1,0.05883002281188965,1.0,0.0,q0: start,"(18, 1, 14)",positive,3600,2
0,out/models/model_epidemic17_model-it_0.pickle,11342,138504,QP,-1,3600.1096329689026,1.0,0.5376434788699207,q0: start,"(17, 1, 19)",positive,3600,9
1,out/models/model_epidemic17_model-it_0.pickle,11342,138504,LP,-1,0.05469989776611328,1.0,1.0,q0: start,"(17, 1, 19)",positive,3600,2
0,out/models/model_epidemic17_model-it_0.pickle,11342,138504,QP,-1,3600.1824610233307,1.0,0.5376434788715616,q0: start,"(17, 1, 34)",positive,3600,9
1,out/models/model_epidemic17_model-it_0.pickle,11342,138504,LP,-1,0.0627439022064209,1.0,1.0,q0: start,"(17, 1, 34)",positive,3600,2
0,out/models/model_epidemic17_model-it_0.pickle,11342,138504,QP,-1,3600.071613073349,1.0,0.537643478879635,q0: start,"(17, 1, 23)",positive,3600,9
1,out/models/model_epidemic17_model-it_0.pickle,11342,138504,LP,-1,0.05536699295043945,1.0,1.0,q0: start,"(17, 1, 23)",positive,3600,2
0,out/models/model_epidemic18_model-it_0.pickle,13359,171789,QP,-1,0.14875388145446777,1.0,0.0,q0: start,"(18, 1, 13)",positive,3600,2
1,out/models/model_epidemic18_model-it_0.pickle,13359,171789,LP,-1,0.055581092834472656,1.0,0.0,q0: start,"(18, 1, 13)",positive,3600,2
0,out/models/model_epidemic18_model-it_0.pickle,13359,171789,QP,-1,0.14251995086669922,1.0,0.0,q0: start,"(18, 1, 2)",positive,3600,2
1,out/models/model_epidemic18_model-it_0.pickle,13359,171789,LP,-1,0.05725288391113281,1.0,0.0,q0: start,"(18, 1, 2)",positive,3600,2
0,out/models/model_epidemic17_model-it_0.pickle,11342,138504,QP,-1,3600.0405220985413,1.0,0.5376434788700716,q0: start,"(17, 1, 18)",positive,3600,9
1,out/models/model_epidemic17_model-it_0.pickle,11342,138504,LP,-1,0.0558011531829834,1.0,1.0,q0: start,"(17, 1, 18)",positive,3600,2
0,out/models/model_epidemic18_model-it_0.pickle,13359,171789,QP,-1,0.15580201148986816,1.0,0.0,q0: start,"(18, 1, 15)",positive,3600,2
1,out/models/model_epidemic18_model-it_0.pickle,13359,171789,LP,-1,0.0577540397644043,1.0,0.0,q0: start,"(18, 1, 15)",positive,3600,2
0,out/models/model_epidemic18_model-it_0.pickle,13359,171789,QP,-1,0.1413259506225586,1.0,0.0,q0: start,"(18, 1, 0)",positive,3600,2
1,out/models/model_epidemic18_model-it_0.pickle,13359,171789,LP,-1,0.05791020393371582,1.0,0.0,q0: start,"(18, 1, 0)",positive,3600,2
0,out/models/model_epidemic18_model-it_0.pickle,13359,171789,QP,-1,0.15149617195129395,1.0,0.0,q0: start,"(18, 1, 1)",positive,3600,2
1,out/models/model_epidemic18_model-it_0.pickle,13359,171789,LP,-1,0.0561528205871582,1.0,0.0,q0: start,"(18, 1, 1)",positive,3600,2
0,out/models/model_epidemic18_model-it_0.pickle,13359,171789,QP,-1,0.1548621654510498,1.0,0.0,q0: start,"(18, 1, 17)",positive,3600,2
1,out/models/model_epidemic18_model-it_0.pickle,13359,171789,LP,-1,0.05728292465209961,1.0,0.0,q0: start,"(18, 1, 17)",positive,3600,2
0,out/models/model_epidemic18_model-it_0.pickle,13359,171789,QP,-1,0.15350008010864258,1.0,0.0,q0: start,"(18, 1, 18)",positive,3600,2
1,out/models/model_epidemic18_model-it_0.pickle,13359,171789,LP,-1,0.05430102348327637,1.0,0.0,q0: start,"(18, 1, 18)",positive,3600,2
0,out/models/model_epidemic18_model-it_0.pickle,13359,171789,QP,1,3600.2716319561005,1.0,0.47829085096131285,q0: start,"(18, 1, 26)",positive,3600,9
1,out/models/model_epidemic18_model-it_0.pickle,13359,171789,LP,1,0.01852703094482422,1.0,0.0,q0: start,"(18, 1, 26)",positive,3600,2
0,out/models/model_epidemic18_model-it_0.pickle,13359,171789,QP,1,3600.0862848758698,0.9999999906436343,0.4863046964148221,q0: start,"(18, 1, 36)",positive,3600,9
1,out/models/model_epidemic18_model-it_0.pickle,13359,171789,LP,1,0.01762700080871582,1.0,0.0,q0: start,"(18, 1, 36)",positive,3600,2
0,out/models/model_epidemic18_model-it_0.pickle,13359,171789,QP,1,3600.05303812027,0.9999999906436345,0.48630469641474494,q0: start,"(18, 1, 24)",positive,3600,9
1,out/models/model_epidemic18_model-it_0.pickle,13359,171789,LP,1,0.01803421974182129,1.0,0.0,q0: start,"(18, 1, 24)",positive,3600,2
0,out/models/model_epidemic18_model-it_0.pickle,13359,171789,QP,1,3600.095757961273,1.0,0.47829085096196344,q0: start,"(18, 1, 27)",positive,3600,9
1,out/models/model_epidemic18_model-it_0.pickle,13359,171789,LP,1,0.01721501350402832,1.0,0.0,q0: start,"(18, 1, 27)",positive,3600,2
0,out/models/model_epidemic18_model-it_0.pickle,13359,171789,QP,-1,0.15156197547912598,1.0,0.0,q0: start,"(18, 1, 9)",positive,3600,2
1,out/models/model_epidemic18_model-it_0.pickle,13359,171789,LP,-1,0.060582876205444336,1.0,0.0,q0: start,"(18, 1, 9)",positive,3600,2
0,out/models/model_epidemic18_model-it_0.pickle,13359,171789,QP,1,3600.0578911304474,1.0,0.4782908509621795,q0: start,"(18, 1, 32)",positive,3600,9
1,out/models/model_epidemic18_model-it_0.pickle,13359,171789,LP,1,0.018520116806030273,1.0,0.0,q0: start,"(18, 1, 32)",positive,3600,2
0,out/models/model_epidemic18_model-it_0.pickle,13359,171789,QP,1,3600.2356629371643,1.0,0.47829085096187374,q0: start,"(18, 1, 28)",positive,3600,9
1,out/models/model_epidemic18_model-it_0.pickle,13359,171789,LP,1,0.017242908477783203,1.0,0.0,q0: start,"(18, 1, 28)",positive,3600,2
0,out/models/model_epidemic18_model-it_0.pickle,13359,171789,QP,-1,0.18785405158996582,1.0,0.0,q0: start,"(18, 1, 4)",positive,3600,2
1,out/models/model_epidemic18_model-it_0.pickle,13359,171789,LP,-1,0.05735492706298828,1.0,0.0,q0: start,"(18, 1, 4)",positive,3600,2
0,out/models/model_epidemic18_model-it_0.pickle,13359,171789,QP,-1,0.1473400592803955,1.0,0.0,q0: start,"(18, 1, 5)",positive,3600,2
1,out/models/model_epidemic18_model-it_0.pickle,13359,171789,LP,-1,0.05745410919189453,1.0,0.0,q0: start,"(18, 1, 5)",positive,3600,2
0,out/models/model_epidemic18_model-it_0.pickle,13359,171789,QP,-1,0.14636611938476562,1.0,0.0,q0: start,"(18, 1, 7)",positive,3600,2
1,out/models/model_epidemic18_model-it_0.pickle,13359,171789,LP,-1,0.06194114685058594,1.0,0.0,q0: start,"(18, 1, 7)",positive,3600,2
0,out/models/model_epidemic18_model-it_0.pickle,13359,171789,QP,1,3600.101366043091,1.0,0.47829085096232415,q0: start,"(18, 1, 33)",positive,3600,9
1,out/models/model_epidemic18_model-it_0.pickle,13359,171789,LP,1,0.017097949981689453,1.0,0.0,q0: start,"(18, 1, 33)",positive,3600,2
0,out/models/model_epidemic19_model-it_0.pickle,15602,210112,QP,1,0.18138599395751953,1.0,0.0,q0: start,"(19, 1, 7)",positive,3600,2
1,out/models/model_epidemic19_model-it_0.pickle,15602,210112,LP,1,0.0213620662689209,1.0,0.0,q0: start,"(19, 1, 7)",positive,3600,2
0,out/models/model_epidemic19_model-it_0.pickle,15602,210112,QP,1,0.18262505531311035,1.0,0.0,q0: start,"(19, 1, 13)",positive,3600,2
1,out/models/model_epidemic19_model-it_0.pickle,15602,210112,LP,1,0.017873048782348633,1.0,0.0,q0: start,"(19, 1, 13)",positive,3600,2
0,out/models/model_epidemic18_model-it_0.pickle,13359,171789,QP,1,3600.247829914093,1.0,0.478290850961374,q0: start,"(18, 1, 34)",positive,3600,9
1,out/models/model_epidemic18_model-it_0.pickle,13359,171789,LP,1,0.018301963806152344,1.0,0.0,q0: start,"(18, 1, 34)",positive,3600,2
0,out/models/model_epidemic19_model-it_0.pickle,15602,210112,QP,1,0.17392897605895996,1.0,0.0,q0: start,"(19, 1, 10)",positive,3600,2
1,out/models/model_epidemic19_model-it_0.pickle,15602,210112,LP,1,0.01786017417907715,1.0,0.0,q0: start,"(19, 1, 10)",positive,3600,2
0,out/models/model_epidemic18_model-it_0.pickle,13359,171789,QP,1,3600.4364581108093,1.0,0.4782908509623991,q0: start,"(18, 1, 19)",positive,3600,9
1,out/models/model_epidemic18_model-it_0.pickle,13359,171789,LP,1,0.07747197151184082,1.0,0.0,q0: start,"(18, 1, 19)",positive,3600,2
0,out/models/model_epidemic19_model-it_0.pickle,15602,210112,QP,1,0.1784210205078125,1.0,0.0,q0: start,"(19, 1, 16)",positive,3600,2
1,out/models/model_epidemic19_model-it_0.pickle,15602,210112,LP,1,0.0204770565032959,1.0,0.0,q0: start,"(19, 1, 16)",positive,3600,2
0,out/models/model_epidemic18_model-it_0.pickle,13359,171789,QP,1,3600.094964981079,1.0,0.4782908509627324,q0: start,"(18, 1, 25)",positive,3600,9
1,out/models/model_epidemic18_model-it_0.pickle,13359,171789,LP,1,0.017360925674438477,1.0,0.0,q0: start,"(18, 1, 25)",positive,3600,2
0,out/models/model_epidemic18_model-it_0.pickle,13359,171789,QP,1,3600.0802462100983,1.0,0.47829085096211765,q0: start,"(18, 1, 30)",positive,3600,9
1,out/models/model_epidemic18_model-it_0.pickle,13359,171789,LP,1,0.018039941787719727,1.0,0.0,q0: start,"(18, 1, 30)",positive,3600,2
0,out/models/model_epidemic19_model-it_0.pickle,15602,210112,QP,1,0.18196415901184082,1.0,0.0,q0: start,"(19, 1, 5)",positive,3600,2
1,out/models/model_epidemic19_model-it_0.pickle,15602,210112,LP,1,0.02591085433959961,1.0,0.0,q0: start,"(19, 1, 5)",positive,3600,2
0,out/models/model_epidemic19_model-it_0.pickle,15602,210112,QP,1,0.17937111854553223,1.0,0.0,q0: start,"(19, 1, 9)",positive,3600,2
1,out/models/model_epidemic19_model-it_0.pickle,15602,210112,LP,1,0.02067399024963379,1.0,0.0,q0: start,"(19, 1, 9)",positive,3600,2
0,out/models/model_epidemic19_model-it_0.pickle,15602,210112,QP,1,0.16744494438171387,1.0,0.0,q0: start,"(19, 1, 3)",positive,3600,2
1,out/models/model_epidemic19_model-it_0.pickle,15602,210112,LP,1,0.01883697509765625,1.0,0.0,q0: start,"(19, 1, 3)",positive,3600,2
0,out/models/model_epidemic19_model-it_0.pickle,15602,210112,QP,1,0.17231106758117676,1.0,0.0,q0: start,"(19, 1, 18)",positive,3600,2
1,out/models/model_epidemic19_model-it_0.pickle,15602,210112,LP,1,0.07489395141601562,1.0,0.0,q0: start,"(19, 1, 18)",positive,3600,2
0,out/models/model_epidemic19_model-it_0.pickle,15602,210112,QP,1,0.1606149673461914,1.0,0.0,q0: start,"(19, 1, 0)",positive,3600,2
1,out/models/model_epidemic19_model-it_0.pickle,15602,210112,LP,1,0.01989603042602539,1.0,0.0,q0: start,"(19, 1, 0)",positive,3600,2
0,out/models/model_epidemic19_model-it_0.pickle,15602,210112,QP,1,0.17964816093444824,1.0,0.0,q0: start,"(19, 1, 12)",positive,3600,2
1,out/models/model_epidemic19_model-it_0.pickle,15602,210112,LP,1,0.08960294723510742,1.0,0.0,q0: start,"(19, 1, 12)",positive,3600,2
0,out/models/model_epidemic18_model-it_0.pickle,13359,171789,QP,1,3600.091698884964,1.0,0.47829085096265744,q0: start,"(18, 1, 29)",positive,3600,9
1,out/models/model_epidemic18_model-it_0.pickle,13359,171789,LP,1,0.01755213737487793,1.0,0.0,q0: start,"(18, 1, 29)",positive,3600,2
0,out/models/model_epidemic19_model-it_0.pickle,15602,210112,QP,1,0.17917799949645996,1.0,0.0,q0: start,"(19, 1, 6)",positive,3600,2
1,out/models/model_epidemic19_model-it_0.pickle,15602,210112,LP,1,0.022661924362182617,1.0,0.0,q0: start,"(19, 1, 6)",positive,3600,2
0,out/models/model_epidemic19_model-it_0.pickle,15602,210112,QP,1,0.21012091636657715,1.0,0.0,q0: start,"(19, 1, 2)",positive,3600,2
1,out/models/model_epidemic19_model-it_0.pickle,15602,210112,LP,1,0.026946067810058594,1.0,0.0,q0: start,"(19, 1, 2)",positive,3600,2
0,out/models/model_epidemic18_model-it_0.pickle,13359,171789,QP,1,3600.172049999237,0.9999999906436347,0.48630469641443014,q0: start,"(18, 1, 20)",positive,3600,9
1,out/models/model_epidemic18_model-it_0.pickle,13359,171789,LP,1,0.01837611198425293,1.0,0.0,q0: start,"(18, 1, 20)",positive,3600,2
0,out/models/model_epidemic19_model-it_0.pickle,15602,210112,QP,1,0.16667485237121582,1.0,0.0,q0: start,"(19, 1, 11)",positive,3600,2
1,out/models/model_epidemic19_model-it_0.pickle,15602,210112,LP,1,0.018626928329467773,1.0,0.0,q0: start,"(19, 1, 11)",positive,3600,2
0,out/models/model_epidemic19_model-it_0.pickle,15602,210112,QP,1,0.17445707321166992,1.0,0.0,q0: start,"(19, 1, 19)",positive,3600,2
1,out/models/model_epidemic19_model-it_0.pickle,15602,210112,LP,1,0.021238088607788086,1.0,0.0,q0: start,"(19, 1, 19)",positive,3600,2
0,out/models/model_epidemic19_model-it_0.pickle,15602,210112,QP,1,0.22409605979919434,1.0,0.0,q0: start,"(19, 1, 4)",positive,3600,2
1,out/models/model_epidemic19_model-it_0.pickle,15602,210112,LP,1,0.019744157791137695,1.0,0.0,q0: start,"(19, 1, 4)",positive,3600,2
0,out/models/model_epidemic19_model-it_0.pickle,15602,210112,QP,1,0.16671395301818848,1.0,0.0,q0: start,"(19, 1, 1)",positive,3600,2
1,out/models/model_epidemic19_model-it_0.pickle,15602,210112,LP,1,0.021157026290893555,1.0,0.0,q0: start,"(19, 1, 1)",positive,3600,2
0,out/models/model_epidemic18_model-it_0.pickle,13359,171789,QP,1,3600.2928659915924,1.0,0.4782908509618409,q0: start,"(18, 1, 35)",positive,3600,9
1,out/models/model_epidemic18_model-it_0.pickle,13359,171789,LP,1,0.017271041870117188,1.0,0.0,q0: start,"(18, 1, 35)",positive,3600,2
0,out/models/model_epidemic18_model-it_0.pickle,13359,171789,QP,1,3600.1098642349243,1.0,0.47829085096230317,q0: start,"(18, 1, 31)",positive,3600,9
1,out/models/model_epidemic18_model-it_0.pickle,13359,171789,LP,1,0.01770615577697754,1.0,0.0,q0: start,"(18, 1, 31)",positive,3600,2
0,out/models/model_epidemic18_model-it_0.pickle,13359,171789,QP,1,3600.190186023712,0.9999999906436348,0.48630469641489965,q0: start,"(18, 1, 23)",positive,3600,9
1,out/models/model_epidemic18_model-it_0.pickle,13359,171789,LP,1,0.018189191818237305,1.0,0.0,q0: start,"(18, 1, 23)",positive,3600,2
0,out/models/model_epidemic19_model-it_0.pickle,15602,210112,QP,1,0.17473411560058594,1.0,0.0,q0: start,"(19, 1, 15)",positive,3600,2
1,out/models/model_epidemic19_model-it_0.pickle,15602,210112,LP,1,0.01725006103515625,1.0,0.0,q0: start,"(19, 1, 15)",positive,3600,2
0,out/models/model_epidemic19_model-it_0.pickle,15602,210112,QP,1,0.1750950813293457,1.0,0.0,q0: start,"(19, 1, 17)",positive,3600,2
1,out/models/model_epidemic19_model-it_0.pickle,15602,210112,LP,1,0.08859705924987793,1.0,0.0,q0: start,"(19, 1, 17)",positive,3600,2
0,out/models/model_epidemic19_model-it_0.pickle,15602,210112,QP,1,0.1742720603942871,1.0,0.0,q0: start,"(19, 1, 8)",positive,3600,2
1,out/models/model_epidemic19_model-it_0.pickle,15602,210112,LP,1,0.07706499099731445,1.0,0.0,q0: start,"(19, 1, 8)",positive,3600,2
0,out/models/model_epidemic19_model-it_0.pickle,15602,210112,QP,1,0.1708848476409912,1.0,0.0,q0: start,"(19, 1, 14)",positive,3600,2
1,out/models/model_epidemic19_model-it_0.pickle,15602,210112,LP,1,0.02129507064819336,1.0,0.0,q0: start,"(19, 1, 14)",positive,3600,2
0,out/models/model_epidemic18_model-it_0.pickle,13359,171789,QP,1,3600.1247811317444,1.0,0.4782908509619104,q0: start,"(18, 1, 21)",positive,3600,9
1,out/models/model_epidemic18_model-it_0.pickle,13359,171789,LP,1,0.01805710792541504,1.0,0.0,q0: start,"(18, 1, 21)",positive,3600,2
0,out/models/model_epidemic18_model-it_0.pickle,13359,171789,QP,-1,3600.0576689243317,1.0,0.5346451354762514,q0: start,"(18, 1, 27)",positive,3600,9
1,out/models/model_epidemic18_model-it_0.pickle,13359,171789,LP,-1,0.06410908699035645,1.0,1.0,q0: start,"(18, 1, 27)",positive,3600,2
0,out/models/model_epidemic18_model-it_0.pickle,13359,171789,QP,1,3600.0876638889313,1.0,0.4782908509624799,q0: start,"(18, 1, 22)",positive,3600,9
1,out/models/model_epidemic18_model-it_0.pickle,13359,171789,LP,1,0.02341914176940918,1.0,0.0,q0: start,"(18, 1, 22)",positive,3600,2
0,out/models/model_epidemic18_model-it_0.pickle,13359,171789,QP,-1,3600.2370932102203,1.0,0.5346451354752921,q0: start,"(18, 1, 29)",positive,3600,9
1,out/models/model_epidemic18_model-it_0.pickle,13359,171789,LP,-1,0.07295513153076172,1.0,1.0,q0: start,"(18, 1, 29)",positive,3600,2
0,out/models/model_epidemic18_model-it_0.pickle,13359,171789,QP,-1,3600.1193611621857,1.0,0.5346451354733257,q0: start,"(18, 1, 34)",positive,3600,9
1,out/models/model_epidemic18_model-it_0.pickle,13359,171789,LP,-1,0.06780004501342773,1.0,1.0,q0: start,"(18, 1, 34)",positive,3600,2
0,out/models/model_epidemic18_model-it_0.pickle,13359,171789,QP,-1,3600.0534319877625,1.0,0.5346451354754826,q0: start,"(18, 1, 26)",positive,3600,9
1,out/models/model_epidemic18_model-it_0.pickle,13359,171789,LP,-1,0.06917214393615723,1.0,1.0,q0: start,"(18, 1, 26)",positive,3600,2
0,out/models/model_epidemic18_model-it_0.pickle,13359,171789,QP,-1,3600.1881968975067,0.9999999907074619,0.5033026929291157,q0: start,"(18, 1, 24)",positive,3600,9
1,out/models/model_epidemic18_model-it_0.pickle,13359,171789,LP,-1,0.08928918838500977,1.0,1.0,q0: start,"(18, 1, 24)",positive,3600,2
0,out/models/model_epidemic18_model-it_0.pickle,13359,171789,QP,-1,3600.082273006439,1.0,0.5346451354741099,q0: start,"(18, 1, 30)",positive,3600,9
1,out/models/model_epidemic18_model-it_0.pickle,13359,171789,LP,-1,0.06785082817077637,1.0,1.0,q0: start,"(18, 1, 30)",positive,3600,2
0,out/models/model_epidemic18_model-it_0.pickle,13359,171789,QP,-1,3600.063141822815,0.9999999907074619,0.5033026929290069,q0: start,"(18, 1, 35)",positive,3600,9
1,out/models/model_epidemic18_model-it_0.pickle,13359,171789,LP,-1,0.07075977325439453,1.0,1.0,q0: start,"(18, 1, 35)",positive,3600,2
0,out/models/model_epidemic18_model-it_0.pickle,13359,171789,QP,-1,3600.092827796936,1.0,0.5346451354740073,q0: start,"(18, 1, 22)",positive,3600,9
1,out/models/model_epidemic18_model-it_0.pickle,13359,171789,LP,-1,0.07183694839477539,1.0,1.0,q0: start,"(18, 1, 22)",positive,3600,2
0,out/models/model_epidemic19_model-it_0.pickle,15602,210112,QP,-1,0.17117905616760254,1.0,0.0,q0: start,"(19, 1, 6)",positive,3600,2
1,out/models/model_epidemic19_model-it_0.pickle,15602,210112,LP,-1,0.07522892951965332,1.0,0.0,q0: start,"(19, 1, 6)",positive,3600,2
0,out/models/model_epidemic18_model-it_0.pickle,13359,171789,QP,-1,3600.1984610557556,1.0,0.5346451354734358,q0: start,"(18, 1, 33)",positive,3600,9
1,out/models/model_epidemic18_model-it_0.pickle,13359,171789,LP,-1,0.06295204162597656,1.0,1.0,q0: start,"(18, 1, 33)",positive,3600,2
0,out/models/model_epidemic18_model-it_0.pickle,13359,171789,QP,-1,3600.2332808971405,1.0,0.5346451354767999,q0: start,"(18, 1, 32)",positive,3600,9
1,out/models/model_epidemic18_model-it_0.pickle,13359,171789,LP,-1,0.06452202796936035,1.0,1.0,q0: start,"(18, 1, 32)",positive,3600,2
0,out/models/model_epidemic18_model-it_0.pickle,13359,171789,QP,-1,3600.1680631637573,1.0,0.5346451354755881,q0: start,"(18, 1, 25)",positive,3600,9
1,out/models/model_epidemic18_model-it_0.pickle,13359,171789,LP,-1,0.06813287734985352,1.0,1.0,q0: start,"(18, 1, 25)",positive,3600,2
0,out/models/model_epidemic18_model-it_0.pickle,13359,171789,QP,-1,3600.1081759929657,1.0,0.5346451354751215,q0: start,"(18, 1, 21)",positive,3600,9
1,out/models/model_epidemic18_model-it_0.pickle,13359,171789,LP,-1,0.06677699089050293,1.0,1.0,q0: start,"(18, 1, 21)",positive,3600,2
0,out/models/model_epidemic18_model-it_0.pickle,13359,171789,QP,-1,3600.2638590335846,1.0,0.5346451354744648,q0: start,"(18, 1, 31)",positive,3600,9
1,out/models/model_epidemic18_model-it_0.pickle,13359,171789,LP,-1,0.08335399627685547,1.0,1.0,q0: start,"(18, 1, 31)",positive,3600,2
0,out/models/model_epidemic18_model-it_0.pickle,13359,171789,QP,-1,3600.087764978409,1.0,0.5346451354758044,q0: start,"(18, 1, 36)",positive,3600,9
1,out/models/model_epidemic18_model-it_0.pickle,13359,171789,LP,-1,0.07327890396118164,1.0,1.0,q0: start,"(18, 1, 36)",positive,3600,2
0,out/models/model_epidemic18_model-it_0.pickle,13359,171789,QP,-1,3600.210168838501,0.9999999907074619,0.5033026929287692,q0: start,"(18, 1, 20)",positive,3600,9
1,out/models/model_epidemic18_model-it_0.pickle,13359,171789,LP,-1,0.06720590591430664,1.0,1.0,q0: start,"(18, 1, 20)",positive,3600,2
0,out/models/model_epidemic19_model-it_0.pickle,15602,210112,QP,-1,0.18211793899536133,1.0,0.0,q0: start,"(19, 1, 9)",positive,3600,2
1,out/models/model_epidemic19_model-it_0.pickle,15602,210112,LP,-1,0.08067798614501953,1.0,0.0,q0: start,"(19, 1, 9)",positive,3600,2
0,out/models/model_epidemic18_model-it_0.pickle,13359,171789,QP,-1,3600.08366894722,1.0,0.5346451354771651,q0: start,"(18, 1, 28)",positive,3600,9
1,out/models/model_epidemic18_model-it_0.pickle,13359,171789,LP,-1,0.07266998291015625,1.0,1.0,q0: start,"(18, 1, 28)",positive,3600,2
0,out/models/model_epidemic19_model-it_0.pickle,15602,210112,QP,-1,0.17890000343322754,1.0,0.0,q0: start,"(19, 1, 5)",positive,3600,2
1,out/models/model_epidemic19_model-it_0.pickle,15602,210112,LP,-1,0.08504486083984375,1.0,0.0,q0: start,"(19, 1, 5)",positive,3600,2
0,out/models/model_epidemic18_model-it_0.pickle,13359,171789,QP,-1,3600.24377989769,0.9999999907074618,0.503302692929231,q0: start,"(18, 1, 23)",positive,3600,9
1,out/models/model_epidemic18_model-it_0.pickle,13359,171789,LP,-1,0.06821203231811523,1.0,1.0,q0: start,"(18, 1, 23)",positive,3600,2
0,out/models/model_epidemic19_model-it_0.pickle,15602,210112,QP,-1,0.19095206260681152,1.0,0.0,q0: start,"(19, 1, 16)",positive,3600,2
1,out/models/model_epidemic19_model-it_0.pickle,15602,210112,LP,-1,0.11266303062438965,1.0,0.0,q0: start,"(19, 1, 16)",positive,3600,2
0,out/models/model_epidemic19_model-it_0.pickle,15602,210112,QP,-1,0.16701602935791016,1.0,0.0,q0: start,"(19, 1, 8)",positive,3600,2
1,out/models/model_epidemic19_model-it_0.pickle,15602,210112,LP,-1,0.07628393173217773,1.0,0.0,q0: start,"(19, 1, 8)",positive,3600,2
0,out/models/model_epidemic18_model-it_0.pickle,13359,171789,QP,-1,3600.20521402359,1.0,0.5346451354764615,q0: start,"(18, 1, 19)",positive,3600,9
1,out/models/model_epidemic18_model-it_0.pickle,13359,171789,LP,-1,0.0736231803894043,1.0,1.0,q0: start,"(18, 1, 19)",positive,3600,2
0,out/models/model_epidemic19_model-it_0.pickle,15602,210112,QP,-1,0.2096400260925293,1.0,0.0,q0: start,"(19, 1, 19)",positive,3600,2
1,out/models/model_epidemic19_model-it_0.pickle,15602,210112,LP,-1,0.0717020034790039,1.0,0.0,q0: start,"(19, 1, 19)",positive,3600,2
0,out/models/model_epidemic19_model-it_0.pickle,15602,210112,QP,-1,0.1767749786376953,1.0,0.0,q0: start,"(19, 1, 17)",positive,3600,2
1,out/models/model_epidemic19_model-it_0.pickle,15602,210112,LP,-1,0.07694101333618164,1.0,0.0,q0: start,"(19, 1, 17)",positive,3600,2
0,out/models/model_epidemic19_model-it_0.pickle,15602,210112,QP,-1,0.18227910995483398,1.0,0.0,q0: start,"(19, 1, 15)",positive,3600,2
1,out/models/model_epidemic19_model-it_0.pickle,15602,210112,LP,-1,0.06828188896179199,1.0,0.0,q0: start,"(19, 1, 15)",positive,3600,2
0,out/models/model_epidemic19_model-it_0.pickle,15602,210112,QP,-1,0.19039702415466309,1.0,0.0,q0: start,"(19, 1, 14)",positive,3600,2
1,out/models/model_epidemic19_model-it_0.pickle,15602,210112,LP,-1,0.07091403007507324,1.0,0.0,q0: start,"(19, 1, 14)",positive,3600,2
0,out/models/model_epidemic19_model-it_0.pickle,15602,210112,QP,-1,0.17125296592712402,1.0,0.0,q0: start,"(19, 1, 13)",positive,3600,2
1,out/models/model_epidemic19_model-it_0.pickle,15602,210112,LP,-1,0.06699991226196289,1.0,0.0,q0: start,"(19, 1, 13)",positive,3600,2
0,out/models/model_epidemic19_model-it_0.pickle,15602,210112,QP,1,3600.040986061096,0.9999999906926311,0.487118987371982,q0: start,"(19, 1, 36)",positive,3600,9
1,out/models/model_epidemic19_model-it_0.pickle,15602,210112,LP,1,0.01921391487121582,1.0,0.0,q0: start,"(19, 1, 36)",positive,3600,2
0,out/models/model_epidemic19_model-it_0.pickle,15602,210112,QP,-1,0.2686629295349121,1.0,0.0,q0: start,"(19, 1, 18)",positive,3600,2
1,out/models/model_epidemic19_model-it_0.pickle,15602,210112,LP,-1,0.08095788955688477,1.0,0.0,q0: start,"(19, 1, 18)",positive,3600,2
0,out/models/model_epidemic19_model-it_0.pickle,15602,210112,QP,-1,0.1748969554901123,1.0,0.0,q0: start,"(19, 1, 10)",positive,3600,2
1,out/models/model_epidemic19_model-it_0.pickle,15602,210112,LP,-1,0.07400798797607422,1.0,0.0,q0: start,"(19, 1, 10)",positive,3600,2
0,out/models/model_epidemic19_model-it_0.pickle,15602,210112,QP,1,3600.0349459648132,0.9999999906926315,0.4871189873720894,q0: start,"(19, 1, 29)",positive,3600,9
1,out/models/model_epidemic19_model-it_0.pickle,15602,210112,LP,1,0.018743038177490234,1.0,0.0,q0: start,"(19, 1, 29)",positive,3600,2
0,out/models/model_epidemic19_model-it_0.pickle,15602,210112,QP,-1,0.18894410133361816,1.0,0.0,q0: start,"(19, 1, 7)",positive,3600,2
1,out/models/model_epidemic19_model-it_0.pickle,15602,210112,LP,-1,0.07802486419677734,1.0,0.0,q0: start,"(19, 1, 7)",positive,3600,2
0,out/models/model_epidemic19_model-it_0.pickle,15602,210112,QP,1,3600.1471679210663,0.9999999906926311,0.4871189873722625,q0: start,"(19, 1, 23)",positive,3600,9
1,out/models/model_epidemic19_model-it_0.pickle,15602,210112,LP,1,0.018873929977416992,1.0,0.0,q0: start,"(19, 1, 23)",positive,3600,2
0,out/models/model_epidemic19_model-it_0.pickle,15602,210112,QP,-1,0.17718982696533203,1.0,0.0,q0: start,"(19, 1, 2)",positive,3600,2
1,out/models/model_epidemic19_model-it_0.pickle,15602,210112,LP,-1,0.07566595077514648,1.0,0.0,q0: start,"(19, 1, 2)",positive,3600,2
0,out/models/model_epidemic19_model-it_0.pickle,15602,210112,QP,1,3600.1496999263763,1.0,0.47975815807953004,q0: start,"(19, 1, 24)",positive,3600,9
1,out/models/model_epidemic19_model-it_0.pickle,15602,210112,LP,1,0.019563913345336914,1.0,0.0,q0: start,"(19, 1, 24)",positive,3600,2
0,out/models/model_epidemic19_model-it_0.pickle,15602,210112,QP,1,3600.037667989731,0.9999999906926315,0.4871189873722999,q0: start,"(19, 1, 38)",positive,3600,9
1,out/models/model_epidemic19_model-it_0.pickle,15602,210112,LP,1,0.018973112106323242,1.0,0.0,q0: start,"(19, 1, 38)",positive,3600,2
0,out/models/model_epidemic19_model-it_0.pickle,15602,210112,QP,1,3600.0323350429535,0.9999999906926311,0.48711898737229886,q0: start,"(19, 1, 26)",positive,3600,9
1,out/models/model_epidemic19_model-it_0.pickle,15602,210112,LP,1,0.019299030303955078,1.0,0.0,q0: start,"(19, 1, 26)",positive,3600,2
0,out/models/model_epidemic19_model-it_0.pickle,15602,210112,QP,-1,0.16634607315063477,1.0,0.0,q0: start,"(19, 1, 3)",positive,3600,2
1,out/models/model_epidemic19_model-it_0.pickle,15602,210112,LP,-1,0.0692589282989502,1.0,0.0,q0: start,"(19, 1, 3)",positive,3600,2
0,out/models/model_epidemic19_model-it_0.pickle,15602,210112,QP,-1,0.16896700859069824,1.0,0.0,q0: start,"(19, 1, 12)",positive,3600,2
1,out/models/model_epidemic19_model-it_0.pickle,15602,210112,LP,-1,0.07637286186218262,1.0,0.0,q0: start,"(19, 1, 12)",positive,3600,2
0,out/models/model_epidemic19_model-it_0.pickle,15602,210112,QP,-1,0.17288494110107422,1.0,0.0,q0: start,"(19, 1, 0)",positive,3600,2
1,out/models/model_epidemic19_model-it_0.pickle,15602,210112,LP,-1,0.07099413871765137,1.0,0.0,q0: start,"(19, 1, 0)",positive,3600,2
0,out/models/model_epidemic19_model-it_0.pickle,15602,210112,QP,-1,0.16660499572753906,1.0,0.0,q0: start,"(19, 1, 1)",positive,3600,2
1,out/models/model_epidemic19_model-it_0.pickle,15602,210112,LP,-1,0.07242488861083984,1.0,0.0,q0: start,"(19, 1, 1)",positive,3600,2
0,out/models/model_epidemic19_model-it_0.pickle,15602,210112,QP,-1,0.18357110023498535,1.0,0.0,q0: start,"(19, 1, 11)",positive,3600,2
1,out/models/model_epidemic19_model-it_0.pickle,15602,210112,LP,-1,0.06368303298950195,1.0,0.0,q0: start,"(19, 1, 11)",positive,3600,2
0,out/models/model_epidemic19_model-it_0.pickle,15602,210112,QP,-1,0.18667888641357422,1.0,0.0,q0: start,"(19, 1, 4)",positive,3600,2
1,out/models/model_epidemic19_model-it_0.pickle,15602,210112,LP,-1,0.07552981376647949,1.0,0.0,q0: start,"(19, 1, 4)",positive,3600,2
0,out/models/model_epidemic19_model-it_0.pickle,15602,210112,QP,1,3600.136053085327,0.9999999906926312,0.48711898737213827,q0: start,"(19, 1, 27)",positive,3600,9
1,out/models/model_epidemic19_model-it_0.pickle,15602,210112,LP,1,0.01902294158935547,1.0,0.0,q0: start,"(19, 1, 27)",positive,3600,2
0,out/models/model_epidemic19_model-it_0.pickle,15602,210112,QP,1,3600.218104124069,0.9999999906926313,0.4871189873721429,q0: start,"(19, 1, 25)",positive,3600,9
1,out/models/model_epidemic19_model-it_0.pickle,15602,210112,LP,1,0.019297122955322266,1.0,0.0,q0: start,"(19, 1, 25)",positive,3600,2
0,out/models/model_epidemic19_model-it_0.pickle,15602,210112,QP,1,3600.2655079364777,0.9999999906926312,0.48711898737210974,q0: start,"(19, 1, 21)",positive,3600,9
1,out/models/model_epidemic19_model-it_0.pickle,15602,210112,LP,1,0.022591114044189453,1.0,0.0,q0: start,"(19, 1, 21)",positive,3600,2
0,out/models/model_epidemic19_model-it_0.pickle,15602,210112,QP,1,3600.1130599975586,1.0,0.4797581580793844,q0: start,"(19, 1, 20)",positive,3600,9
1,out/models/model_epidemic19_model-it_0.pickle,15602,210112,LP,1,0.0214080810546875,1.0,0.0,q0: start,"(19, 1, 20)",positive,3600,2
0,out/models/model_epidemic19_model-it_0.pickle,15602,210112,QP,1,3600.057139158249,0.9999999906926316,0.4871189873722117,q0: start,"(19, 1, 31)",positive,3600,9
1,out/models/model_epidemic19_model-it_0.pickle,15602,210112,LP,1,0.01781606674194336,1.0,0.0,q0: start,"(19, 1, 31)",positive,3600,2
0,out/models/model_epidemic19_model-it_0.pickle,15602,210112,QP,1,3600.0375690460205,0.9999999906926313,0.4871189873721174,q0: start,"(19, 1, 35)",positive,3600,9
1,out/models/model_epidemic19_model-it_0.pickle,15602,210112,LP,1,0.018282175064086914,1.0,0.0,q0: start,"(19, 1, 35)",positive,3600,2
0,out/models/model_epidemic19_model-it_0.pickle,15602,210112,QP,1,3600.3424050807953,0.9999999906926316,0.48711898737206394,q0: start,"(19, 1, 32)",positive,3600,9
1,out/models/model_epidemic19_model-it_0.pickle,15602,210112,LP,1,0.018206119537353516,1.0,0.0,q0: start,"(19, 1, 32)",positive,3600,2
0,out/models/model_epidemic19_model-it_0.pickle,15602,210112,QP,1,3600.054923057556,0.9999999906926313,0.48711898737214593,q0: start,"(19, 1, 33)",positive,3600,9
1,out/models/model_epidemic19_model-it_0.pickle,15602,210112,LP,1,0.019032001495361328,1.0,0.0,q0: start,"(19, 1, 33)",positive,3600,2
0,out/models/model_epidemic19_model-it_0.pickle,15602,210112,QP,1,3600.18776512146,0.9999999906926318,0.4871189873722693,q0: start,"(19, 1, 30)",positive,3600,9
1,out/models/model_epidemic19_model-it_0.pickle,15602,210112,LP,1,0.017598867416381836,1.0,0.0,q0: start,"(19, 1, 30)",positive,3600,2
0,out/models/model_epidemic19_model-it_0.pickle,15602,210112,QP,1,3600.16393494606,1.0,0.4797581580792766,q0: start,"(19, 1, 28)",positive,3600,9
1,out/models/model_epidemic19_model-it_0.pickle,15602,210112,LP,1,0.017254114151000977,1.0,0.0,q0: start,"(19, 1, 28)",positive,3600,2
0,out/models/model_epidemic19_model-it_0.pickle,15602,210112,QP,1,3600.0780971050262,0.9999999906926313,0.487118987372092,q0: start,"(19, 1, 37)",positive,3600,9
1,out/models/model_epidemic19_model-it_0.pickle,15602,210112,LP,1,0.01735091209411621,1.0,0.0,q0: start,"(19, 1, 37)",positive,3600,2
0,out/models/model_epidemic19_model-it_0.pickle,15602,210112,QP,1,3600.034810066223,0.9999999906926315,0.48711898737222986,q0: start,"(19, 1, 22)",positive,3600,9
1,out/models/model_epidemic19_model-it_0.pickle,15602,210112,LP,1,0.019021034240722656,1.0,0.0,q0: start,"(19, 1, 22)",positive,3600,2
0,out/models/model_epidemic19_model-it_0.pickle,15602,210112,QP,1,3600.0906710624695,0.9999999906926318,0.48711898737218,q0: start,"(19, 1, 34)",positive,3600,9
1,out/models/model_epidemic19_model-it_0.pickle,15602,210112,LP,1,0.016988039016723633,1.0,0.0,q0: start,"(19, 1, 34)",positive,3600,2
0,out/models/model_epidemic19_model-it_0.pickle,15602,210112,QP,-1,3600.095335960388,0.9999999909232171,0.5030360815845553,q0: start,"(19, 1, 26)",positive,3600,9
1,out/models/model_epidemic19_model-it_0.pickle,15602,210112,LP,-1,0.08201789855957031,1.0,1.0,q0: start,"(19, 1, 26)",positive,3600,2
0,out/models/model_epidemic19_model-it_0.pickle,15602,210112,QP,-1,3600.0961408615112,1.0,0.5292940093133969,q0: start,"(19, 1, 31)",positive,3600,9
1,out/models/model_epidemic19_model-it_0.pickle,15602,210112,LP,-1,0.0730280876159668,1.0,1.0,q0: start,"(19, 1, 31)",positive,3600,2
0,out/models/model_epidemic19_model-it_0.pickle,15602,210112,QP,-1,3600.1383888721466,1.0,0.5292940093099117,q0: start,"(19, 1, 27)",positive,3600,9
1,out/models/model_epidemic19_model-it_0.pickle,15602,210112,LP,-1,0.07680797576904297,1.0,1.0,q0: start,"(19, 1, 27)",positive,3600,2
0,out/models/model_epidemic19_model-it_0.pickle,15602,210112,QP,-1,3600.084072113037,1.0,0.5292940093133744,q0: start,"(19, 1, 23)",positive,3600,9
1,out/models/model_epidemic19_model-it_0.pickle,15602,210112,LP,-1,0.07444882392883301,1.0,1.0,q0: start,"(19, 1, 23)",positive,3600,2
0,out/models/model_epidemic19_model-it_0.pickle,15602,210112,QP,-1,3600.0511059761047,0.9999999909232168,0.5030360815846107,q0: start,"(19, 1, 29)",positive,3600,9
1,out/models/model_epidemic19_model-it_0.pickle,15602,210112,LP,-1,0.07314610481262207,1.0,1.0,q0: start,"(19, 1, 29)",positive,3600,2
0,out/models/model_epidemic19_model-it_0.pickle,15602,210112,QP,-1,3600.0952661037445,1.0,0.5292940093118841,q0: start,"(19, 1, 35)",positive,3600,9
1,out/models/model_epidemic19_model-it_0.pickle,15602,210112,LP,-1,0.0758049488067627,1.0,1.0,q0: start,"(19, 1, 35)",positive,3600,2
0,out/models/model_epidemic19_model-it_0.pickle,15602,210112,QP,-1,3600.08611702919,0.9999999909232171,0.5030360815845177,q0: start,"(19, 1, 34)",positive,3600,9
1,out/models/model_epidemic19_model-it_0.pickle,15602,210112,LP,-1,0.07782912254333496,1.0,1.0,q0: start,"(19, 1, 34)",positive,3600,2
0,out/models/model_epidemic19_model-it_0.pickle,15602,210112,QP,-1,3600.170821905136,1.0,0.5292940093116542,q0: start,"(19, 1, 20)",positive,3600,9
1,out/models/model_epidemic19_model-it_0.pickle,15602,210112,LP,-1,0.08671689033508301,1.0,1.0,q0: start,"(19, 1, 20)",positive,3600,2
0,out/models/model_epidemic19_model-it_0.pickle,15602,210112,QP,-1,3600.031700849533,0.9999999909232171,0.5030360815846365,q0: start,"(19, 1, 38)",positive,3600,9
1,out/models/model_epidemic19_model-it_0.pickle,15602,210112,LP,-1,0.07605099678039551,1.0,1.0,q0: start,"(19, 1, 38)",positive,3600,2
0,out/models/model_epidemic19_model-it_0.pickle,15602,210112,QP,-1,3600.0317928791046,0.9999999909232169,0.5030360815846064,q0: start,"(19, 1, 25)",positive,3600,9
1,out/models/model_epidemic19_model-it_0.pickle,15602,210112,LP,-1,0.07503795623779297,1.0,1.0,q0: start,"(19, 1, 25)",positive,3600,2
0,out/models/model_epidemic19_model-it_0.pickle,15602,210112,QP,-1,3600.042619943619,1.0,0.5292940093148695,q0: start,"(19, 1, 22)",positive,3600,9
1,out/models/model_epidemic19_model-it_0.pickle,15602,210112,LP,-1,0.07180595397949219,1.0,1.0,q0: start,"(19, 1, 22)",positive,3600,2
0,out/models/model_epidemic19_model-it_0.pickle,15602,210112,QP,-1,3600.0346150398254,0.9999999909232169,0.5030360815847482,q0: start,"(19, 1, 24)",positive,3600,9
1,out/models/model_epidemic19_model-it_0.pickle,15602,210112,LP,-1,0.07419395446777344,1.0,1.0,q0: start,"(19, 1, 24)",positive,3600,2
0,out/models/model_epidemic19_model-it_0.pickle,15602,210112,QP,-1,3600.063840866089,1.0,0.5292940093125662,q0: start,"(19, 1, 21)",positive,3600,9
1,out/models/model_epidemic19_model-it_0.pickle,15602,210112,LP,-1,0.07774710655212402,1.0,1.0,q0: start,"(19, 1, 21)",positive,3600,2
0,out/models/model_epidemic19_model-it_0.pickle,15602,210112,QP,-1,3600.0276279449463,0.9999999909232169,0.503036081584636,q0: start,"(19, 1, 32)",positive,3600,9
1,out/models/model_epidemic19_model-it_0.pickle,15602,210112,LP,-1,0.07812118530273438,1.0,1.0,q0: start,"(19, 1, 32)",positive,3600,2
0,out/models/model_epidemic19_model-it_0.pickle,15602,210112,QP,-1,3600.071380853653,1.0,0.5292940093126147,q0: start,"(19, 1, 36)",positive,3600,9
1,out/models/model_epidemic19_model-it_0.pickle,15602,210112,LP,-1,0.07779407501220703,1.0,1.0,q0: start,"(19, 1, 36)",positive,3600,2
0,out/models/model_epidemic19_model-it_0.pickle,15602,210112,QP,-1,3600.036735057831,0.9999999909232162,0.5030360815846207,q0: start,"(19, 1, 37)",positive,3600,9
1,out/models/model_epidemic19_model-it_0.pickle,15602,210112,LP,-1,0.0794520378112793,1.0,1.0,q0: start,"(19, 1, 37)",positive,3600,2
0,out/models/model_epidemic19_model-it_0.pickle,15602,210112,QP,-1,3600.096971988678,1.0,0.5292940093126218,q0: start,"(19, 1, 30)",positive,3600,9
1,out/models/model_epidemic19_model-it_0.pickle,15602,210112,LP,-1,0.07734394073486328,1.0,1.0,q0: start,"(19, 1, 30)",positive,3600,2
0,out/models/model_epidemic19_model-it_0.pickle,15602,210112,QP,-1,3600.075604915619,1.0,0.529294009314385,q0: start,"(19, 1, 28)",positive,3600,9
1,out/models/model_epidemic19_model-it_0.pickle,15602,210112,LP,-1,0.0814049243927002,1.0,1.0,q0: start,"(19, 1, 28)",positive,3600,2
0,out/models/model_epidemic19_model-it_0.pickle,15602,210112,QP,-1,3600.1246469020844,1.0,0.5292940093111266,q0: start,"(19, 1, 33)",positive,3600,9
1,out/models/model_epidemic19_model-it_0.pickle,15602,210112,LP,-1,0.07887816429138184,1.0,1.0,q0: start,"(19, 1, 33)",positive,3600,2
