,name,states,transitions,encoding,sense,time,reachability_value,importance_value,start_state,via_state,target_state,timeout,status
0,out/models/model_spotify1000_model-it_0.pickle,5828,11571,LP,1,2.6475071907043457,0.6699732699871904,0.0,q0: start,q1733: song_90_major_7_7_4,q5565: positive,3600,2
0,out/models/model_spotify1000_model-it_0.pickle,5828,11571,LP,1,2.6818361282348633,0.6699732699871904,0.0,q0: start,q4449: song_70_major_1_4_3,q5565: positive,3600,2
0,out/models/model_spotify1000_model-it_2.pickle,5852,11469,LP,1,7.8575921058654785,0.6758406748006981,0.0,q0: start,q2158: song_90_major_0_5_5,q5784: positive,3600,2
0,out/models/model_spotify1000_model-it_2.pickle,5852,11469,LP,1,9.779990196228027,0.6758406748006981,0.0,q0: start,q625: song_10_minor_2_6_6,q5784: positive,3600,2
0,out/models/model_spotify1000_model-it_3.pickle,6052,11993,LP,1,8.645015954971313,0.6957031854316336,0.0,q0: start,q4232: companysong_80_minor_0_2_6,q5670: positive,3600,2
0,out/models/model_spotify1000_model-it_3.pickle,6052,11993,LP,1,23.092094898223877,0.6957031854316336,0.0,q0: start,q2678: song_90_minor_6_5_5,q5670: positive,3600,2
0,out/models/model_spotify1000_model-it_2.pickle,5852,11469,LP,1,28.331471920013428,0.6758406748006981,0.0,q0: start,q5804: song_10_major_2_3_7,q5784: positive,3600,2
0,out/models/model_spotify1000_model-it_2.pickle,5852,11469,LP,1,32.28639602661133,0.6758406748006981,0.0,q0: start,q5677: song_80_minor_0_6_7,q5784: positive,3600,2
0,out/models/model_spotify1000_model-it_2.pickle,5852,11469,LP,1,29.735698223114014,0.675840674800699,0.0,q0: start,q5812: song_90_major_5_6_5,q5784: positive,3600,2
0,out/models/model_spotify1000_model-it_3.pickle,6052,11993,LP,1,32.74404501914978,0.6957031854316336,0.0,q0: start,q3629: song_10_minor_5_5_5,q5670: positive,3600,2
0,out/models/model_spotify1000_model-it_0.pickle,5828,11571,LP,1,58.071579933166504,0.6699732699871904,0.0,q0: start,q745: song_10_major_1_7_7,q5565: positive,3600,2
0,out/models/model_spotify1000_model-it_2.pickle,5852,11469,LP,1,51.6880738735199,0.6758406748006989,0.0,q0: start,q3301: song_0_major_1_8_6,q5784: positive,3600,2
0,out/models/model_spotify1000_model-it_3.pickle,6052,11993,LP,1,59.62369179725647,0.6957031854316336,0.0,q0: start,q2570: companysong_0_minor_0_7_5,q5670: positive,3600,2
0,out/models/model_spotify1000_model-it_0.pickle,5828,11571,LP,1,75.13120698928833,0.6699732699871904,0.0,q0: start,q673: song_10_minor_1_5_9,q5565: positive,3600,2
0,out/models/model_spotify1000_model-it_0.pickle,5828,11571,LP,1,98.41841292381287,0.6699732699871904,0.0,q0: start,q5045: song_10_major_1_0_9,q5565: positive,3600,2
0,out/models/model_spotify1000_model-it_4.pickle,5880,11559,LP,1,11.859409093856812,0.6501277200356753,0.0,q0: start,q1058: companysong_10_minor_0_8_8,q5513: positive,3600,2
0,out/models/model_spotify1000_model-it_2.pickle,5852,11469,LP,1,113.86644005775452,0.6758406748006981,0.0,q0: start,q1444: companysong_10_minor_6_6_4,q5784: positive,3600,2
0,out/models/model_spotify1000_model-it_3.pickle,6052,11993,LP,1,111.69241976737976,0.6957031854316336,0.0,q0: start,q1862: companysong_90_major_4_7_6,q5670: positive,3600,2
0,out/models/model_spotify1000_model-it_4.pickle,5880,11559,LP,1,33.393028020858765,0.6501277200356753,0.0,q0: start,q4328: song_10_major_9_2_1,q5513: positive,3600,2
0,out/models/model_spotify1000_model-it_4.pickle,5880,11559,LP,1,26.762892961502075,0.6501277200356753,0.0,q0: start,q2276: companysong_70_minor_4_4_4,q5513: positive,3600,2
0,out/models/model_spotify1000_model-it_3.pickle,6052,11993,LP,1,125.6370940208435,0.6957031854316336,0.0,q0: start,q5629: companysong_10_minor_9_0_0,q5670: positive,3600,2
0,out/models/model_spotify1000_model-it_4.pickle,5880,11559,LP,1,26.799733877182007,0.6501277200356753,0.0,q0: start,q5575: song_60_major_1_6_6,q5513: positive,3600,2
0,out/models/model_spotify1000_model-it_0.pickle,5828,11571,LP,1,162.51131200790405,0.6699732699871904,0.0,q0: start,q3969: companysong_10_major_6_5_6,q5565: positive,3600,2
0,out/models/model_spotify1000_model-it_5.pickle,5708,11401,LP,1,34.59696817398071,0.676708992203927,0.0,q0: start,q638: song_70_major_1_7_7,q5680: positive,3600,2
0,out/models/model_spotify1000_model-it_3.pickle,6052,11993,LP,1,186.4350471496582,0.6957031854316336,0.0,q0: start,q620: song_10_minor_0_5_9,q5670: positive,3600,2
0,out/models/model_spotify1000_model-it_5.pickle,5708,11401,LP,1,40.82841682434082,0.676708992203927,0.0,q0: start,q3125: song_10_minor_2_5_5,q5680: positive,3600,2
0,out/models/model_spotify1000_model-it_5.pickle,5708,11401,LP,1,51.09732794761658,0.6767089922039263,0.0,q0: start,q2761: companysong_10_minor_4_7_8,q5680: positive,3600,2
0,out/models/model_spotify1000_model-it_5.pickle,5708,11401,LP,1,75.23776483535767,0.6767089922039268,0.0,q0: start,q5704: song_10_major_8_6_5,q5680: positive,3600,2
0,out/models/model_spotify1000_model-it_5.pickle,5708,11401,LP,1,23.49629783630371,0.6767089922039263,0.0,q0: start,q4136: companysong_70_major_5_8_8,q5680: positive,3600,2
0,out/models/model_spotify1000_model-it_5.pickle,5708,11401,LP,1,41.25561785697937,0.676708992203927,0.0,q0: start,q1005: companysong_10_major_2_6_5,q5680: positive,3600,2
0,out/models/model_spotify1000_model-it_5.pickle,5708,11401,LP,1,47.249732971191406,0.676708992203927,0.0,q0: start,q3980: song_0_major_2_6_7,q5680: positive,3600,2
0,out/models/model_spotify1000_model-it_0.pickle,5828,11571,LP,1,258.57079815864563,0.6699732699871904,0.0,q0: start,q5428: song_10_minor_6_7_3,q5565: positive,3600,2
0,out/models/model_spotify1000_model-it_5.pickle,5708,11401,LP,1,41.843876123428345,0.6767089922039263,0.0,q0: start,q2598: companysong_10_minor_3_5_7,q5680: positive,3600,2
0,out/models/model_spotify1000_model-it_5.pickle,5708,11401,LP,1,39.642066955566406,0.676708992203927,0.0,q0: start,q2286: companysong_10_minor_5_6_7,q5680: positive,3600,2
0,out/models/model_spotify1000_model-it_3.pickle,6052,11993,LP,1,287.9713189601898,0.6957031854316336,0.0,q0: start,q499: song_10_minor_0_8_5,q5670: positive,3600,2
0,out/models/model_spotify1000_model-it_4.pickle,5880,11559,LP,1,179.8026418685913,0.6501277200356753,0.0,q0: start,q1030: companysong_10_minor_1_8_6,q5513: positive,3600,2
0,out/models/model_spotify1000_model-it_0.pickle,5828,11571,LP,1,310.61405301094055,0.6699732699871904,0.0,q0: start,q1529: song_70_major_2_3_5,q5565: positive,3600,2
0,out/models/model_spotify1000_model-it_2.pickle,5852,11469,LP,1,302.0556950569153,0.6758406748006981,0.0,q0: start,q3251: companysong_10_minor_0_7_2,q5784: positive,3600,2
0,out/models/model_spotify1000_model-it_2.pickle,5852,11469,LP,1,314.6208758354187,0.6758406748006981,0.0,q0: start,q4823: song_90_major_5_5_7,q5784: positive,3600,2
0,out/models/model_spotify1000_model-it_0.pickle,5828,11571,LP,1,317.8378701210022,0.6699732699871904,0.0,q0: start,q1070: companysong_10_major_1_3_3,q5565: positive,3600,2
0,out/models/model_spotify1000_model-it_6.pickle,5728,11229,LP,1,79.32760500907898,0.6940813726487327,0.0,q0: start,q2104: song_10_major_7_3_2,q5685: positive,3600,2
0,out/models/model_spotify1000_model-it_6.pickle,5728,11229,LP,1,47.513850927352905,0.6940813726487363,0.0,q0: start,q5668: companysong_10_minor_6_3_5,q5685: positive,3600,2
0,out/models/model_spotify1000_model-it_5.pickle,5708,11401,LP,1,129.2341058254242,0.676708992203927,0.0,q0: start,q2436: companysong_0_major_3_7_6,q5680: positive,3600,2
0,out/models/model_spotify1000_model-it_7.pickle,5764,11454,LP,1,1.9063100814819336,0.6950101487436025,0.0,q0: start,q3161: song_10_minor_2_9_2,q5488: positive,3600,2
0,out/models/model_spotify1000_model-it_6.pickle,5728,11229,LP,1,46.592570066452026,0.6940813726487364,0.0,q0: start,q2354: song_90_major_5_7_6,q5685: positive,3600,2
0,out/models/model_spotify1000_model-it_7.pickle,5764,11454,LP,1,2.166555166244507,0.6950101487436025,0.0,q0: start,q712: song_10_major_4_7_4,q5488: positive,3600,2
0,out/models/model_spotify1000_model-it_7.pickle,5764,11454,LP,1,11.522345066070557,0.6950101487436025,0.0,q0: start,q1845: companysong_10_major_7_6_5,q5488: positive,3600,2
0,out/models/model_spotify1000_model-it_4.pickle,5880,11559,LP,1,236.4459068775177,0.6501277200356753,0.0,q0: start,q4016: song_10_major_6_6_6,q5513: positive,3600,2
0,out/models/model_spotify1000_model-it_7.pickle,5764,11454,LP,1,10.841386795043945,0.6950101487436018,0.0,q0: start,q3048: song_60_major_3_6_5,q5488: positive,3600,2
0,out/models/model_spotify1000_model-it_4.pickle,5880,11559,LP,1,245.9171018600464,0.6501277200356753,0.0,q0: start,q4379: song_10_major_2_6_3,q5513: positive,3600,2
0,out/models/model_spotify1000_model-it_6.pickle,5728,11229,LP,1,57.80133605003357,0.6940813726487364,0.0,q0: start,q929: companysong_90_major_0_4_9,q5685: positive,3600,2
0,out/models/model_spotify1000_model-it_7.pickle,5764,11454,LP,1,10.78587818145752,0.6950101487436025,0.0,q0: start,q395: song_10_major_1_3_5,q5488: positive,3600,2
0,out/models/model_spotify1000_model-it_6.pickle,5728,11229,LP,1,134.10813808441162,0.6940813726487364,0.0,q0: start,q5360: song_0_major_0_7_6,q5685: positive,3600,2
0,out/models/model_spotify1000_model-it_7.pickle,5764,11454,LP,1,2.172358989715576,0.6950101487436025,0.0,q0: start,q952: companysong_10_major_0_7_6,q5488: positive,3600,2
0,out/models/model_spotify1000_model-it_7.pickle,5764,11454,LP,1,16.006087064743042,0.6950101487436025,0.0,q0: start,q3415: companysong_10_major_9_4_1,q5488: positive,3600,2
0,out/models/model_spotify1000_model-it_6.pickle,5728,11229,LP,1,103.73709511756897,0.6940813726487364,0.0,q0: start,q4507: companysong_90_minor_0_8_7,q5685: positive,3600,2
0,out/models/model_spotify1000_model-it_7.pickle,5764,11454,LP,1,8.130849838256836,0.6950101487436018,0.0,q0: start,q861: song_10_major_6_6_7,q5488: positive,3600,2
0,out/models/model_spotify1000_model-it_4.pickle,5880,11559,LP,1,304.5698719024658,0.6501277200356753,0.0,q0: start,q713: song_10_major_4_2_6,q5513: positive,3600,2
0,out/models/model_spotify1000_model-it_8.pickle,5910,11845,LP,1,14.365190982818604,0.6623032864274759,0.0,q0: start,q1498: companysong_10_major_7_6_5,q5848: positive,3600,2
0,out/models/model_spotify1000_model-it_6.pickle,5728,11229,LP,1,116.85639119148254,0.6940813726487364,0.0,q0: start,q2856: companysong_90_major_0_4_7,q5685: positive,3600,2
0,out/models/model_spotify1000_model-it_8.pickle,5910,11845,LP,1,16.530203819274902,0.6623032864274759,0.0,q0: start,q2957: song_10_minor_7_6_4,q5848: positive,3600,2
0,out/models/model_spotify1000_model-it_8.pickle,5910,11845,LP,1,17.448564052581787,0.6623032864274759,0.0,q0: start,q5298: companysong_90_major_0_5_4,q5848: positive,3600,2
0,out/models/model_spotify1000_model-it_8.pickle,5910,11845,LP,1,1.5915088653564453,0.6623032864274759,0.0,q0: start,q5903: song_80_minor_0_7_6,q5848: positive,3600,2
0,out/models/model_spotify1000_model-it_8.pickle,5910,11845,LP,1,8.946736097335815,0.6623032864274759,0.0,q0: start,q3260: companysong_10_minor_2_5_6,q5848: positive,3600,2
0,out/models/model_spotify1000_model-it_8.pickle,5910,11845,LP,1,14.110472917556763,0.6623032864274759,0.0,q0: start,q4526: companysong_60_major_8_3_2,q5848: positive,3600,2
0,out/models/model_spotify1000_model-it_8.pickle,5910,11845,LP,1,1.560049057006836,0.6623032864274759,0.0,q0: start,q4081: song_70_major_0_2_7,q5848: positive,3600,2
0,out/models/model_spotify1000_model-it_8.pickle,5910,11845,LP,1,16.54897904396057,0.6623032864274759,0.0,q0: start,q3694: song_90_minor_3_7_8,q5848: positive,3600,2
0,out/models/model_spotify1000_model-it_0.pickle,5828,11571,LP,1,477.3699440956116,0.6699732699871904,0.0,q0: start,q4308: song_10_minor_4_5_5,q5565: positive,3600,2
0,out/models/model_spotify1000_model-it_1.pickle,5960,11828,LP,1,471.32039308547974,0.772991670419509,0.0,q0: start,q3601: companysong_10_major_1_9_6,q5727: positive,3600,2
0,out/models/model_spotify1000_model-it_9.pickle,5602,11223,LP,1,3.948853015899658,0.6503640903577518,0.0,q0: start,q5498: song_70_major_4_7_7,q5464: positive,3600,2
0,out/models/model_spotify1000_model-it_9.pickle,5602,11223,LP,1,5.089032888412476,0.6503640903577518,0.0,q0: start,q3005: song_10_minor_1_6_9,q5464: positive,3600,2
0,out/models/model_spotify1000_model-it_6.pickle,5728,11229,LP,1,266.8659188747406,0.6940813726487364,0.0,q0: start,q2374: song_60_major_7_4_3,q5685: positive,3600,2
0,out/models/model_spotify1000_model-it_9.pickle,5602,11223,LP,1,5.261350870132446,0.6503640903577518,0.0,q0: start,q1672: song_10_minor_4_8_7,q5464: positive,3600,2
0,out/models/model_spotify1000_model-it_9.pickle,5602,11223,LP,1,5.0485639572143555,0.6503640903577518,0.0,q0: start,q3399: song_80_minor_2_8_6,q5464: positive,3600,2
0,out/models/model_spotify1000_model-it_9.pickle,5602,11223,LP,1,52.3818621635437,0.6503640903577518,0.0,q0: start,q3507: companysong_10_major_3_3_7,q5464: positive,3600,2
0,out/models/model_spotify1000_model-it_2.pickle,5852,11469,LP,1,539.9728541374207,0.6758406748006981,0.0,q0: start,q1721: companysong_0_major_0_4_8,q5784: positive,3600,2
0,out/models/model_spotify1000_model-it_8.pickle,5910,11845,LP,1,95.29399299621582,0.6623032864274759,0.0,q0: start,q5234: song_80_minor_2_5_4,q5848: positive,3600,2
0,out/models/model_spotify1000_model-it_4.pickle,5880,11559,LP,1,437.500776052475,0.6501277200356753,0.0,q0: start,q5759: companysong_10_major_2_7_9,q5513: positive,3600,2
0,out/models/model_spotify1000_model-it_6.pickle,5728,11229,LP,1,258.03166103363037,0.6940813726487364,0.0,q0: start,q5194: song_80_major_4_6_2,q5685: positive,3600,2
0,out/models/model_spotify1000_model-it_9.pickle,5602,11223,LP,1,58.88691997528076,0.6503640903577518,0.0,q0: start,q3273: song_70_major_2_5_4,q5464: positive,3600,2
0,out/models/model_spotify1000_model-it_9.pickle,5602,11223,LP,1,94.27968621253967,0.6503640903577518,0.0,q0: start,q4111: companysong_10_major_8_4_3,q5464: positive,3600,2
0,out/models/model_spotify1000_model-it_6.pickle,5728,11229,LP,1,383.04227209091187,0.694081372648733,0.0,q0: start,q3402: song_10_minor_2_6_9,q5685: positive,3600,2
0,out/models/model_spotify1000_model-it_7.pickle,5764,11454,LP,1,202.5080108642578,0.6950101487436025,0.0,q0: start,q4569: song_10_major_6_5_7,q5488: positive,3600,2
0,out/models/model_spotify1000_model-it_7.pickle,5764,11454,LP,1,215.37767815589905,0.6950101487436025,0.0,q0: start,q1737: companysong_10_minor_4_7_4,q5488: positive,3600,2
0,out/models/model_spotify1000_model-it_4.pickle,5880,11559,LP,1,525.4675509929657,0.6501277200356753,0.0,q0: start,q2497: companysong_10_major_2_5_3,q5513: positive,3600,2
0,out/models/model_spotify1000_model-it_1.pickle,5960,11828,LP,1,671.7753431797028,0.772991670419509,0.0,q0: start,q2938: song_70_minor_1_7_8,q5727: positive,3600,2
0,out/models/model_spotify1000_model-it_9.pickle,5602,11223,LP,1,200.63398790359497,0.6503640903577518,0.0,q0: start,q1673: song_10_major_3_7_5,q5464: positive,3600,2
0,out/models/model_spotify2000_model-it_0.pickle,7972,16484,LP,1,135.77590489387512,0.6662508023778936,0.0,q0: start,q1413: companysong_10_major_1_5_7,q7520: positive,3600,2
0,out/models/model_spotify2000_model-it_1.pickle,7788,16033,LP,1,108.0161190032959,0.6639128391704404,0.0,q0: start,q755: song_10_minor_0_4_6,q7734: positive,3600,2
0,out/models/model_spotify2000_model-it_0.pickle,7972,16484,LP,1,178.3121178150177,0.6662508023778936,0.0,q0: start,q6666: companysong_70_major_7_5_3,q7520: positive,3600,2
0,out/models/model_spotify2000_model-it_1.pickle,7788,16033,LP,1,142.73676419258118,0.6639128391704404,0.0,q0: start,q4144: companysong_80_minor_0_3_8,q7734: positive,3600,2
0,out/models/model_spotify2000_model-it_1.pickle,7788,16033,LP,1,147.70910906791687,0.6639128391704404,0.0,q0: start,q3152: song_10_major_8_7_2,q7734: positive,3600,2
0,out/models/model_spotify2000_model-it_2.pickle,7898,16217,LP,1,38.38406801223755,0.6788280620295457,0.0,q0: start,q1255: song_10_minor_4_7_7,q7611: positive,3600,2
0,out/models/model_spotify2000_model-it_1.pickle,7788,16033,LP,1,125.62414598464966,0.6639128391704404,0.0,q0: start,q3718: song_10_minor_7_3_5,q7734: positive,3600,2
0,out/models/model_spotify2000_model-it_0.pickle,7972,16484,LP,1,228.12919092178345,0.6662508023778935,0.0,q0: start,q5676: companysong_70_major_0_4_8,q7520: positive,3600,2
0,out/models/model_spotify2000_model-it_2.pickle,7898,16217,LP,1,65.80416703224182,0.6788280620295457,0.0,q0: start,q2100: companysong_0_major_0_4_9,q7611: positive,3600,2
0,out/models/model_spotify2000_model-it_1.pickle,7788,16033,LP,1,173.89166378974915,0.6639128391704404,0.0,q0: start,q6805: song_0_major_2_5_8,q7734: positive,3600,2
0,out/models/model_spotify2000_model-it_1.pickle,7788,16033,LP,1,194.51357793807983,0.6639128391704404,0.0,q0: start,q4354: companysong_10_minor_8_6_6,q7734: positive,3600,2
0,out/models/model_spotify1000_model-it_1.pickle,5960,11828,LP,1,900.7003619670868,0.772991670419509,0.0,q0: start,q4274: companysong_60_major_2_3_3,q5727: positive,3600,2
0,out/models/model_spotify1000_model-it_8.pickle,5910,11845,LP,1,472.83597588539124,0.6623032864274759,0.0,q0: start,q3718: song_80_major_0_8_4,q5848: positive,3600,2
0,out/models/model_spotify2000_model-it_0.pickle,7972,16484,LP,1,310.00792694091797,0.6662508023778935,0.0,q0: start,q1789: companysong_10_minor_1_9_6,q7520: positive,3600,2
0,out/models/model_spotify2000_model-it_0.pickle,7972,16484,LP,1,350.24843406677246,0.6662508023778935,0.0,q0: start,q3785: song_10_minor_4_8_5,q7520: positive,3600,2
0,out/models/model_spotify2000_model-it_1.pickle,7788,16033,LP,1,260.08252477645874,0.6639128391704404,0.0,q0: start,q6523: companysong_0_minor_0_2_8,q7734: positive,3600,2
0,out/models/model_spotify2000_model-it_1.pickle,7788,16033,LP,1,314.5232570171356,0.6639128391704404,0.0,q0: start,q4726: companysong_0_major_4_7_4,q7734: positive,3600,2
0,out/models/model_spotify2000_model-it_2.pickle,7898,16217,LP,1,169.5622410774231,0.6788280620295457,0.0,q0: start,q2655: companysong_90_major_5_5_3,q7611: positive,3600,2
0,out/models/model_spotify2000_model-it_3.pickle,8066,16585,LP,1,12.91425108909607,0.6714509946659764,0.0,q0: start,q3129: companysong_10_major_4_9_6,q7627: positive,3600,2
0,out/models/model_spotify2000_model-it_3.pickle,8066,16585,LP,1,12.216717004776001,0.6714509946659764,0.0,q0: start,q5419: song_10_major_8_5_6,q7627: positive,3600,2
0,out/models/model_spotify2000_model-it_0.pickle,7972,16484,LP,1,438.4823100566864,0.6662508023778935,0.0,q0: start,q1176: song_10_major_1_8_7,q7520: positive,3600,2
0,out/models/model_spotify2000_model-it_3.pickle,8066,16585,LP,1,5.109889984130859,0.6714509946659764,0.0,q0: start,q7125: song_60_minor_1_6_6,q7627: positive,3600,2
0,out/models/model_spotify2000_model-it_3.pickle,8066,16585,LP,1,79.33512282371521,0.6714509946659764,0.0,q0: start,q5070: song_10_major_4_8_8,q7627: positive,3600,2
0,out/models/model_spotify2000_model-it_2.pickle,7898,16217,LP,1,177.6069040298462,0.6788280620295457,0.0,q0: start,q7703: companysong_10_major_2_6_1,q7611: positive,3600,2
0,out/models/model_spotify2000_model-it_0.pickle,7972,16484,LP,1,516.4279181957245,0.6662508023778935,0.0,q0: start,q1377: companysong_10_major_0_4_8,q7520: positive,3600,2
0,out/models/model_spotify1000_model-it_1.pickle,5960,11828,LP,1,1178.991760969162,0.772991670419509,0.0,q0: start,q5048: song_70_major_0_4_6,q5727: positive,3600,2
0,out/models/model_spotify2000_model-it_3.pickle,8066,16585,LP,1,182.44932293891907,0.6714509946659764,0.0,q0: start,q5363: companysong_10_minor_3_4_3,q7627: positive,3600,2
0,out/models/model_spotify2000_model-it_3.pickle,8066,16585,LP,1,201.75876212120056,0.6714509946659764,0.0,q0: start,q7879: companysong_10_minor_8_7_4,q7627: positive,3600,2
0,out/models/model_spotify2000_model-it_0.pickle,7972,16484,LP,1,601.6721608638763,0.6662508023778936,0.0,q0: start,q2667: companysong_10_major_5_4_5,q7520: positive,3600,2
0,out/models/model_spotify2000_model-it_1.pickle,7788,16033,LP,1,551.3812310695648,0.6639128391704404,0.0,q0: start,q7318: companysong_80_minor_5_7_7,q7734: positive,3600,2
0,out/models/model_spotify2000_model-it_3.pickle,8066,16585,LP,1,277.25023102760315,0.6714509946659764,0.0,q0: start,q7699: song_50_minor_5_8_3,q7627: positive,3600,2
0,out/models/model_spotify2000_model-it_4.pickle,7756,15981,LP,1,12.283886909484863,0.6678721407070749,0.0,q0: start,q3325: companysong_10_major_6_6_3,q7655: positive,3600,2
0,out/models/model_spotify2000_model-it_2.pickle,7898,16217,LP,1,431.6047160625458,0.6788280620295457,0.0,q0: start,q454: song_0_major_0_5_7,q7611: positive,3600,2
0,out/models/model_spotify2000_model-it_3.pickle,8066,16585,LP,1,236.8508620262146,0.6714509946659764,0.0,q0: start,q5091: companysong_90_major_1_4_4,q7627: positive,3600,2
0,out/models/model_spotify2000_model-it_0.pickle,7972,16484,LP,1,687.8140490055084,0.6662508023778935,0.0,q0: start,q5041: companysong_90_major_7_4_5,q7520: positive,3600,2
0,out/models/model_spotify2000_model-it_3.pickle,8066,16585,LP,1,267.01928782463074,0.6714509946659764,0.0,q0: start,q5585: companysong_0_minor_3_5_6,q7627: positive,3600,2
0,out/models/model_spotify2000_model-it_4.pickle,7756,15981,LP,1,78.96752119064331,0.6678721407070769,0.0,q0: start,q5192: song_0_major_5_7_4,q7655: positive,3600,2
0,out/models/model_spotify1000_model-it_9.pickle,5602,11223,LP,1,880.1593000888824,0.6503640903577518,0.0,q0: start,q5402: companysong_10_minor_6_5_6,q5464: positive,3600,2
0,out/models/model_spotify2000_model-it_5.pickle,7796,16145,LP,1,11.479680061340332,0.667547875458216,0.0,q0: start,q7332: song_0_major_8_5_6,q7660: positive,3600,2
0,out/models/model_spotify2000_model-it_4.pickle,7756,15981,LP,1,307.04467701911926,0.6678721407070769,0.0,q0: start,q2890: song_10_minor_6_8_6,q7655: positive,3600,2
0,out/models/model_spotify2000_model-it_1.pickle,7788,16033,LP,1,804.9918220043182,0.6639128391704404,0.0,q0: start,q7308: companysong_10_major_7_8_2,q7734: positive,3600,2
0,out/models/model_spotify2000_model-it_0.pickle,7972,16484,LP,1,886.4193890094757,0.6662508023778936,0.0,q0: start,q5044: companysong_60_major_7_5_3,q7520: positive,3600,2
0,out/models/model_spotify2000_model-it_5.pickle,7796,16145,LP,1,208.81235885620117,0.667547875458216,0.0,q0: start,q1352: companysong_0_major_1_3_5,q7660: positive,3600,2
0,out/models/model_spotify2000_model-it_5.pickle,7796,16145,LP,1,92.47759294509888,0.667547875458216,0.0,q0: start,q4000: song_10_major_4_2_5,q7660: positive,3600,2
0,out/models/model_spotify2000_model-it_6.pickle,7998,16185,LP,1,11.12469220161438,0.6836410248474761,0.0,q0: start,q6202: companysong_0_major_1_7_6,q7413: positive,3600,2
0,out/models/model_spotify2000_model-it_6.pickle,7998,16185,LP,1,84.05466294288635,0.6836410248474761,0.0,q0: start,q6605: song_10_major_2_1_5,q7413: positive,3600,2
0,out/models/model_spotify1000_model-it_9.pickle,5602,11223,LP,1,1129.2077479362488,0.6503640903577518,0.0,q0: start,q2774: companysong_10_major_6_4_4,q5464: positive,3600,2
0,out/models/model_spotify2000_model-it_4.pickle,7756,15981,LP,1,505.1771910190582,0.6678721407070769,0.0,q0: start,q5521: song_10_minor_5_4_6,q7655: positive,3600,2
0,out/models/model_spotify2000_model-it_3.pickle,8066,16585,LP,1,662.4431149959564,0.6714509946659764,0.0,q0: start,q2972: companysong_10_major_9_2_5,q7627: positive,3600,2
0,out/models/model_spotify2000_model-it_4.pickle,7756,15981,LP,1,517.831748008728,0.6678721407070769,0.0,q0: start,q4404: companysong_90_major_2_5_8,q7655: positive,3600,2
0,out/models/model_spotify2000_model-it_5.pickle,7796,16145,LP,1,376.2223961353302,0.667547875458216,0.0,q0: start,q5154: song_70_major_2_3_6,q7660: positive,3600,2
0,out/models/model_spotify2000_model-it_4.pickle,7756,15981,LP,1,527.6870620250702,0.6678721407070769,0.0,q0: start,q6863: song_0_major_0_3_6,q7655: positive,3600,2
0,out/models/model_spotify2000_model-it_4.pickle,7756,15981,LP,1,579.2533268928528,0.6678721407070769,0.0,q0: start,q4230: companysong_90_major_0_8_8,q7655: positive,3600,2
0,out/models/model_spotify2000_model-it_5.pickle,7796,16145,LP,1,353.36593079566956,0.667547875458216,0.0,q0: start,q5456: song_0_minor_0_5_7,q7660: positive,3600,2
0,out/models/model_spotify2000_model-it_7.pickle,7834,15816,LP,1,3.202216863632202,0.6644477746805966,0.0,q0: start,q4160: companysong_10_major_6_7_8,q7378: positive,3600,2
0,out/models/model_spotify2000_model-it_6.pickle,7998,16185,LP,1,186.87162613868713,0.6836410248474761,0.0,q0: start,q3979: companysong_80_major_3_5_6,q7413: positive,3600,2
0,out/models/model_spotify2000_model-it_6.pickle,7998,16185,LP,1,311.7231948375702,0.6836410248474761,0.0,q0: start,q3642: companysong_60_major_7_6_1,q7413: positive,3600,2
0,out/models/model_spotify2000_model-it_7.pickle,7834,15816,LP,1,3.3204829692840576,0.6644477746805953,0.0,q0: start,q7145: companysong_70_major_3_6_6,q7378: positive,3600,2
0,out/models/model_spotify2000_model-it_7.pickle,7834,15816,LP,1,3.533071994781494,0.6644477746805951,0.0,q0: start,q3055: song_80_major_0_5_6,q7378: positive,3600,2
0,out/models/model_spotify2000_model-it_6.pickle,7998,16185,LP,1,169.93257308006287,0.6836410248474761,0.0,q0: start,q3579: companysong_90_major_1_5_6,q7413: positive,3600,2
0,out/models/model_spotify2000_model-it_7.pickle,7834,15816,LP,1,4.573462009429932,0.6644477746805961,0.0,q0: start,q3910: song_70_major_0_6_5,q7378: positive,3600,2
0,out/models/model_spotify2000_model-it_7.pickle,7834,15816,LP,1,118.12643098831177,0.6644477746805958,0.0,q0: start,q7820: companysong_70_minor_4_3_2,q7378: positive,3600,2
0,out/models/model_spotify2000_model-it_8.pickle,7772,16039,LP,1,4.089602947235107,0.6764598611857444,0.0,q0: start,q7240: companysong_60_major_6_4_8,q7690: positive,3600,2
0,out/models/model_spotify2000_model-it_8.pickle,7772,16039,LP,1,3.00869083404541,0.6764598611857444,0.0,q0: start,q6835: companysong_10_minor_5_3_3,q7690: positive,3600,2
0,out/models/model_spotify2000_model-it_8.pickle,7772,16039,LP,1,4.161241054534912,0.6764598611857444,0.0,q0: start,q1568: companysong_10_major_4_5_3,q7690: positive,3600,2
0,out/models/model_spotify2000_model-it_8.pickle,7772,16039,LP,1,4.076733112335205,0.6764598611857444,0.0,q0: start,q2663: companysong_90_minor_1_8_7,q7690: positive,3600,2
0,out/models/model_spotify2000_model-it_6.pickle,7998,16185,LP,1,315.4047918319702,0.6836410248474761,0.0,q0: start,q4816: song_10_major_1_3_9,q7413: positive,3600,2
0,out/models/model_spotify2000_model-it_6.pickle,7998,16185,LP,1,446.67546010017395,0.6836410248474761,0.0,q0: start,q2653: companysong_10_minor_0_7_3,q7413: positive,3600,2
0,out/models/model_spotify2000_model-it_8.pickle,7772,16039,LP,1,20.06076693534851,0.6764598611857452,0.0,q0: start,q2799: companysong_10_major_6_4_3,q7690: positive,3600,2
0,out/models/model_spotify2000_model-it_8.pickle,7772,16039,LP,1,52.35055899620056,0.6764598611857444,0.0,q0: start,q4151: companysong_10_minor_3_3_3,q7690: positive,3600,2
0,out/models/model_spotify2000_model-it_8.pickle,7772,16039,LP,1,9.804229021072388,0.6764598611857444,0.0,q0: start,q3109: song_10_minor_2_6_7,q7690: positive,3600,2
0,out/models/model_spotify2000_model-it_7.pickle,7834,15816,LP,1,329.62782311439514,0.6644477746805966,0.0,q0: start,q5517: companysong_0_minor_2_7_5,q7378: positive,3600,2
0,out/models/model_spotify2000_model-it_8.pickle,7772,16039,LP,1,3.0968728065490723,0.6764598611857444,0.0,q0: start,q1199: song_0_major_0_7_3,q7690: positive,3600,2
0,out/models/model_spotify2000_model-it_8.pickle,7772,16039,LP,1,3.110337972640991,0.6764598611857444,0.0,q0: start,q6969: song_0_minor_5_3_4,q7690: positive,3600,2
0,out/models/model_spotify2000_model-it_4.pickle,7756,15981,LP,1,991.9275450706482,0.6678721407070769,0.0,q0: start,q1467: companysong_10_major_0_8_7,q7655: positive,3600,2
0,out/models/model_spotify2000_model-it_6.pickle,7998,16185,LP,1,611.6983120441437,0.6836410248474761,0.0,q0: start,q578: song_10_minor_0_6_9,q7413: positive,3600,2
0,out/models/model_spotify2000_model-it_7.pickle,7834,15816,LP,1,441.9291920661926,0.6644477746805961,0.0,q0: start,q5815: song_80_minor_0_9_8,q7378: positive,3600,2
0,out/models/model_spotify2000_model-it_6.pickle,7998,16185,LP,1,761.1061208248138,0.6836410248474761,0.0,q0: start,q3225: song_10_minor_0_5_5,q7413: positive,3600,2
0,out/models/model_spotify2000_model-it_7.pickle,7834,15816,LP,1,381.96326088905334,0.6644477746805953,0.0,q0: start,q1672: companysong_10_major_3_7_5,q7378: positive,3600,2
0,out/models/model_spotify2000_model-it_6.pickle,7998,16185,LP,1,655.8238279819489,0.6836410248474761,0.0,q0: start,q3234: song_10_minor_5_7_7,q7413: positive,3600,2
0,out/models/model_spotify2000_model-it_8.pickle,7772,16039,LP,1,343.1568739414215,0.6764598611857444,0.0,q0: start,q2295: song_10_major_3_7_5,q7690: positive,3600,2
0,out/models/model_spotify2000_model-it_5.pickle,7796,16145,LP,1,1035.6452269554138,0.667547875458216,0.0,q0: start,q1016: song_10_major_4_8_5,q7660: positive,3600,2
0,out/models/model_spotify2000_model-it_7.pickle,7834,15816,LP,1,810.8628721237183,0.6644477746805961,0.0,q0: start,q1971: companysong_10_major_7_6_4,q7378: positive,3600,2
0,out/models/model_spotify3000_model-it_0.pickle,9378,19703,LP,1,227.80737900733948,0.6726620243536712,0.0,q0: start,q4208: companysong_70_minor_8_3_2,q8931: positive,3600,2
0,out/models/model_spotify2000_model-it_4.pickle,7756,15981,LP,1,1340.6902499198914,0.6678721407070769,0.0,q0: start,q7589: song_80_major_8_6_1,q7655: positive,3600,2
0,out/models/model_spotify2000_model-it_4.pickle,7756,15981,LP,1,1412.3969540596008,0.6678721407070769,0.0,q0: start,q5507: companysong_80_minor_9_6_5,q7655: positive,3600,2
0,out/models/model_spotify2000_model-it_9.pickle,8008,16550,LP,1,415.9064691066742,0.691553839571962,0.0,q0: start,q6732: song_0_major_1_4_5,q7660: positive,3600,2
0,out/models/model_spotify2000_model-it_9.pickle,8008,16550,LP,1,489.1718008518219,0.691553839571962,0.0,q0: start,q7795: song_0_major_7_3_3,q7660: positive,3600,2
0,out/models/model_spotify1000_model-it_3.pickle,6052,11993,LP,1,2779.637841939926,0.6957031854316336,0.0,q0: start,q2112: companysong_10_major_1_7_4,q5670: positive,3600,2
0,out/models/model_spotify2000_model-it_7.pickle,7834,15816,LP,1,956.4997589588165,0.6644477746805953,0.0,q0: start,q7590: companysong_50_major_2_5_3,q7378: positive,3600,2
0,out/models/model_spotify3000_model-it_0.pickle,9378,19703,LP,1,437.98150420188904,0.6726620243536712,0.0,q0: start,q9048: song_70_major_0_3_9,q8931: positive,3600,2
0,out/models/model_spotify3000_model-it_0.pickle,9378,19703,LP,1,161.8336968421936,0.6726620243536728,0.0,q0: start,q7493: song_10_major_7_0_0,q8931: positive,3600,2
0,out/models/model_spotify3000_model-it_0.pickle,9378,19703,LP,1,187.32840490341187,0.6726620243536716,0.0,q0: start,q3013: song_10_major_2_7_8,q8931: positive,3600,2
0,out/models/model_spotify2000_model-it_5.pickle,7796,16145,LP,1,1485.9791910648346,0.667547875458216,0.0,q0: start,q3356: companysong_10_major_5_5_8,q7660: positive,3600,2
0,out/models/model_spotify3000_model-it_0.pickle,9378,19703,LP,1,391.40405797958374,0.6726620243536716,0.0,q0: start,q8484: companysong_0_major_1_4_9,q8931: positive,3600,2
0,out/models/model_spotify3000_model-it_0.pickle,9378,19703,LP,1,504.96305799484253,0.6726620243536716,0.0,q0: start,q7294: song_0_minor_1_6_7,q8931: positive,3600,2
0,out/models/model_spotify2000_model-it_9.pickle,8008,16550,LP,1,965.9846050739288,0.691553839571962,0.0,q0: start,q4199: companysong_60_major_1_7_7,q7660: positive,3600,2
0,out/models/model_spotify3000_model-it_0.pickle,9378,19703,LP,1,841.4518799781799,0.6726620243536716,0.0,q0: start,q4528: song_10_major_1_6_3,q8931: positive,3600,2
0,out/models/model_spotify3000_model-it_0.pickle,9378,19703,LP,1,489.1532711982727,0.6726620243536715,0.0,q0: start,q2272: companysong_10_major_2_5_8,q8931: positive,3600,2
0,out/models/model_spotify1000_model-it_1.pickle,5960,11828,LP,1,3388.36740398407,0.0,0.0,q0: start,q420: song_10_major_0_6_8,q5727: positive,3600,17
0,out/models/model_spotify1000_model-it_1.pickle,5960,11828,LP,1,3408.3299639225006,0.0,0.0,q0: start,q505: song_10_major_0_8_7,q5727: positive,3600,17
0,out/models/model_spotify1000_model-it_1.pickle,5960,11828,LP,1,3513.797628879547,0.0,0.0,q0: start,q494: song_10_minor_1_8_6,q5727: positive,3600,17
0,out/models/model_spotify2000_model-it_9.pickle,8008,16550,LP,1,1275.0916929244995,0.691553839571962,0.0,q0: start,q4778: companysong_80_major_0_9_4,q7660: positive,3600,2
0,out/models/model_spotify3000_model-it_0.pickle,9378,19703,LP,1,1070.0477879047394,0.6726620243536716,0.0,q0: start,q1148: song_10_major_2_5_8,q8931: positive,3600,2
0,out/models/model_spotify1000_model-it_3.pickle,6052,11993,LP,1,3600.00079202652,0.0,0.0,q0: start,q1570: song_10_major_1_6_4,q5670: positive,3600,9
0,out/models/model_spotify1000_model-it_1.pickle,5960,11828,LP,1,3600.0017850399017,0.0,0.0,q0: start,q2460: song_70_major_0_7_4,q5727: positive,3600,9
0,out/models/model_spotify1000_model-it_1.pickle,5960,11828,LP,1,3600.001184940338,0.0,0.0,q0: start,q2229: song_10_minor_4_7_7,q5727: positive,3600,9
0,out/models/model_spotify1000_model-it_1.pickle,5960,11828,LP,1,3600.0017609596252,0.0,0.0,q0: start,q5362: companysong_70_major_0_8_9,q5727: positive,3600,9
0,out/models/model_spotify3000_model-it_1.pickle,9350,19659,LP,1,858.7414038181305,0.6677903994916335,0.0,q0: start,q1973: companysong_70_major_3_3_4,q8711: positive,3600,2
0,out/models/model_spotify3000_model-it_1.pickle,9350,19659,LP,1,882.0106649398804,0.6677903994916335,0.0,q0: start,q4601: song_60_major_2_5_9,q8711: positive,3600,2
0,out/models/model_spotify3000_model-it_3.pickle,9612,20213,LP,1,14.494588136672974,0.6659304654916938,0.0,q0: start,q7360: song_90_minor_1_5_5,q9155: positive,3600,2
0,out/models/model_spotify3000_model-it_1.pickle,9350,19659,LP,1,745.8378410339355,0.6677903994916335,0.0,q0: start,q8990: companysong_90_major_8_5_3,q8711: positive,3600,2
0,out/models/model_spotify3000_model-it_3.pickle,9612,20213,LP,1,165.52403688430786,0.665930465491695,0.0,q0: start,q7338: song_90_major_2_3_5,q9155: positive,3600,2
0,out/models/model_spotify3000_model-it_3.pickle,9612,20213,LP,1,15.141944169998169,0.6659304654916938,0.0,q0: start,q1853: companysong_10_major_0_9_5,q9155: positive,3600,2
0,out/models/model_spotify3000_model-it_0.pickle,9378,19703,LP,1,1504.8635218143463,0.6726620243536716,0.0,q0: start,q9294: companysong_90_major_1_7_4,q8931: positive,3600,2
0,out/models/model_spotify3000_model-it_3.pickle,9612,20213,LP,1,331.75473380088806,0.6659304654916938,0.0,q0: start,q8825: song_80_major_9_0_0,q9155: positive,3600,2
0,out/models/model_spotify2000_model-it_2.pickle,7898,16217,LP,1,3600.0130829811096,0.0,0.0,q0: start,q7571: song_80_minor_8_6_2,q7611: positive,3600,9
0,out/models/model_spotify3000_model-it_3.pickle,9612,20213,LP,1,17.740790843963623,0.6659304654916938,0.0,q0: start,q5408: companysong_50_major_0_4_9,q9155: positive,3600,2
0,out/models/model_spotify3000_model-it_3.pickle,9612,20213,LP,1,286.69403409957886,0.6659304654916938,0.0,q0: start,q8898: companysong_90_major_3_4_5,q9155: positive,3600,2
0,out/models/model_spotify2000_model-it_2.pickle,7898,16217,LP,1,3600.0044000148773,0.0,0.0,q0: start,q4890: song_10_major_8_6_2,q7611: positive,3600,9
0,out/models/model_spotify2000_model-it_2.pickle,7898,16217,LP,1,3600.003207921982,0.0,0.0,q0: start,q7881: song_10_major_2_8_9,q7611: positive,3600,9
0,out/models/model_spotify3000_model-it_3.pickle,9612,20213,LP,1,517.6752028465271,0.6659304654916938,0.0,q0: start,q5501: song_60_major_1_4_7,q9155: positive,3600,2
0,out/models/model_spotify2000_model-it_5.pickle,7796,16145,LP,1,3098.858840942383,0.667547875458216,0.0,q0: start,q3262: song_10_major_8_8_2,q7660: positive,3600,2
0,out/models/model_spotify3000_model-it_3.pickle,9612,20213,LP,1,378.3561170101166,0.6659304654916938,0.0,q0: start,q6495: companysong_10_minor_5_8_9,q9155: positive,3600,2
0,out/models/model_spotify2000_model-it_2.pickle,7898,16217,LP,1,3600.000704050064,0.0,0.0,q0: start,q7745: companysong_70_major_6_4_4,q7611: positive,3600,9
0,out/models/model_spotify2000_model-it_2.pickle,7898,16217,LP,1,3600.0102829933167,0.0,0.0,q0: start,q7310: song_90_minor_0_2_7,q7611: positive,3600,9
0,out/models/model_spotify3000_model-it_3.pickle,9612,20213,LP,1,521.2588860988617,0.6659304654916938,0.0,q0: start,q691: song_10_major_0_5_7,q9155: positive,3600,2
0,out/models/model_spotify3000_model-it_4.pickle,9638,20344,LP,1,71.33708786964417,0.66784765567917,0.0,q0: start,q7509: companysong_10_major_8_0_1,q8958: positive,3600,2
0,out/models/model_spotify3000_model-it_4.pickle,9638,20344,LP,1,88.50853991508484,0.6678476556791709,0.0,q0: start,q8661: companysong_0_major_7_5_8,q8958: positive,3600,2
0,out/models/model_spotify3000_model-it_5.pickle,9336,19704,LP,1,77.66997718811035,0.6823120942610412,0.0,q0: start,q8569: song_10_minor_5_8_1,q9072: positive,3600,2
0,out/models/model_spotify3000_model-it_4.pickle,9638,20344,LP,1,277.3626170158386,0.66784765567917,0.0,q0: start,q6133: companysong_10_minor_6_8_7,q8958: positive,3600,2
0,out/models/model_spotify3000_model-it_4.pickle,9638,20344,LP,1,317.9105088710785,0.66784765567917,0.0,q0: start,q6081: song_10_minor_5_8_7,q8958: positive,3600,2
0,out/models/model_spotify2000_model-it_5.pickle,7796,16145,LP,1,3601.4742488861084,0.0,0.0,q0: start,q897: song_10_major_1_7_7,q7660: positive,3600,9
0,out/models/model_spotify3000_model-it_4.pickle,9638,20344,LP,1,283.8063910007477,0.6678476556791709,0.0,q0: start,q5516: song_10_major_5_6_5,q8958: positive,3600,2
0,out/models/model_spotify3000_model-it_5.pickle,9336,19704,LP,1,219.10449695587158,0.6823120942610407,0.0,q0: start,q4472: song_80_major_0_3_9,q9072: positive,3600,2
0,out/models/model_spotify2000_model-it_5.pickle,7796,16145,LP,1,3600.002671957016,0.0,0.0,q0: start,q4891: companysong_90_minor_5_6_3,q7660: positive,3600,9
0,out/models/model_spotify3000_model-it_5.pickle,9336,19704,LP,1,264.9164180755615,0.6823120942610412,0.0,q0: start,q3691: song_10_minor_5_7_5,q9072: positive,3600,2
0,out/models/model_spotify3000_model-it_4.pickle,9638,20344,LP,1,569.7766270637512,0.66784765567917,0.0,q0: start,q6072: song_70_minor_7_6_4,q8958: positive,3600,2
0,out/models/model_spotify2000_model-it_9.pickle,8008,16550,LP,1,3001.718950986862,0.691553839571962,0.0,q0: start,q4774: companysong_0_major_1_8_8,q7660: positive,3600,2
0,out/models/model_spotify3000_model-it_4.pickle,9638,20344,LP,1,1004.2840070724487,0.6678476556791709,0.0,q0: start,q4593: companysong_10_minor_5_7_4,q8958: positive,3600,2
0,out/models/model_spotify3000_model-it_5.pickle,9336,19704,LP,1,392.1779360771179,0.6823120942610412,0.0,q0: start,q1653: companysong_80_major_0_4_9,q9072: positive,3600,2
0,out/models/model_spotify3000_model-it_6.pickle,9582,20198,LP,1,102.63227605819702,0.6878653387338666,0.0,q0: start,q8819: companysong_0_major_9_1_2,q9514: positive,3600,2
0,out/models/model_spotify3000_model-it_6.pickle,9582,20198,LP,1,126.12173390388489,0.6878653387338666,0.0,q0: start,q1029: song_10_major_1_7_4,q9514: positive,3600,2
0,out/models/model_spotify3000_model-it_5.pickle,9336,19704,LP,1,472.23987221717834,0.6823120942610412,0.0,q0: start,q2598: companysong_10_minor_5_7_4,q9072: positive,3600,2
0,out/models/model_spotify3000_model-it_5.pickle,9336,19704,LP,1,225.70409083366394,0.6823120942610412,0.0,q0: start,q6997: song_90_major_4_7_8,q9072: positive,3600,2
0,out/models/model_spotify3000_model-it_3.pickle,9612,20213,LP,1,1688.0352330207825,0.6659304654916938,0.0,q0: start,q5097: companysong_70_major_1_3_3,q9155: positive,3600,2
0,out/models/model_spotify3000_model-it_5.pickle,9336,19704,LP,1,252.8612699508667,0.6823120942610411,0.0,q0: start,q1818: companysong_10_minor_0_7_4,q9072: positive,3600,2
0,out/models/model_spotify3000_model-it_5.pickle,9336,19704,LP,1,329.3613648414612,0.6823120942610412,0.0,q0: start,q1069: song_10_minor_4_6_5,q9072: positive,3600,2
0,out/models/model_spotify3000_model-it_5.pickle,9336,19704,LP,1,529.815868139267,0.6823120942610412,0.0,q0: start,q3132: song_10_major_9_5_7,q9072: positive,3600,2
0,out/models/model_spotify3000_model-it_6.pickle,9582,20198,LP,1,310.4181339740753,0.6878653387338666,0.0,q0: start,q7326: song_80_major_0_8_6,q9514: positive,3600,2
0,out/models/model_spotify3000_model-it_6.pickle,9582,20198,LP,1,259.45378589630127,0.6878653387338666,0.0,q0: start,q9249: song_10_major_5_5_9,q9514: positive,3600,2
0,out/models/model_spotify3000_model-it_6.pickle,9582,20198,LP,1,187.03460097312927,0.6878653387338666,0.0,q0: start,q7691: companysong_70_minor_0_7_6,q9514: positive,3600,2
0,out/models/model_spotify3000_model-it_6.pickle,9582,20198,LP,1,241.4392008781433,0.6878653387338666,0.0,q0: start,q8629: companysong_80_major_0_1_6,q9514: positive,3600,2
0,out/models/model_spotify3000_model-it_6.pickle,9582,20198,LP,1,73.20927691459656,0.6878653387338666,0.0,q0: start,q2641: companysong_10_minor_5_7_6,q9514: positive,3600,2
0,out/models/model_spotify2000_model-it_9.pickle,8008,16550,LP,1,3600.0008549690247,0.0,0.0,q0: start,q4601: song_80_major_0_5_9,q7660: positive,3600,9
0,out/models/model_spotify3000_model-it_7.pickle,9500,19592,LP,1,58.63992714881897,0.6884176329103331,0.0,q0: start,q2457: companysong_10_major_1_4_8,q9377: positive,3600,2
0,out/models/model_spotify2000_model-it_9.pickle,8008,16550,LP,1,3600.0005462169647,0.0,0.0,q0: start,q629: song_90_minor_0_8_5,q7660: positive,3600,9
0,out/models/model_spotify3000_model-it_7.pickle,9500,19592,LP,1,11.313697099685669,0.6884176329103331,0.0,q0: start,q797: song_10_major_3_7_4,q9377: positive,3600,2
0,out/models/model_spotify3000_model-it_7.pickle,9500,19592,LP,1,107.9144549369812,0.6884176329103331,0.0,q0: start,q4486: companysong_0_major_4_6_5,q9377: positive,3600,2
0,out/models/model_spotify2000_model-it_9.pickle,8008,16550,LP,1,3600.0009388923645,0.0,0.0,q0: start,q7349: song_90_major_3_5_5,q7660: positive,3600,9
0,out/models/model_spotify2000_model-it_9.pickle,8008,16550,LP,1,3600.0021460056305,0.0,0.0,q0: start,q7359: song_10_major_3_5_6,q7660: positive,3600,9
0,out/models/model_spotify2000_model-it_9.pickle,8008,16550,LP,1,3600.0009639263153,0.0,0.0,q0: start,q6971: companysong_0_major_6_8_7,q7660: positive,3600,9
0,out/models/model_spotify3000_model-it_6.pickle,9582,20198,LP,1,416.8712661266327,0.6878653387338666,0.0,q0: start,q8526: companysong_90_major_7_6_5,q9514: positive,3600,2
0,out/models/model_spotify3000_model-it_7.pickle,9500,19592,LP,1,285.0317471027374,0.6884176329103331,0.0,q0: start,q7918: companysong_80_major_1_7_7,q9377: positive,3600,2
0,out/models/model_spotify3000_model-it_7.pickle,9500,19592,LP,1,303.85622382164,0.6884176329103331,0.0,q0: start,q7020: song_0_major_2_5_4,q9377: positive,3600,2
0,out/models/model_spotify3000_model-it_7.pickle,9500,19592,LP,1,128.91455602645874,0.6884176329103331,0.0,q0: start,q7311: song_70_minor_5_3_3,q9377: positive,3600,2
0,out/models/model_spotify3000_model-it_8.pickle,9516,19873,LP,1,16.70490312576294,0.6716389133396119,0.0,q0: start,q8912: song_70_minor_3_7_8,q9393: positive,3600,2
0,out/models/model_spotify3000_model-it_8.pickle,9516,19873,LP,1,57.85940194129944,0.6716389133396119,0.0,q0: start,q8886: companysong_70_minor_0_5_7,q9393: positive,3600,2
0,out/models/model_spotify3000_model-it_7.pickle,9500,19592,LP,1,271.9426300525665,0.6884176329103331,0.0,q0: start,q9411: song_80_major_0_4_7,q9377: positive,3600,2
0,out/models/model_spotify3000_model-it_7.pickle,9500,19592,LP,1,338.64778089523315,0.6884176329103331,0.0,q0: start,q8149: companysong_10_major_5_9_6,q9377: positive,3600,2
0,out/models/model_spotify3000_model-it_8.pickle,9516,19873,LP,1,138.29887104034424,0.6716389133396119,0.0,q0: start,q802: song_10_major_0_7_8,q9393: positive,3600,2
0,out/models/model_spotify3000_model-it_8.pickle,9516,19873,LP,1,191.44506192207336,0.6716389133396119,0.0,q0: start,q2906: song_70_major_0_3_4,q9393: positive,3600,2
0,out/models/model_spotify3000_model-it_6.pickle,9582,20198,LP,1,544.5089800357819,0.6878653387338666,0.0,q0: start,q3936: song_0_minor_3_5_6,q9514: positive,3600,2
0,out/models/model_spotify3000_model-it_7.pickle,9500,19592,LP,1,323.9731559753418,0.6884176329103331,0.0,q0: start,q6087: song_10_minor_2_6_2,q9377: positive,3600,2
0,out/models/model_spotify3000_model-it_8.pickle,9516,19873,LP,1,275.70455598831177,0.6716389133396119,0.0,q0: start,q2039: companysong_10_minor_0_3_7,q9393: positive,3600,2
0,out/models/model_spotify3000_model-it_8.pickle,9516,19873,LP,1,131.23329210281372,0.6716389133396119,0.0,q0: start,q884: song_0_major_0_4_8,q9393: positive,3600,2
0,out/models/model_spotify3000_model-it_8.pickle,9516,19873,LP,1,197.8370599746704,0.6716389133396119,0.0,q0: start,q3052: song_10_minor_2_9_2,q9393: positive,3600,2
0,out/models/model_spotify3000_model-it_7.pickle,9500,19592,LP,1,493.65142607688904,0.6884176329103331,0.0,q0: start,q6452: companysong_70_major_3_5_6,q9377: positive,3600,2
0,out/models/model_spotify3000_model-it_1.pickle,9350,19659,LP,1,3600.0117321014404,0.0,0.0,q0: start,q1441: song_70_major_2_4_5,q8711: positive,3600,9
0,out/models/model_spotify3000_model-it_1.pickle,9350,19659,LP,1,3600.0014259815216,0.0,0.0,q0: start,q8121: song_80_minor_1_1_9,q8711: positive,3600,9
0,out/models/model_spotify3000_model-it_1.pickle,9350,19659,LP,1,3600.004236936569,0.0,0.0,q0: start,q5077: companysong_60_major_1_5_4,q8711: positive,3600,9
0,out/models/model_spotify3000_model-it_8.pickle,9516,19873,LP,1,389.55742597579956,0.6716389133396119,0.0,q0: start,q6606: song_60_major_9_5_2,q9393: positive,3600,2
0,out/models/model_spotify3000_model-it_9.pickle,9328,19581,LP,1,199.27287697792053,0.7203325799920001,0.0,q0: start,q5016: song_90_major_5_6_3,q9068: positive,3600,2
0,out/models/model_spotify3000_model-it_9.pickle,9328,19581,LP,1,252.90807104110718,0.7203325799920001,0.0,q0: start,q1644: companysong_10_major_0_6_9,q9068: positive,3600,2
0,out/models/model_spotify3000_model-it_1.pickle,9350,19659,LP,1,3600.000939846039,0.0,0.0,q0: start,q2560: companysong_10_major_3_4_4,q8711: positive,3600,9
0,out/models/model_spotify4000_model-it_0.pickle,10730,22316,LP,1,27.269266843795776,0.6598356054683883,0.0,q0: start,q9615: companysong_80_major_2_3_7,q10439: positive,3600,2
0,out/models/model_spotify3000_model-it_1.pickle,9350,19659,LP,1,3600.0112369060516,0.0,0.0,q0: start,q1123: song_10_minor_0_4_6,q8711: positive,3600,9
0,out/models/model_spotify3000_model-it_1.pickle,9350,19659,LP,1,3600.0008749961853,0.0,0.0,q0: start,q6102: companysong_70_major_7_5_2,q8711: positive,3600,9
0,out/models/model_spotify3000_model-it_9.pickle,9328,19581,LP,1,194.4070110321045,0.7203325799920001,0.0,q0: start,q3149: companysong_10_minor_1_5_9,q9068: positive,3600,2
0,out/models/model_spotify3000_model-it_2.pickle,9502,19951,LP,1,3072.2207300662994,0.7283026368706292,0.0,q0: start,q2937: song_70_major_5_5_3,q9088: positive,3600,2
0,out/models/model_spotify3000_model-it_9.pickle,9328,19581,LP,1,357.2097358703613,0.7203325799920001,0.0,q0: start,q7211: companysong_10_major_9_6_4,q9068: positive,3600,2
0,out/models/model_spotify3000_model-it_4.pickle,9638,20344,LP,1,2245.1848409175873,0.6678476556791709,0.0,q0: start,q1219: song_10_major_4_4_4,q8958: positive,3600,2
0,out/models/model_spotify3000_model-it_9.pickle,9328,19581,LP,1,410.44498682022095,0.7203325799920001,0.0,q0: start,q2998: song_90_major_0_5_6,q9068: positive,3600,2
0,out/models/model_spotify3000_model-it_9.pickle,9328,19581,LP,1,285.2357568740845,0.7203325799920001,0.0,q0: start,q5491: companysong_90_major_9_6_1,q9068: positive,3600,2
0,out/models/model_spotify3000_model-it_9.pickle,9328,19581,LP,1,256.66462898254395,0.7203325799920001,0.0,q0: start,q6270: companysong_10_major_1_4_5,q9068: positive,3600,2
0,out/models/model_spotify3000_model-it_1.pickle,9350,19659,LP,1,3600.0007350444794,0.0,0.0,q0: start,q3335: companysong_0_major_0_5_7,q8711: positive,3600,9
0,out/models/model_spotify4000_model-it_0.pickle,10730,22316,LP,1,92.87231111526489,0.6598356054683894,0.0,q0: start,q5990: song_60_minor_4_1_4,q10439: positive,3600,2
0,out/models/model_spotify4000_model-it_0.pickle,10730,22316,LP,1,161.6831660270691,0.6598356054683894,0.0,q0: start,q4701: song_90_major_3_7_7,q10439: positive,3600,2
0,out/models/model_spotify3000_model-it_2.pickle,9502,19951,LP,1,3600.000823020935,0.0,0.0,q0: start,q3419: companysong_60_minor_1_5_4,q9088: positive,3600,9
0,out/models/model_spotify4000_model-it_0.pickle,10730,22316,LP,1,199.53179907798767,0.6598356054683894,0.0,q0: start,q8960: song_10_major_9_1_9,q10439: positive,3600,2
0,out/models/model_spotify3000_model-it_2.pickle,9502,19951,LP,1,3600.0085020065308,0.0,0.0,q0: start,q1843: companysong_10_minor_0_7_6,q9088: positive,3600,9
0,out/models/model_spotify3000_model-it_9.pickle,9328,19581,LP,1,326.34900307655334,0.7203325799920001,0.0,q0: start,q7198: companysong_70_major_7_2_3,q9068: positive,3600,2
0,out/models/model_spotify3000_model-it_9.pickle,9328,19581,LP,1,430.43708205223083,0.7203325799920001,0.0,q0: start,q2890: song_80_minor_3_7_2,q9068: positive,3600,2
0,out/models/model_spotify3000_model-it_5.pickle,9336,19704,LP,1,1756.8644199371338,0.6823120942610412,0.0,q0: start,q5800: song_90_minor_0_6_3,q9072: positive,3600,2
0,out/models/model_spotify3000_model-it_2.pickle,9502,19951,LP,1,3600.0010302066803,0.0,0.0,q0: start,q6996: song_70_major_8_7_7,q9088: positive,3600,9
0,out/models/model_spotify3000_model-it_2.pickle,9502,19951,LP,1,3600.0016210079193,0.0,0.0,q0: start,q7251: companysong_10_major_5_3_4,q9088: positive,3600,9
0,out/models/model_spotify4000_model-it_1.pickle,10806,23033,LP,1,4.689790964126587,0.6720081556746075,0.0,q0: start,q4304: song_10_major_4_2_6,q10055: positive,3600,2
0,out/models/model_spotify4000_model-it_0.pickle,10730,22316,LP,1,265.67387199401855,0.6598356054683883,0.0,q0: start,q10456: song_10_major_6_3_4,q10439: positive,3600,2
0,out/models/model_spotify3000_model-it_2.pickle,9502,19951,LP,1,3600.0012080669403,0.0,0.0,q0: start,q1844: companysong_10_major_0_8_6,q9088: positive,3600,9
0,out/models/model_spotify3000_model-it_2.pickle,9502,19951,LP,1,3600.0009500980377,0.0,0.0,q0: start,q7639: companysong_10_major_9_7_1,q9088: positive,3600,9
0,out/models/model_spotify4000_model-it_2.pickle,10492,22490,LP,1,6.960674047470093,0.6727215517868179,0.0,q0: start,q3478: song_70_major_2_5_6,q10041: positive,3600,2
0,out/models/model_spotify4000_model-it_2.pickle,10492,22490,LP,1,9.988429069519043,0.6727215517868179,0.0,q0: start,q2746: companysong_10_major_3_8_6,q10041: positive,3600,2
0,out/models/model_spotify4000_model-it_1.pickle,10806,23033,LP,1,219.08188915252686,0.6720081556746075,0.0,q0: start,q10163: companysong_60_minor_1_8_6,q10055: positive,3600,2
0,out/models/model_spotify4000_model-it_2.pickle,10492,22490,LP,1,7.753644227981567,0.6727215517868179,0.0,q0: start,q3314: song_0_minor_0_4_7,q10041: positive,3600,2
0,out/models/model_spotify3000_model-it_2.pickle,9502,19951,LP,1,3600.0007650852203,0.0,0.0,q0: start,q4998: song_10_minor_5_6_3,q9088: positive,3600,9
0,out/models/model_spotify4000_model-it_3.pickle,10512,22433,LP,1,33.73797416687012,0.6645175578508811,0.0,q0: start,q845: song_10_minor_0_8_6,q10389: positive,3600,2
0,out/models/model_spotify3000_model-it_9.pickle,9328,19581,LP,1,1012.2225079536438,0.7203325799920001,0.0,q0: start,q7203: companysong_10_major_7_5_0,q9068: positive,3600,2
0,out/models/model_spotify4000_model-it_0.pickle,10730,22316,LP,1,575.3461890220642,0.6598356054683894,0.0,q0: start,q3415: song_10_major_6_7_3,q10439: positive,3600,2
0,out/models/model_spotify4000_model-it_0.pickle,10730,22316,LP,1,488.18659687042236,0.6598356054683894,0.0,q0: start,q4692: song_10_major_5_7_8,q10439: positive,3600,2
0,out/models/model_spotify3000_model-it_2.pickle,9502,19951,LP,1,3600.0027709007263,0.0,0.0,q0: start,q1127: song_10_major_4_4_7,q9088: positive,3600,9
0,out/models/model_spotify3000_model-it_2.pickle,9502,19951,LP,1,3600.001752138138,0.0,0.0,q0: start,q3013: song_10_major_3_8_7,q9088: positive,3600,9
0,out/models/model_spotify4000_model-it_1.pickle,10806,23033,LP,1,286.3062570095062,0.6720081556746096,0.0,q0: start,q7305: song_10_major_9_5_5,q10055: positive,3600,2
0,out/models/model_spotify4000_model-it_2.pickle,10492,22490,LP,1,178.81994795799255,0.6727215517868179,0.0,q0: start,q3698: companysong_90_minor_0_3_7,q10041: positive,3600,2
0,out/models/model_spotify4000_model-it_2.pickle,10492,22490,LP,1,248.0164611339569,0.6727215517868179,0.0,q0: start,q2950: companysong_10_minor_3_8_6,q10041: positive,3600,2
0,out/models/model_spotify4000_model-it_3.pickle,10512,22433,LP,1,16.187842845916748,0.6645175578508804,0.0,q0: start,q8322: song_60_major_5_3_7,q10389: positive,3600,2
0,out/models/model_spotify4000_model-it_1.pickle,10806,23033,LP,1,430.9689338207245,0.6720081556746075,0.0,q0: start,q10318: companysong_10_major_8_1_1,q10055: positive,3600,2
0,out/models/model_spotify4000_model-it_1.pickle,10806,23033,LP,1,457.7488491535187,0.6720081556746075,0.0,q0: start,q1360: song_10_major_4_6_6,q10055: positive,3600,2
0,out/models/model_spotify4000_model-it_3.pickle,10512,22433,LP,1,290.1964340209961,0.66451755785088,0.0,q0: start,q7371: companysong_10_major_6_4_5,q10389: positive,3600,2
0,out/models/model_spotify4000_model-it_2.pickle,10492,22490,LP,1,506.8415858745575,0.6727215517868179,0.0,q0: start,q1735: song_10_major_5_9_4,q10041: positive,3600,2
0,out/models/model_spotify4000_model-it_3.pickle,10512,22433,LP,1,211.6987659931183,0.6645175578508811,0.0,q0: start,q2106: companysong_10_major_2_4_5,q10389: positive,3600,2
0,out/models/model_spotify4000_model-it_3.pickle,10512,22433,LP,1,266.32572197914124,0.6645175578508811,0.0,q0: start,q3821: companysong_70_major_0_4_6,q10389: positive,3600,2
0,out/models/model_spotify4000_model-it_3.pickle,10512,22433,LP,1,221.95975613594055,0.6645175578508811,0.0,q0: start,q3779: companysong_0_minor_0_7_5,q10389: positive,3600,2
0,out/models/model_spotify4000_model-it_3.pickle,10512,22433,LP,1,153.4221749305725,0.6645175578508804,0.0,q0: start,q7931: song_90_major_7_5_0,q10389: positive,3600,2
0,out/models/model_spotify4000_model-it_4.pickle,10442,22378,LP,1,116.40324902534485,0.686690328148533,0.0,q0: start,q3206: companysong_10_major_6_5_4,q9920: positive,3600,2
0,out/models/model_spotify4000_model-it_4.pickle,10442,22378,LP,1,53.25041389465332,0.6866903281485317,0.0,q0: start,q7178: song_0_major_2_8_7,q9920: positive,3600,2
0,out/models/model_spotify4000_model-it_1.pickle,10806,23033,LP,1,651.0846710205078,0.6720081556746096,0.0,q0: start,q10325: song_80_major_3_5_6,q10055: positive,3600,2
0,out/models/model_spotify4000_model-it_1.pickle,10806,23033,LP,1,725.456335067749,0.6720081556746075,0.0,q0: start,q1261: song_10_major_6_8_6,q10055: positive,3600,2
0,out/models/model_spotify4000_model-it_3.pickle,10512,22433,LP,1,304.84713983535767,0.6645175578508811,0.0,q0: start,q6629: companysong_90_major_0_3_7,q10389: positive,3600,2
0,out/models/model_spotify3000_model-it_6.pickle,9582,20198,LP,1,2181.258295059204,0.6878653387338666,0.0,q0: start,q1236: song_10_major_3_7_8,q9514: positive,3600,2
0,out/models/model_spotify3000_model-it_4.pickle,9638,20344,LP,1,3600.002166032791,0.0,0.0,q0: start,q4813: companysong_0_minor_0_3_8,q8958: positive,3600,9
0,out/models/model_spotify4000_model-it_4.pickle,10442,22378,LP,1,317.65376806259155,0.6866903281485317,0.0,q0: start,q8723: companysong_0_major_2_3_6,q9920: positive,3600,2
0,out/models/model_spotify3000_model-it_4.pickle,9638,20344,LP,1,3506.248878955841,0.66784765567917,0.0,q0: start,q1220: song_10_major_0_6_4,q8958: positive,3600,2
0,out/models/model_spotify4000_model-it_4.pickle,10442,22378,LP,1,604.5970540046692,0.686690328148533,0.0,q0: start,q2850: companysong_0_major_5_8_5,q9920: positive,3600,2
0,out/models/model_spotify4000_model-it_5.pickle,10906,23121,LP,1,367.2542610168457,0.6866304261206065,0.0,q0: start,q1972: companysong_10_major_1_5_7,q10785: positive,3600,2
0,out/models/model_spotify4000_model-it_5.pickle,10906,23121,LP,1,280.1164119243622,0.6866304261206065,0.0,q0: start,q1696: song_10_major_7_4_4,q10785: positive,3600,2
0,out/models/model_spotify4000_model-it_1.pickle,10806,23033,LP,1,1152.518159866333,0.6720081556746075,0.0,q0: start,q6263: song_10_major_6_7_7,q10055: positive,3600,2
0,out/models/model_spotify4000_model-it_4.pickle,10442,22378,LP,1,605.3840188980103,0.6866903281485317,0.0,q0: start,q8659: companysong_10_minor_6_3_6,q9920: positive,3600,2
0,out/models/model_spotify4000_model-it_5.pickle,10906,23121,LP,1,400.13992285728455,0.6866304261206065,0.0,q0: start,q10256: song_70_major_4_5_5,q10785: positive,3600,2
0,out/models/model_spotify4000_model-it_6.pickle,10358,22386,LP,1,111.51171493530273,0.670837233261104,0.0,q0: start,q2158: companysong_10_major_0_9_5,q10107: positive,3600,2
0,out/models/model_spotify4000_model-it_3.pickle,10512,22433,LP,1,816.4252409934998,0.6645175578508811,0.0,q0: start,q10018: song_70_minor_1_6_4,q10389: positive,3600,2
0,out/models/model_spotify4000_model-it_5.pickle,10906,23121,LP,1,350.30891585350037,0.6866304261206065,0.0,q0: start,q7855: companysong_90_major_4_6_4,q10785: positive,3600,2
0,out/models/model_spotify4000_model-it_0.pickle,10730,22316,LP,1,1711.571506023407,0.6598356054683894,0.0,q0: start,q2640: companysong_10_major_5_6_6,q10439: positive,3600,2
0,out/models/model_spotify4000_model-it_0.pickle,10730,22316,LP,1,1418.7290079593658,0.6598356054683883,0.0,q0: start,q1295: song_10_major_4_4_4,q10439: positive,3600,2
0,out/models/model_spotify4000_model-it_5.pickle,10906,23121,LP,1,438.14821219444275,0.6866304261206065,0.0,q0: start,q4559: song_90_major_2_7_5,q10785: positive,3600,2
0,out/models/model_spotify4000_model-it_5.pickle,10906,23121,LP,1,534.9111740589142,0.6866304261206065,0.0,q0: start,q4432: companysong_10_major_0_9_3,q10785: positive,3600,2
0,out/models/model_spotify4000_model-it_5.pickle,10906,23121,LP,1,403.5284538269043,0.6866304261206065,0.0,q0: start,q7782: song_90_major_1_6_7,q10785: positive,3600,2
0,out/models/model_spotify4000_model-it_5.pickle,10906,23121,LP,1,456.9778051376343,0.6866304261206065,0.0,q0: start,q5194: companysong_0_minor_2_7_7,q10785: positive,3600,2
0,out/models/model_spotify4000_model-it_6.pickle,10358,22386,LP,1,374.8786029815674,0.670837233261104,0.0,q0: start,q3483: song_0_major_2_4_8,q10107: positive,3600,2
0,out/models/model_spotify4000_model-it_4.pickle,10442,22378,LP,1,742.7537839412689,0.6866903281485317,0.0,q0: start,q10361: companysong_80_major_0_4_7,q9920: positive,3600,2
0,out/models/model_spotify4000_model-it_5.pickle,10906,23121,LP,1,522.5112071037292,0.6866304261206065,0.0,q0: start,q2385: companysong_10_minor_0_5_5,q10785: positive,3600,2
0,out/models/model_spotify4000_model-it_2.pickle,10492,22490,LP,1,1391.9094460010529,0.6727215517868179,0.0,q0: start,q2645: companysong_10_minor_1_4_6,q10041: positive,3600,2
0,out/models/model_spotify4000_model-it_6.pickle,10358,22386,LP,1,503.59382581710815,0.670837233261104,0.0,q0: start,q3561: song_10_minor_5_7_7,q10107: positive,3600,2
0,out/models/model_spotify3000_model-it_8.pickle,9516,19873,LP,1,2299.271283864975,0.6716389133396119,0.0,q0: start,q5818: song_70_major_2_8_9,q9393: positive,3600,2
0,out/models/model_spotify4000_model-it_2.pickle,10492,22490,LP,1,1489.3641619682312,0.6727215517868179,0.0,q0: start,q8559: companysong_0_major_8_5_8,q10041: positive,3600,2
0,out/models/model_spotify4000_model-it_4.pickle,10442,22378,LP,1,937.4259090423584,0.686690328148533,0.0,q0: start,q7311: song_10_major_8_5_4,q9920: positive,3600,2
0,out/models/model_spotify4000_model-it_7.pickle,10550,22538,LP,1,7.117280960083008,0.6738710450806366,0.0,q0: start,q9796: companysong_80_minor_1_4_4,q10105: positive,3600,2
0,out/models/model_spotify4000_model-it_7.pickle,10550,22538,LP,1,3.502791166305542,0.6738710450806366,0.0,q0: start,q5257: song_10_minor_6_3_8,q10105: positive,3600,2
0,out/models/model_spotify4000_model-it_7.pickle,10550,22538,LP,1,161.9298119544983,0.6738710450806248,0.0,q0: start,q9112: song_10_minor_1_4_7,q10105: positive,3600,2
0,out/models/model_spotify4000_model-it_7.pickle,10550,22538,LP,1,6.465306043624878,0.6738710450806366,0.0,q0: start,q10438: song_10_major_4_5_2,q10105: positive,3600,2
0,out/models/model_spotify4000_model-it_6.pickle,10358,22386,LP,1,559.6675379276276,0.670837233261104,0.0,q0: start,q6124: song_80_major_0_2_8,q10107: positive,3600,2
0,out/models/model_spotify4000_model-it_6.pickle,10358,22386,LP,1,522.0060069561005,0.6708372332611032,0.0,q0: start,q9559: song_10_minor_9_5_3,q10107: positive,3600,2
0,out/models/model_spotify4000_model-it_8.pickle,10770,22406,LP,1,6.556360960006714,0.6732431418882824,0.0,q0: start,q3285: song_0_major_0_8_7,q10083: positive,3600,2
0,out/models/model_spotify4000_model-it_6.pickle,10358,22386,LP,1,412.09551906585693,0.6708372332611033,0.0,q0: start,q8095: song_90_major_4_7_5,q10107: positive,3600,2
0,out/models/model_spotify4000_model-it_6.pickle,10358,22386,LP,1,386.71884298324585,0.6708372332611033,0.0,q0: start,q2305: companysong_10_major_2_6_6,q10107: positive,3600,2
0,out/models/model_spotify4000_model-it_6.pickle,10358,22386,LP,1,519.0568270683289,0.670837233261104,0.0,q0: start,q1165: song_10_minor_6_7_5,q10107: positive,3600,2
0,out/models/model_spotify4000_model-it_8.pickle,10770,22406,LP,1,6.76871395111084,0.6732431418882833,0.0,q0: start,q3359: song_80_minor_3_5_2,q10083: positive,3600,2
0,out/models/model_spotify4000_model-it_4.pickle,10442,22378,LP,1,1134.0344939231873,0.686690328148533,0.0,q0: start,q5383: song_60_major_8_3_1,q9920: positive,3600,2
0,out/models/model_spotify4000_model-it_5.pickle,10906,23121,LP,1,926.2505929470062,0.6866304261206065,0.0,q0: start,q2771: companysong_10_minor_6_7_6,q10785: positive,3600,2
0,out/models/model_spotify4000_model-it_7.pickle,10550,22538,LP,1,338.06333017349243,0.6738710450806366,0.0,q0: start,q10417: companysong_10_major_1_3_6,q10105: positive,3600,2
0,out/models/model_spotify4000_model-it_8.pickle,10770,22406,LP,1,6.149868011474609,0.6732431418882824,0.0,q0: start,q7544: companysong_0_minor_0_8_7,q10083: positive,3600,2
0,out/models/model_spotify4000_model-it_6.pickle,10358,22386,LP,1,873.8248610496521,0.6708372332611038,0.0,q0: start,q2855: companysong_70_major_1_4_4,q10107: positive,3600,2
0,out/models/model_spotify4000_model-it_8.pickle,10770,22406,LP,1,22.293949842453003,0.6732431418882824,0.0,q0: start,q5708: song_0_major_4_5_4,q10083: positive,3600,2
0,out/models/model_spotify4000_model-it_4.pickle,10442,22378,LP,1,1363.4732401371002,0.6866903281485317,0.0,q0: start,q6245: song_10_major_8_6_7,q9920: positive,3600,2
0,out/models/model_spotify4000_model-it_9.pickle,10810,23023,LP,1,54.8429000377655,0.6709650573885194,0.0,q0: start,q9950: song_80_minor_0_5_6,q10065: positive,3600,2
0,out/models/model_spotify4000_model-it_8.pickle,10770,22406,LP,1,346.7908709049225,0.6732431418882824,0.0,q0: start,q2289: companysong_10_major_5_4_5,q10083: positive,3600,2
0,out/models/model_spotify4000_model-it_9.pickle,10810,23023,LP,1,38.89525604248047,0.6709650573885194,0.0,q0: start,q9953: song_80_major_7_3_0,q10065: positive,3600,2
0,out/models/model_spotify4000_model-it_7.pickle,10550,22538,LP,1,635.7990550994873,0.6738710450806366,0.0,q0: start,q7541: song_10_minor_7_4_6,q10105: positive,3600,2
0,out/models/model_spotify4000_model-it_9.pickle,10810,23023,LP,1,18.075103998184204,0.6709650573885194,0.0,q0: start,q1522: song_70_major_1_4_8,q10065: positive,3600,2
0,out/models/model_spotify4000_model-it_7.pickle,10550,22538,LP,1,508.26194310188293,0.6738710450806366,0.0,q0: start,q7454: companysong_90_minor_3_7_7,q10105: positive,3600,2
0,out/models/model_spotify5000_model-it_0.pickle,11762,25385,LP,1,50.567111015319824,0.6741631998388903,0.0,q0: start,q775: song_10_major_0_7_9,q10960: positive,3600,2
0,out/models/model_spotify4000_model-it_9.pickle,10810,23023,LP,1,312.22615814208984,0.6709650573885194,0.0,q0: start,q7505: song_10_major_1_5_2,q10065: positive,3600,2
0,out/models/model_spotify4000_model-it_9.pickle,10810,23023,LP,1,435.4916019439697,0.6709650573885192,0.0,q0: start,q10653: song_10_minor_6_7_2,q10065: positive,3600,2
0,out/models/model_spotify4000_model-it_9.pickle,10810,23023,LP,1,361.08562684059143,0.6709650573885194,0.0,q0: start,q7532: companysong_10_minor_3_4_9,q10065: positive,3600,2
0,out/models/model_spotify4000_model-it_7.pickle,10550,22538,LP,1,992.5651319026947,0.6738710450806366,0.0,q0: start,q2101: companysong_10_minor_0_7_8,q10105: positive,3600,2
0,out/models/model_spotify4000_model-it_6.pickle,10358,22386,LP,1,1048.999741077423,0.6708372332611038,0.0,q0: start,q2494: companysong_10_minor_2_9_2,q10107: positive,3600,2
0,out/models/model_spotify3000_model-it_8.pickle,9516,19873,LP,1,3600.0088691711426,0.0,0.0,q0: start,q2085: companysong_90_minor_3_6_4,q9393: positive,3600,9
0,out/models/model_spotify4000_model-it_8.pickle,10770,22406,LP,1,791.9146609306335,0.6732431418882824,0.0,q0: start,q4032: companysong_60_major_2_5_3,q10083: positive,3600,2
0,out/models/model_spotify5000_model-it_1.pickle,11698,25223,LP,1,58.51305103302002,0.6830035157819998,0.0,q0: start,q1064: song_90_major_0_3_9,q10914: positive,3600,2
0,out/models/model_spotify5000_model-it_0.pickle,11762,25385,LP,1,193.3882520198822,0.67416319983889,0.0,q0: start,q3609: companysong_50_major_6_6_5,q10960: positive,3600,2
0,out/models/model_spotify4000_model-it_9.pickle,10810,23023,LP,1,625.9404230117798,0.6709650573885194,0.0,q0: start,q5192: companysong_90_minor_0_7_8,q10065: positive,3600,2
0,out/models/model_spotify5000_model-it_1.pickle,11698,25223,LP,1,225.33587002754211,0.6830035157819998,0.0,q0: start,q3865: song_0_minor_0_7_3,q10914: positive,3600,2
0,out/models/model_spotify5000_model-it_1.pickle,11698,25223,LP,1,27.40373992919922,0.6830035157819998,0.0,q0: start,q7182: song_90_minor_0_4_7,q10914: positive,3600,2
0,out/models/model_spotify5000_model-it_0.pickle,11762,25385,LP,1,672.7856380939484,0.6741631998388903,0.0,q0: start,q6140: song_10_major_8_3_2,q10960: positive,3600,2
0,out/models/model_spotify5000_model-it_0.pickle,11762,25385,LP,1,564.3551468849182,0.6741631998388903,0.0,q0: start,q2115: song_70_major_8_5_4,q10960: positive,3600,2
0,out/models/model_spotify5000_model-it_2.pickle,11592,25079,LP,1,22.692699193954468,0.6788157066586922,0.0,q0: start,q11228: song_80_major_3_5_3,q10915: positive,3600,2
0,out/models/model_spotify4000_model-it_9.pickle,10810,23023,LP,1,1098.4155068397522,0.6709650573885194,0.0,q0: start,q3589: song_10_major_8_4_5,q10065: positive,3600,2
0,out/models/model_spotify4000_model-it_7.pickle,10550,22538,LP,1,1623.8602259159088,0.6738710450806366,0.0,q0: start,q4360: companysong_10_major_7_7_3,q10105: positive,3600,2
0,out/models/model_spotify4000_model-it_2.pickle,10492,22490,LP,1,3087.134689092636,0.6727215517868179,0.0,q0: start,q9473: song_60_major_0_4_5,q10041: positive,3600,2
0,out/models/model_spotify4000_model-it_8.pickle,10770,22406,LP,1,1298.4940798282623,0.673243141888284,0.0,q0: start,q6899: song_60_minor_2_3_4,q10083: positive,3600,2
0,out/models/model_spotify5000_model-it_2.pickle,11592,25079,LP,1,22.514866828918457,0.6788157066586922,0.0,q0: start,q8948: companysong_90_minor_3_2_4,q10915: positive,3600,2
0,out/models/model_spotify5000_model-it_2.pickle,11592,25079,LP,1,153.95070505142212,0.6788157066586922,0.0,q0: start,q9938: song_10_minor_7_7_7,q10915: positive,3600,2
0,out/models/model_spotify5000_model-it_2.pickle,11592,25079,LP,1,126.73021292686462,0.6788157066586936,0.0,q0: start,q5446: companysong_10_minor_5_5_7,q10915: positive,3600,2
0,out/models/model_spotify5000_model-it_0.pickle,11762,25385,LP,1,841.8539969921112,0.6741631998388903,0.0,q0: start,q5795: song_10_minor_3_5_3,q10960: positive,3600,2
0,out/models/model_spotify5000_model-it_2.pickle,11592,25079,LP,1,90.170982837677,0.6788157066586936,0.0,q0: start,q5916: song_0_minor_0_4_5,q10915: positive,3600,2
0,out/models/model_spotify4000_model-it_8.pickle,10770,22406,LP,1,1587.8863289356232,0.6732431418882824,0.0,q0: start,q895: song_10_major_2_8_6,q10083: positive,3600,2
0,out/models/model_spotify5000_model-it_2.pickle,11592,25079,LP,1,212.17112493515015,0.6788157066586922,0.0,q0: start,q7169: song_10_minor_3_4_8,q10915: positive,3600,2
0,out/models/model_spotify4000_model-it_8.pickle,10770,22406,LP,1,1523.877375125885,0.6732431418882824,0.0,q0: start,q8099: companysong_10_minor_7_9_4,q10083: positive,3600,2
0,out/models/model_spotify4000_model-it_0.pickle,10730,22316,LP,1,3600.002322912216,0.0,0.0,q0: start,q3048: companysong_10_major_8_4_3,q10439: positive,3600,9
0,out/models/model_spotify5000_model-it_0.pickle,11762,25385,LP,1,1025.421203136444,0.6741631998388903,0.0,q0: start,q5842: companysong_0_major_1_7_6,q10960: positive,3600,2
0,out/models/model_spotify5000_model-it_0.pickle,11762,25385,LP,1,1146.724958896637,0.6741631998388903,0.0,q0: start,q4288: companysong_90_minor_0_5_7,q10960: positive,3600,2
0,out/models/model_spotify5000_model-it_1.pickle,11698,25223,LP,1,784.8586120605469,0.6830035157819998,0.0,q0: start,q7394: song_90_major_9_6_3,q10914: positive,3600,2
0,out/models/model_spotify5000_model-it_2.pickle,11592,25079,LP,1,65.04005908966064,0.6788157066586922,0.0,q0: start,q4346: companysong_10_minor_0_4_4,q10915: positive,3600,2
0,out/models/model_spotify4000_model-it_9.pickle,10810,23023,LP,1,1379.183142900467,0.6709650573885194,0.0,q0: start,q2928: companysong_10_minor_5_4_8,q10065: positive,3600,2
0,out/models/model_spotify4000_model-it_1.pickle,10806,23033,LP,1,3600.0011711120605,0.0,0.0,q0: start,q9222: companysong_80_major_8_5_1,q10055: positive,3600,9
0,out/models/model_spotify4000_model-it_1.pickle,10806,23033,LP,1,3600.001037120819,0.0,0.0,q0: start,q3396: song_90_major_3_6_7,q10055: positive,3600,9
0,out/models/model_spotify4000_model-it_2.pickle,10492,22490,LP,1,3600.001044034958,0.0,0.0,q0: start,q9518: companysong_10_minor_3_5_1,q10041: positive,3600,9
0,out/models/model_spotify5000_model-it_1.pickle,11698,25223,LP,1,1069.2219038009644,0.6830035157819998,0.0,q0: start,q3156: companysong_10_major_6_6_4,q10914: positive,3600,2
0,out/models/model_spotify5000_model-it_4.pickle,11758,25224,LP,1,90.46223998069763,0.678898905800614,0.0,q0: start,q10140: companysong_60_major_0_6_4,q11622: positive,3600,2
0,out/models/model_spotify4000_model-it_7.pickle,10550,22538,LP,1,2277.8848049640656,0.6738710450806366,0.0,q0: start,q4998: song_10_minor_3_6_6,q10105: positive,3600,2
0,out/models/model_spotify5000_model-it_1.pickle,11698,25223,LP,1,1054.9521050453186,0.6830035157819998,0.0,q0: start,q9151: song_70_major_9_2_2,q10914: positive,3600,2
0,out/models/model_spotify5000_model-it_4.pickle,11758,25224,LP,1,73.31715989112854,0.6788989058005904,0.0,q0: start,q7553: song_90_minor_2_7_7,q11622: positive,3600,2
0,out/models/model_spotify5000_model-it_3.pickle,11732,25315,LP,1,385.25578689575195,0.6789614680971864,0.0,q0: start,q11724: song_70_minor_0_3_4,q10963: positive,3600,2
0,out/models/model_spotify4000_model-it_3.pickle,10512,22433,LP,1,3600.0014181137085,0.0,0.0,q0: start,q2204: companysong_10_major_1_8_7,q10389: positive,3600,9
0,out/models/model_spotify5000_model-it_3.pickle,11732,25315,LP,1,490.01494097709656,0.6789614680971864,0.0,q0: start,q7745: song_0_minor_7_1_3,q10963: positive,3600,2
0,out/models/model_spotify5000_model-it_4.pickle,11758,25224,LP,1,373.0185980796814,0.678898905800614,0.0,q0: start,q5840: companysong_0_major_5_8_6,q11622: positive,3600,2
0,out/models/model_spotify5000_model-it_3.pickle,11732,25315,LP,1,530.9344129562378,0.6789614680971864,0.0,q0: start,q4872: song_10_major_7_3_5,q10963: positive,3600,2
0,out/models/model_spotify5000_model-it_2.pickle,11592,25079,LP,1,722.3775680065155,0.6788157066586922,0.0,q0: start,q2805: companysong_10_minor_0_8_3,q10915: positive,3600,2
0,out/models/model_spotify5000_model-it_4.pickle,11758,25224,LP,1,364.63899302482605,0.678898905800614,0.0,q0: start,q11121: companysong_90_major_5_8_7,q11622: positive,3600,2
0,out/models/model_spotify5000_model-it_2.pickle,11592,25079,LP,1,882.8679239749908,0.6788157066586922,0.0,q0: start,q8543: companysong_70_major_2_4_7,q10915: positive,3600,2
0,out/models/model_spotify5000_model-it_4.pickle,11758,25224,LP,1,316.4214758872986,0.678898905800614,0.0,q0: start,q11598: song_90_major_9_4_0,q11622: positive,3600,2
0,out/models/model_spotify5000_model-it_3.pickle,11732,25315,LP,1,676.5509309768677,0.6789614680971864,0.0,q0: start,q5759: companysong_90_major_3_7_6,q10963: positive,3600,2
0,out/models/model_spotify4000_model-it_4.pickle,10442,22378,LP,1,3600.0050568580627,0.0,0.0,q0: start,q1265: song_10_minor_4_8_5,q9920: positive,3600,9
0,out/models/model_spotify5000_model-it_4.pickle,11758,25224,LP,1,453.9637441635132,0.6788989058006137,0.0,q0: start,q7032: song_10_major_0_3_3,q11622: positive,3600,2
0,out/models/model_spotify5000_model-it_5.pickle,11654,24584,LP,1,226.72091484069824,0.6748999430870173,0.0,q0: start,q2852: companysong_0_minor_1_7_7,q11245: positive,3600,2
0,out/models/model_spotify5000_model-it_2.pickle,11592,25079,LP,1,1478.938815832138,0.6788157066586918,0.0,q0: start,q1593: song_10_major_1_8_8,q10915: positive,3600,2
0,out/models/model_spotify5000_model-it_5.pickle,11654,24584,LP,1,71.21666502952576,0.6748999430870171,0.0,q0: start,q10204: song_80_major_3_4_5,q11245: positive,3600,2
0,out/models/model_spotify5000_model-it_6.pickle,11614,24955,LP,1,108.86139106750488,0.6812195335848849,0.0,q0: start,q5711: song_10_major_1_7_3,q10822: positive,3600,2
0,out/models/model_spotify5000_model-it_1.pickle,11698,25223,LP,1,2132.438871860504,0.6830035157819971,0.0,q0: start,q5865: companysong_0_major_3_7_6,q10914: positive,3600,2
0,out/models/model_spotify5000_model-it_5.pickle,11654,24584,LP,1,265.59710693359375,0.6748999430870173,0.0,q0: start,q5397: companysong_60_minor_1_5_7,q11245: positive,3600,2
0,out/models/model_spotify5000_model-it_1.pickle,11698,25223,LP,1,2146.906903028488,0.6830035157819998,0.0,q0: start,q10444: song_90_major_6_6_7,q10914: positive,3600,2
0,out/models/model_spotify5000_model-it_6.pickle,11614,24955,LP,1,211.83332300186157,0.6812195335848866,0.0,q0: start,q7171: companysong_10_major_0_2_4,q10822: positive,3600,2
0,out/models/model_spotify5000_model-it_6.pickle,11614,24955,LP,1,127.8473150730133,0.6812195335848849,0.0,q0: start,q4379: companysong_0_major_2_7_5,q10822: positive,3600,2
0,out/models/model_spotify5000_model-it_6.pickle,11614,24955,LP,1,116.43684411048889,0.6812195335848849,0.0,q0: start,q1840: song_10_major_6_6_4,q10822: positive,3600,2
0,out/models/model_spotify5000_model-it_4.pickle,11758,25224,LP,1,879.3005709648132,0.678898905800614,0.0,q0: start,q5015: song_10_major_1_6_3,q11622: positive,3600,2
0,out/models/model_spotify5000_model-it_5.pickle,11654,24584,LP,1,886.6738638877869,0.6748999430870173,0.0,q0: start,q1291: song_10_minor_3_8_7,q11245: positive,3600,2
0,out/models/model_spotify5000_model-it_5.pickle,11654,24584,LP,1,480.63965606689453,0.6748999430870173,0.0,q0: start,q3983: song_0_major_5_4_4,q11245: positive,3600,2
0,out/models/model_spotify5000_model-it_6.pickle,11614,24955,LP,1,327.52552103996277,0.6812195335848849,0.0,q0: start,q1399: song_0_major_0_5_6,q10822: positive,3600,2
0,out/models/model_spotify5000_model-it_6.pickle,11614,24955,LP,1,263.9547710418701,0.6812195335848849,0.0,q0: start,q3103: companysong_10_minor_8_7_5,q10822: positive,3600,2
0,out/models/model_spotify5000_model-it_6.pickle,11614,24955,LP,1,407.1723690032959,0.6812195335848849,0.0,q0: start,q10888: companysong_10_major_4_4_6,q10822: positive,3600,2
0,out/models/model_spotify5000_model-it_5.pickle,11654,24584,LP,1,676.0353951454163,0.6748999430870173,0.0,q0: start,q9981: companysong_80_major_4_6_4,q11245: positive,3600,2
0,out/models/model_spotify5000_model-it_3.pickle,11732,25315,LP,1,1478.9427149295807,0.6789614680971857,0.0,q0: start,q8861: song_70_minor_2_6_1,q10963: positive,3600,2
0,out/models/model_spotify5000_model-it_4.pickle,11758,25224,LP,1,1517.3392779827118,0.678898905800614,0.0,q0: start,q2070: song_10_minor_9_2_0,q11622: positive,3600,2
0,out/models/model_spotify4000_model-it_8.pickle,10770,22406,LP,1,3600.000913143158,0.0,0.0,q0: start,q2008: companysong_10_minor_0_5_9,q10083: positive,3600,9
0,out/models/model_spotify5000_model-it_8.pickle,11852,25520,LP,1,34.152246952056885,0.672709608035323,0.0,q0: start,q4990: companysong_10_major_2_5_4,q11664: positive,3600,2
0,out/models/model_spotify5000_model-it_8.pickle,11852,25520,LP,1,206.989266872406,0.672709608035323,0.0,q0: start,q11672: song_0_major_6_4_5,q11664: positive,3600,2
0,out/models/model_spotify5000_model-it_5.pickle,11654,24584,LP,1,1105.017473936081,0.6748999430870173,0.0,q0: start,q1928: song_10_minor_5_7_6,q11245: positive,3600,2
0,out/models/model_spotify5000_model-it_8.pickle,11852,25520,LP,1,40.95247411727905,0.672709608035323,0.0,q0: start,q5961: companysong_60_major_1_5_5,q11664: positive,3600,2
0,out/models/model_spotify4000_model-it_9.pickle,10810,23023,LP,1,3600.0007090568542,0.0,0.0,q0: start,q776: song_10_major_0_5_8,q10065: positive,3600,9
0,out/models/model_spotify5000_model-it_8.pickle,11852,25520,LP,1,89.72046899795532,0.672709608035323,0.0,q0: start,q2594: companysong_10_major_1_4_6,q11664: positive,3600,2
0,out/models/model_spotify5000_model-it_8.pickle,11852,25520,LP,1,322.75805497169495,0.672709608035323,0.0,q0: start,q6588: companysong_70_major_1_4_5,q11664: positive,3600,2
0,out/models/model_spotify5000_model-it_5.pickle,11654,24584,LP,1,1743.010684967041,0.6748999430870173,0.0,q0: start,q7083: companysong_10_major_2_6_3,q11245: positive,3600,2
0,out/models/model_spotify5000_model-it_0.pickle,11762,25385,LP,1,3600.0009140968323,0.0,0.0,q0: start,q4415: companysong_10_major_1_5_9,q10960: positive,3600,9
0,out/models/model_spotify5000_model-it_6.pickle,11614,24955,LP,1,1246.824464082718,0.6812195335848872,0.0,q0: start,q10277: companysong_80_major_1_6_3,q10822: positive,3600,2
0,out/models/model_spotify5000_model-it_5.pickle,11654,24584,LP,1,1790.0423901081085,0.6748999430870173,0.0,q0: start,q3557: companysong_10_minor_4_7_6,q11245: positive,3600,2
0,out/models/model_spotify5000_model-it_8.pickle,11852,25520,LP,1,382.3655741214752,0.672709608035323,0.0,q0: start,q11384: companysong_50_major_9_6_1,q11664: positive,3600,2
0,out/models/model_spotify5000_model-it_4.pickle,11758,25224,LP,1,2071.2063829898834,0.678898905800614,0.0,q0: start,q6309: song_90_major_3_4_5,q11622: positive,3600,2
0,out/models/model_spotify5000_model-it_8.pickle,11852,25520,LP,1,90.9600760936737,0.672709608035323,0.0,q0: start,q2651: companysong_10_major_3_6_6,q11664: positive,3600,2
0,out/models/model_spotify5000_model-it_0.pickle,11762,25385,LP,1,3600.0014140605927,0.0,0.0,q0: start,q11349: companysong_10_major_2_5_1,q10960: positive,3600,9
0,out/models/model_spotify5000_model-it_6.pickle,11614,24955,LP,1,1359.1101958751678,0.6812195335848849,0.0,q0: start,q7058: song_0_minor_6_2_4,q10822: positive,3600,2
0,out/models/model_spotify5000_model-it_0.pickle,11762,25385,LP,1,3600.0110399723053,0.0,0.0,q0: start,q8470: song_80_major_1_7_4,q10960: positive,3600,9
0,out/models/model_spotify5000_model-it_1.pickle,11698,25223,LP,1,3600.0021221637726,0.0,0.0,q0: start,q5124: song_60_minor_1_5_7,q10914: positive,3600,9
0,out/models/model_spotify5000_model-it_9.pickle,11728,25274,LP,1,280.3421518802643,0.6751930616263708,0.0,q0: start,q2048: song_10_major_9_4_4,q11648: positive,3600,2
0,out/models/model_spotify5000_model-it_8.pickle,11852,25520,LP,1,325.1217830181122,0.672709608035323,0.0,q0: start,q2313: companysong_10_major_0_6_5,q11664: positive,3600,2
0,out/models/model_spotify5000_model-it_8.pickle,11852,25520,LP,1,819.5012228488922,0.672709608035323,0.0,q0: start,q10016: song_90_major_4_5_8,q11664: positive,3600,2
0,out/models/model_spotify5000_model-it_9.pickle,11728,25274,LP,1,181.4491729736328,0.6751930616263688,0.0,q0: start,q7145: companysong_90_major_3_5_8,q11648: positive,3600,2
0,out/models/model_spotify5000_model-it_1.pickle,11698,25223,LP,1,3600.0053091049194,0.0,0.0,q0: start,q5857: companysong_0_major_2_7_5,q10914: positive,3600,9
0,out/models/model_spotify5000_model-it_9.pickle,11728,25274,LP,1,382.3130679130554,0.6751930616263684,0.0,q0: start,q7153: companysong_70_major_9_2_0,q11648: positive,3600,2
0,out/models/model_spotify5000_model-it_8.pickle,11852,25520,LP,1,990.8179640769958,0.672709608035323,0.0,q0: start,q1018: song_0_major_0_2_9,q11664: positive,3600,2
0,out/models/model_spotify5000_model-it_9.pickle,11728,25274,LP,1,339.2425148487091,0.6751930616263684,0.0,q0: start,q9863: companysong_60_major_7_7_6,q11648: positive,3600,2
0,out/models/model_spotify5000_model-it_9.pickle,11728,25274,LP,1,636.051393032074,0.6751930616263685,0.0,q0: start,q2949: companysong_70_major_2_5_4,q11648: positive,3600,2
0,out/models/model_spotify5000_model-it_5.pickle,11654,24584,LP,1,2472.9309351444244,0.6748999430870175,0.0,q0: start,q7158: companysong_10_minor_3_3_6,q11245: positive,3600,2
0,out/models/model_spotify5000_model-it_6.pickle,11614,24955,LP,1,2199.00581908226,0.6812195335848872,0.0,q0: start,q6910: companysong_70_major_9_2_0,q10822: positive,3600,2
0,out/models/model_spotify5000_model-it_3.pickle,11732,25315,LP,1,3600.001359939575,0.0,0.0,q0: start,q7035: song_60_major_3_5_8,q10963: positive,3600,9
0,out/models/model_spotify5000_model-it_3.pickle,11732,25315,LP,1,3600.001428127289,0.0,0.0,q0: start,q5611: song_60_major_0_4_9,q10963: positive,3600,9
0,out/models/model_spotify5000_model-it_3.pickle,11732,25315,LP,1,3600.001211166382,0.0,0.0,q0: start,q3746: song_0_minor_0_9_6,q10963: positive,3600,9
0,out/models/model_spotify5000_model-it_3.pickle,11732,25315,LP,1,3600.000597000122,0.0,0.0,q0: start,q3139: companysong_90_major_1_8_6,q10963: positive,3600,9
0,out/models/model_spotify5000_model-it_3.pickle,11732,25315,LP,1,3600.0175261497498,0.0,0.0,q0: start,q3667: companysong_10_minor_8_5_9,q10963: positive,3600,9
0,out/models/model_spotify5000_model-it_9.pickle,11728,25274,LP,1,1339.0557811260223,0.67519306162637,0.0,q0: start,q6660: companysong_90_major_5_6_3,q11648: positive,3600,2
0,out/models/model_spotify5000_model-it_4.pickle,11758,25224,LP,1,3600.003472805023,0.0,0.0,q0: start,q3272: companysong_10_minor_7_7_1,q11622: positive,3600,9
0,out/models/model_spotify5000_model-it_9.pickle,11728,25274,LP,1,1561.4356009960175,0.6751930616263708,0.0,q0: start,q8308: companysong_10_minor_5_7_9,q11648: positive,3600,2
0,out/models/model_spotify5000_model-it_9.pickle,11728,25274,LP,1,2314.2334520816803,0.6751930616263708,0.0,q0: start,q8028: companysong_10_major_1_7_2,q11648: positive,3600,2
0,out/models/model_spotify5000_model-it_7.pickle,11544,24975,LP,1,3600.00306391716,0.0,0.0,q0: start,q2917: companysong_10_major_0_8_3,q11208: positive,3600,9
0,out/models/model_spotify5000_model-it_7.pickle,11544,24975,LP,1,3600.0008141994476,0.0,0.0,q0: start,q4841: song_10_minor_9_7_4,q11208: positive,3600,9
0,out/models/model_spotify5000_model-it_7.pickle,11544,24975,LP,1,3600.0008730888367,0.0,0.0,q0: start,q2639: companysong_90_major_0_6_9,q11208: positive,3600,9
0,out/models/model_spotify5000_model-it_7.pickle,11544,24975,LP,1,3600.0029470920563,0.0,0.0,q0: start,q9968: companysong_90_minor_6_5_5,q11208: positive,3600,9
0,out/models/model_spotify5000_model-it_7.pickle,11544,24975,LP,1,3600.0010521411896,0.0,0.0,q0: start,q2815: companysong_10_major_3_7_5,q11208: positive,3600,9
0,out/models/model_spotify5000_model-it_7.pickle,11544,24975,LP,1,3600.0014300346375,0.0,0.0,q0: start,q6159: companysong_10_major_6_6_5,q11208: positive,3600,9
0,out/models/model_spotify5000_model-it_7.pickle,11544,24975,LP,1,3600.0017969608307,0.0,0.0,q0: start,q3170: companysong_10_minor_7_7_4,q11208: positive,3600,9
0,out/models/model_spotify5000_model-it_7.pickle,11544,24975,LP,1,3600.007843017578,0.0,0.0,q0: start,q6045: companysong_10_major_1_0_9,q11208: positive,3600,9
0,out/models/model_spotify5000_model-it_7.pickle,11544,24975,LP,1,3600.0019249916077,0.0,0.0,q0: start,q1727: song_60_major_0_5_7,q11208: positive,3600,9
0,out/models/model_spotify5000_model-it_7.pickle,11544,24975,LP,1,3600.0157239437103,0.0,0.0,q0: start,q2531: companysong_90_minor_0_6_7,q11208: positive,3600,9
0,out/models/model_spotify5000_model-it_9.pickle,11728,25274,LP,1,3600.0022699832916,0.0,0.0,q0: start,q4040: song_10_minor_3_9_8,q11648: positive,3600,9
0,out/models/model_spotify5000_model-it_9.pickle,11728,25274,LP,1,3600.0008368492126,0.0,0.0,q0: start,q6776: song_90_major_2_4_7,q11648: positive,3600,9
0,out/models/model_spotify6000_model-it_0.pickle,12518,27296,LP,1,13.709533929824829,0.6743012699738032,0.0,q0: start,q10172: companysong_0_minor_2_3_3,q11696: positive,3600,2
0,out/models/model_spotify6000_model-it_2.pickle,12536,27295,LP,1,23.278429985046387,0.6712235855285447,0.0,q0: start,q5911: companysong_70_major_3_3_3,q11692: positive,3600,2
0,out/models/model_spotify6000_model-it_2.pickle,12536,27295,LP,1,63.96025800704956,0.6712235855285447,0.0,q0: start,q5650: song_0_major_1_5_6,q11692: positive,3600,2
0,out/models/model_spotify6000_model-it_0.pickle,12518,27296,LP,1,70.53733587265015,0.674301269973806,0.0,q0: start,q7266: song_50_major_0_4_9,q11696: positive,3600,2
0,out/models/model_spotify6000_model-it_0.pickle,12518,27296,LP,1,84.85827589035034,0.6743012699738061,0.0,q0: start,q6524: song_10_major_1_3_9,q11696: positive,3600,2
0,out/models/model_spotify6000_model-it_2.pickle,12536,27295,LP,1,162.60774898529053,0.6712235855285466,0.0,q0: start,q11981: companysong_10_major_5_9_2,q11692: positive,3600,2
0,out/models/model_spotify6000_model-it_3.pickle,12418,27057,LP,1,167.01234483718872,0.6773319706547059,0.0,q0: start,q9040: song_0_minor_0_3_6,q11628: positive,3600,2
0,out/models/model_spotify6000_model-it_0.pickle,12518,27296,LP,1,264.76038098335266,0.6743012699738061,0.0,q0: start,q2297: song_0_major_9_4_0,q11696: positive,3600,2
0,out/models/model_spotify6000_model-it_3.pickle,12418,27057,LP,1,345.36093401908875,0.6773319706547059,0.0,q0: start,q3409: companysong_10_minor_9_3_2,q11628: positive,3600,2
0,out/models/model_spotify6000_model-it_0.pickle,12518,27296,LP,1,316.8518979549408,0.6743012699738061,0.0,q0: start,q9971: song_70_minor_4_6_6,q11696: positive,3600,2
0,out/models/model_spotify6000_model-it_3.pickle,12418,27057,LP,1,380.5062780380249,0.6773319706547059,0.0,q0: start,q3838: companysong_10_minor_6_3_5,q11628: positive,3600,2
0,out/models/model_spotify6000_model-it_0.pickle,12518,27296,LP,1,392.0526421070099,0.6743012699738056,0.0,q0: start,q1304: song_10_minor_3_6_5,q11696: positive,3600,2
0,out/models/model_spotify6000_model-it_3.pickle,12418,27057,LP,1,421.15885877609253,0.6773319706547059,0.0,q0: start,q1000: song_10_minor_1_7_6,q11628: positive,3600,2
0,out/models/model_spotify6000_model-it_3.pickle,12418,27057,LP,1,489.9972860813141,0.6773319706547059,0.0,q0: start,q1983: song_10_minor_0_8_2,q11628: positive,3600,2
0,out/models/model_spotify6000_model-it_3.pickle,12418,27057,LP,1,569.0092380046844,0.6773319706547059,0.0,q0: start,q8396: song_80_major_1_6_9,q11628: positive,3600,2
0,out/models/model_spotify6000_model-it_2.pickle,12536,27295,LP,1,614.2673189640045,0.6712235855285447,0.0,q0: start,q10436: companysong_90_major_0_4_4,q11692: positive,3600,2
0,out/models/model_spotify6000_model-it_0.pickle,12518,27296,LP,1,616.3534438610077,0.674301269973806,0.0,q0: start,q11738: companysong_50_major_6_5_5,q11696: positive,3600,2
0,out/models/model_spotify6000_model-it_2.pickle,12536,27295,LP,1,630.8893899917603,0.6712235855285466,0.0,q0: start,q6801: companysong_80_major_7_4_2,q11692: positive,3600,2
0,out/models/model_spotify6000_model-it_2.pickle,12536,27295,LP,1,645.8730888366699,0.6712235855285447,0.0,q0: start,q7649: song_90_major_9_6_1,q11692: positive,3600,2
0,out/models/model_spotify6000_model-it_2.pickle,12536,27295,LP,1,680.0725281238556,0.6712235855285447,0.0,q0: start,q10941: song_80_major_2_6_5,q11692: positive,3600,2
0,out/models/model_spotify6000_model-it_4.pickle,12556,27171,LP,1,22.76065993309021,0.6735629539027758,0.0,q0: start,q12545: companysong_90_major_2_7_7,q11686: positive,3600,2
0,out/models/model_spotify6000_model-it_3.pickle,12418,27057,LP,1,771.6097588539124,0.6773319706547059,0.0,q0: start,q3003: companysong_10_major_2_6_5,q11628: positive,3600,2
0,out/models/model_spotify6000_model-it_3.pickle,12418,27057,LP,1,816.989688873291,0.6773319706547059,0.0,q0: start,q10929: song_70_major_5_2_5,q11628: positive,3600,2
0,out/models/model_spotify6000_model-it_3.pickle,12418,27057,LP,1,855.7571349143982,0.6773319706547078,0.0,q0: start,q2953: companysong_10_major_3_4_5,q11628: positive,3600,2
0,out/models/model_spotify6000_model-it_0.pickle,12518,27296,LP,1,880.754635810852,0.6743012699738061,0.0,q0: start,q1021: song_10_minor_1_8_6,q11696: positive,3600,2
0,out/models/model_spotify6000_model-it_4.pickle,12556,27171,LP,1,23.25816798210144,0.6735629539027758,0.0,q0: start,q12367: song_10_major_7_5_9,q11686: positive,3600,2
0,out/models/model_spotify6000_model-it_4.pickle,12556,27171,LP,1,292.934623003006,0.6735629539027749,0.0,q0: start,q990: song_10_major_0_9_6,q11686: positive,3600,2
0,out/models/model_spotify6000_model-it_4.pickle,12556,27171,LP,1,373.28566217422485,0.6735629539027749,0.0,q0: start,q7155: companysong_10_major_7_3_6,q11686: positive,3600,2
0,out/models/model_spotify6000_model-it_2.pickle,12536,27295,LP,1,998.8688468933105,0.6712235855285466,0.0,q0: start,q1048: song_10_major_0_9_1,q11692: positive,3600,2
0,out/models/model_spotify6000_model-it_4.pickle,12556,27171,LP,1,479.1909580230713,0.673562953902773,0.0,q0: start,q8158: song_70_major_8_2_1,q11686: positive,3600,2
0,out/models/model_spotify6000_model-it_4.pickle,12556,27171,LP,1,537.2697808742523,0.6735629539027738,0.0,q0: start,q10157: companysong_0_major_1_2_7,q11686: positive,3600,2
0,out/models/model_spotify6000_model-it_4.pickle,12556,27171,LP,1,452.5347521305084,0.6735629539027749,0.0,q0: start,q3984: companysong_90_minor_9_1_0,q11686: positive,3600,2
0,out/models/model_spotify6000_model-it_5.pickle,12372,26896,LP,1,544.7733221054077,0.678380412603504,0.0,q0: start,q3617: companysong_10_minor_3_8_6,q12106: positive,3600,2
0,out/models/model_spotify6000_model-it_3.pickle,12418,27057,LP,1,1450.817655801773,0.6773319706547059,0.0,q0: start,q1284: song_10_minor_0_3_5,q11628: positive,3600,2
0,out/models/model_spotify6000_model-it_4.pickle,12556,27171,LP,1,580.5882167816162,0.6735629539027749,0.0,q0: start,q10694: companysong_80_major_8_8_2,q11686: positive,3600,2
0,out/models/model_spotify6000_model-it_5.pickle,12372,26896,LP,1,342.8393008708954,0.678380412603505,0.0,q0: start,q9603: song_10_major_5_4_2,q12106: positive,3600,2
0,out/models/model_spotify6000_model-it_5.pickle,12372,26896,LP,1,363.4779109954834,0.678380412603504,0.0,q0: start,q914: song_10_major_0_9_5,q12106: positive,3600,2
0,out/models/model_spotify6000_model-it_5.pickle,12372,26896,LP,1,590.8997299671173,0.678380412603504,0.0,q0: start,q10597: song_90_major_6_7_4,q12106: positive,3600,2
0,out/models/model_spotify6000_model-it_0.pickle,12518,27296,LP,1,1692.2226049900055,0.6743012699738061,0.0,q0: start,q5678: song_60_major_3_6_5,q11696: positive,3600,2
0,out/models/model_spotify6000_model-it_6.pickle,12474,27161,LP,1,309.8400149345398,0.6731934755096529,0.0,q0: start,q3606: companysong_10_major_7_5_2,q11871: positive,3600,2
0,out/models/model_spotify6000_model-it_6.pickle,12474,27161,LP,1,715.5116100311279,0.6731934755096529,0.0,q0: start,q7899: song_10_minor_3_4_4,q11871: positive,3600,2
0,out/models/model_spotify6000_model-it_6.pickle,12474,27161,LP,1,609.4679009914398,0.6731934755096529,0.0,q0: start,q12032: song_90_major_0_9_3,q11871: positive,3600,2
0,out/models/model_spotify6000_model-it_7.pickle,12528,27209,LP,1,87.64608001708984,0.6658755215784072,0.0,q0: start,q12523: companysong_10_minor_8_5_6,q11750: positive,3600,2
0,out/models/model_spotify6000_model-it_4.pickle,12556,27171,LP,1,1261.2246820926666,0.6735629539027738,0.0,q0: start,q8119: song_10_minor_7_5_2,q11686: positive,3600,2
0,out/models/model_spotify6000_model-it_7.pickle,12528,27209,LP,1,117.29288816452026,0.6658755215784072,0.0,q0: start,q9944: companysong_10_minor_8_4_4,q11750: positive,3600,2
0,out/models/model_spotify6000_model-it_7.pickle,12528,27209,LP,1,150.2098581790924,0.6658755215784072,0.0,q0: start,q10296: song_50_major_5_5_4,q11750: positive,3600,2
0,out/models/model_spotify6000_model-it_5.pickle,12372,26896,LP,1,1004.269348859787,0.678380412603504,0.0,q0: start,q9182: song_10_major_9_7_3,q12106: positive,3600,2
0,out/models/model_spotify6000_model-it_7.pickle,12528,27209,LP,1,428.4934649467468,0.6658755215784072,0.0,q0: start,q1917: song_10_major_5_7_6,q11750: positive,3600,2
0,out/models/model_spotify6000_model-it_6.pickle,12474,27161,LP,1,901.9556188583374,0.6731934755096529,0.0,q0: start,q7897: song_70_minor_0_4_4,q11871: positive,3600,2
0,out/models/model_spotify6000_model-it_7.pickle,12528,27209,LP,1,364.85507798194885,0.6658755215784098,0.0,q0: start,q10449: song_80_major_4_5_6,q11750: positive,3600,2
0,out/models/model_spotify6000_model-it_2.pickle,12536,27295,LP,1,2382.342877149582,0.6712235855285447,0.0,q0: start,q10938: song_70_major_8_6_1,q11692: positive,3600,2
0,out/models/model_spotify6000_model-it_5.pickle,12372,26896,LP,1,1228.647437095642,0.678380412603504,0.0,q0: start,q6034: song_0_minor_4_5_9,q12106: positive,3600,2
0,out/models/model_spotify6000_model-it_7.pickle,12528,27209,LP,1,366.68839502334595,0.6658755215784072,0.0,q0: start,q3872: companysong_10_major_9_7_2,q11750: positive,3600,2
0,out/models/model_spotify6000_model-it_4.pickle,12556,27171,LP,1,2044.8079249858856,0.6735629539027749,0.0,q0: start,q3199: companysong_10_minor_5_9_5,q11686: positive,3600,2
0,out/models/model_spotify6000_model-it_5.pickle,12372,26896,LP,1,1463.445270061493,0.678380412603504,0.0,q0: start,q2075: song_10_major_7_4_4,q12106: positive,3600,2
0,out/models/model_spotify6000_model-it_8.pickle,12426,27008,LP,1,63.72656202316284,0.6710362001958325,0.0,q0: start,q5138: companysong_90_major_8_3_2,q11656: positive,3600,2
0,out/models/model_spotify6000_model-it_7.pickle,12528,27209,LP,1,601.3016891479492,0.6658755215784072,0.0,q0: start,q750: song_70_minor_1_4_3,q11750: positive,3600,2
0,out/models/model_spotify6000_model-it_9.pickle,12366,26980,LP,1,12.096170902252197,0.682174017898306,0.0,q0: start,q11437: companysong_90_major_0_1_6,q11583: positive,3600,2
0,out/models/model_spotify6000_model-it_7.pickle,12528,27209,LP,1,1045.9726350307465,0.6658755215784072,0.0,q0: start,q12206: song_80_major_0_5_7,q11750: positive,3600,2
0,out/models/model_spotify6000_model-it_9.pickle,12366,26980,LP,1,12.599035024642944,0.682174017898306,0.0,q0: start,q8911: companysong_80_major_0_8_5,q11583: positive,3600,2
0,out/models/model_spotify6000_model-it_7.pickle,12528,27209,LP,1,1224.4769439697266,0.6658755215784072,0.0,q0: start,q7114: companysong_10_minor_4_4_7,q11750: positive,3600,2
0,out/models/model_spotify6000_model-it_5.pickle,12372,26896,LP,1,2070.9591200351715,0.6783804126035027,0.0,q0: start,q7141: song_10_minor_5_1_3,q12106: positive,3600,2
0,out/models/model_spotify6000_model-it_9.pickle,12366,26980,LP,1,34.6221981048584,0.6821740178983061,0.0,q0: start,q7370: companysong_0_major_2_8_7,q11583: positive,3600,2
0,out/models/model_spotify6000_model-it_6.pickle,12474,27161,LP,1,2060.2235209941864,0.6731934755096507,0.0,q0: start,q6837: companysong_0_minor_5_4_5,q11871: positive,3600,2
0,out/models/model_spotify6000_model-it_8.pickle,12426,27008,LP,1,997.9369571208954,0.6710362001958325,0.0,q0: start,q7200: song_10_major_1_1_8,q11656: positive,3600,2
0,out/models/model_spotify6000_model-it_1.pickle,12608,27289,LP,1,3600.0011191368103,0.0,0.0,q0: start,q4463: song_0_minor_7_7_6,q12441: positive,3600,9
0,out/models/model_spotify6000_model-it_1.pickle,12608,27289,LP,1,3600.004776954651,0.0,0.0,q0: start,q8828: companysong_90_major_6_6_8,q12441: positive,3600,9
0,out/models/model_spotify6000_model-it_2.pickle,12536,27295,LP,1,3600.001300096512,0.0,0.0,q0: start,q5847: companysong_50_major_3_4_4,q11692: positive,3600,9
0,out/models/model_spotify6000_model-it_0.pickle,12518,27296,LP,1,3600.0317590236664,0.0,0.0,q0: start,q1300: song_10_major_8_7_4,q11696: positive,3600,9
0,out/models/model_spotify6000_model-it_1.pickle,12608,27289,LP,1,3600.004693031311,0.0,0.0,q0: start,q7287: song_10_minor_1_2_9,q12441: positive,3600,9
0,out/models/model_spotify6000_model-it_1.pickle,12608,27289,LP,1,3600.0011208057404,0.0,0.0,q0: start,q632: song_10_major_0_2_5,q12441: positive,3600,9
0,out/models/model_spotify6000_model-it_1.pickle,12608,27289,LP,1,3600.0032529830933,0.0,0.0,q0: start,q5883: companysong_90_minor_2_3_9,q12441: positive,3600,9
0,out/models/model_spotify6000_model-it_1.pickle,12608,27289,LP,1,3600.011337995529,0.0,0.0,q0: start,q5331: song_0_minor_4_7_6,q12441: positive,3600,9
0,out/models/model_spotify6000_model-it_1.pickle,12608,27289,LP,1,3600.0021889209747,0.0,0.0,q0: start,q11833: song_0_minor_2_7_9,q12441: positive,3600,9
0,out/models/model_spotify6000_model-it_1.pickle,12608,27289,LP,1,3600.00280213356,0.0,0.0,q0: start,q11162: song_0_major_3_4_5,q12441: positive,3600,9
0,out/models/model_spotify6000_model-it_1.pickle,12608,27289,LP,1,3600.0009319782257,0.0,0.0,q0: start,q10947: companysong_70_major_2_3_5,q12441: positive,3600,9
0,out/models/model_spotify6000_model-it_1.pickle,12608,27289,LP,1,3600.000892162323,0.0,0.0,q0: start,q12374: companysong_80_major_2_8_4,q12441: positive,3600,9
0,out/models/model_spotify6000_model-it_8.pickle,12426,27008,LP,1,1064.9250719547272,0.6710362001958325,0.0,q0: start,q8195: song_10_major_9_0_0,q11656: positive,3600,2
0,out/models/model_spotify6000_model-it_8.pickle,12426,27008,LP,1,1119.4095962047577,0.6710362001958325,0.0,q0: start,q2871: companysong_90_minor_2_5_7,q11656: positive,3600,2
0,out/models/model_spotify6000_model-it_7.pickle,12528,27209,LP,1,1426.176659822464,0.6658755215784072,0.0,q0: start,q10702: companysong_0_minor_1_5_6,q11750: positive,3600,2
0,out/models/model_spotify6000_model-it_8.pickle,12426,27008,LP,1,1027.3274130821228,0.6710362001958325,0.0,q0: start,q11354: song_70_minor_2_7_6,q11656: positive,3600,2
0,out/models/model_spotify6000_model-it_9.pickle,12366,26980,LP,1,265.2413499355316,0.6821740178983061,0.0,q0: start,q7147: song_70_major_0_7_6,q11583: positive,3600,2
0,out/models/model_spotify6000_model-it_8.pickle,12426,27008,LP,1,985.4906570911407,0.6710362001958325,0.0,q0: start,q11222: song_0_major_9_3_3,q11656: positive,3600,2
0,out/models/model_spotify7000_model-it_1.pickle,13058,28562,LP,1,90.52925705909729,0.6780226918925444,0.0,q0: start,q8795: companysong_80_major_6_5_4,q12677: positive,3600,2
0,out/models/model_spotify7000_model-it_1.pickle,13058,28562,LP,1,98.59926581382751,0.6780226918925444,0.0,q0: start,q815: song_10_minor_0_6_6,q12677: positive,3600,2
0,out/models/model_spotify6000_model-it_6.pickle,12474,27161,LP,1,2990.8743619918823,0.6731934755096529,0.0,q0: start,q3943: companysong_0_major_9_4_0,q11871: positive,3600,2
0,out/models/model_spotify7000_model-it_1.pickle,13058,28562,LP,1,160.00436902046204,0.6780226918925444,0.0,q0: start,q12032: companysong_10_major_9_0_6,q12677: positive,3600,2
0,out/models/model_spotify6000_model-it_9.pickle,12366,26980,LP,1,921.3502078056335,0.6821740178983061,0.0,q0: start,q2050: song_70_major_2_4_5,q11583: positive,3600,2
0,out/models/model_spotify7000_model-it_1.pickle,13058,28562,LP,1,187.28136801719666,0.6780226918925444,0.0,q0: start,q2105: song_10_minor_3_9_2,q12677: positive,3600,2
0,out/models/model_spotify6000_model-it_8.pickle,12426,27008,LP,1,1740.9466059207916,0.6710362001958325,0.0,q0: start,q8353: song_0_minor_1_7_9,q11656: positive,3600,2
0,out/models/model_spotify7000_model-it_0.pickle,13056,28716,LP,1,312.6724808216095,0.6716875894821621,0.0,q0: start,q11398: companysong_10_minor_2_8_0,q12199: positive,3600,2
0,out/models/model_spotify6000_model-it_5.pickle,12372,26896,LP,1,3600.000988960266,0.0,0.0,q0: start,q8704: song_10_minor_5_5_2,q12106: positive,3600,9
0,out/models/model_spotify6000_model-it_5.pickle,12372,26896,LP,1,3600.0258259773254,0.0,0.0,q0: start,q11675: companysong_10_minor_3_5_2,q12106: positive,3600,9
0,out/models/model_spotify6000_model-it_9.pickle,12366,26980,LP,1,925.0368008613586,0.6821740178983065,0.0,q0: start,q10101: song_60_major_4_7_4,q11583: positive,3600,2
0,out/models/model_spotify7000_model-it_0.pickle,13056,28716,LP,1,534.1765930652618,0.6716875894821621,0.0,q0: start,q5487: companysong_60_minor_6_7_3,q12199: positive,3600,2
0,out/models/model_spotify7000_model-it_1.pickle,13058,28562,LP,1,523.6707279682159,0.6780226918925444,0.0,q0: start,q8161: companysong_70_minor_5_6_4,q12677: positive,3600,2
0,out/models/model_spotify7000_model-it_1.pickle,13058,28562,LP,1,331.34970211982727,0.6780226918925444,0.0,q0: start,q7298: song_10_major_4_7_9,q12677: positive,3600,2
0,out/models/model_spotify7000_model-it_2.pickle,13100,28867,LP,1,247.45410084724426,0.6768691858010374,0.0,q0: start,q3886: companysong_10_major_2_5_9,q12294: positive,3600,2
0,out/models/model_spotify7000_model-it_0.pickle,13056,28716,LP,1,734.6040079593658,0.6716875894821621,0.0,q0: start,q4291: companysong_10_major_9_2_0,q12199: positive,3600,2
0,out/models/model_spotify7000_model-it_0.pickle,13056,28716,LP,1,750.0395729541779,0.6716875894821621,0.0,q0: start,q2428: song_10_minor_9_5_8,q12199: positive,3600,2
0,out/models/model_spotify7000_model-it_2.pickle,13100,28867,LP,1,30.987814903259277,0.6768691858010374,0.0,q0: start,q9196: companysong_10_minor_9_5_2,q12294: positive,3600,2
0,out/models/model_spotify6000_model-it_9.pickle,12366,26980,LP,1,1929.0296058654785,0.6821740178983061,0.0,q0: start,q8240: song_0_minor_7_1_3,q11583: positive,3600,2
0,out/models/model_spotify6000_model-it_6.pickle,12474,27161,LP,1,3600.0043530464172,0.0,0.0,q0: start,q3732: companysong_0_major_5_6_4,q11871: positive,3600,9
0,out/models/model_spotify7000_model-it_2.pickle,13100,28867,LP,1,552.4336271286011,0.6768691858010374,0.0,q0: start,q11695: companysong_10_major_8_3_0,q12294: positive,3600,2
0,out/models/model_spotify6000_model-it_6.pickle,12474,27161,LP,1,3600.0009639263153,0.0,0.0,q0: start,q3428: companysong_10_minor_3_8_2,q11871: positive,3600,9
0,out/models/model_spotify6000_model-it_9.pickle,12366,26980,LP,1,1652.223060131073,0.682174017898306,0.0,q0: start,q10636: song_70_minor_1_9_4,q11583: positive,3600,2
0,out/models/model_spotify7000_model-it_1.pickle,13058,28562,LP,1,992.4059779644012,0.6780226918925438,0.0,q0: start,q5569: song_10_major_1_8_9,q12677: positive,3600,2
0,out/models/model_spotify6000_model-it_6.pickle,12474,27161,LP,1,3600.0061309337616,0.0,0.0,q0: start,q8415: song_0_major_1_5_5,q11871: positive,3600,9
0,out/models/model_spotify7000_model-it_0.pickle,13056,28716,LP,1,1282.0808629989624,0.6716875894821621,0.0,q0: start,q10630: companysong_80_major_1_3_8,q12199: positive,3600,2
0,out/models/model_spotify6000_model-it_6.pickle,12474,27161,LP,1,3600.0045239925385,0.0,0.0,q0: start,q12449: song_70_minor_8_3_3,q11871: positive,3600,9
0,out/models/model_spotify7000_model-it_3.pickle,13186,28942,LP,1,21.820963859558105,0.6742992366395477,0.0,q0: start,q1257: song_70_major_4_5_8,q12553: positive,3600,2
0,out/models/model_spotify7000_model-it_1.pickle,13058,28562,LP,1,1137.3069500923157,0.6780226918925444,0.0,q0: start,q5454: companysong_10_major_6_6_8,q12677: positive,3600,2
0,out/models/model_spotify7000_model-it_3.pickle,13186,28942,LP,1,321.77659702301025,0.6742992366395484,0.0,q0: start,q3174: companysong_90_major_4_7_5,q12553: positive,3600,2
0,out/models/model_spotify7000_model-it_0.pickle,13056,28716,LP,1,1567.178339958191,0.6716875894821621,0.0,q0: start,q6968: song_60_major_4_5_9,q12199: positive,3600,2
0,out/models/model_spotify7000_model-it_2.pickle,13100,28867,LP,1,1007.8384568691254,0.6768691858010373,0.0,q0: start,q3815: companysong_60_major_0_5_7,q12294: positive,3600,2
0,out/models/model_spotify7000_model-it_3.pickle,13186,28942,LP,1,361.7927701473236,0.6742992366395484,0.0,q0: start,q9303: song_90_major_6_6_8,q12553: positive,3600,2
0,out/models/model_spotify7000_model-it_0.pickle,13056,28716,LP,1,1672.891940832138,0.6716875894821621,0.0,q0: start,q11415: companysong_10_minor_2_9_4,q12199: positive,3600,2
0,out/models/model_spotify7000_model-it_2.pickle,13100,28867,LP,1,769.6306948661804,0.6768691858010367,0.0,q0: start,q10213: companysong_0_major_1_2_4,q12294: positive,3600,2
0,out/models/model_spotify7000_model-it_3.pickle,13186,28942,LP,1,363.3968801498413,0.6742992366395477,0.0,q0: start,q1383: song_60_minor_0_6_7,q12553: positive,3600,2
0,out/models/model_spotify7000_model-it_3.pickle,13186,28942,LP,1,567.536896944046,0.6742992366395489,0.0,q0: start,q6862: companysong_60_major_1_5_5,q12553: positive,3600,2
0,out/models/model_spotify7000_model-it_2.pickle,13100,28867,LP,1,1063.3628199100494,0.6768691858010374,0.0,q0: start,q6880: companysong_90_major_5_4_3,q12294: positive,3600,2
0,out/models/model_spotify7000_model-it_4.pickle,13170,28914,LP,1,231.94426012039185,0.6764174225786795,0.0,q0: start,q1452: song_90_major_5_8_4,q12542: positive,3600,2
0,out/models/model_spotify6000_model-it_8.pickle,12426,27008,LP,1,3151.51483297348,0.6710362001958325,0.0,q0: start,q5241: song_10_major_4_5_7,q11656: positive,3600,2
0,out/models/model_spotify6000_model-it_8.pickle,12426,27008,LP,1,3600.000556230545,0.0,0.0,q0: start,q4184: song_10_major_2_6_6,q11656: positive,3600,9
0,out/models/model_spotify7000_model-it_3.pickle,13186,28942,LP,1,662.3748390674591,0.6742992366395489,0.0,q0: start,q8674: companysong_70_major_9_4_3,q12553: positive,3600,2
0,out/models/model_spotify6000_model-it_8.pickle,12426,27008,LP,1,3600.003138065338,0.0,0.0,q0: start,q2706: companysong_0_minor_0_7_6,q11656: positive,3600,9
0,out/models/model_spotify7000_model-it_5.pickle,13024,28712,LP,1,290.2191457748413,0.6765864676475126,0.0,q0: start,q9582: companysong_70_minor_2_6_4,q12239: positive,3600,2
0,out/models/model_spotify7000_model-it_4.pickle,13170,28914,LP,1,690.8087310791016,0.6764174225786795,0.0,q0: start,q1139: song_10_minor_1_9_4,q12542: positive,3600,2
0,out/models/model_spotify7000_model-it_5.pickle,13024,28712,LP,1,207.54581999778748,0.6765864676475103,0.0,q0: start,q2772: companysong_10_minor_0_7_8,q12239: positive,3600,2
0,out/models/model_spotify7000_model-it_3.pickle,13186,28942,LP,1,1007.0154309272766,0.6742992366395478,0.0,q0: start,q2265: song_0_major_0_7_3,q12553: positive,3600,2
0,out/models/model_spotify7000_model-it_3.pickle,13186,28942,LP,1,1468.8976531028748,0.6742992366395484,0.0,q0: start,q7015: song_70_major_0_3_8,q12553: positive,3600,2
0,out/models/model_spotify6000_model-it_9.pickle,12366,26980,LP,1,3600.007930994034,0.0,0.0,q0: start,q2706: companysong_10_major_1_8_7,q11583: positive,3600,9
0,out/models/model_spotify7000_model-it_5.pickle,13024,28712,LP,1,462.53792905807495,0.6765864676475103,0.0,q0: start,q7917: companysong_0_major_9_5_1,q12239: positive,3600,2
0,out/models/model_spotify7000_model-it_5.pickle,13024,28712,LP,1,724.617360830307,0.6765864676475103,0.0,q0: start,q9931: companysong_10_minor_0_1_4,q12239: positive,3600,2
0,out/models/model_spotify7000_model-it_2.pickle,13100,28867,LP,1,1610.8965899944305,0.6768691858010374,0.0,q0: start,q9486: companysong_10_minor_5_7_2,q12294: positive,3600,2
0,out/models/model_spotify6000_model-it_9.pickle,12366,26980,LP,1,3600.001690864563,0.0,0.0,q0: start,q5002: companysong_90_major_2_7_8,q11583: positive,3600,9
0,out/models/model_spotify7000_model-it_5.pickle,13024,28712,LP,1,245.83711409568787,0.6765864676475103,0.0,q0: start,q11567: song_60_major_6_5_5,q12239: positive,3600,2
0,out/models/model_spotify7000_model-it_5.pickle,13024,28712,LP,1,485.8954839706421,0.6765864676475103,0.0,q0: start,q6932: song_10_minor_3_6_3,q12239: positive,3600,2
0,out/models/model_spotify7000_model-it_4.pickle,13170,28914,LP,1,1185.2099058628082,0.6764174225786795,0.0,q0: start,q6022: song_90_major_1_3_8,q12542: positive,3600,2
0,out/models/model_spotify7000_model-it_5.pickle,13024,28712,LP,1,1199.1260690689087,0.6765864676475103,0.0,q0: start,q11994: song_0_major_0_3_6,q12239: positive,3600,2
0,out/models/model_spotify7000_model-it_6.pickle,13304,29239,LP,1,379.14869809150696,0.6779871518894325,0.0,q0: start,q2051: song_10_major_7_5_2,q12663: positive,3600,2
0,out/models/model_spotify7000_model-it_7.pickle,13248,29091,LP,1,35.44083309173584,0.6685829462114444,0.0,q0: start,q11255: song_70_major_5_6_6,q12399: positive,3600,2
0,out/models/model_spotify7000_model-it_7.pickle,13248,29091,LP,1,49.00156497955322,0.6685829462114444,0.0,q0: start,q9926: companysong_70_minor_1_4_6,q12399: positive,3600,2
0,out/models/model_spotify7000_model-it_6.pickle,13304,29239,LP,1,434.16265892982483,0.6779871518894325,0.0,q0: start,q7566: companysong_70_minor_0_8_5,q12663: positive,3600,2
0,out/models/model_spotify7000_model-it_0.pickle,13056,28716,LP,1,3600.000869035721,0.0,0.0,q0: start,q9785: companysong_0_minor_3_3_8,q12199: positive,3600,9
0,out/models/model_spotify7000_model-it_7.pickle,13248,29091,LP,1,58.922154903411865,0.6685829462114424,0.0,q0: start,q11964: companysong_60_major_2_3_5,q12399: positive,3600,2
0,out/models/model_spotify7000_model-it_4.pickle,13170,28914,LP,1,1670.8927729129791,0.6764174225786795,0.0,q0: start,q3696: companysong_10_minor_4_7_5,q12542: positive,3600,2
0,out/models/model_spotify7000_model-it_5.pickle,13024,28712,LP,1,1041.7967009544373,0.6765864676475103,0.0,q0: start,q3537: companysong_70_major_0_5_9,q12239: positive,3600,2
0,out/models/model_spotify7000_model-it_5.pickle,13024,28712,LP,1,1352.2976031303406,0.6765864676475103,0.0,q0: start,q10437: song_0_major_6_7_2,q12239: positive,3600,2
0,out/models/model_spotify7000_model-it_7.pickle,13248,29091,LP,1,48.31932091712952,0.6685829462114444,0.0,q0: start,q7326: song_90_minor_0_2_5,q12399: positive,3600,2
0,out/models/model_spotify7000_model-it_1.pickle,13058,28562,LP,1,3600.001105070114,0.0,0.0,q0: start,q1302: song_70_major_1_6_6,q12677: positive,3600,9
0,out/models/model_spotify7000_model-it_0.pickle,13056,28716,LP,1,3600.0011410713196,0.0,0.0,q0: start,q3467: companysong_10_minor_4_6_4,q12199: positive,3600,9
0,out/models/model_spotify7000_model-it_1.pickle,13058,28562,LP,1,3600.002578020096,0.0,0.0,q0: start,q1958: song_60_minor_3_4_7,q12677: positive,3600,9
0,out/models/model_spotify7000_model-it_0.pickle,13056,28716,LP,1,3600.00271320343,0.0,0.0,q0: start,q8674: song_0_major_7_6_6,q12199: positive,3600,9
0,out/models/model_spotify7000_model-it_6.pickle,13304,29239,LP,1,839.2637310028076,0.6779871518894325,0.0,q0: start,q5978: song_10_major_4_5_4,q12663: positive,3600,2
0,out/models/model_spotify7000_model-it_8.pickle,13212,28995,LP,1,124.5229139328003,0.6731749517427273,0.0,q0: start,q5838: companysong_60_major_0_2_3,q12748: positive,3600,2
0,out/models/model_spotify7000_model-it_7.pickle,13248,29091,LP,1,1071.05770611763,0.6685829462114444,0.0,q0: start,q1941: song_10_minor_5_8_4,q12399: positive,3600,2
0,out/models/model_spotify7000_model-it_6.pickle,13304,29239,LP,1,1440.946021080017,0.6779871518894325,0.0,q0: start,q10562: companysong_0_major_8_3_9,q12663: positive,3600,2
0,out/models/model_spotify7000_model-it_7.pickle,13248,29091,LP,1,769.5142500400543,0.6685829462114444,0.0,q0: start,q5317: companysong_70_major_2_7_5,q12399: positive,3600,2
0,out/models/model_spotify7000_model-it_7.pickle,13248,29091,LP,1,509.66460514068604,0.6685829462114423,0.0,q0: start,q9556: companysong_0_major_3_9_7,q12399: positive,3600,2
0,out/models/model_spotify7000_model-it_4.pickle,13170,28914,LP,1,2645.6275420188904,0.6764174225786795,0.0,q0: start,q12751: companysong_60_minor_0_9_7,q12542: positive,3600,2
0,out/models/model_spotify7000_model-it_8.pickle,13212,28995,LP,1,288.5868389606476,0.6731749517427273,0.0,q0: start,q6439: companysong_10_minor_6_6_5,q12748: positive,3600,2
0,out/models/model_spotify7000_model-it_2.pickle,13100,28867,LP,1,3600.00181889534,0.0,0.0,q0: start,q7854: song_50_major_7_3_6,q12294: positive,3600,9
0,out/models/model_spotify7000_model-it_9.pickle,13192,29033,LP,1,35.53550601005554,0.6755582900309298,0.0,q0: start,q4384: song_0_minor_0_3_9,q12663: positive,3600,2
0,out/models/model_spotify7000_model-it_7.pickle,13248,29091,LP,1,1017.2585210800171,0.6685829462114444,0.0,q0: start,q9124: companysong_70_minor_0_8_4,q12399: positive,3600,2
0,out/models/model_spotify7000_model-it_7.pickle,13248,29091,LP,1,1278.6678528785706,0.6685829462114444,0.0,q0: start,q7171: companysong_70_minor_0_7_8,q12399: positive,3600,2
0,out/models/model_spotify7000_model-it_8.pickle,13212,28995,LP,1,531.9153761863708,0.6731749517427273,0.0,q0: start,q10997: song_90_major_5_3_3,q12748: positive,3600,2
0,out/models/model_spotify7000_model-it_2.pickle,13100,28867,LP,1,3600.000965833664,0.0,0.0,q0: start,q10420: song_10_minor_3_4_6,q12294: positive,3600,9
0,out/models/model_spotify7000_model-it_2.pickle,13100,28867,LP,1,3600.0072751045227,0.0,0.0,q0: start,q2119: song_0_major_2_8_6,q12294: positive,3600,9
0,out/models/model_spotify7000_model-it_6.pickle,13304,29239,LP,1,2032.0716280937195,0.6779871518894325,0.0,q0: start,q6961: song_10_major_4_4_2,q12663: positive,3600,2
0,out/models/model_spotify7000_model-it_3.pickle,13186,28942,LP,1,3600.001168012619,0.0,0.0,q0: start,q2245: song_10_minor_3_3_4,q12553: positive,3600,9
0,out/models/model_spotify7000_model-it_7.pickle,13248,29091,LP,1,1446.0120830535889,0.6685829462114444,0.0,q0: start,q9206: song_60_major_2_6_8,q12399: positive,3600,2
0,out/models/model_spotify7000_model-it_3.pickle,13186,28942,LP,1,3600.0131039619446,0.0,0.0,q0: start,q6367: companysong_60_major_1_7_5,q12553: positive,3600,9
0,out/models/model_spotify7000_model-it_9.pickle,13192,29033,LP,1,553.550488948822,0.6755582900309298,0.0,q0: start,q6895: song_10_major_5_5_2,q12663: positive,3600,2
0,out/models/model_spotify7000_model-it_8.pickle,13212,28995,LP,1,751.066722869873,0.6731749517427273,0.0,q0: start,q1638: song_10_minor_4_6_4,q12748: positive,3600,2
0,out/models/model_spotify7000_model-it_8.pickle,13212,28995,LP,1,864.0577659606934,0.6731749517427273,0.0,q0: start,q3614: companysong_80_major_2_7_5,q12748: positive,3600,2
0,out/models/model_spotify7000_model-it_9.pickle,13192,29033,LP,1,526.2569200992584,0.6755582900309298,0.0,q0: start,q10368: companysong_80_minor_0_9_8,q12663: positive,3600,2
0,out/models/model_spotify7000_model-it_6.pickle,13304,29239,LP,1,1985.1191499233246,0.6779871518894325,0.0,q0: start,q9538: song_10_minor_5_4_2,q12663: positive,3600,2
0,out/models/model_spotify7000_model-it_8.pickle,13212,28995,LP,1,811.5620028972626,0.6731749517427273,0.0,q0: start,q2094: song_10_minor_3_3_9,q12748: positive,3600,2
0,out/models/model_spotify7000_model-it_9.pickle,13192,29033,LP,1,173.868243932724,0.6755582900309298,0.0,q0: start,q4556: song_0_major_1_8_4,q12663: positive,3600,2
0,out/models/model_spotify7000_model-it_4.pickle,13170,28914,LP,1,3600.0032579898834,0.0,0.0,q0: start,q5650: song_80_major_6_6_3,q12542: positive,3600,9
0,out/models/model_spotify7000_model-it_9.pickle,13192,29033,LP,1,146.23229598999023,0.6755582900309298,0.0,q0: start,q4841: song_10_major_6_6_6,q12663: positive,3600,2
0,out/models/model_spotify8000_model-it_0.pickle,13640,30252,LP,1,7.575809955596924,0.6753893724959805,0.0,q0: start,q11980: song_70_minor_0_7_4,q12823: positive,3600,2
0,out/models/model_spotify7000_model-it_4.pickle,13170,28914,LP,1,3600.000860929489,0.0,0.0,q0: start,q8549: companysong_0_major_4_7_4,q12542: positive,3600,9
0,out/models/model_spotify7000_model-it_4.pickle,13170,28914,LP,1,3600.018797159195,0.0,0.0,q0: start,q12259: companysong_0_minor_2_4_5,q12542: positive,3600,9
0,out/models/model_spotify7000_model-it_4.pickle,13170,28914,LP,1,3600.0012929439545,0.0,0.0,q0: start,q10780: song_70_major_1_7_9,q12542: positive,3600,9
0,out/models/model_spotify7000_model-it_4.pickle,13170,28914,LP,1,3600.006036043167,0.0,0.0,q0: start,q9960: song_70_major_7_6_3,q12542: positive,3600,9
0,out/models/model_spotify7000_model-it_9.pickle,13192,29033,LP,1,1263.6343989372253,0.6755582900309298,0.0,q0: start,q2967: companysong_10_major_2_9_5,q12663: positive,3600,2
0,out/models/model_spotify8000_model-it_1.pickle,13724,30469,LP,1,13.970772981643677,0.6761818243636827,0.0,q0: start,q9035: companysong_70_major_0_4_9,q13321: positive,3600,2
0,out/models/model_spotify7000_model-it_5.pickle,13024,28712,LP,1,3600.0008869171143,0.0,0.0,q0: start,q12084: companysong_0_minor_4_6_6,q12239: positive,3600,9
0,out/models/model_spotify7000_model-it_8.pickle,13212,28995,LP,1,1789.5817601680756,0.6731749517427273,0.0,q0: start,q4182: companysong_10_major_6_5_3,q12748: positive,3600,2
0,out/models/model_spotify8000_model-it_1.pickle,13724,30469,LP,1,14.550395965576172,0.6761818243636827,0.0,q0: start,q6682: companysong_0_major_2_8_7,q13321: positive,3600,2
0,out/models/model_spotify8000_model-it_0.pickle,13640,30252,LP,1,745.0898439884186,0.6753893724959805,0.0,q0: start,q10680: song_10_major_3_7_2,q12823: positive,3600,2
0,out/models/model_spotify8000_model-it_1.pickle,13724,30469,LP,1,218.00859785079956,0.6761818243636825,0.0,q0: start,q10387: companysong_50_minor_9_4_0,q13321: positive,3600,2
0,out/models/model_spotify8000_model-it_2.pickle,13690,30248,LP,1,17.11340594291687,0.6692642932998156,0.0,q0: start,q13007: song_80_minor_0_6_4,q13074: positive,3600,2
0,out/models/model_spotify8000_model-it_0.pickle,13640,30252,LP,1,786.1152679920197,0.6753893724959805,0.0,q0: start,q1751: song_10_major_4_4_7,q12823: positive,3600,2
0,out/models/model_spotify8000_model-it_0.pickle,13640,30252,LP,1,676.7409410476685,0.6753893724959805,0.0,q0: start,q7408: song_60_major_4_5_9,q12823: positive,3600,2
0,out/models/model_spotify7000_model-it_8.pickle,13212,28995,LP,1,1854.647509098053,0.6731749517427273,0.0,q0: start,q7820: song_0_major_9_5_1,q12748: positive,3600,2
0,out/models/model_spotify8000_model-it_0.pickle,13640,30252,LP,1,1127.2042911052704,0.6753893724959805,0.0,q0: start,q12505: companysong_80_minor_1_4_8,q12823: positive,3600,2
0,out/models/model_spotify8000_model-it_2.pickle,13690,30248,LP,1,323.78607082366943,0.6692642932998162,0.0,q0: start,q6486: song_10_major_9_5_0,q13074: positive,3600,2
0,out/models/model_spotify7000_model-it_6.pickle,13304,29239,LP,1,3600.0012819767,0.0,0.0,q0: start,q1368: song_10_major_2_5_6,q12663: positive,3600,9
0,out/models/model_spotify8000_model-it_0.pickle,13640,30252,LP,1,995.2782461643219,0.6753893724959805,0.0,q0: start,q7303: song_0_minor_0_4_6,q12823: positive,3600,2
0,out/models/model_spotify7000_model-it_6.pickle,13304,29239,LP,1,3357.566712141037,0.6779871518894246,0.0,q0: start,q4885: song_10_major_6_3_5,q12663: positive,3600,2
0,out/models/model_spotify7000_model-it_6.pickle,13304,29239,LP,1,3600.0018072128296,0.0,0.0,q0: start,q7508: song_10_major_5_5_7,q12663: positive,3600,9
0,out/models/model_spotify8000_model-it_1.pickle,13724,30469,LP,1,597.392256975174,0.6761818243636825,0.0,q0: start,q12644: song_10_major_0_0_9,q13321: positive,3600,2
0,out/models/model_spotify8000_model-it_2.pickle,13690,30248,LP,1,411.8108379840851,0.6692642932998156,0.0,q0: start,q13670: companysong_70_minor_8_3_3,q13074: positive,3600,2
0,out/models/model_spotify8000_model-it_2.pickle,13690,30248,LP,1,612.383348941803,0.6692642932998156,0.0,q0: start,q4276: companysong_10_minor_5_6_3,q13074: positive,3600,2
0,out/models/model_spotify7000_model-it_6.pickle,13304,29239,LP,1,3600.0023200511932,0.0,0.0,q0: start,q9245: companysong_10_major_1_1_5,q12663: positive,3600,9
0,out/models/model_spotify8000_model-it_1.pickle,13724,30469,LP,1,1069.1758499145508,0.6761818243636826,0.0,q0: start,q6035: song_90_major_6_4_3,q13321: positive,3600,2
0,out/models/model_spotify8000_model-it_2.pickle,13690,30248,LP,1,857.0127019882202,0.6692642932998156,0.0,q0: start,q1427: song_10_major_8_7_4,q13074: positive,3600,2
0,out/models/model_spotify8000_model-it_2.pickle,13690,30248,LP,1,504.83146715164185,0.6692642932998156,0.0,q0: start,q5328: companysong_10_major_1_9_7,q13074: positive,3600,2
0,out/models/model_spotify7000_model-it_9.pickle,13192,29033,LP,1,2005.5228250026703,0.6755582900309298,0.0,q0: start,q11948: song_0_major_6_7_5,q12663: positive,3600,2
0,out/models/model_spotify8000_model-it_0.pickle,13640,30252,LP,1,1744.7908809185028,0.6753893724959805,0.0,q0: start,q13491: song_90_minor_4_4_7,q12823: positive,3600,2
0,out/models/model_spotify8000_model-it_1.pickle,13724,30469,LP,1,1463.1975679397583,0.6761818243636817,0.0,q0: start,q13694: companysong_80_minor_5_3_3,q13321: positive,3600,2
0,out/models/model_spotify8000_model-it_2.pickle,13690,30248,LP,1,611.4944422245026,0.6692642932998156,0.0,q0: start,q4361: companysong_10_minor_2_7_4,q13074: positive,3600,2
0,out/models/model_spotify8000_model-it_3.pickle,13928,30819,LP,1,452.83071780204773,0.6732475388509325,0.0,q0: start,q13492: companysong_60_major_4_7_3,q13306: positive,3600,2
0,out/models/model_spotify8000_model-it_3.pickle,13928,30819,LP,1,309.581316947937,0.6732475388509321,0.0,q0: start,q2829: companysong_70_major_0_3_7,q13306: positive,3600,2
0,out/models/model_spotify8000_model-it_0.pickle,13640,30252,LP,1,1900.9497559070587,0.6753893724959805,0.0,q0: start,q8066: companysong_0_major_3_6_5,q12823: positive,3600,2
0,out/models/model_spotify7000_model-it_9.pickle,13192,29033,LP,1,2828.7557480335236,0.6755582900309283,0.0,q0: start,q11706: companysong_0_minor_4_7_8,q12663: positive,3600,2
0,out/models/model_spotify8000_model-it_3.pickle,13928,30819,LP,1,483.79324984550476,0.6732475388509321,0.0,q0: start,q13220: companysong_0_major_2_9_4,q13306: positive,3600,2
0,out/models/model_spotify8000_model-it_3.pickle,13928,30819,LP,1,335.5660901069641,0.6732475388509321,0.0,q0: start,q13461: song_10_major_2_5_1,q13306: positive,3600,2
0,out/models/model_spotify8000_model-it_4.pickle,13858,30592,LP,1,268.429016828537,0.6695531499789416,0.0,q0: start,q9135: companysong_0_minor_1_5_8,q13048: positive,3600,2
0,out/models/model_spotify8000_model-it_4.pickle,13858,30592,LP,1,221.438334941864,0.6695531499789416,0.0,q0: start,q7154: song_10_minor_7_8_3,q13048: positive,3600,2
0,out/models/model_spotify8000_model-it_2.pickle,13690,30248,LP,1,1302.705491065979,0.6692642932998156,0.0,q0: start,q5457: companysong_0_minor_2_7_6,q13074: positive,3600,2
0,out/models/model_spotify7000_model-it_9.pickle,13192,29033,LP,1,2478.534436941147,0.6755582900309278,0.0,q0: start,q2168: song_90_minor_4_6_4,q12663: positive,3600,2
0,out/models/model_spotify8000_model-it_2.pickle,13690,30248,LP,1,1204.56707406044,0.6692642932998156,0.0,q0: start,q3173: companysong_70_major_0_3_4,q13074: positive,3600,2
0,out/models/model_spotify8000_model-it_3.pickle,13928,30819,LP,1,474.19079995155334,0.6732475388509321,0.0,q0: start,q5230: song_80_major_4_6_4,q13306: positive,3600,2
0,out/models/model_spotify8000_model-it_2.pickle,13690,30248,LP,1,1129.0464539527893,0.6692642932998156,0.0,q0: start,q6735: companysong_0_major_5_5_5,q13074: positive,3600,2
0,out/models/model_spotify8000_model-it_4.pickle,13858,30592,LP,1,267.33404994010925,0.6695531499789416,0.0,q0: start,q6257: companysong_80_major_3_5_8,q13048: positive,3600,2
0,out/models/model_spotify7000_model-it_9.pickle,13192,29033,LP,1,2676.2054278850555,0.6755582900309283,0.0,q0: start,q11708: companysong_80_major_7_5_7,q12663: positive,3600,2
0,out/models/model_spotify7000_model-it_8.pickle,13212,28995,LP,1,3600.004063129425,0.0,0.0,q0: start,q6961: song_0_major_1_7_9,q12748: positive,3600,9
0,out/models/model_spotify8000_model-it_3.pickle,13928,30819,LP,1,939.4708349704742,0.6732475388509321,0.0,q0: start,q9463: song_10_major_2_6_9,q13306: positive,3600,2
0,out/models/model_spotify8000_model-it_1.pickle,13724,30469,LP,1,1819.9675478935242,0.6761818243636825,0.0,q0: start,q6675: companysong_90_major_1_6_7,q13321: positive,3600,2
0,out/models/model_spotify7000_model-it_8.pickle,13212,28995,LP,1,3600.0011389255524,0.0,0.0,q0: start,q8830: companysong_0_minor_6_7_6,q12748: positive,3600,9
0,out/models/model_spotify8000_model-it_4.pickle,13858,30592,LP,1,748.072007894516,0.6695531499789416,0.0,q0: start,q5801: companysong_10_minor_5_7_7,q13048: positive,3600,2
0,out/models/model_spotify8000_model-it_4.pickle,13858,30592,LP,1,448.200434923172,0.6695531499789416,0.0,q0: start,q13466: song_10_major_4_7_0,q13048: positive,3600,2
0,out/models/model_spotify8000_model-it_4.pickle,13858,30592,LP,1,845.0179569721222,0.6695531499789416,0.0,q0: start,q12574: song_80_major_2_7_7,q13048: positive,3600,2
0,out/models/model_spotify8000_model-it_5.pickle,13754,30476,LP,1,183.1065399646759,0.6762175921739204,0.0,q0: start,q13454: companysong_10_major_8_6_9,q12910: positive,3600,2
0,out/models/model_spotify8000_model-it_5.pickle,13754,30476,LP,1,474.24560713768005,0.6762175921739229,0.0,q0: start,q5715: companysong_10_minor_3_5_7,q12910: positive,3600,2
0,out/models/model_spotify8000_model-it_5.pickle,13754,30476,LP,1,431.0327990055084,0.6762175921739229,0.0,q0: start,q1038: song_10_major_0_8_6,q12910: positive,3600,2
0,out/models/model_spotify8000_model-it_5.pickle,13754,30476,LP,1,115.81817197799683,0.6762175921739229,0.0,q0: start,q13711: song_0_major_7_0_2,q12910: positive,3600,2
0,out/models/model_spotify8000_model-it_3.pickle,13928,30819,LP,1,1431.5944662094116,0.6732475388509321,0.0,q0: start,q1041: song_10_major_1_6_7,q13306: positive,3600,2
0,out/models/model_spotify8000_model-it_4.pickle,13858,30592,LP,1,678.0732629299164,0.6695531499789416,0.0,q0: start,q1217: song_10_major_5_5_3,q13048: positive,3600,2
0,out/models/model_spotify8000_model-it_5.pickle,13754,30476,LP,1,404.3723900318146,0.6762175921739229,0.0,q0: start,q9300: companysong_70_major_0_2_6,q12910: positive,3600,2
0,out/models/model_spotify8000_model-it_5.pickle,13754,30476,LP,1,440.39636182785034,0.6762175921739229,0.0,q0: start,q13687: song_10_major_8_4_9,q12910: positive,3600,2
0,out/models/model_spotify8000_model-it_5.pickle,13754,30476,LP,1,897.3593339920044,0.6762175921739229,0.0,q0: start,q5002: song_10_major_9_3_2,q12910: positive,3600,2
0,out/models/model_spotify8000_model-it_7.pickle,13792,30527,LP,1,149.017639875412,0.6720213790862993,0.0,q0: start,q12489: song_60_major_7_5_6,q13170: positive,3600,2
0,out/models/model_spotify8000_model-it_3.pickle,13928,30819,LP,1,1951.3953700065613,0.6732475388509321,0.0,q0: start,q2514: song_10_major_9_5_3,q13306: positive,3600,2
0,out/models/model_spotify8000_model-it_0.pickle,13640,30252,LP,1,3600.001123905182,0.0,0.0,q0: start,q4784: song_10_major_2_4_6,q12823: positive,3600,9
0,out/models/model_spotify8000_model-it_0.pickle,13640,30252,LP,1,3600.002065181732,0.0,0.0,q0: start,q11183: song_0_minor_1_4_9,q12823: positive,3600,9
0,out/models/model_spotify8000_model-it_6.pickle,13714,30445,LP,1,584.8941488265991,0.6751513277653235,0.0,q0: start,q11963: song_70_major_2_6_4,q12866: positive,3600,2
0,out/models/model_spotify8000_model-it_6.pickle,13714,30445,LP,1,763.3007190227509,0.6751513277653235,0.0,q0: start,q7140: companysong_10_minor_2_6_3,q12866: positive,3600,2
0,out/models/model_spotify8000_model-it_5.pickle,13754,30476,LP,1,1194.5647149085999,0.6762175921739229,0.0,q0: start,q9642: companysong_0_major_3_4_5,q12910: positive,3600,2
0,out/models/model_spotify8000_model-it_4.pickle,13858,30592,LP,1,1761.201861858368,0.6695531499789416,0.0,q0: start,q4562: companysong_50_major_6_6_5,q13048: positive,3600,2
0,out/models/model_spotify8000_model-it_7.pickle,13792,30527,LP,1,610.8617188930511,0.6720213790863049,0.0,q0: start,q6151: song_10_minor_6_3_6,q13170: positive,3600,2
0,out/models/model_spotify8000_model-it_7.pickle,13792,30527,LP,1,646.0799760818481,0.6720213790863049,0.0,q0: start,q4520: companysong_10_major_4_7_2,q13170: positive,3600,2
0,out/models/model_spotify8000_model-it_1.pickle,13724,30469,LP,1,3600.0034351348877,0.0,0.0,q0: start,q6937: companysong_0_major_9_2_0,q13321: positive,3600,9
0,out/models/model_spotify8000_model-it_1.pickle,13724,30469,LP,1,3600.001279115677,0.0,0.0,q0: start,q10299: companysong_10_major_7_3_7,q13321: positive,3600,9
0,out/models/model_spotify8000_model-it_6.pickle,13714,30445,LP,1,1293.5415179729462,0.6751513277653235,0.0,q0: start,q4183: companysong_10_major_0_4_3,q12866: positive,3600,2
0,out/models/model_spotify8000_model-it_6.pickle,13714,30445,LP,1,998.8964021205902,0.6751513277653235,0.0,q0: start,q3839: companysong_10_minor_2_8_3,q12866: positive,3600,2
0,out/models/model_spotify8000_model-it_1.pickle,13724,30469,LP,1,3600.001065969467,0.0,0.0,q0: start,q1598: song_10_minor_5_8_3,q13321: positive,3600,9
0,out/models/model_spotify8000_model-it_6.pickle,13714,30445,LP,1,1152.2066550254822,0.6751513277653235,0.0,q0: start,q3581: companysong_10_major_1_8_3,q12866: positive,3600,2
0,out/models/model_spotify8000_model-it_6.pickle,13714,30445,LP,1,1174.8809490203857,0.6751513277653235,0.0,q0: start,q974: song_10_major_2_4_5,q12866: positive,3600,2
0,out/models/model_spotify8000_model-it_6.pickle,13714,30445,LP,1,1148.7341890335083,0.6751513277653235,0.0,q0: start,q855: song_0_major_0_5_8,q12866: positive,3600,2
0,out/models/model_spotify8000_model-it_5.pickle,13754,30476,LP,1,1506.973741054535,0.6762175921739229,0.0,q0: start,q11447: song_70_major_3_7_5,q12910: positive,3600,2
0,out/models/model_spotify8000_model-it_8.pickle,13826,30590,LP,1,564.4557871818542,0.669337835204432,0.0,q0: start,q1096: song_10_major_2_7_6,q13661: positive,3600,2
0,out/models/model_spotify8000_model-it_7.pickle,13792,30527,LP,1,1148.764762878418,0.6720213790863049,0.0,q0: start,q7002: companysong_0_major_4_6_3,q13170: positive,3600,2
0,out/models/model_spotify8000_model-it_9.pickle,13932,30760,LP,1,309.8196351528168,0.6731393985677993,0.0,q0: start,q7687: companysong_60_major_2_5_9,q13126: positive,3600,2
0,out/models/model_spotify8000_model-it_7.pickle,13792,30527,LP,1,1136.9996149539948,0.6720213790863049,0.0,q0: start,q12689: song_60_major_7_4_4,q13170: positive,3600,2
0,out/models/model_spotify8000_model-it_9.pickle,13932,30760,LP,1,373.40608310699463,0.6731393985677993,0.0,q0: start,q8761: companysong_10_minor_0_2_7,q13126: positive,3600,2
0,out/models/model_spotify8000_model-it_8.pickle,13826,30590,LP,1,1045.3928401470184,0.669337835204432,0.0,q0: start,q10408: companysong_90_minor_3_3_7,q13661: positive,3600,2
0,out/models/model_spotify8000_model-it_9.pickle,13932,30760,LP,1,335.4653491973877,0.6731393985677993,0.0,q0: start,q7787: companysong_10_minor_5_7_5,q13126: positive,3600,2
0,out/models/model_spotify8000_model-it_6.pickle,13714,30445,LP,1,1998.9425101280212,0.6751513277653235,0.0,q0: start,q4059: companysong_10_major_1_4_4,q12866: positive,3600,2
0,out/models/model_spotify8000_model-it_4.pickle,13858,30592,LP,1,2946.063112974167,0.6695531499789416,0.0,q0: start,q9093: song_60_major_4_6_2,q13048: positive,3600,2
0,out/models/model_spotify8000_model-it_9.pickle,13932,30760,LP,1,281.37457299232483,0.6731393985677949,0.0,q0: start,q8626: song_80_major_0_7_8,q13126: positive,3600,2
0,out/models/model_spotify8000_model-it_9.pickle,13932,30760,LP,1,599.3607470989227,0.6731393985677993,0.0,q0: start,q2095: song_60_minor_3_4_7,q13126: positive,3600,2
0,out/models/model_spotify8000_model-it_9.pickle,13932,30760,LP,1,657.4577281475067,0.6731393985677993,0.0,q0: start,q1161: song_10_major_1_7_8,q13126: positive,3600,2
0,out/models/model_spotify8000_model-it_8.pickle,13826,30590,LP,1,1363.445163011551,0.669337835204432,0.0,q0: start,q9014: companysong_0_major_9_4_1,q13661: positive,3600,2
0,out/models/model_spotify8000_model-it_3.pickle,13928,30819,LP,1,3600.0055730342865,0.0,0.0,q0: start,q4103: companysong_70_major_0_4_5,q13306: positive,3600,9
0,out/models/model_spotify8000_model-it_9.pickle,13932,30760,LP,1,532.8273031711578,0.6731393985677993,0.0,q0: start,q13212: song_10_major_5_8_2,q13126: positive,3600,2
0,out/models/model_spotify9000_model-it_0.pickle,14446,32129,LP,1,260.3293170928955,0.6757008807606656,0.0,q0: start,q4025: companysong_10_major_2_4_5,q13589: positive,3600,2
0,out/models/model_spotify8000_model-it_3.pickle,13928,30819,LP,1,3600.001324892044,0.0,0.0,q0: start,q5019: song_10_minor_1_5_7,q13306: positive,3600,9
0,out/models/model_spotify8000_model-it_9.pickle,13932,30760,LP,1,532.4407291412354,0.6731393985677993,0.0,q0: start,q11070: companysong_60_minor_4_4_4,q13126: positive,3600,2
0,out/models/model_spotify8000_model-it_7.pickle,13792,30527,LP,1,1823.9665839672089,0.6720213790863049,0.0,q0: start,q11599: song_80_major_2_7_5,q13170: positive,3600,2
0,out/models/model_spotify8000_model-it_4.pickle,13858,30592,LP,1,3600.0055170059204,0.0,0.0,q0: start,q812: song_80_major_0_4_9,q13048: positive,3600,9
0,out/models/model_spotify8000_model-it_9.pickle,13932,30760,LP,1,1059.3492889404297,0.6731393985677993,0.0,q0: start,q10903: song_10_major_3_7_2,q13126: positive,3600,2
0,out/models/model_spotify8000_model-it_8.pickle,13826,30590,LP,1,1694.402713060379,0.669337835204432,0.0,q0: start,q10590: companysong_0_major_2_5_4,q13661: positive,3600,2
0,out/models/model_spotify8000_model-it_6.pickle,13714,30445,LP,1,3092.9988589286804,0.6751513277653235,0.0,q0: start,q6902: companysong_60_major_7_7_4,q12866: positive,3600,2
0,out/models/model_spotify9000_model-it_0.pickle,14446,32129,LP,1,1038.6460690498352,0.6757008807606656,0.0,q0: start,q13747: companysong_0_major_2_9_4,q13589: positive,3600,2
0,out/models/model_spotify9000_model-it_1.pickle,14406,32030,LP,1,115.37952899932861,0.6783663840272223,0.0,q0: start,q10203: song_70_minor_5_7_7,q13496: positive,3600,2
0,out/models/model_spotify9000_model-it_1.pickle,14406,32030,LP,1,373.74938702583313,0.6783663840272223,0.0,q0: start,q4282: companysong_70_major_1_4_8,q13496: positive,3600,2
0,out/models/model_spotify8000_model-it_9.pickle,13932,30760,LP,1,1407.7359449863434,0.6731393985677993,0.0,q0: start,q1460: song_10_major_3_6_5,q13126: positive,3600,2
0,out/models/model_spotify8000_model-it_5.pickle,13754,30476,LP,1,3600.0012397766113,0.0,0.0,q0: start,q6964: song_0_major_3_7_8,q12910: positive,3600,9
0,out/models/model_spotify9000_model-it_1.pickle,14406,32030,LP,1,434.4432201385498,0.6783663840272223,0.0,q0: start,q9557: companysong_0_major_2_7_6,q13496: positive,3600,2
0,out/models/model_spotify9000_model-it_1.pickle,14406,32030,LP,1,360.3816890716553,0.6783663840272223,0.0,q0: start,q13390: song_80_minor_0_9_6,q13496: positive,3600,2
0,out/models/model_spotify9000_model-it_0.pickle,14446,32129,LP,1,968.1277749538422,0.6757008807606637,0.0,q0: start,q10761: companysong_70_major_2_8_5,q13589: positive,3600,2
0,out/models/model_spotify9000_model-it_0.pickle,14446,32129,LP,1,1099.0325119495392,0.6757008807606656,0.0,q0: start,q14397: song_0_major_7_0_2,q13589: positive,3600,2
0,out/models/model_spotify8000_model-it_8.pickle,13826,30590,LP,1,2366.842845916748,0.6693378352044314,0.0,q0: start,q13667: song_80_minor_0_7_9,q13661: positive,3600,2
0,out/models/model_spotify8000_model-it_6.pickle,13714,30445,LP,1,3600.001734972,0.0,0.0,q0: start,q7405: song_90_major_5_5_4,q12866: positive,3600,9
0,out/models/model_spotify9000_model-it_2.pickle,14348,31831,LP,1,171.1500051021576,0.6737390243093945,0.0,q0: start,q12471: song_10_minor_4_9_3,q13510: positive,3600,2
0,out/models/model_spotify9000_model-it_0.pickle,14446,32129,LP,1,1147.1912939548492,0.6757008807606656,0.0,q0: start,q11828: companysong_90_major_4_6_2,q13589: positive,3600,2
0,out/models/model_spotify9000_model-it_0.pickle,14446,32129,LP,1,1291.3319201469421,0.6757008807606637,0.0,q0: start,q10190: companysong_90_minor_4_8_4,q13589: positive,3600,2
0,out/models/model_spotify9000_model-it_2.pickle,14348,31831,LP,1,34.35763192176819,0.6737390243093934,0.0,q0: start,q14024: song_60_minor_5_5_3,q13510: positive,3600,2
0,out/models/model_spotify8000_model-it_7.pickle,13792,30527,LP,1,3600.025202035904,0.0,0.0,q0: start,q5844: companysong_70_minor_4_6_6,q13170: positive,3600,9
0,out/models/model_spotify8000_model-it_7.pickle,13792,30527,LP,1,3600.0009348392487,0.0,0.0,q0: start,q9661: companysong_0_major_6_7_2,q13170: positive,3600,9
0,out/models/model_spotify8000_model-it_7.pickle,13792,30527,LP,1,3600.004331111908,0.0,0.0,q0: start,q13462: companysong_70_minor_7_5_5,q13170: positive,3600,9
0,out/models/model_spotify9000_model-it_1.pickle,14406,32030,LP,1,1145.8034431934357,0.6783663840272223,0.0,q0: start,q10292: companysong_60_major_5_7_6,q13496: positive,3600,2
0,out/models/model_spotify9000_model-it_0.pickle,14446,32129,LP,1,1523.996836900711,0.675700880760664,0.0,q0: start,q8293: song_0_minor_3_5_5,q13589: positive,3600,2
0,out/models/model_spotify9000_model-it_2.pickle,14348,31831,LP,1,799.617819070816,0.6737390243093945,0.0,q0: start,q3826: companysong_10_minor_0_9_6,q13510: positive,3600,2
0,out/models/model_spotify9000_model-it_0.pickle,14446,32129,LP,1,2082.2522089481354,0.6757008807606656,0.0,q0: start,q5360: song_90_minor_1_6_9,q13589: positive,3600,2
0,out/models/model_spotify9000_model-it_2.pickle,14348,31831,LP,1,1031.298679113388,0.6737390243093945,0.0,q0: start,q12123: song_70_minor_7_4_5,q13510: positive,3600,2
0,out/models/model_spotify9000_model-it_2.pickle,14348,31831,LP,1,279.0613431930542,0.6737390243093927,0.0,q0: start,q12590: companysong_80_major_8_5_1,q13510: positive,3600,2
0,out/models/model_spotify8000_model-it_7.pickle,13792,30527,LP,1,3600.0015749931335,0.0,0.0,q0: start,q12767: song_70_major_5_7_7,q13170: positive,3600,9
0,out/models/model_spotify8000_model-it_8.pickle,13826,30590,LP,1,3600.0045449733734,0.0,0.0,q0: start,q1820: song_10_major_2_4_8,q13661: positive,3600,9
0,out/models/model_spotify8000_model-it_8.pickle,13826,30590,LP,1,3600.0009140968323,0.0,0.0,q0: start,q5250: song_90_major_7_7_4,q13661: positive,3600,9
0,out/models/model_spotify9000_model-it_2.pickle,14348,31831,LP,1,574.7721130847931,0.6737390243093934,0.0,q0: start,q13569: companysong_60_major_6_4_8,q13510: positive,3600,2
0,out/models/model_spotify9000_model-it_1.pickle,14406,32030,LP,1,1197.040307044983,0.6783663840272223,0.0,q0: start,q13464: companysong_0_minor_1_6_4,q13496: positive,3600,2
0,out/models/model_spotify9000_model-it_3.pickle,14392,32049,LP,1,29.82740092277527,0.677703275673741,0.0,q0: start,q14119: song_10_major_8_7_8,q13552: positive,3600,2
0,out/models/model_spotify9000_model-it_3.pickle,14392,32049,LP,1,30.40952205657959,0.677703275673744,0.0,q0: start,q8502: companysong_10_minor_4_8_2,q13552: positive,3600,2
0,out/models/model_spotify9000_model-it_3.pickle,14392,32049,LP,1,413.4846148490906,0.677703275673744,0.0,q0: start,q9470: song_10_major_3_9_4,q13552: positive,3600,2
0,out/models/model_spotify9000_model-it_2.pickle,14348,31831,LP,1,1271.6611049175262,0.6737390243093945,0.0,q0: start,q10208: song_10_major_8_8_1,q13510: positive,3600,2
0,out/models/model_spotify9000_model-it_1.pickle,14406,32030,LP,1,2128.045798063278,0.6783663840272223,0.0,q0: start,q13593: song_10_major_5_8_2,q13496: positive,3600,2
0,out/models/model_spotify8000_model-it_8.pickle,13826,30590,LP,1,3600.001093864441,0.0,0.0,q0: start,q9823: song_10_major_2_3_3,q13661: positive,3600,9
0,out/models/model_spotify8000_model-it_8.pickle,13826,30590,LP,1,3600.0012209415436,0.0,0.0,q0: start,q1075: song_10_major_0_9_6,q13661: positive,3600,9
0,out/models/model_spotify9000_model-it_1.pickle,14406,32030,LP,1,1859.7248449325562,0.6783663840272223,0.0,q0: start,q7757: song_10_major_3_4_1,q13496: positive,3600,2
0,out/models/model_spotify9000_model-it_3.pickle,14392,32049,LP,1,561.0782651901245,0.677703275673744,0.0,q0: start,q9109: song_10_major_4_3_1,q13552: positive,3600,2
0,out/models/model_spotify8000_model-it_8.pickle,13826,30590,LP,1,3600.002357006073,0.0,0.0,q0: start,q6704: companysong_80_major_2_6_9,q13661: positive,3600,9
0,out/models/model_spotify9000_model-it_4.pickle,14290,31753,LP,1,226.2217710018158,0.6786895534496032,0.0,q0: start,q5359: song_60_major_4_5_2,q13442: positive,3600,2
0,out/models/model_spotify9000_model-it_2.pickle,14348,31831,LP,1,1229.6678628921509,0.6737390243093945,0.0,q0: start,q11470: song_80_major_1_1_9,q13510: positive,3600,2
0,out/models/model_spotify9000_model-it_4.pickle,14290,31753,LP,1,276.1876618862152,0.6786895534496032,0.0,q0: start,q3327: companysong_90_major_1_9_6,q13442: positive,3600,2
0,out/models/model_spotify9000_model-it_5.pickle,14396,32028,LP,1,14.016541957855225,0.6799019203638103,0.0,q0: start,q13431: companysong_0_major_7_3_3,q13515: positive,3600,2
0,out/models/model_spotify9000_model-it_5.pickle,14396,32028,LP,1,13.509006023406982,0.6799019203638103,0.0,q0: start,q11019: song_10_minor_0_2_3,q13515: positive,3600,2
0,out/models/model_spotify9000_model-it_5.pickle,14396,32028,LP,1,77.87205791473389,0.6799019203638103,0.0,q0: start,q13279: companysong_0_major_0_3_6,q13515: positive,3600,2
0,out/models/model_spotify9000_model-it_4.pickle,14290,31753,LP,1,376.4150011539459,0.6786895534496032,0.0,q0: start,q4760: companysong_70_major_8_6_4,q13442: positive,3600,2
0,out/models/model_spotify9000_model-it_4.pickle,14290,31753,LP,1,553.3072280883789,0.6786895534496032,0.0,q0: start,q1362: song_10_major_3_6_3,q13442: positive,3600,2
0,out/models/model_spotify9000_model-it_3.pickle,14392,32049,LP,1,850.0831460952759,0.677703275673744,0.0,q0: start,q7339: companysong_10_minor_9_6_2,q13552: positive,3600,2
0,out/models/model_spotify9000_model-it_3.pickle,14392,32049,LP,1,981.0643811225891,0.677703275673744,0.0,q0: start,q1919: song_90_major_1_5_7,q13552: positive,3600,2
0,out/models/model_spotify9000_model-it_3.pickle,14392,32049,LP,1,1274.418189048767,0.677703275673744,0.0,q0: start,q5818: companysong_0_minor_0_7_3,q13552: positive,3600,2
0,out/models/model_spotify9000_model-it_3.pickle,14392,32049,LP,1,1376.9076881408691,0.6777032756737411,0.0,q0: start,q6467: song_0_major_2_3_5,q13552: positive,3600,2
0,out/models/model_spotify9000_model-it_0.pickle,14446,32129,LP,1,3600.002175092697,0.0,0.0,q0: start,q1802: song_10_minor_2_7_3,q13589: positive,3600,9
0,out/models/model_spotify9000_model-it_0.pickle,14446,32129,LP,1,3600.0050270557404,0.0,0.0,q0: start,q9864: companysong_90_minor_0_8_4,q13589: positive,3600,9
0,out/models/model_spotify9000_model-it_6.pickle,14326,31902,LP,1,216.94128394126892,0.6753750695971127,0.0,q0: start,q9519: song_10_major_8_3_7,q13500: positive,3600,2
0,out/models/model_spotify9000_model-it_4.pickle,14290,31753,LP,1,941.3252930641174,0.6786895534496032,0.0,q0: start,q11015: song_60_major_2_4_8,q13442: positive,3600,2
0,out/models/model_spotify9000_model-it_5.pickle,14396,32028,LP,1,638.042995929718,0.6799019203638103,0.0,q0: start,q9190: song_0_major_1_7_5,q13515: positive,3600,2
0,out/models/model_spotify9000_model-it_5.pickle,14396,32028,LP,1,838.5116348266602,0.6799019203638103,0.0,q0: start,q12962: companysong_80_major_5_4_2,q13515: positive,3600,2
0,out/models/model_spotify9000_model-it_6.pickle,14326,31902,LP,1,578.6256449222565,0.6753750695971119,0.0,q0: start,q2553: song_10_minor_5_7_6,q13500: positive,3600,2
0,out/models/model_spotify9000_model-it_6.pickle,14326,31902,LP,1,276.7873511314392,0.6753750695971127,0.0,q0: start,q13092: song_10_minor_4_7_3,q13500: positive,3600,2
0,out/models/model_spotify9000_model-it_5.pickle,14396,32028,LP,1,927.7825400829315,0.6799019203638103,0.0,q0: start,q8350: companysong_90_minor_1_6_3,q13515: positive,3600,2
0,out/models/model_spotify9000_model-it_6.pickle,14326,31902,LP,1,319.95588302612305,0.6753750695971127,0.0,q0: start,q6947: song_50_major_7_3_7,q13500: positive,3600,2
0,out/models/model_spotify9000_model-it_7.pickle,14286,31892,LP,1,167.36794018745422,0.6763982002627965,0.0,q0: start,q869: song_80_minor_0_7_7,q13660: positive,3600,2
0,out/models/model_spotify9000_model-it_7.pickle,14286,31892,LP,1,17.013139009475708,0.6763982002627965,0.0,q0: start,q1909: song_0_minor_2_4_7,q13660: positive,3600,2
0,out/models/model_spotify9000_model-it_7.pickle,14286,31892,LP,1,35.487560987472534,0.6763982002627977,0.0,q0: start,q12192: companysong_50_major_8_3_2,q13660: positive,3600,2
0,out/models/model_spotify9000_model-it_3.pickle,14392,32049,LP,1,2109.092919111252,0.677703275673744,0.0,q0: start,q11782: companysong_90_major_4_6_2,q13552: positive,3600,2
0,out/models/model_spotify9000_model-it_6.pickle,14326,31902,LP,1,579.1933038234711,0.6753750695971127,0.0,q0: start,q10560: song_90_major_1_5_5,q13500: positive,3600,2
0,out/models/model_spotify9000_model-it_1.pickle,14406,32030,LP,1,3600.001498937607,0.0,0.0,q0: start,q13040: companysong_0_minor_6_6_8,q13496: positive,3600,9
0,out/models/model_spotify9000_model-it_1.pickle,14406,32030,LP,1,3600.0109860897064,0.0,0.0,q0: start,q7995: companysong_50_major_5_7_7,q13496: positive,3600,9
0,out/models/model_spotify9000_model-it_2.pickle,14348,31831,LP,1,3600.0015280246735,0.0,0.0,q0: start,q12122: song_90_minor_5_7_7,q13510: positive,3600,9
0,out/models/model_spotify9000_model-it_7.pickle,14286,31892,LP,1,593.417610168457,0.6763982002627965,0.0,q0: start,q6636: companysong_10_major_8_4_9,q13660: positive,3600,2
0,out/models/model_spotify9000_model-it_5.pickle,14396,32028,LP,1,1951.7211239337921,0.6799019203638103,0.0,q0: start,q11433: companysong_60_major_5_3_7,q13515: positive,3600,2
0,out/models/model_spotify9000_model-it_8.pickle,14340,31964,LP,1,229.41643810272217,0.6763459120619012,0.0,q0: start,q12084: song_0_minor_6_8_7,q13692: positive,3600,2
0,out/models/model_spotify9000_model-it_8.pickle,14340,31964,LP,1,419.2599289417267,0.6763459120619013,0.0,q0: start,q14255: song_50_major_6_6_3,q13692: positive,3600,2
0,out/models/model_spotify9000_model-it_9.pickle,14382,31937,LP,1,31.358411073684692,0.6747749436490676,0.0,q0: start,q4794: companysong_0_major_6_5_2,q13528: positive,3600,2
0,out/models/model_spotify9000_model-it_8.pickle,14340,31964,LP,1,195.7132430076599,0.6763459120619013,0.0,q0: start,q5534: song_10_major_8_6_0,q13692: positive,3600,2
0,out/models/model_spotify9000_model-it_7.pickle,14286,31892,LP,1,1090.5217368602753,0.6763982002627977,0.0,q0: start,q12893: song_10_major_6_8_1,q13660: positive,3600,2
0,out/models/model_spotify9000_model-it_7.pickle,14286,31892,LP,1,1209.76225399971,0.6763982002627965,0.0,q0: start,q14061: companysong_80_major_4_4_4,q13660: positive,3600,2
0,out/models/model_spotify9000_model-it_2.pickle,14348,31831,LP,1,3600.0015189647675,0.0,0.0,q0: start,q5828: companysong_0_minor_2_6_6,q13510: positive,3600,9
0,out/models/model_spotify9000_model-it_8.pickle,14340,31964,LP,1,954.2373039722443,0.6763459120619013,0.0,q0: start,q2087: song_10_minor_4_7_5,q13692: positive,3600,2
0,out/models/model_spotify9000_model-it_6.pickle,14326,31902,LP,1,1869.434935092926,0.6753750695971127,0.0,q0: start,q11192: companysong_0_major_2_5_4,q13500: positive,3600,2
0,out/models/model_spotify9000_model-it_6.pickle,14326,31902,LP,1,2134.003881931305,0.6753750695971127,0.0,q0: start,q2149: song_10_minor_0_7_3,q13500: positive,3600,2
0,out/models/model_spotify9000_model-it_6.pickle,14326,31902,LP,1,1901.241240978241,0.6753750695971127,0.0,q0: start,q14309: song_60_major_1_8_8,q13500: positive,3600,2
0,out/models/model_spotify9000_model-it_7.pickle,14286,31892,LP,1,1330.8675389289856,0.6763982002627965,0.0,q0: start,q10535: song_10_major_7_6_1,q13660: positive,3600,2
0,out/models/model_spotify9000_model-it_3.pickle,14392,32049,LP,1,3600.0207369327545,0.0,0.0,q0: start,q9545: companysong_10_major_2_4_3,q13552: positive,3600,9
0,out/models/model_spotify9000_model-it_8.pickle,14340,31964,LP,1,1138.3533279895782,0.6763459120619013,0.0,q0: start,q13917: song_0_major_3_6_2,q13692: positive,3600,2
0,out/models/model_spotify9000_model-it_8.pickle,14340,31964,LP,1,1332.2897250652313,0.6763459120619013,0.0,q0: start,q12387: companysong_80_minor_1_1_8,q13692: positive,3600,2
0,out/models/model_spotify9000_model-it_4.pickle,14290,31753,LP,1,3241.491091966629,0.6786895534496032,0.0,q0: start,q2924: companysong_0_major_0_6_9,q13442: positive,3600,2
0,out/models/model_spotify9000_model-it_5.pickle,14396,32028,LP,1,2911.8105618953705,0.6799019203638103,0.0,q0: start,q9796: song_70_major_0_1_7,q13515: positive,3600,2
0,out/models/model_spotify9000_model-it_9.pickle,14382,31937,LP,1,649.9340391159058,0.6747749436490675,0.0,q0: start,q9522: companysong_90_major_0_3_7,q13528: positive,3600,2
0,out/models/model_spotify9000_model-it_4.pickle,14290,31753,LP,1,3600.001475095749,0.0,0.0,q0: start,q5642: song_10_major_9_0_0,q13442: positive,3600,9
0,out/models/model_spotify9000_model-it_4.pickle,14290,31753,LP,1,3600.0110380649567,0.0,0.0,q0: start,q6444: song_10_minor_5_5_3,q13442: positive,3600,9
0,out/models/model_spotify10000_model-it_0.pickle,14860,33268,LP,1,12.853519916534424,0.6759100945569261,0.0,q0: start,q12829: song_10_minor_7_5_5,q13996: positive,3600,2
0,out/models/model_spotify10000_model-it_0.pickle,14860,33268,LP,1,263.0043320655823,0.6759100945569274,0.0,q0: start,q9771: companysong_50_major_7_6_5,q13996: positive,3600,2
0,out/models/model_spotify9000_model-it_9.pickle,14382,31937,LP,1,928.1150989532471,0.6747749436490676,0.0,q0: start,q1509: song_10_minor_1_5_6,q13528: positive,3600,2
0,out/models/model_spotify9000_model-it_9.pickle,14382,31937,LP,1,1299.7855379581451,0.6747749436490653,0.0,q0: start,q9155: companysong_10_minor_9_4_1,q13528: positive,3600,2
0,out/models/model_spotify10000_model-it_0.pickle,14860,33268,LP,1,329.6150789260864,0.6759100945569283,0.0,q0: start,q3180: companysong_10_minor_0_5_6,q13996: positive,3600,2
0,out/models/model_spotify9000_model-it_4.pickle,14290,31753,LP,1,3600.0011961460114,0.0,0.0,q0: start,q9404: song_0_major_5_5_6,q13442: positive,3600,9
0,out/models/model_spotify10000_model-it_0.pickle,14860,33268,LP,1,50.85827922821045,0.6759100945569283,0.0,q0: start,q4415: companysong_10_minor_0_9_3,q13996: positive,3600,2
0,out/models/model_spotify9000_model-it_6.pickle,14326,31902,LP,1,2877.6363780498505,0.6753750695971127,0.0,q0: start,q10280: song_10_minor_1_9_5,q13500: positive,3600,2
0,out/models/model_spotify9000_model-it_4.pickle,14290,31753,LP,1,3600.002343893051,0.0,0.0,q0: start,q8816: companysong_80_minor_0_1_9,q13442: positive,3600,9
0,out/models/model_spotify9000_model-it_9.pickle,14382,31937,LP,1,1370.2216501235962,0.6747749436490676,0.0,q0: start,q6724: song_0_major_2_4_4,q13528: positive,3600,2
0,out/models/model_spotify9000_model-it_5.pickle,14396,32028,LP,1,3395.4261090755463,0.6799019203638103,0.0,q0: start,q9147: companysong_60_major_9_4_1,q13515: positive,3600,2
0,out/models/model_spotify9000_model-it_8.pickle,14340,31964,LP,1,1844.1336941719055,0.6763459120619013,0.0,q0: start,q12497: companysong_90_major_4_4_3,q13692: positive,3600,2
0,out/models/model_spotify10000_model-it_1.pickle,14860,33268,LP,1,13.099234104156494,0.6759100945569261,0.0,q0: start,q13280: song_80_major_7_5_7,q13996: positive,3600,2
0,out/models/model_spotify9000_model-it_5.pickle,14396,32028,LP,1,3600.0014090538025,0.0,0.0,q0: start,q11497: song_60_minor_1_6_5,q13515: positive,3600,9
0,out/models/model_spotify9000_model-it_9.pickle,14382,31937,LP,1,1255.3438410758972,0.6747749436490676,0.0,q0: start,q8897: companysong_10_major_2_8_9,q13528: positive,3600,2
0,out/models/model_spotify10000_model-it_2.pickle,14860,33268,LP,1,19.79000997543335,0.6759100945569261,0.0,q0: start,q9692: song_10_minor_8_8_3,q13996: positive,3600,2
0,out/models/model_spotify10000_model-it_2.pickle,14860,33268,LP,1,20.023746013641357,0.6759100945569261,0.0,q0: start,q11322: companysong_10_major_8_8_4,q13996: positive,3600,2
0,out/models/model_spotify9000_model-it_9.pickle,14382,31937,LP,1,2059.8740508556366,0.6747749436490676,0.0,q0: start,q4496: companysong_0_minor_4_7_5,q13528: positive,3600,2
0,out/models/model_spotify9000_model-it_6.pickle,14326,31902,LP,1,3600.0019080638885,0.0,0.0,q0: start,q9227: companysong_10_minor_9_2_1,q13500: positive,3600,9
0,out/models/model_spotify10000_model-it_2.pickle,14860,33268,LP,1,13.951432943344116,0.6759100945569261,0.0,q0: start,q11671: song_70_major_2_5_5,q13996: positive,3600,2
0,out/models/model_spotify10000_model-it_1.pickle,14860,33268,LP,1,664.8443200588226,0.6759100945569283,0.0,q0: start,q13647: song_70_minor_5_4_4,q13996: positive,3600,2
0,out/models/model_spotify10000_model-it_0.pickle,14860,33268,LP,1,835.3415279388428,0.6759100945569283,0.0,q0: start,q1491: song_10_minor_3_4_6,q13996: positive,3600,2
0,out/models/model_spotify9000_model-it_7.pickle,14286,31892,LP,1,3336.37890791893,0.6763982002627965,0.0,q0: start,q7339: companysong_10_major_3_8_8,q13660: positive,3600,2
0,out/models/model_spotify10000_model-it_3.pickle,14860,33268,LP,1,13.39332103729248,0.6759100945569261,0.0,q0: start,q13114: companysong_70_major_2_6_5,q13996: positive,3600,2
0,out/models/model_spotify9000_model-it_7.pickle,14286,31892,LP,1,3600.001378059387,0.0,0.0,q0: start,q13404: song_70_major_6_6_7,q13660: positive,3600,9
0,out/models/model_spotify10000_model-it_3.pickle,14860,33268,LP,1,14.848310947418213,0.6759100945569265,0.0,q0: start,q12960: song_90_minor_2_5_6,q13996: positive,3600,2
0,out/models/model_spotify9000_model-it_9.pickle,14382,31937,LP,1,1883.883581161499,0.6747749436490676,0.0,q0: start,q10590: song_10_minor_9_3_1,q13528: positive,3600,2
0,out/models/model_spotify9000_model-it_8.pickle,14340,31964,LP,1,3045.7150118350983,0.6763459120619013,0.0,q0: start,q4453: companysong_10_minor_1_6_4,q13692: positive,3600,2
0,out/models/model_spotify10000_model-it_2.pickle,14860,33268,LP,1,389.8907039165497,0.6759100945569283,0.0,q0: start,q4019: companysong_10_minor_1_2_8,q13996: positive,3600,2
0,out/models/model_spotify10000_model-it_1.pickle,14860,33268,LP,1,998.5989329814911,0.6759100945569276,0.0,q0: start,q13552: companysong_60_major_7_5_6,q13996: positive,3600,2
0,out/models/model_spotify9000_model-it_9.pickle,14382,31937,LP,1,2038.5027408599854,0.6747749436490676,0.0,q0: start,q14256: companysong_80_minor_3_5_8,q13528: positive,3600,2
0,out/models/model_spotify10000_model-it_2.pickle,14860,33268,LP,1,637.4218699932098,0.6759100945569283,0.0,q0: start,q7865: song_60_major_1_5_5,q13996: positive,3600,2
0,out/models/model_spotify9000_model-it_7.pickle,14286,31892,LP,1,3600.002895116806,0.0,0.0,q0: start,q1003: song_10_major_0_7_3,q13660: positive,3600,9
0,out/models/model_spotify10000_model-it_1.pickle,14860,33268,LP,1,1114.5318179130554,0.6759100945569283,0.0,q0: start,q13028: companysong_10_minor_4_9_3,q13996: positive,3600,2
0,out/models/model_spotify10000_model-it_1.pickle,14860,33268,LP,1,1167.9741411209106,0.6759100945569284,0.0,q0: start,q9061: song_10_minor_9_2_7,q13996: positive,3600,2
0,out/models/model_spotify9000_model-it_9.pickle,14382,31937,LP,1,2427.2995970249176,0.6747749436490676,0.0,q0: start,q1577: song_10_major_4_7_4,q13528: positive,3600,2
0,out/models/model_spotify10000_model-it_1.pickle,14860,33268,LP,1,1291.199322938919,0.6759100945569283,0.0,q0: start,q5274: song_90_minor_2_9_6,q13996: positive,3600,2
0,out/models/model_spotify10000_model-it_2.pickle,14860,33268,LP,1,608.563493013382,0.6759100945569283,0.0,q0: start,q2215: song_80_major_3_6_8,q13996: positive,3600,2
0,out/models/model_spotify10000_model-it_2.pickle,14860,33268,LP,1,831.243136882782,0.6759100945569283,0.0,q0: start,q4014: companysong_10_minor_3_7_8,q13996: positive,3600,2
0,out/models/model_spotify10000_model-it_3.pickle,14860,33268,LP,1,20.109020948410034,0.6759100945569261,0.0,q0: start,q6748: song_90_major_1_5_9,q13996: positive,3600,2
0,out/models/model_spotify9000_model-it_8.pickle,14340,31964,LP,1,3600.002604007721,0.0,0.0,q0: start,q4984: song_0_major_0_7_6,q13692: positive,3600,9
0,out/models/model_spotify10000_model-it_3.pickle,14860,33268,LP,1,761.2594799995422,0.6759100945569283,0.0,q0: start,q7026: song_10_major_0_1_0,q13996: positive,3600,2
0,out/models/model_spotify10000_model-it_4.pickle,14860,33268,LP,1,19.569003105163574,0.6759100945569261,0.0,q0: start,q12938: song_90_major_3_3_6,q13996: positive,3600,2
0,out/models/model_spotify10000_model-it_4.pickle,14860,33268,LP,1,243.92727088928223,0.6759100945569283,0.0,q0: start,q5040: companysong_10_major_7_3_3,q13996: positive,3600,2
0,out/models/model_spotify9000_model-it_8.pickle,14340,31964,LP,1,3600.0010080337524,0.0,0.0,q0: start,q2181: song_60_minor_0_5_4,q13692: positive,3600,9
0,out/models/model_spotify10000_model-it_3.pickle,14860,33268,LP,1,351.699853181839,0.6759100945569283,0.0,q0: start,q7159: song_0_minor_2_5_8,q13996: positive,3600,2
0,out/models/model_spotify10000_model-it_1.pickle,14860,33268,LP,1,1499.550530910492,0.6759100945569283,0.0,q0: start,q3905: companysong_10_major_5_6_6,q13996: positive,3600,2
0,out/models/model_spotify10000_model-it_1.pickle,14860,33268,LP,1,1967.286451101303,0.675910094556925,0.0,q0: start,q5407: song_0_minor_2_7_6,q13996: positive,3600,2
0,out/models/model_spotify10000_model-it_3.pickle,14860,33268,LP,1,404.2138648033142,0.6759100945569283,0.0,q0: start,q6015: companysong_10_major_1_4_5,q13996: positive,3600,2
0,out/models/model_spotify10000_model-it_2.pickle,14860,33268,LP,1,1271.918848991394,0.6759100945569257,0.0,q0: start,q13376: song_70_major_3_5_9,q13996: positive,3600,2
0,out/models/model_spotify10000_model-it_0.pickle,14860,33268,LP,1,2161.165078163147,0.6759100945569283,0.0,q0: start,q7350: song_60_major_7_6_5,q13996: positive,3600,2
0,out/models/model_spotify10000_model-it_3.pickle,14860,33268,LP,1,794.2148671150208,0.6759100945569257,0.0,q0: start,q11535: song_10_minor_0_2_3,q13996: positive,3600,2
0,out/models/model_spotify10000_model-it_5.pickle,14860,33268,LP,1,36.34291195869446,0.6759100945569283,0.0,q0: start,q5875: song_10_major_9_2_5,q13996: positive,3600,2
0,out/models/model_spotify10000_model-it_2.pickle,14860,33268,LP,1,1937.889683008194,0.6759100945569283,0.0,q0: start,q10153: song_90_major_6_8_4,q13996: positive,3600,2
0,out/models/model_spotify10000_model-it_5.pickle,14860,33268,LP,1,400.8442919254303,0.6759100945569283,0.0,q0: start,q13748: song_10_major_9_0_6,q13996: positive,3600,2
0,out/models/model_spotify10000_model-it_4.pickle,14860,33268,LP,1,802.2633769512177,0.6759100945569283,0.0,q0: start,q7076: song_90_major_1_6_7,q13996: positive,3600,2
0,out/models/model_spotify10000_model-it_3.pickle,14860,33268,LP,1,1393.801167011261,0.6759100945569261,0.0,q0: start,q12622: song_50_major_8_3_2,q13996: positive,3600,2
0,out/models/model_spotify10000_model-it_6.pickle,14860,33268,LP,1,6.4219560623168945,0.6759100945569283,0.0,q0: start,q2552: song_10_minor_1_4_2,q13996: positive,3600,2
0,out/models/model_spotify10000_model-it_4.pickle,14860,33268,LP,1,958.3727350234985,0.6759100945569023,0.0,q0: start,q7752: song_0_minor_4_5_9,q13996: positive,3600,2
0,out/models/model_spotify10000_model-it_4.pickle,14860,33268,LP,1,1023.1605520248413,0.6759100945569283,0.0,q0: start,q14514: song_60_major_6_4_2,q13996: positive,3600,2
0,out/models/model_spotify10000_model-it_0.pickle,14860,33268,LP,1,2950.652195930481,0.6759100945569283,0.0,q0: start,q3076: companysong_10_major_0_4_9,q13996: positive,3600,2
0,out/models/model_spotify10000_model-it_0.pickle,14860,33268,LP,1,3600.0059468746185,0.0,0.0,q0: start,q1741: song_0_minor_1_6_6,q13996: positive,3600,9
0,out/models/model_spotify10000_model-it_5.pickle,14860,33268,LP,1,456.8617980480194,0.6759100945569283,0.0,q0: start,q13474: companysong_10_major_6_8_1,q13996: positive,3600,2
0,out/models/model_spotify10000_model-it_4.pickle,14860,33268,LP,1,1092.6575818061829,0.6759100945569283,0.0,q0: start,q12788: companysong_80_major_1_7_5,q13996: positive,3600,2
0,out/models/model_spotify10000_model-it_0.pickle,14860,33268,LP,1,3600.0058431625366,0.0,0.0,q0: start,q8770: companysong_0_minor_0_7_8,q13996: positive,3600,9
0,out/models/model_spotify10000_model-it_6.pickle,14860,33268,LP,1,342.29003715515137,0.6759100945569283,0.0,q0: start,q1340: song_70_major_3_3_4,q13996: positive,3600,2
0,out/models/model_spotify10000_model-it_5.pickle,14860,33268,LP,1,633.1307010650635,0.6759100945569283,0.0,q0: start,q3778: companysong_60_minor_2_4_5,q13996: positive,3600,2
0,out/models/model_spotify10000_model-it_5.pickle,14860,33268,LP,1,879.7942340373993,0.6759100945569284,0.0,q0: start,q12976: song_10_major_8_1_3,q13996: positive,3600,2
0,out/models/model_spotify10000_model-it_6.pickle,14860,33268,LP,1,535.1413218975067,0.6759100945569283,0.0,q0: start,q13930: song_0_minor_1_6_4,q13996: positive,3600,2
0,out/models/model_spotify10000_model-it_5.pickle,14860,33268,LP,1,1049.9419820308685,0.6759100945569283,0.0,q0: start,q12114: companysong_10_major_4_9_1,q13996: positive,3600,2
0,out/models/model_spotify10000_model-it_1.pickle,14860,33268,LP,1,2923.6972239017487,0.6759100945569283,0.0,q0: start,q8899: companysong_70_major_7_6_1,q13996: positive,3600,2
0,out/models/model_spotify10000_model-it_6.pickle,14860,33268,LP,1,779.6099600791931,0.6759100945569283,0.0,q0: start,q12599: song_80_major_2_6_5,q13996: positive,3600,2
0,out/models/model_spotify10000_model-it_6.pickle,14860,33268,LP,1,377.1967010498047,0.6759100945569276,0.0,q0: start,q10364: companysong_80_minor_2_8_6,q13996: positive,3600,2
0,out/models/model_spotify10000_model-it_7.pickle,14860,33268,LP,1,37.002859115600586,0.6759100945569283,0.0,q0: start,q10847: song_60_minor_6_5_2,q13996: positive,3600,2
0,out/models/model_spotify10000_model-it_0.pickle,14860,33268,LP,1,3600.0006980895996,0.0,0.0,q0: start,q5661: song_0_minor_3_7_4,q13996: positive,3600,9
0,out/models/model_spotify10000_model-it_1.pickle,14860,33268,LP,1,3600.0017030239105,0.0,0.0,q0: start,q7799: song_10_major_8_8_2,q13996: positive,3600,9
0,out/models/model_spotify10000_model-it_4.pickle,14860,33268,LP,1,2123.517580986023,0.6759100945569283,0.0,q0: start,q10127: song_0_major_6_8_5,q13996: positive,3600,2
0,out/models/model_spotify10000_model-it_7.pickle,14860,33268,LP,1,556.4323799610138,0.6759100945569283,0.0,q0: start,q4546: companysong_0_major_5_7_2,q13996: positive,3600,2
0,out/models/model_spotify10000_model-it_8.pickle,14860,33268,LP,1,6.574826002120972,0.6759100945569283,0.0,q0: start,q7562: companysong_80_major_2_5_4,q13996: positive,3600,2
0,out/models/model_spotify10000_model-it_8.pickle,14860,33268,LP,1,155.44575595855713,0.6759100945569283,0.0,q0: start,q4534: companysong_0_major_1_3_6,q13996: positive,3600,2
0,out/models/model_spotify10000_model-it_6.pickle,14860,33268,LP,1,1276.9036691188812,0.6759100945569283,0.0,q0: start,q5690: song_0_minor_7_7_6,q13996: positive,3600,2
0,out/models/model_spotify10000_model-it_2.pickle,14860,33268,LP,1,3600.0016219615936,0.0,0.0,q0: start,q8641: song_0_major_7_5_3,q13996: positive,3600,9
0,out/models/model_spotify10000_model-it_7.pickle,14860,33268,LP,1,583.5323619842529,0.6759100945569283,0.0,q0: start,q3483: companysong_90_major_1_9_6,q13996: positive,3600,2
0,out/models/model_spotify10000_model-it_7.pickle,14860,33268,LP,1,650.1562519073486,0.6759100945569283,0.0,q0: start,q9594: companysong_70_major_0_4_4,q13996: positive,3600,2
0,out/models/model_spotify10000_model-it_9.pickle,14860,33268,LP,1,195.48554801940918,0.6759100945569283,0.0,q0: start,q3072: companysong_10_minor_0_4_9,q13996: positive,3600,2
0,out/models/model_spotify10000_model-it_8.pickle,14860,33268,LP,1,615.0619330406189,0.6759100945569283,0.0,q0: start,q6717: song_0_major_2_5_9,q13996: positive,3600,2
0,out/models/model_spotify10000_model-it_5.pickle,14860,33268,LP,1,2166.508697986603,0.6759100945569283,0.0,q0: start,q8035: companysong_90_minor_7_4_4,q13996: positive,3600,2
0,out/models/model_spotify10000_model-it_8.pickle,14860,33268,LP,1,933.93772315979,0.6759100945569283,0.0,q0: start,q13997: song_0_minor_4_9_4,q13996: positive,3600,2
0,out/models/model_spotify10000_model-it_7.pickle,14860,33268,LP,1,1361.9146950244904,0.6759100945569283,0.0,q0: start,q10764: companysong_0_major_0_1_9,q13996: positive,3600,2
0,out/models/model_spotify10000_model-it_8.pickle,14860,33268,LP,1,743.0546021461487,0.6759100945569283,0.0,q0: start,q13172: companysong_10_minor_8_6_7,q13996: positive,3600,2
0,out/models/model_spotify10000_model-it_9.pickle,14860,33268,LP,1,585.2132048606873,0.6759100945569283,0.0,q0: start,q4446: companysong_80_major_3_6_8,q13996: positive,3600,2
0,out/models/model_spotify10000_model-it_3.pickle,14860,33268,LP,1,3600.0013539791107,0.0,0.0,q0: start,q3446: companysong_10_minor_2_8_5,q13996: positive,3600,9
0,out/models/model_spotify10000_model-it_3.pickle,14860,33268,LP,1,3600.001485824585,0.0,0.0,q0: start,q14193: companysong_0_minor_7_7_4,q13996: positive,3600,9
0,out/models/model_spotify10000_model-it_9.pickle,14860,33268,LP,1,883.4910640716553,0.6759100945569283,0.0,q0: start,q13052: song_80_major_0_2_6,q13996: positive,3600,2
0,out/models/model_spotify10000_model-it_4.pickle,14860,33268,LP,1,3600.001145839691,0.0,0.0,q0: start,q13283: song_80_major_0_7_5,q13996: positive,3600,9
0,out/models/model_spotify10000_model-it_9.pickle,14860,33268,LP,1,510.9413471221924,0.6759100945569283,0.0,q0: start,q10691: song_80_major_1_6_6,q13996: positive,3600,2
0,out/models/model_spotify10000_model-it_6.pickle,14860,33268,LP,1,2687.164757013321,0.6759100945569283,0.0,q0: start,q9732: companysong_0_minor_1_8_5,q13996: positive,3600,2
0,out/models/model_spotify10000_model-it_9.pickle,14860,33268,LP,1,434.1505980491638,0.6759100945569283,0.0,q0: start,q12909: companysong_80_major_3_6_3,q13996: positive,3600,2
0,out/models/model_spotify10000_model-it_4.pickle,14860,33268,LP,1,3600.001528978348,0.0,0.0,q0: start,q13507: song_70_minor_3_5_5,q13996: positive,3600,9
0,out/models/model_spotify10000_model-it_4.pickle,14860,33268,LP,1,3600.0007359981537,0.0,0.0,q0: start,q3750: companysong_0_major_0_2_8,q13996: positive,3600,9
0,out/models/model_spotify10000_model-it_7.pickle,14860,33268,LP,1,2496.9204580783844,0.6759100945569283,0.0,q0: start,q4499: companysong_10_minor_5_8_4,q13996: positive,3600,2
0,out/models/model_spotify10000_model-it_6.pickle,14860,33268,LP,1,2953.7217421531677,0.6759100945569283,0.0,q0: start,q12474: song_0_major_8_5_8,q13996: positive,3600,2
0,out/models/model_spotify10000_model-it_8.pickle,14860,33268,LP,1,1545.0659759044647,0.6759100945569283,0.0,q0: start,q8106: companysong_60_major_1_6_8,q13996: positive,3600,2
0,out/models/model_spotify10000_model-it_8.pickle,14860,33268,LP,1,1420.3249909877777,0.6759100945569283,0.0,q0: start,q14808: companysong_10_minor_3_2_9,q13996: positive,3600,2
0,out/models/model_spotify10000_model-it_5.pickle,14860,33268,LP,1,3600.0019102096558,0.0,0.0,q0: start,q9008: song_80_major_0_1_9,q13996: positive,3600,9
0,out/models/model_spotify10000_model-it_5.pickle,14860,33268,LP,1,3600.003468990326,0.0,0.0,q0: start,q13492: song_10_major_3_3_7,q13996: positive,3600,9
0,out/models/model_spotify10000_model-it_5.pickle,14860,33268,LP,1,3600.0078570842743,0.0,0.0,q0: start,q6965: companysong_10_major_9_3_3,q13996: positive,3600,9
0,out/models/model_spotify10000_model-it_9.pickle,14860,33268,LP,1,1045.0114378929138,0.6759100945569283,0.0,q0: start,q1888: song_10_minor_2_7_8,q13996: positive,3600,2
0,out/models/model_spotify10000_model-it_7.pickle,14860,33268,LP,1,2921.9628241062164,0.6759100945569283,0.0,q0: start,q5244: song_90_minor_1_5_5,q13996: positive,3600,2
0,out/models/model_spotify10000_model-it_8.pickle,14860,33268,LP,1,2221.387880086899,0.6759100945569276,0.0,q0: start,q13704: companysong_0_minor_6_5_1,q13996: positive,3600,2
0,out/models/model_spotify10000_model-it_6.pickle,14860,33268,LP,1,3600.002184152603,0.0,0.0,q0: start,q13878: song_0_minor_2_4_5,q13996: positive,3600,9
0,out/models/model_spotify10000_model-it_9.pickle,14860,33268,LP,1,1653.8173220157623,0.6759100945569283,0.0,q0: start,q13137: song_60_minor_7_6_5,q13996: positive,3600,2
0,out/models/model_spotify10000_model-it_6.pickle,14860,33268,LP,1,3600.0041761398315,0.0,0.0,q0: start,q9013: song_10_minor_0_2_7,q13996: positive,3600,9
0,out/models/model_spotify10000_model-it_8.pickle,14860,33268,LP,1,2763.7067420482635,0.6759100945569283,0.0,q0: start,q848: song_0_major_0_4_9,q13996: positive,3600,2
0,out/models/model_spotify10000_model-it_7.pickle,14860,33268,LP,1,3374.7226808071136,0.6759100945569283,0.0,q0: start,q2085: song_10_minor_1_4_5,q13996: positive,3600,2
0,out/models/model_spotify10000_model-it_7.pickle,14860,33268,LP,1,3600.006583929062,0.0,0.0,q0: start,q7383: companysong_0_major_0_2_7,q13996: positive,3600,9
0,out/models/model_spotify10000_model-it_7.pickle,14860,33268,LP,1,3600.0078699588776,0.0,0.0,q0: start,q8583: song_70_minor_0_8_5,q13996: positive,3600,9
0,out/models/model_spotify10000_model-it_9.pickle,14860,33268,LP,1,2857.8968851566315,0.6759100945569283,0.0,q0: start,q12988: companysong_10_major_3_3_6,q13996: positive,3600,2
0,out/models/model_spotify10000_model-it_8.pickle,14860,33268,LP,1,3600.0056829452515,0.0,0.0,q0: start,q14470: companysong_0_minor_0_4_4,q13996: positive,3600,9
0,out/models/model_spotify10000_model-it_9.pickle,14860,33268,LP,1,3600.001718044281,0.0,0.0,q0: start,q2458: song_10_major_3_4_6,q13996: positive,3600,9
0,out/models/model_spotify10000_model-it_9.pickle,14860,33268,LP,1,3280.9833011627197,0.675910094556925,0.0,q0: start,q11372: companysong_0_major_9_3_0,q13996: positive,3600,2
