,name,states,transitions,encoding,sense,time,reachability_value,importance_value,start_state,via_state,target_state,timeout,status
0,out/models/model_spotify1000_model-it_2.pickle,5852,11469,LP,1,45.000483989715576,0.6758406748006981,0.0,q0: start,q3109: companysong_70_major_3_5_8,q5784: positive,3600,2
0,out/models/model_spotify1000_model-it_2.pickle,5852,11469,LP,1,47.63658905029297,0.6758406748006981,0.0,q0: start,q1245: companysong_10_major_2_4_8,q5784: positive,3600,2
0,out/models/model_spotify1000_model-it_2.pickle,5852,11469,LP,1,116.8071711063385,0.6758406748006981,0.0,q0: start,q4799: companysong_70_major_7_5_3,q5784: positive,3600,2
0,out/models/model_spotify1000_model-it_3.pickle,6052,11993,LP,1,170.65644598007202,0.6957031854316336,0.0,q0: start,q2040: song_10_major_1_7_4,q5670: positive,3600,2
0,out/models/model_spotify1000_model-it_2.pickle,5852,11469,LP,1,187.24778509140015,0.6758406748006981,0.0,q0: start,q3851: companysong_60_major_0_3_8,q5784: positive,3600,2
0,out/models/model_spotify1000_model-it_0.pickle,5828,11571,LP,1,209.0847578048706,0.6699732699871904,0.0,q0: start,q3136: companysong_10_major_3_4_7,q5565: positive,3600,2
0,out/models/model_spotify1000_model-it_0.pickle,5828,11571,LP,1,216.8961958885193,0.6699732699871904,0.0,q0: start,q3170: song_90_major_1_4_7,q5565: positive,3600,2
0,out/models/model_spotify1000_model-it_4.pickle,5880,11559,LP,1,72.82059502601624,0.6501277200356753,0.0,q0: start,q5863: song_80_minor_0_7_6,q5513: positive,3600,2
0,out/models/model_spotify1000_model-it_4.pickle,5880,11559,LP,1,10.83009386062622,0.6501277200356753,0.0,q0: start,q4399: song_60_minor_2_5_4,q5513: positive,3600,2
0,out/models/model_spotify1000_model-it_4.pickle,5880,11559,LP,1,1.7646510601043701,0.6501277200356753,0.0,q0: start,q4038: companysong_10_minor_0_9_8,q5513: positive,3600,2
0,out/models/model_spotify1000_model-it_0.pickle,5828,11571,LP,1,457.8108899593353,0.6699732699871904,0.0,q0: start,q776: song_60_major_0_5_7,q5565: positive,3600,2
0,out/models/model_spotify1000_model-it_4.pickle,5880,11559,LP,1,443.85906314849854,0.650127720035674,0.0,q0: start,q2923: song_10_minor_0_2_7,q5513: positive,3600,2
0,out/models/model_spotify1000_model-it_4.pickle,5880,11559,LP,1,403.2163350582123,0.6501277200356753,0.0,q0: start,q3103: song_10_major_3_5_2,q5513: positive,3600,2
0,out/models/model_spotify1000_model-it_3.pickle,6052,11993,LP,1,805.8662939071655,0.6957031854316328,0.0,q0: start,q3824: song_10_major_3_3_3,q5670: positive,3600,2
0,out/models/model_spotify1000_model-it_3.pickle,6052,11993,LP,1,843.6246800422668,0.6957031854316336,0.0,q0: start,q3893: song_0_minor_1_2_8,q5670: positive,3600,2
0,out/models/model_spotify1000_model-it_5.pickle,5708,11401,LP,1,154.81509399414062,0.6767089922039263,0.0,q0: start,q978: companysong_0_major_0_8_4,q5680: positive,3600,2
0,out/models/model_spotify1000_model-it_5.pickle,5708,11401,LP,1,0.9464728832244873,0.676708992203927,0.0,q0: start,q4659: song_10_minor_9_5_2,q5680: positive,3600,2
0,out/models/model_spotify1000_model-it_5.pickle,5708,11401,LP,1,0.9315719604492188,0.676708992203927,0.0,q0: start,q4591: companysong_10_minor_8_6_3,q5680: positive,3600,2
0,out/models/model_spotify1000_model-it_1.pickle,5960,11828,LP,1,2510.8267300128937,0.0,0.0,q0: start,q580: played_10_major_3_6_4,q5727: positive,3600,17
0,out/models/model_spotify1000_model-it_5.pickle,5708,11401,LP,1,26.488373041152954,0.676708992203927,0.0,q0: start,q3680: song_90_minor_2_6_7,q5680: positive,3600,2
0,out/models/model_spotify1000_model-it_2.pickle,5852,11469,LP,1,3010.842017173767,0.0,0.0,q0: start,q1724: companyplayed_10_minor_0_8_3,q5784: positive,3600,17
0,out/models/model_spotify1000_model-it_1.pickle,5960,11828,LP,1,3088.8792531490326,0.0,0.0,q0: start,q1233: companysong_10_major_3_7_6,q5727: positive,3600,17
0,out/models/model_spotify1000_model-it_1.pickle,5960,11828,LP,1,3278.5977890491486,0.0,0.0,q0: start,q3762: companysong_10_major_0_1_7,q5727: positive,3600,17
0,out/models/model_spotify1000_model-it_1.pickle,5960,11828,LP,1,3454.244884967804,0.0,0.0,q0: start,q2839: played_10_major_5_4_5,q5727: positive,3600,17
0,out/models/model_spotify1000_model-it_6.pickle,5728,11229,LP,1,34.74106502532959,0.6940813726487364,0.0,q0: start,q5121: companysong_90_minor_2_4_5,q5685: positive,3600,2
0,out/models/model_spotify1000_model-it_0.pickle,5828,11571,LP,1,3600.000694990158,0.0,0.0,q0: start,q5258: companyplayed_0_major_4_6_4,q5565: positive,3600,9
0,out/models/model_spotify1000_model-it_0.pickle,5828,11571,LP,1,3600.0282909870148,0.6699732699871902,0.0010033322141577337,q0: start,q2446: played_10_major_8_5_1,q5565: positive,3600,9
0,out/models/model_spotify1000_model-it_0.pickle,5828,11571,LP,1,3600.000633955002,0.0,0.0,q0: start,q2611: played_10_minor_0_7_9,q5565: positive,3600,9
0,out/models/model_spotify1000_model-it_1.pickle,5960,11828,LP,1,3600.00283908844,0.0,0.0,q0: start,q2382: companyplayed_10_major_4_7_3,q5727: positive,3600,9
0,out/models/model_spotify1000_model-it_0.pickle,5828,11571,LP,1,3600.0014719963074,0.0,0.0,q0: start,q5638: played_60_major_5_7_3,q5565: positive,3600,9
0,out/models/model_spotify1000_model-it_3.pickle,6052,11993,LP,1,3600.024808883667,0.6957031854316338,0.004178109832557191,q0: start,q2610: played_0_major_1_6_9,q5670: positive,3600,9
0,out/models/model_spotify1000_model-it_2.pickle,5852,11469,LP,1,3600.0005490779877,0.0,0.0,q0: start,q5641: companyplayed_50_major_3_4_6,q5784: positive,3600,9
0,out/models/model_spotify1000_model-it_0.pickle,5828,11571,LP,1,3600.0005218982697,0.0,0.0,q0: start,q4672: companyplayed_10_minor_5_7_4,q5565: positive,3600,9
0,out/models/model_spotify1000_model-it_0.pickle,5828,11571,LP,1,3600.0679471492767,0.6699732699871899,0.0022006239599411254,q0: start,q2195: played_10_major_6_6_8,q5565: positive,3600,9
0,out/models/model_spotify1000_model-it_3.pickle,6052,11993,LP,1,3600.0009310245514,0.0,0.0,q0: start,q4677: played_0_major_1_8_5,q5670: positive,3600,9
0,out/models/model_spotify1000_model-it_2.pickle,5852,11469,LP,1,3600.037765979767,0.6758406748006984,0.002201520876541471,q0: start,q5323: played_10_major_9_7_3,q5784: positive,3600,9
0,out/models/model_spotify1000_model-it_1.pickle,5960,11828,LP,1,3600.000480890274,0.0,0.0,q0: start,q3925: companyplayed_60_major_5_7_4,q5727: positive,3600,9
0,out/models/model_spotify1000_model-it_2.pickle,5852,11469,LP,1,3600.019634962082,0.6758406748006985,0.0022157147697105077,q0: start,q3387: companyplayed_10_minor_1_7_2,q5784: positive,3600,9
0,out/models/model_spotify1000_model-it_2.pickle,5852,11469,LP,1,3600.029902935028,0.6758406748006983,0.0011109081569099575,q0: start,q5283: played_80_major_0_6_6,q5784: positive,3600,9
0,out/models/model_spotify1000_model-it_3.pickle,6052,11993,LP,1,3600.003489971161,0.0,0.0,q0: start,q5398: companyplayed_60_major_1_3_3,q5670: positive,3600,9
0,out/models/model_spotify1000_model-it_1.pickle,5960,11828,LP,1,3600.0011489391327,0.0,0.0,q0: start,q2606: played_70_major_0_4_7,q5727: positive,3600,9
0,out/models/model_spotify1000_model-it_0.pickle,5828,11571,LP,1,3600.0219910144806,0.6699732699871904,0.0009911841299129263,q0: start,q204: companystartprofile_1_5_4,q5565: positive,3600,9
0,out/models/model_spotify1000_model-it_3.pickle,6052,11993,LP,1,3600.000473022461,0.0,0.0,q0: start,q5463: played_10_minor_8_5_6,q5670: positive,3600,9
0,out/models/model_spotify1000_model-it_1.pickle,5960,11828,LP,1,3600.0008211135864,0.0,0.0,q0: start,q3308: played_80_minor_0_6_8,q5727: positive,3600,9
0,out/models/model_spotify1000_model-it_3.pickle,6052,11993,LP,1,3600.00203704834,0.0,0.0,q0: start,q1183: companyplayed_70_major_1_7_8,q5670: positive,3600,9
0,out/models/model_spotify1000_model-it_3.pickle,6052,11993,LP,1,3600.0013761520386,0.0,0.0,q0: start,q5547: played_60_major_4_6_9,q5670: positive,3600,9
0,out/models/model_spotify1000_model-it_2.pickle,5852,11469,LP,1,3600.001538038254,0.0,0.0,q0: start,q217: companystartprofile_1_6_8,q5784: positive,3600,9
0,out/models/model_spotify1000_model-it_1.pickle,5960,11828,LP,1,3600.0023579597473,0.0,0.0,q0: start,q260: companystartprofile_2_8_6,q5727: positive,3600,9
0,out/models/model_spotify1000_model-it_1.pickle,5960,11828,LP,1,3600.0006999969482,0.0,0.0,q0: start,q244: companystartprofile_2_5_7,q5727: positive,3600,9
0,out/models/model_spotify1000_model-it_3.pickle,6052,11993,LP,1,3600.00381398201,0.0,0.0,q0: start,q53: startprofile_1_8_7,q5670: positive,3600,9
0,out/models/model_spotify1000_model-it_7.pickle,5764,11454,LP,1,15.86664891242981,0.6950101487436025,0.0,q0: start,q3828: song_60_minor_3_3_7,q5488: positive,3600,2
0,out/models/model_spotify1000_model-it_7.pickle,5764,11454,LP,1,17.655151844024658,0.6950101487436025,0.0,q0: start,q4629: song_90_minor_0_8_6,q5488: positive,3600,2
0,out/models/model_spotify1000_model-it_7.pickle,5764,11454,LP,1,17.40602707862854,0.6950101487436025,0.0,q0: start,q3048: song_60_major_3_6_5,q5488: positive,3600,2
0,out/models/model_spotify1000_model-it_8.pickle,5910,11845,LP,1,16.752148866653442,0.6623032864274759,0.0,q0: start,q4729: companysong_70_major_6_6_5,q5848: positive,3600,2
0,out/models/model_spotify1000_model-it_8.pickle,5910,11845,LP,1,19.43942618370056,0.6623032864274759,0.0,q0: start,q5298: companysong_90_major_0_5_4,q5848: positive,3600,2
0,out/models/model_spotify1000_model-it_6.pickle,5728,11229,LP,1,37.39784812927246,0.6940813726487364,0.0,q0: start,q977: companysong_10_major_0_5_6,q5685: positive,3600,2
0,out/models/model_spotify1000_model-it_8.pickle,5910,11845,LP,1,20.2817280292511,0.6623032864274759,0.0,q0: start,q5599: companysong_90_major_3_5_6,q5848: positive,3600,2
0,out/models/model_spotify1000_model-it_8.pickle,5910,11845,LP,1,19.00648307800293,0.6623032864274759,0.0,q0: start,q4512: companysong_60_major_0_4_5,q5848: positive,3600,2
0,out/models/model_spotify1000_model-it_4.pickle,5880,11559,LP,1,3600.0200340747833,0.650127720035674,0.002099769616883134,q0: start,q4553: played_10_major_8_5_8,q5513: positive,3600,9
0,out/models/model_spotify1000_model-it_4.pickle,5880,11559,LP,1,3600.000571012497,0.0,0.0,q0: start,q902: played_10_major_6_4_4,q5513: positive,3600,9
0,out/models/model_spotify1000_model-it_6.pickle,5728,11229,LP,1,65.54922699928284,0.6940813726487364,0.0,q0: start,q3397: song_10_minor_2_6_2,q5685: positive,3600,2
0,out/models/model_spotify1000_model-it_7.pickle,5764,11454,LP,1,50.518714904785156,0.6950101487436025,0.0,q0: start,q2056: song_0_major_0_7_8,q5488: positive,3600,2
0,out/models/model_spotify1000_model-it_9.pickle,5602,11223,LP,1,0.7960929870605469,0.6503640903577518,0.0,q0: start,q1976: companysong_10_major_8_5_0,q5464: positive,3600,2
0,out/models/model_spotify1000_model-it_9.pickle,5602,11223,LP,1,0.8042080402374268,0.6503640903577518,0.0,q0: start,q2411: song_10_major_8_4_4,q5464: positive,3600,2
0,out/models/model_spotify1000_model-it_9.pickle,5602,11223,LP,1,20.189337015151978,0.6503640903577518,0.0,q0: start,q3937: song_0_minor_0_8_4,q5464: positive,3600,2
0,out/models/model_spotify1000_model-it_9.pickle,5602,11223,LP,1,56.780449867248535,0.6503640903577521,0.0,q0: start,q4894: companysong_0_minor_5_4_8,q5464: positive,3600,2
0,out/models/model_spotify1000_model-it_4.pickle,5880,11559,LP,1,3600.0016770362854,0.0,0.0,q0: start,q5828: played_10_major_7_4_0,q5513: positive,3600,9
0,out/models/model_spotify2000_model-it_0.pickle,7972,16484,LP,1,32.00166606903076,0.6662508023778936,0.0,q0: start,q5264: companysong_0_minor_1_6_8,q7520: positive,3600,2
0,out/models/model_spotify1000_model-it_4.pickle,5880,11559,LP,1,3600.015063047409,0.0,0.0,q0: start,q355: customerselect_context_charts,q5513: positive,3600,9
0,out/models/model_spotify1000_model-it_4.pickle,5880,11559,LP,1,3600.0209531784058,0.6501277200356754,0.0010798141946371633,q0: start,q1812: companyplayed_0_major_0_7_9,q5513: positive,3600,9
0,out/models/model_spotify2000_model-it_0.pickle,7972,16484,LP,1,61.812861919403076,0.6662508023778936,0.0,q0: start,q6995: companysong_10_minor_1_7_9,q7520: positive,3600,2
0,out/models/model_spotify1000_model-it_5.pickle,5708,11401,LP,1,3600.0006251335144,0.0,0.0,q0: start,q3092: companyplayed_10_major_6_4_4,q5680: positive,3600,9
0,out/models/model_spotify2000_model-it_0.pickle,7972,16484,LP,1,238.1908459663391,0.6662508023778936,0.0,q0: start,q2448: song_10_minor_8_7_5,q7520: positive,3600,2
0,out/models/model_spotify2000_model-it_0.pickle,7972,16484,LP,1,201.80376720428467,0.6662508023778936,0.0,q0: start,q1181: song_10_major_3_8_7,q7520: positive,3600,2
0,out/models/model_spotify1000_model-it_7.pickle,5764,11454,LP,1,664.3734431266785,0.6950101487436025,0.0,q0: start,q1534: song_10_minor_1_8_7,q5488: positive,3600,2
0,out/models/model_spotify1000_model-it_5.pickle,5708,11401,LP,1,3600.00523519516,0.0,0.0,q0: start,q5121: played_10_minor_6_4_4,q5680: positive,3600,9
0,out/models/model_spotify1000_model-it_8.pickle,5910,11845,LP,1,784.6891038417816,0.6623032864274759,0.0,q0: start,q2867: song_0_major_0_3_9,q5848: positive,3600,2
0,out/models/model_spotify1000_model-it_5.pickle,5708,11401,LP,1,3600.019655942917,0.6767089922039256,0.0009927397349469922,q0: start,q1620: played_10_major_3_2_2,q5680: positive,3600,9
0,out/models/model_spotify1000_model-it_5.pickle,5708,11401,LP,1,3600.005572080612,0.0,0.0,q0: start,q3364: companyplayed_10_minor_6_9_4,q5680: positive,3600,9
0,out/models/model_spotify1000_model-it_5.pickle,5708,11401,LP,1,3600.0171689987183,0.6767089922039271,0.0011018081727467966,q0: start,q4438: companyplayed_10_minor_1_9_5,q5680: positive,3600,9
0,out/models/model_spotify2000_model-it_1.pickle,7788,16033,LP,1,498.1916329860687,0.6639128391704424,0.0,q0: start,q7212: companysong_80_minor_0_7_5,q7734: positive,3600,2
0,out/models/model_spotify1000_model-it_5.pickle,5708,11401,LP,1,3600.0194039344788,0.6767089922039271,0.0010886824827290764,q0: start,q3776: companyplayed_0_major_3_6_4,q5680: positive,3600,9
0,out/models/model_spotify2000_model-it_1.pickle,7788,16033,LP,1,1946.4934620857239,0.6639128391704401,0.0,q0: start,q6093: song_70_major_2_3_3,q7734: positive,3600,2
0,out/models/model_spotify1000_model-it_6.pickle,5728,11229,LP,1,3600.0020051002502,0.0,0.0,q0: start,q2908: played_10_minor_4_3_4,q5685: positive,3600,9
0,out/models/model_spotify1000_model-it_6.pickle,5728,11229,LP,1,3600.0221240520477,0.6940813726487356,0.0010277061550867663,q0: start,q5688: played_10_major_1_3_1,q5685: positive,3600,9
0,out/models/model_spotify1000_model-it_6.pickle,5728,11229,LP,1,3600.0016000270844,0.0,0.0,q0: start,q2724: played_0_major_0_8_4,q5685: positive,3600,9
0,out/models/model_spotify1000_model-it_6.pickle,5728,11229,LP,1,3600.0011599063873,0.0,0.0,q0: start,q2137: played_90_major_3_8_6,q5685: positive,3600,9
0,out/models/model_spotify1000_model-it_6.pickle,5728,11229,LP,1,3600.0005688667297,0.0,0.0,q0: start,q2887: played_10_major_3_3_7,q5685: positive,3600,9
0,out/models/model_spotify1000_model-it_6.pickle,5728,11229,LP,1,3600.0173799991608,0.6940813726487359,0.002090144477820239,q0: start,q4360: played_10_major_9_6_4,q5685: positive,3600,9
0,out/models/model_spotify1000_model-it_7.pickle,5764,11454,LP,1,3600.0005719661713,0.0,0.0,q0: start,q1790: companyplayed_10_minor_0_7_4,q5488: positive,3600,9
0,out/models/model_spotify1000_model-it_6.pickle,5728,11229,LP,1,3600.0221269130707,0.6940813726487378,0.0010963128998268724,q0: start,q2553: played_90_minor_0_9_5,q5685: positive,3600,9
0,out/models/model_spotify1000_model-it_7.pickle,5764,11454,LP,1,3600.0004930496216,0.0,0.0,q0: start,q5218: companyplayed_70_major_6_2_3,q5488: positive,3600,9
0,out/models/model_spotify1000_model-it_7.pickle,5764,11454,LP,1,3600.0008828639984,0.0,0.0,q0: start,q2897: played_10_major_7_6_8,q5488: positive,3600,9
0,out/models/model_spotify1000_model-it_7.pickle,5764,11454,LP,1,3600.000678062439,0.0,0.0,q0: start,q4665: companyplayed_80_major_3_7_5,q5488: positive,3600,9
0,out/models/model_spotify1000_model-it_7.pickle,5764,11454,LP,1,3600.0037128925323,0.0,0.0,q0: start,q5035: played_0_minor_4_4_7,q5488: positive,3600,9
0,out/models/model_spotify1000_model-it_8.pickle,5910,11845,LP,1,3600.003918170929,0.0,0.0,q0: start,q3189: played_10_major_1_3_8,q5848: positive,3600,9
0,out/models/model_spotify1000_model-it_8.pickle,5910,11845,LP,1,3600.0180158615112,0.6623032864274753,0.0010025309470277932,q0: start,q2894: companyplayed_80_major_0_2_7,q5848: positive,3600,9
0,out/models/model_spotify1000_model-it_8.pickle,5910,11845,LP,1,3600.001522064209,0.0,0.0,q0: start,q5892: played_0_minor_2_5_7,q5848: positive,3600,9
0,out/models/model_spotify1000_model-it_8.pickle,5910,11845,LP,1,3600.0005009174347,0.0,0.0,q0: start,q4098: companyplayed_90_major_0_5_9,q5848: positive,3600,9
0,out/models/model_spotify1000_model-it_8.pickle,5910,11845,LP,1,3600.00177192688,0.0,0.0,q0: start,q5443: played_0_major_3_4_6,q5848: positive,3600,9
0,out/models/model_spotify1000_model-it_9.pickle,5602,11223,LP,1,3600.0212750434875,0.650364090357746,0.11843423415360387,q0: start,q1042: companyplayed_10_minor_0_7_5,q5464: positive,3600,9
0,out/models/model_spotify1000_model-it_9.pickle,5602,11223,LP,1,3600.0004210472107,0.0,0.0,q0: start,q4229: played_0_minor_0_4_7,q5464: positive,3600,9
0,out/models/model_spotify1000_model-it_9.pickle,5602,11223,LP,1,3600.29424905777,0.6503640903577514,0.0010671752456132624,q0: start,q3521: companyplayed_0_minor_7_2_2,q5464: positive,3600,9
0,out/models/model_spotify1000_model-it_9.pickle,5602,11223,LP,1,3600.0076129436493,0.0,0.0,q0: start,q4784: played_90_major_0_2_8,q5464: positive,3600,9
0,out/models/model_spotify2000_model-it_2.pickle,7898,16217,LP,1,275.038743019104,0.6788280620295457,0.0,q0: start,q1737: companysong_10_minor_3_7_7,q7611: positive,3600,2
0,out/models/model_spotify1000_model-it_9.pickle,5602,11223,LP,1,3600.0034511089325,0.0,0.0,q0: start,q4429: played_90_major_8_6_5,q5464: positive,3600,9
0,out/models/model_spotify1000_model-it_9.pickle,5602,11223,LP,1,3600.029397010803,0.6503640903577518,0.001977937428198312,q0: start,q262: companystartprofile_3_6_8,q5464: positive,3600,9
0,out/models/model_spotify2000_model-it_3.pickle,8066,16585,LP,1,54.59301400184631,0.6714509946659764,0.0,q0: start,q8010: song_70_major_3_4_3,q7627: positive,3600,2
0,out/models/model_spotify2000_model-it_0.pickle,7972,16484,LP,1,3600.002735853195,0.0,0.0,q0: start,q4632: played_60_minor_9_2_0,q7520: positive,3600,9
0,out/models/model_spotify2000_model-it_0.pickle,7972,16484,LP,1,3600.0034279823303,0.0,0.0,q0: start,q3178: played_0_major_3_9_7,q7520: positive,3600,9
0,out/models/model_spotify2000_model-it_3.pickle,8066,16585,LP,1,115.64195108413696,0.6714509946659764,0.0,q0: start,q7611: song_10_minor_4_4_9,q7627: positive,3600,2
0,out/models/model_spotify2000_model-it_3.pickle,8066,16585,LP,1,141.38046598434448,0.6714509946659764,0.0,q0: start,q3226: song_10_minor_4_8_4,q7627: positive,3600,2
0,out/models/model_spotify2000_model-it_0.pickle,7972,16484,LP,1,3600.0030930042267,0.0,0.0,q0: start,q6692: played_80_minor_1_4_6,q7520: positive,3600,9
0,out/models/model_spotify2000_model-it_3.pickle,8066,16585,LP,1,196.45194602012634,0.6714509946659764,0.0,q0: start,q1093: song_70_major_5_5_4,q7627: positive,3600,2
0,out/models/model_spotify2000_model-it_0.pickle,7972,16484,LP,1,3600.0033638477325,0.0,0.0,q0: start,q7479: companyplayed_90_major_5_6_3,q7520: positive,3600,9
0,out/models/model_spotify2000_model-it_0.pickle,7972,16484,LP,1,3600.0064718723297,0.0,0.0,q0: start,q1784: companyplayed_70_minor_0_8_9,q7520: positive,3600,9
0,out/models/model_spotify2000_model-it_0.pickle,7972,16484,LP,1,3600.001767873764,0.0,0.0,q0: start,q6409: companyplayed_90_minor_3_7_6,q7520: positive,3600,9
0,out/models/model_spotify2000_model-it_3.pickle,8066,16585,LP,1,337.1102759838104,0.6714509946659764,0.0,q0: start,q6651: companysong_10_minor_4_8_5,q7627: positive,3600,2
0,out/models/model_spotify2000_model-it_1.pickle,7788,16033,LP,1,3600.00613117218,0.0,0.0,q0: start,q4043: companyplayed_0_minor_1_7_5,q7734: positive,3600,9
0,out/models/model_spotify2000_model-it_1.pickle,7788,16033,LP,1,3600.083207845688,0.6639128391704401,0.0010455295041697605,q0: start,q4449: played_80_major_4_7_3,q7734: positive,3600,9
0,out/models/model_spotify2000_model-it_1.pickle,7788,16033,LP,1,3600.00492811203,0.0,0.0,q0: start,q7530: played_10_major_2_7_1,q7734: positive,3600,9
0,out/models/model_spotify2000_model-it_5.pickle,7796,16145,LP,1,126.6296739578247,0.667547875458216,0.0,q0: start,q4379: song_0_major_2_7_8,q7660: positive,3600,2
0,out/models/model_spotify2000_model-it_1.pickle,7788,16033,LP,1,3600.0029621124268,0.0,0.0,q0: start,q3011: companyplayed_0_major_6_6_4,q7734: positive,3600,9
0,out/models/model_spotify2000_model-it_4.pickle,7756,15981,LP,1,340.7483730316162,0.6678721407070773,0.0,q0: start,q2674: companysong_10_major_8_6_4,q7655: positive,3600,2
0,out/models/model_spotify2000_model-it_3.pickle,8066,16585,LP,1,466.6094410419464,0.6714509946659764,0.0,q0: start,q5064: song_10_major_4_4_5,q7627: positive,3600,2
0,out/models/model_spotify2000_model-it_5.pickle,7796,16145,LP,1,9.824985027313232,0.667547875458216,0.0,q0: start,q1747: companysong_10_minor_1_8_6,q7660: positive,3600,2
0,out/models/model_spotify2000_model-it_5.pickle,7796,16145,LP,1,34.81485319137573,0.667547875458216,0.0,q0: start,q6335: companysong_90_major_5_3_3,q7660: positive,3600,2
0,out/models/model_spotify2000_model-it_1.pickle,7788,16033,LP,1,3600.025484085083,0.6639128391704392,0.0005436669604681726,q0: start,q7288: played_0_major_1_2_0,q7734: positive,3600,9
0,out/models/model_spotify2000_model-it_1.pickle,7788,16033,LP,1,3600.00678896904,0.0,0.0,q0: start,q6710: companyplayed_60_major_0_3_5,q7734: positive,3600,9
0,out/models/model_spotify2000_model-it_2.pickle,7898,16217,LP,1,819.5314528942108,0.6788280620295457,0.0,q0: start,q4416: companysong_80_major_0_8_5,q7611: positive,3600,2
0,out/models/model_spotify2000_model-it_1.pickle,7788,16033,LP,1,3600.0010690689087,0.0,0.0,q0: start,q2826: companyplayed_60_minor_8_2_0,q7734: positive,3600,9
0,out/models/model_spotify2000_model-it_6.pickle,7998,16185,LP,1,351.2580828666687,0.6836410248474761,0.0,q0: start,q3309: companysong_10_major_2_5_5,q7413: positive,3600,2
0,out/models/model_spotify2000_model-it_6.pickle,7998,16185,LP,1,266.69406819343567,0.6836410248474761,0.0,q0: start,q6511: companysong_80_major_2_6_5,q7413: positive,3600,2
0,out/models/model_spotify2000_model-it_7.pickle,7834,15816,LP,1,2.3953819274902344,0.6644477746805966,0.0,q0: start,q2767: companysong_10_minor_6_4_6,q7378: positive,3600,2
0,out/models/model_spotify2000_model-it_1.pickle,7788,16033,LP,1,3600.002452850342,0.0,0.0,q0: start,q6663: played_70_major_1_5_5,q7734: positive,3600,9
0,out/models/model_spotify2000_model-it_4.pickle,7756,15981,LP,1,1124.7456920146942,0.6678721407070769,0.0,q0: start,q6361: companysong_10_minor_1_4_7,q7655: positive,3600,2
0,out/models/model_spotify2000_model-it_7.pickle,7834,15816,LP,1,3.0162060260772705,0.6644477746805953,0.0,q0: start,q2398: song_0_minor_5_6_3,q7378: positive,3600,2
0,out/models/model_spotify2000_model-it_6.pickle,7998,16185,LP,1,454.5646800994873,0.6836410248474761,0.0,q0: start,q1484: companysong_10_major_1_7_6,q7413: positive,3600,2
0,out/models/model_spotify2000_model-it_6.pickle,7998,16185,LP,1,408.2394688129425,0.6836410248474761,0.0,q0: start,q5066: song_10_major_3_3_7,q7413: positive,3600,2
0,out/models/model_spotify2000_model-it_7.pickle,7834,15816,LP,1,41.47794818878174,0.6644477746805975,0.0,q0: start,q5691: song_90_major_4_5_6,q7378: positive,3600,2
0,out/models/model_spotify2000_model-it_2.pickle,7898,16217,LP,1,3600.000906944275,0.0,0.0,q0: start,q2480: played_10_major_9_5_0,q7611: positive,3600,9
0,out/models/model_spotify2000_model-it_7.pickle,7834,15816,LP,1,320.9352140426636,0.6644477746805953,0.0,q0: start,q3227: song_10_major_5_4_3,q7378: positive,3600,2
0,out/models/model_spotify2000_model-it_2.pickle,7898,16217,LP,1,3600.001853942871,0.0,0.0,q0: start,q5950: played_10_major_7_7_9,q7611: positive,3600,9
0,out/models/model_spotify2000_model-it_2.pickle,7898,16217,LP,1,3600.000946998596,0.0,0.0,q0: start,q1284: played_10_major_8_6_3,q7611: positive,3600,9
0,out/models/model_spotify2000_model-it_8.pickle,7772,16039,LP,1,6.092055082321167,0.6764598611857444,0.0,q0: start,q2443: song_10_major_4_8_6,q7690: positive,3600,2
0,out/models/model_spotify2000_model-it_2.pickle,7898,16217,LP,1,3600.002363920212,0.0,0.0,q0: start,q5127: played_0_minor_1_9_8,q7611: positive,3600,9
0,out/models/model_spotify2000_model-it_2.pickle,7898,16217,LP,1,3600.003846883774,0.0,0.0,q0: start,q4314: companyplayed_10_minor_6_9_5,q7611: positive,3600,9
0,out/models/model_spotify2000_model-it_2.pickle,7898,16217,LP,1,3600.0007829666138,0.0,0.0,q0: start,q1554: companyplayed_70_major_2_5_6,q7611: positive,3600,9
0,out/models/model_spotify2000_model-it_2.pickle,7898,16217,LP,1,3600.001179933548,0.0,0.0,q0: start,q2453: played_10_major_6_7_2,q7611: positive,3600,9
0,out/models/model_spotify2000_model-it_2.pickle,7898,16217,LP,1,3600.0009441375732,0.0,0.0,q0: start,q1927: companyplayed_10_major_4_8_5,q7611: positive,3600,9
0,out/models/model_spotify2000_model-it_3.pickle,8066,16585,LP,1,3600.0009739398956,0.0,0.0,q0: start,q1880: companyplayed_10_major_3_6_5,q7627: positive,3600,9
0,out/models/model_spotify2000_model-it_3.pickle,8066,16585,LP,1,3600.000757932663,0.0,0.0,q0: start,q7481: played_90_major_1_4_9,q7627: positive,3600,9
0,out/models/model_spotify2000_model-it_3.pickle,8066,16585,LP,1,3600.0090861320496,0.0,0.0,q0: start,q6040: played_10_major_9_6_1,q7627: positive,3600,9
0,out/models/model_spotify2000_model-it_3.pickle,8066,16585,LP,1,3600.000855922699,0.0,0.0,q0: start,q709: played_10_major_0_3_7,q7627: positive,3600,9
0,out/models/model_spotify2000_model-it_4.pickle,7756,15981,LP,1,3526.182771921158,0.0,0.0,q0: start,q2386: played_10_major_3_7_5,q7655: positive,3600,17
0,out/models/model_spotify2000_model-it_4.pickle,7756,15981,LP,1,3600.0013921260834,0.0,0.0,q0: start,q4674: companyplayed_90_major_1_7_8,q7655: positive,3600,9
0,out/models/model_spotify2000_model-it_4.pickle,7756,15981,LP,1,3600.032567024231,0.6678721407070771,0.009331547005569216,q0: start,q2454: played_10_minor_2_7_8,q7655: positive,3600,9
0,out/models/model_spotify2000_model-it_4.pickle,7756,15981,LP,1,3600.0007948875427,0.0,0.0,q0: start,q737: played_10_minor_4_5_4,q7655: positive,3600,9
0,out/models/model_spotify2000_model-it_4.pickle,7756,15981,LP,1,3600.006369113922,0.0,0.0,q0: start,q385: companystartprofile_7_5_4,q7655: positive,3600,9
0,out/models/model_spotify2000_model-it_4.pickle,7756,15981,LP,1,3600.0010647773743,0.0,0.0,q0: start,q5227: companyplayed_80_major_1_5_5,q7655: positive,3600,9
0,out/models/model_spotify2000_model-it_4.pickle,7756,15981,LP,1,3600.001564979553,0.0,0.0,q0: start,q3457: companyplayed_10_minor_0_8_2,q7655: positive,3600,9
0,out/models/model_spotify2000_model-it_4.pickle,7756,15981,LP,1,3600.0009050369263,0.0,0.0,q0: start,q7081: played_10_major_3_3_3,q7655: positive,3600,9
0,out/models/model_spotify2000_model-it_5.pickle,7796,16145,LP,1,3600.001081943512,0.0,0.0,q0: start,q2100: companyplayed_10_major_8_6_2,q7660: positive,3600,9
0,out/models/model_spotify2000_model-it_5.pickle,7796,16145,LP,1,3600.003252029419,0.0,0.0,q0: start,q927: played_10_minor_5_8_8,q7660: positive,3600,9
0,out/models/model_spotify2000_model-it_5.pickle,7796,16145,LP,1,3600.003249168396,0.0,0.0,q0: start,q2490: played_10_minor_4_4_8,q7660: positive,3600,9
0,out/models/model_spotify2000_model-it_5.pickle,7796,16145,LP,1,3600.0045590400696,0.0,0.0,q0: start,q2096: companyplayed_0_major_2_5_8,q7660: positive,3600,9
0,out/models/model_spotify2000_model-it_5.pickle,7796,16145,LP,1,3600.000689983368,0.0,0.0,q0: start,q6468: song_60_major_7_2_3,q7660: positive,3600,9
0,out/models/model_spotify2000_model-it_5.pickle,7796,16145,LP,1,3600.000575065613,0.0,0.0,q0: start,q1549: companyplayed_10_minor_2_8_4,q7660: positive,3600,9
0,out/models/model_spotify2000_model-it_5.pickle,7796,16145,LP,1,3600.00351190567,0.0,0.0,q0: start,q1239: played_10_major_9_4_3,q7660: positive,3600,9
0,out/models/model_spotify2000_model-it_6.pickle,7998,16185,LP,1,3600.0010199546814,0.0,0.0,q0: start,q7443: companyplayed_50_major_2_5_3,q7413: positive,3600,9
0,out/models/model_spotify2000_model-it_6.pickle,7998,16185,LP,1,3600.0111949443817,0.0,0.0,q0: start,q3898: companyplayed_10_major_4_3_5,q7413: positive,3600,9
0,out/models/model_spotify2000_model-it_6.pickle,7998,16185,LP,1,3600.0008940696716,0.0,0.0,q0: start,q821: played_10_major_4_8_3,q7413: positive,3600,9
0,out/models/model_spotify2000_model-it_6.pickle,7998,16185,LP,1,3600.0022311210632,0.0,0.0,q0: start,q94: startprofile_2_9_5,q7413: positive,3600,9
0,out/models/model_spotify2000_model-it_6.pickle,7998,16185,LP,1,3600.0006091594696,0.0,0.0,q0: start,q3321: companyplayed_10_minor_1_4_5,q7413: positive,3600,9
0,out/models/model_spotify2000_model-it_6.pickle,7998,16185,LP,1,3600.000983953476,0.0,0.0,q0: start,q4366: companyplayed_70_minor_2_5_8,q7413: positive,3600,9
0,out/models/model_spotify2000_model-it_7.pickle,7834,15816,LP,1,3600.0038709640503,0.0,0.0,q0: start,q4793: companyplayed_70_major_0_7_5,q7378: positive,3600,9
0,out/models/model_spotify2000_model-it_9.pickle,8008,16550,LP,1,882.6474380493164,0.691553839571962,0.0,q0: start,q7099: song_10_minor_0_1_9,q7660: positive,3600,2
0,out/models/model_spotify2000_model-it_7.pickle,7834,15816,LP,1,3600.037283182144,0.6644477746805967,0.020630560311390808,q0: start,q880: played_10_major_3_7_6,q7378: positive,3600,9
0,out/models/model_spotify3000_model-it_0.pickle,9378,19703,LP,1,706.9599370956421,0.6726620243536716,0.0,q0: start,q2003: companysong_0_major_1_3_7,q8931: positive,3600,2
0,out/models/model_spotify2000_model-it_7.pickle,7834,15816,LP,1,3600.004119873047,0.0,0.0,q0: start,q6811: played_70_minor_0_8_6,q7378: positive,3600,9
0,out/models/model_spotify2000_model-it_7.pickle,7834,15816,LP,1,3600.000771999359,0.0,0.0,q0: start,q1112: played_10_minor_3_5_7,q7378: positive,3600,9
0,out/models/model_spotify3000_model-it_0.pickle,9378,19703,LP,1,819.1249639987946,0.6726620243536716,0.0,q0: start,q6671: companysong_10_major_6_7_6,q8931: positive,3600,2
0,out/models/model_spotify2000_model-it_7.pickle,7834,15816,LP,1,3600.000988006592,0.0,0.0,q0: start,q26: startprofile_0_7_6,q7378: positive,3600,9
0,out/models/model_spotify2000_model-it_7.pickle,7834,15816,LP,1,3600.005285024643,0.0,0.0,q0: start,q7797: companyplayed_60_major_5_5_5,q7378: positive,3600,9
0,out/models/model_spotify2000_model-it_8.pickle,7772,16039,LP,1,3600.0039949417114,0.0,0.0,q0: start,q4081: companyplayed_70_minor_0_7_5,q7690: positive,3600,9
0,out/models/model_spotify2000_model-it_8.pickle,7772,16039,LP,1,3600.0061161518097,0.0,0.0,q0: start,q6591: companyplayed_0_minor_5_7_6,q7690: positive,3600,9
0,out/models/model_spotify3000_model-it_0.pickle,9378,19703,LP,1,1276.1542870998383,0.6726620243536716,0.0,q0: start,q1731: companysong_10_major_0_6_6,q8931: positive,3600,2
0,out/models/model_spotify3000_model-it_2.pickle,9502,19951,LP,1,550.5975260734558,0.7283026368706292,0.0,q0: start,q3905: song_90_minor_0_9_7,q9088: positive,3600,2
0,out/models/model_spotify2000_model-it_8.pickle,7772,16039,LP,1,3600.0071980953217,0.0,0.0,q0: start,q4061: companyplayed_90_minor_4_6_6,q7690: positive,3600,9
0,out/models/model_spotify2000_model-it_8.pickle,7772,16039,LP,1,3600.050939798355,0.676459861185744,0.0026261453284480343,q0: start,q1306: companyplayed_10_minor_0_2_4,q7690: positive,3600,9
0,out/models/model_spotify3000_model-it_1.pickle,9350,19659,LP,1,2218.776260137558,0.6677903994916335,0.0,q0: start,q901: song_60_minor_0_6_7,q8711: positive,3600,2
0,out/models/model_spotify2000_model-it_8.pickle,7772,16039,LP,1,3600.001708984375,0.0,0.0,q0: start,q4717: companyplayed_0_major_6_6_5,q7690: positive,3600,9
0,out/models/model_spotify2000_model-it_8.pickle,7772,16039,LP,1,3600.0009381771088,0.0,0.0,q0: start,q6223: played_60_major_0_6_7,q7690: positive,3600,9
0,out/models/model_spotify3000_model-it_3.pickle,9612,20213,LP,1,13.39762806892395,0.6659304654916938,0.0,q0: start,q2726: companysong_10_major_8_7_4,q9155: positive,3600,2
0,out/models/model_spotify2000_model-it_8.pickle,7772,16039,LP,1,3600.001070022583,0.0,0.0,q0: start,q1029: played_10_major_2_8_6,q7690: positive,3600,9
0,out/models/model_spotify2000_model-it_8.pickle,7772,16039,LP,1,3600.001142024994,0.0,0.0,q0: start,q1364: companyplayed_10_major_0_8_6,q7690: positive,3600,9
0,out/models/model_spotify2000_model-it_8.pickle,7772,16039,LP,1,3600.000731945038,0.0,0.0,q0: start,q7192: companyplayed_0_minor_2_6_5,q7690: positive,3600,9
0,out/models/model_spotify2000_model-it_9.pickle,8008,16550,LP,1,3600.0052218437195,0.0,0.0,q0: start,q2604: companyplayed_0_minor_0_1_7,q7660: positive,3600,9
0,out/models/model_spotify2000_model-it_9.pickle,8008,16550,LP,1,3600.0009999275208,0.0,0.0,q0: start,q3642: song_10_minor_4_7_7,q7660: positive,3600,9
0,out/models/model_spotify2000_model-it_9.pickle,8008,16550,LP,1,3600.004550933838,0.0,0.0,q0: start,q5797: companyplayed_90_major_1_5_7,q7660: positive,3600,9
0,out/models/model_spotify2000_model-it_9.pickle,8008,16550,LP,1,3600.0010561943054,0.0,0.0,q0: start,q6264: companyplayed_60_major_9_5_0,q7660: positive,3600,9
0,out/models/model_spotify2000_model-it_9.pickle,8008,16550,LP,1,3600.0027480125427,0.0,0.0,q0: start,q2716: companyplayed_0_major_3_7_4,q7660: positive,3600,9
0,out/models/model_spotify2000_model-it_9.pickle,8008,16550,LP,1,3600.001119852066,0.0,0.0,q0: start,q2111: companyplayed_10_minor_2_5_7,q7660: positive,3600,9
0,out/models/model_spotify2000_model-it_9.pickle,8008,16550,LP,1,3600.001085996628,0.0,0.0,q0: start,q918: played_10_minor_3_9_6,q7660: positive,3600,9
0,out/models/model_spotify2000_model-it_9.pickle,8008,16550,LP,1,3600.0007338523865,0.0,0.0,q0: start,q2478: played_80_major_1_6_7,q7660: positive,3600,9
0,out/models/model_spotify2000_model-it_9.pickle,8008,16550,LP,1,3600.0011069774628,0.0,0.0,q0: start,q3661: played_10_major_8_6_9,q7660: positive,3600,9
0,out/models/model_spotify3000_model-it_0.pickle,9378,19703,LP,1,3600.00101685524,0.0,0.0,q0: start,q823: played_60_major_2_6_6,q8931: positive,3600,9
0,out/models/model_spotify3000_model-it_0.pickle,9378,19703,LP,1,3600.0073249340057,0.0,0.0,q0: start,q8306: companysong_10_minor_5_3_3,q8931: positive,3600,9
0,out/models/model_spotify3000_model-it_0.pickle,9378,19703,LP,1,3600.0102331638336,0.0,0.0,q0: start,q8014: companyplayed_70_major_4_6_4,q8931: positive,3600,9
0,out/models/model_spotify3000_model-it_0.pickle,9378,19703,LP,1,3600.0069031715393,0.0,0.0,q0: start,q9: startprofile_0_4_5,q8931: positive,3600,9
0,out/models/model_spotify3000_model-it_0.pickle,9378,19703,LP,1,3600.0012760162354,0.0,0.0,q0: start,q7979: played_70_major_4_6_4,q8931: positive,3600,9
0,out/models/model_spotify3000_model-it_3.pickle,9612,20213,LP,1,290.4724600315094,0.6659304654916938,0.0,q0: start,q1259: song_70_major_7_8_4,q9155: positive,3600,2
0,out/models/model_spotify3000_model-it_0.pickle,9378,19703,LP,1,3600.0105240345,0.0,0.0,q0: start,q2640: companyplayed_80_major_2_6_6,q8931: positive,3600,9
0,out/models/model_spotify3000_model-it_0.pickle,9378,19703,LP,1,3600.0012390613556,0.0,0.0,q0: start,q319: companystartprofile_2_4_7,q8931: positive,3600,9
0,out/models/model_spotify3000_model-it_3.pickle,9612,20213,LP,1,946.6997938156128,0.6659304654916938,0.0,q0: start,q1715: companysong_90_major_0_4_9,q9155: positive,3600,2
0,out/models/model_spotify3000_model-it_3.pickle,9612,20213,LP,1,420.09837102890015,0.6659304654916938,0.0,q0: start,q1512: song_10_major_9_5_2,q9155: positive,3600,2
0,out/models/model_spotify3000_model-it_1.pickle,9350,19659,LP,1,3600.0010788440704,0.0,0.0,q0: start,q6653: song_60_major_5_3_7,q8711: positive,3600,9
0,out/models/model_spotify3000_model-it_1.pickle,9350,19659,LP,1,3600.000808954239,0.0,0.0,q0: start,q992: played_10_major_1_8_4,q8711: positive,3600,9
0,out/models/model_spotify3000_model-it_1.pickle,9350,19659,LP,1,3600.0008850097656,0.0,0.0,q0: start,q9246: companysong_0_minor_1_7_5,q8711: positive,3600,9
0,out/models/model_spotify3000_model-it_4.pickle,9638,20344,LP,1,642.4270000457764,0.66784765567917,0.0,q0: start,q2113: companysong_10_major_5_5_4,q8958: positive,3600,2
0,out/models/model_spotify3000_model-it_1.pickle,9350,19659,LP,1,3600.009346008301,0.0,0.0,q0: start,q1582: played_10_major_9_5_1,q8711: positive,3600,9
0,out/models/model_spotify3000_model-it_2.pickle,9502,19951,LP,1,1467.145154953003,0.7283026368706292,0.0,q0: start,q7300: song_0_minor_1_5_7,q9088: positive,3600,2
0,out/models/model_spotify3000_model-it_1.pickle,9350,19659,LP,1,3600.00075006485,0.0,0.0,q0: start,q694: played_10_minor_1_8_3,q8711: positive,3600,9
0,out/models/model_spotify3000_model-it_1.pickle,9350,19659,LP,1,3600.0079271793365,0.0,0.0,q0: start,q6588: companyplayed_10_minor_6_4_3,q8711: positive,3600,9
0,out/models/model_spotify3000_model-it_5.pickle,9336,19704,LP,1,381.6781630516052,0.6823120942610412,0.0,q0: start,q7560: song_10_major_2_8_0,q9072: positive,3600,2
0,out/models/model_spotify3000_model-it_5.pickle,9336,19704,LP,1,513.0039031505585,0.6823120942610412,0.0,q0: start,q7084: song_90_major_3_2_3,q9072: positive,3600,2
0,out/models/model_spotify3000_model-it_4.pickle,9638,20344,LP,1,1021.8288230895996,0.66784765567917,0.0,q0: start,q8550: companysong_90_minor_0_5_9,q8958: positive,3600,2
0,out/models/model_spotify3000_model-it_1.pickle,9350,19659,LP,1,3600.00186085701,0.0,0.0,q0: start,q4326: played_10_major_5_8_3,q8711: positive,3600,9
0,out/models/model_spotify3000_model-it_1.pickle,9350,19659,LP,1,3600.00550699234,0.0,0.0,q0: start,q8112: companyplayed_10_major_8_5_7,q8711: positive,3600,9
0,out/models/model_spotify3000_model-it_1.pickle,9350,19659,LP,1,3600.003212928772,0.0,0.0,q0: start,q5195: played_90_major_2_2_7,q8711: positive,3600,9
0,out/models/model_spotify3000_model-it_2.pickle,9502,19951,LP,1,3600.004086971283,0.0,0.0,q0: start,q7181: played_90_major_0_7_9,q9088: positive,3600,9
0,out/models/model_spotify3000_model-it_2.pickle,9502,19951,LP,1,3600.0036120414734,0.0,0.0,q0: start,q6081: companyplayed_10_minor_5_6_2,q9088: positive,3600,9
0,out/models/model_spotify3000_model-it_2.pickle,9502,19951,LP,1,3600.0038390159607,0.0,0.0,q0: start,q8534: companyplayed_70_major_4_4_6,q9088: positive,3600,9
0,out/models/model_spotify3000_model-it_2.pickle,9502,19951,LP,1,3600.00088596344,0.0,0.0,q0: start,q7863: played_60_major_1_5_4,q9088: positive,3600,9
0,out/models/model_spotify3000_model-it_5.pickle,9336,19704,LP,1,973.8452579975128,0.6823120942610412,0.0,q0: start,q7516: companysong_10_major_8_6_7,q9072: positive,3600,2
0,out/models/model_spotify3000_model-it_7.pickle,9500,19592,LP,1,29.97985291481018,0.6884176329103331,0.0,q0: start,q4154: companysong_0_major_2_8_7,q9377: positive,3600,2
0,out/models/model_spotify3000_model-it_6.pickle,9582,20198,LP,1,696.4226450920105,0.6878653387338666,0.0,q0: start,q5905: companysong_10_minor_9_5_1,q9514: positive,3600,2
0,out/models/model_spotify3000_model-it_2.pickle,9502,19951,LP,1,3600.001242876053,0.0,0.0,q0: start,q7812: companyplayed_0_minor_0_6_4,q9088: positive,3600,9
0,out/models/model_spotify3000_model-it_2.pickle,9502,19951,LP,1,3600.0047600269318,0.0,0.0,q0: start,q4465: companysong_80_major_0_7_8,q9088: positive,3600,9
0,out/models/model_spotify3000_model-it_6.pickle,9582,20198,LP,1,727.2513289451599,0.6878653387338666,0.0,q0: start,q4544: companysong_0_minor_9_1_1,q9514: positive,3600,2
0,out/models/model_spotify3000_model-it_2.pickle,9502,19951,LP,1,3600.004245042801,0.0,0.0,q0: start,q879: song_10_major_3_2_5,q9088: positive,3600,9
0,out/models/model_spotify3000_model-it_5.pickle,9336,19704,LP,1,1601.0013740062714,0.6823120942610412,0.0,q0: start,q6600: companysong_0_minor_1_6_3,q9072: positive,3600,2
0,out/models/model_spotify3000_model-it_2.pickle,9502,19951,LP,1,3600.0008749961853,0.0,0.0,q0: start,q8171: companyplayed_0_major_6_7_4,q9088: positive,3600,9
0,out/models/model_spotify3000_model-it_8.pickle,9516,19873,LP,1,9.833292007446289,0.6716389133396119,0.0,q0: start,q532: song_70_major_0_3_8,q9393: positive,3600,2
0,out/models/model_spotify3000_model-it_3.pickle,9612,20213,LP,1,3600.0399191379547,0.6659304654916949,0.0010576829685527513,q0: start,q3567: companyplayed_10_major_3_5_2,q9155: positive,3600,9
0,out/models/model_spotify3000_model-it_3.pickle,9612,20213,LP,1,3600.008591890335,0.0,0.0,q0: start,q4847: companyplayed_90_major_4_6_6,q9155: positive,3600,9
0,out/models/model_spotify3000_model-it_8.pickle,9516,19873,LP,1,562.3338868618011,0.6716389133396119,0.0,q0: start,q5285: song_60_major_2_5_9,q9393: positive,3600,2
0,out/models/model_spotify3000_model-it_3.pickle,9612,20213,LP,1,3600.0011801719666,0.0,0.0,q0: start,q7408: companyplayed_70_major_0_4_2,q9155: positive,3600,9
0,out/models/model_spotify3000_model-it_3.pickle,9612,20213,LP,1,3600.0047001838684,0.0,0.0,q0: start,q5207: companyplayed_10_minor_5_7_2,q9155: positive,3600,9
0,out/models/model_spotify3000_model-it_3.pickle,9612,20213,LP,1,3600.0083599090576,0.0,0.0,q0: start,q4687: played_70_minor_3_7_7,q9155: positive,3600,9
0,out/models/model_spotify3000_model-it_3.pickle,9612,20213,LP,1,3600.0008630752563,0.0,0.0,q0: start,q959: played_10_major_3_7_4,q9155: positive,3600,9
0,out/models/model_spotify3000_model-it_4.pickle,9638,20344,LP,1,3600.0052740573883,0.0,0.0,q0: start,q344: companystartprofile_3_4_6,q8958: positive,3600,9
0,out/models/model_spotify3000_model-it_4.pickle,9638,20344,LP,1,3600.0006880760193,0.0,0.0,q0: start,q8370: played_10_minor_1_8_2,q8958: positive,3600,9
0,out/models/model_spotify3000_model-it_4.pickle,9638,20344,LP,1,3600.0007848739624,0.0,0.0,q0: start,q8751: played_0_minor_4_5_6,q8958: positive,3600,9
0,out/models/model_spotify3000_model-it_4.pickle,9638,20344,LP,1,3600.009731054306,0.0,0.0,q0: start,q117: startprofile_3_6_4,q8958: positive,3600,9
0,out/models/model_spotify3000_model-it_4.pickle,9638,20344,LP,1,3600.0016400814056,0.0,0.0,q0: start,q6303: played_10_major_6_4_5,q8958: positive,3600,9
0,out/models/model_spotify3000_model-it_4.pickle,9638,20344,LP,1,3600.009929895401,0.0,0.0,q0: start,q741: played_10_major_1_8_3,q8958: positive,3600,9
0,out/models/model_spotify3000_model-it_4.pickle,9638,20344,LP,1,3600.0071790218353,0.0,0.0,q0: start,q8452: played_10_major_9_8_2,q8958: positive,3600,9
0,out/models/model_spotify3000_model-it_8.pickle,9516,19873,LP,1,208.31666016578674,0.6716389133396119,0.0,q0: start,q5293: song_10_minor_5_7_3,q9393: positive,3600,2
0,out/models/model_spotify3000_model-it_4.pickle,9638,20344,LP,1,3600.000916004181,0.0,0.0,q0: start,q1384: played_10_major_4_7_7,q8958: positive,3600,9
0,out/models/model_spotify3000_model-it_8.pickle,9516,19873,LP,1,450.0965120792389,0.6716389133396119,0.0,q0: start,q2868: song_0_major_1_5_6,q9393: positive,3600,2
0,out/models/model_spotify3000_model-it_5.pickle,9336,19704,LP,1,3600.0058867931366,0.0,0.0,q0: start,q601: played_0_major_0_6_8,q9072: positive,3600,9
0,out/models/model_spotify3000_model-it_5.pickle,9336,19704,LP,1,3600.2713298797607,0.0,0.0,q0: start,q2095: companyplayed_0_minor_1_8_6,q9072: positive,3600,9
0,out/models/model_spotify3000_model-it_5.pickle,9336,19704,LP,1,3600.004766225815,0.0,0.0,q0: start,q3847: played_10_major_7_2_1,q9072: positive,3600,9
0,out/models/model_spotify3000_model-it_8.pickle,9516,19873,LP,1,416.1971869468689,0.6716389133396119,0.0,q0: start,q3215: song_10_minor_7_7_5,q9393: positive,3600,2
0,out/models/model_spotify3000_model-it_5.pickle,9336,19704,LP,1,3600.001391172409,0.0,0.0,q0: start,q7975: played_70_minor_2_6_5,q9072: positive,3600,9
0,out/models/model_spotify3000_model-it_5.pickle,9336,19704,LP,1,3600.0007090568542,0.0,0.0,q0: start,q8347: companyplayed_0_minor_3_4_6,q9072: positive,3600,9
0,out/models/model_spotify3000_model-it_5.pickle,9336,19704,LP,1,3600.0007750988007,0.0,0.0,q0: start,q8107: played_90_minor_1_6_6,q9072: positive,3600,9
0,out/models/model_spotify4000_model-it_0.pickle,10730,22316,LP,1,69.83043217658997,0.6598356054683894,0.0,q0: start,q6276: song_0_major_6_8_7,q10439: positive,3600,2
0,out/models/model_spotify3000_model-it_6.pickle,9582,20198,LP,1,3600.0006589889526,0.0,0.0,q0: start,q9133: companyplayed_70_major_8_4_4,q9514: positive,3600,9
0,out/models/model_spotify3000_model-it_6.pickle,9582,20198,LP,1,3600.000589132309,0.0,0.0,q0: start,q9309: companyplayed_0_minor_8_7_4,q9514: positive,3600,9
0,out/models/model_spotify3000_model-it_6.pickle,9582,20198,LP,1,3600.000998020172,0.0,0.0,q0: start,q1468: song_10_minor_8_5_4,q9514: positive,3600,9
0,out/models/model_spotify4000_model-it_0.pickle,10730,22316,LP,1,6.8098509311676025,0.6598356054683894,0.0,q0: start,q8071: song_0_major_4_4_5,q10439: positive,3600,2
0,out/models/model_spotify3000_model-it_6.pickle,9582,20198,LP,1,3600.001107931137,0.0,0.0,q0: start,q5993: companyplayed_70_major_3_2_4,q9514: positive,3600,9
0,out/models/model_spotify3000_model-it_9.pickle,9328,19581,LP,1,1007.9843609333038,0.7203325799920001,0.0,q0: start,q5241: companysong_10_major_5_5_7,q9068: positive,3600,2
0,out/models/model_spotify3000_model-it_6.pickle,9582,20198,LP,1,3600.0065438747406,0.0,0.0,q0: start,q3812: companyplayed_80_minor_6_4_2,q9514: positive,3600,9
0,out/models/model_spotify3000_model-it_6.pickle,9582,20198,LP,1,3600.0053198337555,0.0,0.0,q0: start,q4647: played_10_minor_5_8_5,q9514: positive,3600,9
0,out/models/model_spotify3000_model-it_6.pickle,9582,20198,LP,1,3600.0008811950684,0.0,0.0,q0: start,q6072: played_10_minor_7_2_4,q9514: positive,3600,9
0,out/models/model_spotify3000_model-it_6.pickle,9582,20198,LP,1,3600.000712156296,0.0,0.0,q0: start,q1510: played_50_minor_9_4_0,q9514: positive,3600,9
0,out/models/model_spotify4000_model-it_0.pickle,10730,22316,LP,1,589.9316749572754,0.6598356054683894,0.0,q0: start,q2884: companysong_60_major_2_7_7,q10439: positive,3600,2
0,out/models/model_spotify3000_model-it_7.pickle,9500,19592,LP,1,3600.0014069080353,0.0,0.0,q0: start,q2454: companyplayed_60_minor_0_4_6,q9377: positive,3600,9
0,out/models/model_spotify4000_model-it_1.pickle,10806,23033,LP,1,111.33207201957703,0.6720081556746074,0.0,q0: start,q2625: companysong_10_minor_2_7_7,q10055: positive,3600,2
0,out/models/model_spotify3000_model-it_7.pickle,9500,19592,LP,1,3600.0064840316772,0.0,0.0,q0: start,q4452: companyplayed_80_major_1_6_9,q9377: positive,3600,9
0,out/models/model_spotify3000_model-it_7.pickle,9500,19592,LP,1,3600.0009450912476,0.0,0.0,q0: start,q5848: companyplayed_80_major_2_7_7,q9377: positive,3600,9
0,out/models/model_spotify3000_model-it_7.pickle,9500,19592,LP,1,3600.003539085388,0.0,0.0,q0: start,q6583: played_10_major_1_2_4,q9377: positive,3600,9
0,out/models/model_spotify4000_model-it_2.pickle,10492,22490,LP,1,6.839123010635376,0.6727215517868179,0.0,q0: start,q3587: song_70_minor_4_6_6,q10041: positive,3600,2
0,out/models/model_spotify3000_model-it_7.pickle,9500,19592,LP,1,3600.002408027649,0.0,0.0,q0: start,q5630: played_10_minor_7_3_8,q9377: positive,3600,9
0,out/models/model_spotify3000_model-it_7.pickle,9500,19592,LP,1,3600.0076529979706,0.0,0.0,q0: start,q1165: played_10_major_3_2_5,q9377: positive,3600,9
0,out/models/model_spotify3000_model-it_7.pickle,9500,19592,LP,1,3600.000923871994,0.0,0.0,q0: start,q3775: companyplayed_0_minor_1_8_4,q9377: positive,3600,9
0,out/models/model_spotify3000_model-it_7.pickle,9500,19592,LP,1,3600.006721019745,0.0,0.0,q0: start,q2209: companyplayed_90_minor_1_7_8,q9377: positive,3600,9
0,out/models/model_spotify3000_model-it_7.pickle,9500,19592,LP,1,3600.005627155304,0.0,0.0,q0: start,q5911: played_70_major_0_2_7,q9377: positive,3600,9
0,out/models/model_spotify3000_model-it_8.pickle,9516,19873,LP,1,3600.000946998596,0.0,0.0,q0: start,q7393: played_80_major_4_4_1,q9393: positive,3600,9
0,out/models/model_spotify4000_model-it_1.pickle,10806,23033,LP,1,924.3542850017548,0.6720081556746075,0.0,q0: start,q3159: companysong_10_major_4_7_2,q10055: positive,3600,2
0,out/models/model_spotify3000_model-it_8.pickle,9516,19873,LP,1,3600.001557826996,0.0,0.0,q0: start,q8057: companyplayed_10_minor_9_2_2,q9393: positive,3600,9
0,out/models/model_spotify4000_model-it_3.pickle,10512,22433,LP,1,102.23767113685608,0.66451755785088,0.0,q0: start,q6086: companysong_10_minor_1_2_9,q10389: positive,3600,2
0,out/models/model_spotify4000_model-it_2.pickle,10492,22490,LP,1,282.03217101097107,0.6727215517868185,0.0,q0: start,q5136: companysong_0_major_8_6_4,q10041: positive,3600,2
0,out/models/model_spotify3000_model-it_8.pickle,9516,19873,LP,1,3600.0009179115295,0.0,0.0,q0: start,q5197: companyplayed_10_major_5_7_9,q9393: positive,3600,9
0,out/models/model_spotify4000_model-it_2.pickle,10492,22490,LP,1,777.6947610378265,0.6727215517868179,0.0,q0: start,q8674: companysong_90_major_1_6_9,q10041: positive,3600,2
0,out/models/model_spotify4000_model-it_1.pickle,10806,23033,LP,1,1566.3182201385498,0.6720081556746075,0.0,q0: start,q10184: song_10_major_6_7_2,q10055: positive,3600,2
0,out/models/model_spotify3000_model-it_8.pickle,9516,19873,LP,1,3600.001056909561,0.0,0.0,q0: start,q4351: companyplayed_0_major_6_7_7,q9393: positive,3600,9
0,out/models/model_spotify3000_model-it_8.pickle,9516,19873,LP,1,3600.0005490779877,0.0,0.0,q0: start,q5674: companyplayed_90_major_3_5_4,q9393: positive,3600,9
0,out/models/model_spotify4000_model-it_3.pickle,10512,22433,LP,1,34.024336099624634,0.66451755785088,0.0,q0: start,q8989: companysong_90_major_9_3_1,q10389: positive,3600,2
0,out/models/model_spotify3000_model-it_9.pickle,9328,19581,LP,1,3600.001785993576,0.0,0.0,q0: start,q7224: played_80_major_5_5_5,q9068: positive,3600,9
0,out/models/model_spotify3000_model-it_9.pickle,9328,19581,LP,1,3600.0018990039825,0.0,0.0,q0: start,q6449: played_10_major_8_6_0,q9068: positive,3600,9
0,out/models/model_spotify3000_model-it_9.pickle,9328,19581,LP,1,3600.001601934433,0.0,0.0,q0: start,q8723: companyplayed_90_minor_3_6_5,q9068: positive,3600,9
0,out/models/model_spotify3000_model-it_9.pickle,9328,19581,LP,1,3600.002902984619,0.0,0.0,q0: start,q9035: played_10_minor_8_1_0,q9068: positive,3600,9
0,out/models/model_spotify3000_model-it_9.pickle,9328,19581,LP,1,3600.011241197586,0.0,0.0,q0: start,q3899: played_10_major_0_2_6,q9068: positive,3600,9
0,out/models/model_spotify3000_model-it_9.pickle,9328,19581,LP,1,3600.0011200904846,0.0,0.0,q0: start,q8399: companyplayed_60_major_3_4_9,q9068: positive,3600,9
0,out/models/model_spotify3000_model-it_9.pickle,9328,19581,LP,1,3600.0007848739624,0.0,0.0,q0: start,q1251: played_10_minor_5_7_7,q9068: positive,3600,9
0,out/models/model_spotify3000_model-it_9.pickle,9328,19581,LP,1,3600.0010480880737,0.0,0.0,q0: start,q241: companystartprofile_0_4_8,q9068: positive,3600,9
0,out/models/model_spotify3000_model-it_9.pickle,9328,19581,LP,1,3600.0012180805206,0.0,0.0,q0: start,q5619: played_60_major_4_4_3,q9068: positive,3600,9
0,out/models/model_spotify4000_model-it_0.pickle,10730,22316,LP,1,3600.0013201236725,0.0,0.0,q0: start,q5153: companyplayed_10_major_0_6_2,q10439: positive,3600,9
0,out/models/model_spotify4000_model-it_0.pickle,10730,22316,LP,1,3600.004235982895,0.0,0.0,q0: start,q5223: companysong_10_minor_5_3_3,q10439: positive,3600,9
0,out/models/model_spotify4000_model-it_0.pickle,10730,22316,LP,1,3600.0005888938904,0.0,0.0,q0: start,q7891: song_50_major_1_5_6,q10439: positive,3600,9
0,out/models/model_spotify4000_model-it_0.pickle,10730,22316,LP,1,3600.0013298988342,0.0,0.0,q0: start,q2796: companyplayed_80_major_0_6_6,q10439: positive,3600,9
0,out/models/model_spotify4000_model-it_0.pickle,10730,22316,LP,1,3600.0011751651764,0.0,0.0,q0: start,q545: played_10_major_0_3_9,q10439: positive,3600,9
0,out/models/model_spotify4000_model-it_0.pickle,10730,22316,LP,1,3600.7102739810944,0.6598356054683889,0.013719667040745051,q0: start,q2435: companyplayed_10_major_2_8_6,q10439: positive,3600,9
0,out/models/model_spotify4000_model-it_5.pickle,10906,23121,LP,1,65.69433784484863,0.6866304261206065,0.0,q0: start,q7685: companysong_70_minor_0_2_9,q10785: positive,3600,2
0,out/models/model_spotify4000_model-it_0.pickle,10730,22316,LP,1,3600.0029711723328,0.0,0.0,q0: start,q35: startprofile_0_8_5,q10439: positive,3600,9
0,out/models/model_spotify4000_model-it_1.pickle,10806,23033,LP,1,3600.001382827759,0.0,0.0,q0: start,q4192: companyplayed_10_minor_5_2_2,q10055: positive,3600,9
0,out/models/model_spotify4000_model-it_1.pickle,10806,23033,LP,1,3600.001386165619,0.0,0.0,q0: start,q4640: played_10_minor_7_7_8,q10055: positive,3600,9
0,out/models/model_spotify4000_model-it_1.pickle,10806,23033,LP,1,3600.001007080078,0.0,0.0,q0: start,q7447: companyplayed_0_minor_1_2_9,q10055: positive,3600,9
0,out/models/model_spotify4000_model-it_1.pickle,10806,23033,LP,1,3600.0115451812744,0.0,0.0,q0: start,q3503: played_80_major_2_5_7,q10055: positive,3600,9
0,out/models/model_spotify4000_model-it_1.pickle,10806,23033,LP,1,3600.0012559890747,0.0,0.0,q0: start,q5206: companyplayed_80_major_4_6_6,q10055: positive,3600,9
0,out/models/model_spotify4000_model-it_1.pickle,10806,23033,LP,1,3600.01092004776,0.0,0.0,q0: start,q1041: played_90_minor_2_7_6,q10055: positive,3600,9
0,out/models/model_spotify4000_model-it_4.pickle,10442,22378,LP,1,1042.2464888095856,0.686690328148533,0.0,q0: start,q1104: song_10_minor_0_8_8,q9920: positive,3600,2
0,out/models/model_spotify4000_model-it_1.pickle,10806,23033,LP,1,3600.0448122024536,0.6720081556746064,0.0002797476414814919,q0: start,q8486: played_90_minor_3_3_3,q10055: positive,3600,9
0,out/models/model_spotify4000_model-it_4.pickle,10442,22378,LP,1,803.9305219650269,0.6866903281485308,0.0,q0: start,q9879: companysong_0_major_8_5_2,q9920: positive,3600,2
0,out/models/model_spotify4000_model-it_2.pickle,10492,22490,LP,1,3600.001676082611,0.0,0.0,q0: start,q8263: played_0_minor_5_5_5,q10041: positive,3600,9
0,out/models/model_spotify4000_model-it_2.pickle,10492,22490,LP,1,3600.0013411045074,0.0,0.0,q0: start,q8523: companyplayed_10_major_1_9_3,q10041: positive,3600,9
0,out/models/model_spotify4000_model-it_5.pickle,10906,23121,LP,1,722.8708980083466,0.6866304261206065,0.0,q0: start,q10664: companysong_90_major_0_2_4,q10785: positive,3600,2
0,out/models/model_spotify4000_model-it_5.pickle,10906,23121,LP,1,946.8252880573273,0.6866304261206065,0.0,q0: start,q3007: companysong_10_major_9_4_2,q10785: positive,3600,2
0,out/models/model_spotify4000_model-it_2.pickle,10492,22490,LP,1,3600.0027961730957,0.0,0.0,q0: start,q5791: played_0_minor_8_5_8,q10041: positive,3600,9
0,out/models/model_spotify4000_model-it_2.pickle,10492,22490,LP,1,3600.006112098694,0.0,0.0,q0: start,q7306: companyplayed_90_minor_0_2_7,q10041: positive,3600,9
0,out/models/model_spotify4000_model-it_6.pickle,10358,22386,LP,1,6.8519580364227295,0.670837233261104,0.0,q0: start,q5334: song_10_minor_5_4_3,q10107: positive,3600,2
0,out/models/model_spotify4000_model-it_5.pickle,10906,23121,LP,1,772.9605400562286,0.6866304261206065,0.0,q0: start,q6266: companysong_10_minor_6_3_5,q10785: positive,3600,2
0,out/models/model_spotify4000_model-it_6.pickle,10358,22386,LP,1,102.43152093887329,0.670837233261104,0.0,q0: start,q2920: companysong_10_major_5_7_5,q10107: positive,3600,2
0,out/models/model_spotify4000_model-it_5.pickle,10906,23121,LP,1,312.9379560947418,0.6866304261206065,0.0,q0: start,q8347: song_10_minor_2_9_2,q10785: positive,3600,2
0,out/models/model_spotify4000_model-it_6.pickle,10358,22386,LP,1,6.609736919403076,0.670837233261104,0.0,q0: start,q4795: companysong_70_major_4_4_3,q10107: positive,3600,2
0,out/models/model_spotify4000_model-it_2.pickle,10492,22490,LP,1,3600.0025141239166,0.0,0.0,q0: start,q8123: played_80_major_1_7_9,q10041: positive,3600,9
0,out/models/model_spotify4000_model-it_6.pickle,10358,22386,LP,1,148.7358958721161,0.670837233261104,0.0,q0: start,q8524: song_80_major_2_6_5,q10107: positive,3600,2
0,out/models/model_spotify4000_model-it_2.pickle,10492,22490,LP,1,3600.0010709762573,0.0,0.0,q0: start,q9421: played_0_minor_3_6_7,q10041: positive,3600,9
0,out/models/model_spotify4000_model-it_2.pickle,10492,22490,LP,1,3600.004301071167,0.0,0.0,q0: start,q10054: played_0_major_9_3_1,q10041: positive,3600,9
0,out/models/model_spotify4000_model-it_7.pickle,10550,22538,LP,1,10.638775110244751,0.6738710450806366,0.0,q0: start,q7910: companysong_0_major_7_2_2,q10105: positive,3600,2
0,out/models/model_spotify4000_model-it_7.pickle,10550,22538,LP,1,10.712723016738892,0.6738710450806366,0.0,q0: start,q6086: companysong_10_minor_6_7_8,q10105: positive,3600,2
0,out/models/model_spotify4000_model-it_7.pickle,10550,22538,LP,1,6.861799955368042,0.6738710450806366,0.0,q0: start,q962: song_60_major_0_5_6,q10105: positive,3600,2
0,out/models/model_spotify4000_model-it_8.pickle,10770,22406,LP,1,7.132040023803711,0.6732431418882824,0.0,q0: start,q1338: song_90_major_2_5_8,q10083: positive,3600,2
0,out/models/model_spotify4000_model-it_3.pickle,10512,22433,LP,1,3600.00159907341,0.0,0.0,q0: start,q6929: companyplayed_0_major_6_6_7,q10389: positive,3600,9
0,out/models/model_spotify4000_model-it_6.pickle,10358,22386,LP,1,720.6169588565826,0.6708372332611047,0.0,q0: start,q10010: companysong_60_major_4_7_3,q10107: positive,3600,2
0,out/models/model_spotify4000_model-it_3.pickle,10512,22433,LP,1,3600.0074169635773,0.0,0.0,q0: start,q7313: played_0_major_4_4_3,q10389: positive,3600,9
0,out/models/model_spotify4000_model-it_6.pickle,10358,22386,LP,1,1034.5690450668335,0.670837233261104,0.0,q0: start,q4778: companysong_70_major_0_3_6,q10107: positive,3600,2
0,out/models/model_spotify4000_model-it_3.pickle,10512,22433,LP,1,3600.0010249614716,0.0,0.0,q0: start,q4646: played_0_minor_7_4_6,q10389: positive,3600,9
0,out/models/model_spotify4000_model-it_3.pickle,10512,22433,LP,1,3600.0080728530884,0.0,0.0,q0: start,q5357: played_10_major_6_7_3,q10389: positive,3600,9
0,out/models/model_spotify4000_model-it_3.pickle,10512,22433,LP,1,3600.006161928177,0.0,0.0,q0: start,q6168: companyplayed_0_major_9_5_3,q10389: positive,3600,9
0,out/models/model_spotify4000_model-it_8.pickle,10770,22406,LP,1,678.8109350204468,0.6732431418882824,0.0,q0: start,q6783: song_90_minor_7_6_3,q10083: positive,3600,2
0,out/models/model_spotify4000_model-it_3.pickle,10512,22433,LP,1,3600.0012130737305,0.0,0.0,q0: start,q10085: played_60_minor_1_5_6,q10389: positive,3600,9
0,out/models/model_spotify4000_model-it_3.pickle,10512,22433,LP,1,3600.006483078003,0.0,0.0,q0: start,q1440: played_10_major_2_8_7,q10389: positive,3600,9
0,out/models/model_spotify4000_model-it_8.pickle,10770,22406,LP,1,302.2523310184479,0.6732431418882824,0.0,q0: start,q10659: companysong_0_major_6_6_5,q10083: positive,3600,2
0,out/models/model_spotify4000_model-it_9.pickle,10810,23023,LP,1,288.5685977935791,0.6709650573885194,0.0,q0: start,q6906: song_0_major_1_8_3,q10065: positive,3600,2
0,out/models/model_spotify4000_model-it_3.pickle,10512,22433,LP,1,3600.0009291172028,0.0,0.0,q0: start,q750: played_10_major_2_7_6,q10389: positive,3600,9
0,out/models/model_spotify4000_model-it_4.pickle,10442,22378,LP,1,3600.0041918754578,0.0,0.0,q0: start,q4583: song_10_major_5_6_4,q9920: positive,3600,9
0,out/models/model_spotify4000_model-it_4.pickle,10442,22378,LP,1,3600.001419067383,0.0,0.0,q0: start,q3034: companyplayed_0_major_8_4_3,q9920: positive,3600,9
0,out/models/model_spotify4000_model-it_4.pickle,10442,22378,LP,1,3600.00076007843,0.0,0.0,q0: start,q5958: played_70_major_0_7_8,q9920: positive,3600,9
0,out/models/model_spotify4000_model-it_4.pickle,10442,22378,LP,1,3600.001279115677,0.0,0.0,q0: start,q8225: companyplayed_0_minor_9_2_3,q9920: positive,3600,9
0,out/models/model_spotify4000_model-it_4.pickle,10442,22378,LP,1,3600.001179933548,0.0,0.0,q0: start,q8548: companyplayed_10_minor_8_8_5,q9920: positive,3600,9
0,out/models/model_spotify4000_model-it_4.pickle,10442,22378,LP,1,3600.001350879669,0.0,0.0,q0: start,q1204: played_0_major_3_6_7,q9920: positive,3600,9
0,out/models/model_spotify4000_model-it_4.pickle,10442,22378,LP,1,3600.001497030258,0.0,0.0,q0: start,q9051: companyplayed_80_major_3_7_6,q9920: positive,3600,9
0,out/models/model_spotify4000_model-it_4.pickle,10442,22378,LP,1,3600.001456975937,0.0,0.0,q0: start,q1528: played_10_major_8_1_0,q9920: positive,3600,9
0,out/models/model_spotify4000_model-it_9.pickle,10810,23023,LP,1,1072.799458026886,0.6709650573885194,0.0,q0: start,q7422: companysong_90_major_2_7_5,q10065: positive,3600,2
0,out/models/model_spotify4000_model-it_9.pickle,10810,23023,LP,1,311.7856321334839,0.670965057388519,0.0,q0: start,q7400: companysong_10_major_2_9_3,q10065: positive,3600,2
0,out/models/model_spotify4000_model-it_9.pickle,10810,23023,LP,1,453.4362778663635,0.6709650573885194,0.0,q0: start,q8353: song_0_major_0_4_4,q10065: positive,3600,2
0,out/models/model_spotify5000_model-it_0.pickle,11762,25385,LP,1,95.29761600494385,0.67416319983889,0.0,q0: start,q9742: song_10_major_8_5_5,q10960: positive,3600,2
0,out/models/model_spotify4000_model-it_5.pickle,10906,23121,LP,1,3600.0587940216064,0.6866304261206069,0.0002697519719928915,q0: start,q8269: companyplayed_0_minor_5_4_5,q10785: positive,3600,9
0,out/models/model_spotify5000_model-it_0.pickle,11762,25385,LP,1,389.9022741317749,0.6741631998388903,0.0,q0: start,q8115: companysong_60_major_5_7_6,q10960: positive,3600,2
0,out/models/model_spotify5000_model-it_0.pickle,11762,25385,LP,1,120.46697902679443,0.6741631998388903,0.0,q0: start,q4906: song_10_major_5_6_7,q10960: positive,3600,2
0,out/models/model_spotify4000_model-it_5.pickle,10906,23121,LP,1,3600.0033750534058,0.0,0.0,q0: start,q1369: song_10_minor_1_3_6,q10785: positive,3600,9
0,out/models/model_spotify5000_model-it_0.pickle,11762,25385,LP,1,160.14555716514587,0.6741631998388903,0.0,q0: start,q10788: companysong_80_major_0_4_4,q10960: positive,3600,2
0,out/models/model_spotify4000_model-it_5.pickle,10906,23121,LP,1,3600.005759000778,0.0,0.0,q0: start,q7826: played_10_major_7_4_6,q10785: positive,3600,9
0,out/models/model_spotify5000_model-it_1.pickle,11698,25223,LP,1,47.2822539806366,0.6830035157819998,0.0,q0: start,q4938: companysong_10_major_4_3_6,q10914: positive,3600,2
0,out/models/model_spotify4000_model-it_5.pickle,10906,23121,LP,1,3600.0013949871063,0.0,0.0,q0: start,q4757: song_10_major_8_3_1,q10785: positive,3600,9
0,out/models/model_spotify4000_model-it_6.pickle,10358,22386,LP,1,3600.00199508667,0.0,0.0,q0: start,q8783: played_70_major_3_5_5,q10107: positive,3600,9
0,out/models/model_spotify4000_model-it_5.pickle,10906,23121,LP,1,3600.000918865204,0.0,0.0,q0: start,q7775: song_90_major_4_6_4,q10785: positive,3600,9
0,out/models/model_spotify4000_model-it_6.pickle,10358,22386,LP,1,3600.0083961486816,0.0,0.0,q0: start,q7705: played_80_major_9_2_8,q10107: positive,3600,9
0,out/models/model_spotify4000_model-it_6.pickle,10358,22386,LP,1,3600.0010170936584,0.0,0.0,q0: start,q1025: played_10_major_5_3_3,q10107: positive,3600,9
0,out/models/model_spotify4000_model-it_6.pickle,10358,22386,LP,1,3600.077831029892,0.0,0.0,q0: start,q152: startprofile_4_5_4,q10107: positive,3600,9
0,out/models/model_spotify4000_model-it_7.pickle,10550,22538,LP,1,3600.0012168884277,0.0,0.0,q0: start,q3356: played_10_minor_3_8_8,q10105: positive,3600,9
0,out/models/model_spotify4000_model-it_7.pickle,10550,22538,LP,1,3600.000887155533,0.0,0.0,q0: start,q1078: played_10_major_4_7_4,q10105: positive,3600,9
0,out/models/model_spotify4000_model-it_7.pickle,10550,22538,LP,1,3600.0018348693848,0.0,0.0,q0: start,q7083: companyplayed_10_minor_3_7_9,q10105: positive,3600,9
0,out/models/model_spotify4000_model-it_7.pickle,10550,22538,LP,1,3600.0013859272003,0.0,0.0,q0: start,q7711: song_0_major_5_7_7,q10105: positive,3600,9
0,out/models/model_spotify5000_model-it_1.pickle,11698,25223,LP,1,732.5021650791168,0.6830035157819971,0.0,q0: start,q11445: song_80_major_2_8_4,q10914: positive,3600,2
0,out/models/model_spotify4000_model-it_7.pickle,10550,22538,LP,1,3600.010710954666,0.0,0.0,q0: start,q4489: played_80_major_1_6_6,q10105: positive,3600,9
0,out/models/model_spotify4000_model-it_7.pickle,10550,22538,LP,1,3600.000994205475,0.0,0.0,q0: start,q2066: companyplayed_10_minor_0_7_7,q10105: positive,3600,9
0,out/models/model_spotify4000_model-it_7.pickle,10550,22538,LP,1,3600.008763074875,0.0,0.0,q0: start,q4256: played_10_major_3_4_5,q10105: positive,3600,9
0,out/models/model_spotify4000_model-it_8.pickle,10770,22406,LP,1,3600.007085084915,0.0,0.0,q0: start,q2293: companyplayed_80_major_1_4_9,q10083: positive,3600,9
0,out/models/model_spotify4000_model-it_8.pickle,10770,22406,LP,1,3600.001309156418,0.0,0.0,q0: start,q533: played_0_major_0_3_4,q10083: positive,3600,9
0,out/models/model_spotify5000_model-it_2.pickle,11592,25079,LP,1,193.13852214813232,0.6788157066586922,0.0,q0: start,q8453: song_90_major_4_6_4,q10915: positive,3600,2
0,out/models/model_spotify5000_model-it_2.pickle,11592,25079,LP,1,12.535181999206543,0.6788157066586922,0.0,q0: start,q3267: companysong_10_major_6_8_3,q10915: positive,3600,2
0,out/models/model_spotify4000_model-it_8.pickle,10770,22406,LP,1,3600.0055179595947,0.0,0.0,q0: start,q3909: companyplayed_10_minor_5_8_6,q10083: positive,3600,9
0,out/models/model_spotify5000_model-it_2.pickle,11592,25079,LP,1,10.442208051681519,0.6788157066586922,0.0,q0: start,q11533: companysong_10_minor_1_3_8,q10915: positive,3600,2
0,out/models/model_spotify5000_model-it_2.pickle,11592,25079,LP,1,364.0058879852295,0.6788157066586922,0.0,q0: start,q9319: companysong_10_major_2_3_8,q10915: positive,3600,2
0,out/models/model_spotify4000_model-it_8.pickle,10770,22406,LP,1,3600.0603981018066,0.6732431418882825,0.0002516090103916879,q0: start,q7089: companyplayed_80_minor_1_8_4,q10083: positive,3600,9
0,out/models/model_spotify4000_model-it_8.pickle,10770,22406,LP,1,3600.0007750988007,0.0,0.0,q0: start,q3282: played_10_minor_1_3_7,q10083: positive,3600,9
0,out/models/model_spotify4000_model-it_8.pickle,10770,22406,LP,1,3600.001284837723,0.0,0.0,q0: start,q9278: companyplayed_0_minor_9_3_2,q10083: positive,3600,9
0,out/models/model_spotify4000_model-it_8.pickle,10770,22406,LP,1,3600.00203704834,0.0,0.0,q0: start,q6629: companyplayed_10_minor_7_7_8,q10083: positive,3600,9
0,out/models/model_spotify5000_model-it_3.pickle,11732,25315,LP,1,279.47422099113464,0.678961468097184,0.0,q0: start,q6220: companysong_90_major_7_6_3,q10963: positive,3600,2
0,out/models/model_spotify5000_model-it_2.pickle,11592,25079,LP,1,669.0101640224457,0.6788157066586922,0.0,q0: start,q6506: companysong_70_major_9_5_2,q10915: positive,3600,2
0,out/models/model_spotify4000_model-it_9.pickle,10810,23023,LP,1,3600.011444091797,0.0,0.0,q0: start,q128: startprofile_3_5_6,q10065: positive,3600,9
0,out/models/model_spotify4000_model-it_9.pickle,10810,23023,LP,1,3600.0136601924896,0.0,0.0,q0: start,q3521: played_10_minor_4_4_5,q10065: positive,3600,9
0,out/models/model_spotify4000_model-it_9.pickle,10810,23023,LP,1,3600.0006120204926,0.0,0.0,q0: start,q1022: played_80_major_0_4_9,q10065: positive,3600,9
0,out/models/model_spotify4000_model-it_9.pickle,10810,23023,LP,1,3600.0114080905914,0.0,0.0,q0: start,q9072: played_10_minor_6_4_3,q10065: positive,3600,9
0,out/models/model_spotify4000_model-it_9.pickle,10810,23023,LP,1,3600.001518011093,0.0,0.0,q0: start,q3778: played_10_minor_9_6_0,q10065: positive,3600,9
0,out/models/model_spotify4000_model-it_9.pickle,10810,23023,LP,1,3600.0128660202026,0.0,0.0,q0: start,q3533: played_10_minor_5_7_6,q10065: positive,3600,9
0,out/models/model_spotify5000_model-it_4.pickle,11758,25224,LP,1,219.1287829875946,0.678898905800614,0.0,q0: start,q5205: song_70_major_7_7_1,q11622: positive,3600,2
0,out/models/model_spotify5000_model-it_4.pickle,11758,25224,LP,1,137.98137402534485,0.6788989058006137,0.0,q0: start,q10608: companysong_10_major_6_4_2,q11622: positive,3600,2
0,out/models/model_spotify5000_model-it_0.pickle,11762,25385,LP,1,3600.0027718544006,0.0,0.0,q0: start,q1960: played_10_major_4_8_8,q10960: positive,3600,9
0,out/models/model_spotify5000_model-it_0.pickle,11762,25385,LP,1,3600.0015120506287,0.0,0.0,q0: start,q10483: played_0_major_6_6_8,q10960: positive,3600,9
0,out/models/model_spotify5000_model-it_0.pickle,11762,25385,LP,1,3600.0108499526978,0.0,0.0,q0: start,q11754: companysong_90_minor_0_2_4,q10960: positive,3600,9
0,out/models/model_spotify5000_model-it_0.pickle,11762,25385,LP,1,3600.0085690021515,0.0,0.0,q0: start,q10001: song_10_minor_9_5_3,q10960: positive,3600,9
0,out/models/model_spotify5000_model-it_4.pickle,11758,25224,LP,1,981.1287310123444,0.6788989058006137,0.0,q0: start,q3759: song_90_major_3_6_7,q11622: positive,3600,2
0,out/models/model_spotify5000_model-it_5.pickle,11654,24584,LP,1,603.6879019737244,0.6748999430870176,0.0,q0: start,q5249: song_80_major_1_6_4,q11245: positive,3600,2
0,out/models/model_spotify5000_model-it_0.pickle,11762,25385,LP,1,3600.001585006714,0.0,0.0,q0: start,q9064: companyplayed_70_minor_5_7_3,q10960: positive,3600,9
0,out/models/model_spotify5000_model-it_0.pickle,11762,25385,LP,1,3600.0169489383698,0.0,0.0,q0: start,q8626: song_90_minor_3_3_7,q10960: positive,3600,9
0,out/models/model_spotify5000_model-it_1.pickle,11698,25223,LP,1,3600.0009779930115,0.0,0.0,q0: start,q4543: companyplayed_10_minor_3_9_6,q10914: positive,3600,9
0,out/models/model_spotify5000_model-it_5.pickle,11654,24584,LP,1,348.0638818740845,0.6748999430870173,0.0,q0: start,q3731: song_70_major_3_2_4,q11245: positive,3600,2
0,out/models/model_spotify5000_model-it_1.pickle,11698,25223,LP,1,3600.002212047577,0.0,0.0,q0: start,q6051: played_0_major_7_5_6,q10914: positive,3600,9
0,out/models/model_spotify5000_model-it_3.pickle,11732,25315,LP,1,2099.0426230430603,0.6789614680971864,0.0,q0: start,q7449: companysong_60_major_0_7_8,q10963: positive,3600,2
0,out/models/model_spotify5000_model-it_1.pickle,11698,25223,LP,1,3600.001277923584,0.0,0.0,q0: start,q4058: played_10_major_7_8_5,q10914: positive,3600,9
0,out/models/model_spotify5000_model-it_1.pickle,11698,25223,LP,1,3600.001529932022,0.0,0.0,q0: start,q9097: companyplayed_10_minor_9_6_4,q10914: positive,3600,9
0,out/models/model_spotify5000_model-it_6.pickle,11614,24955,LP,1,57.9112069606781,0.6812195335848849,0.0,q0: start,q2717: companysong_10_minor_3_7_4,q10822: positive,3600,2
0,out/models/model_spotify5000_model-it_1.pickle,11698,25223,LP,1,3600.001338005066,0.0,0.0,q0: start,q2943: companyplayed_10_major_0_8_2,q10914: positive,3600,9
0,out/models/model_spotify5000_model-it_6.pickle,11614,24955,LP,1,172.20234394073486,0.6812195335848845,0.0,q0: start,q4875: song_0_minor_0_2_8,q10822: positive,3600,2
0,out/models/model_spotify5000_model-it_1.pickle,11698,25223,LP,1,3600.0012621879578,0.0,0.0,q0: start,q3923: played_0_major_3_6_4,q10914: positive,3600,9
0,out/models/model_spotify5000_model-it_1.pickle,11698,25223,LP,1,3600.008017063141,0.0,0.0,q0: start,q6072: played_0_minor_7_7_7,q10914: positive,3600,9
0,out/models/model_spotify5000_model-it_5.pickle,11654,24584,LP,1,350.78856897354126,0.6748999430870173,0.0,q0: start,q8689: companysong_70_major_5_5_6,q11245: positive,3600,2
0,out/models/model_spotify5000_model-it_5.pickle,11654,24584,LP,1,467.2089059352875,0.6748999430870173,0.0,q0: start,q4833: song_50_major_7_7_7,q11245: positive,3600,2
0,out/models/model_spotify5000_model-it_1.pickle,11698,25223,LP,1,3600.0011830329895,0.0,0.0,q0: start,q58: startprofile_1_5_6,q10914: positive,3600,9
0,out/models/model_spotify5000_model-it_2.pickle,11592,25079,LP,1,3600.0014419555664,0.0,0.0,q0: start,q9403: played_60_major_9_4_2,q10915: positive,3600,9
0,out/models/model_spotify5000_model-it_2.pickle,11592,25079,LP,1,3600.0016391277313,0.0,0.0,q0: start,q7831: played_60_major_4_3_6,q10915: positive,3600,9
0,out/models/model_spotify5000_model-it_2.pickle,11592,25079,LP,1,3600.0009660720825,0.0,0.0,q0: start,q6725: played_90_major_3_4_3,q10915: positive,3600,9
0,out/models/model_spotify5000_model-it_6.pickle,11614,24955,LP,1,457.4897258281708,0.6812195335848849,0.0,q0: start,q1269: song_0_minor_1_7_7,q10822: positive,3600,2
0,out/models/model_spotify5000_model-it_6.pickle,11614,24955,LP,1,401.570317029953,0.6812195335848866,0.0,q0: start,q3578: song_90_major_0_8_4,q10822: positive,3600,2
0,out/models/model_spotify5000_model-it_2.pickle,11592,25079,LP,1,3600.0015258789062,0.0,0.0,q0: start,q3035: companyplayed_10_minor_6_6_3,q10915: positive,3600,9
0,out/models/model_spotify5000_model-it_2.pickle,11592,25079,LP,1,3600.0636541843414,0.6788157066586914,0.00043237263095686346,q0: start,q6836: companyplayed_10_major_9_8_7,q10915: positive,3600,9
0,out/models/model_spotify5000_model-it_3.pickle,11732,25315,LP,1,3600.0023531913757,0.0,0.0,q0: start,q1270: played_10_minor_3_7_4,q10963: positive,3600,9
0,out/models/model_spotify5000_model-it_3.pickle,11732,25315,LP,1,3600.014055967331,0.0,0.0,q0: start,q158: startprofile_4_4_3,q10963: positive,3600,9
0,out/models/model_spotify5000_model-it_3.pickle,11732,25315,LP,1,3600.002671957016,0.0,0.0,q0: start,q1063: played_10_major_2_3_7,q10963: positive,3600,9
0,out/models/model_spotify5000_model-it_3.pickle,11732,25315,LP,1,3600.001461982727,0.0,0.0,q0: start,q10923: companyplayed_0_minor_2_2_9,q10963: positive,3600,9
0,out/models/model_spotify5000_model-it_3.pickle,11732,25315,LP,1,3350.2061059474945,0.6789614680971864,0.0,q0: start,q6474: companysong_0_major_0_3_8,q10963: positive,3600,2
0,out/models/model_spotify5000_model-it_3.pickle,11732,25315,LP,1,3600.001461982727,0.0,0.0,q0: start,q1150: played_80_major_0_4_9,q10963: positive,3600,9
0,out/models/model_spotify5000_model-it_3.pickle,11732,25315,LP,1,3600.0007770061493,0.0,0.0,q0: start,q590: select_context_catalog,q10963: positive,3600,9
0,out/models/model_spotify5000_model-it_3.pickle,11732,25315,LP,1,3600.0034170150757,0.0,0.0,q0: start,q1163: song_90_minor_3_6_4,q10963: positive,3600,9
0,out/models/model_spotify5000_model-it_8.pickle,11852,25520,LP,1,5.010581016540527,0.672709608035323,0.0,q0: start,q905: song_10_minor_2_8_4,q11664: positive,3600,2
0,out/models/model_spotify5000_model-it_4.pickle,11758,25224,LP,1,3600.0017688274384,0.0,0.0,q0: start,q6019: played_70_minor_3_4_3,q11622: positive,3600,9
0,out/models/model_spotify5000_model-it_8.pickle,11852,25520,LP,1,10.494089126586914,0.672709608035323,0.0,q0: start,q6147: song_10_minor_1_4_4,q11664: positive,3600,2
0,out/models/model_spotify5000_model-it_8.pickle,11852,25520,LP,1,4.840348958969116,0.6727096080353228,0.0,q0: start,q9838: companysong_90_major_2_3_5,q11664: positive,3600,2
0,out/models/model_spotify5000_model-it_4.pickle,11758,25224,LP,1,3600.001321077347,0.0,0.0,q0: start,q2955: companyplayed_60_major_7_7_3,q11622: positive,3600,9
0,out/models/model_spotify5000_model-it_4.pickle,11758,25224,LP,1,3600.005954027176,0.0,0.0,q0: start,q6943: played_60_major_0_3_8,q11622: positive,3600,9
0,out/models/model_spotify5000_model-it_6.pickle,11614,24955,LP,1,1396.9866309165955,0.6812195335848849,0.0,q0: start,q4608: song_10_major_6_4_2,q10822: positive,3600,2
0,out/models/model_spotify5000_model-it_4.pickle,11758,25224,LP,1,3600.0021209716797,0.0,0.0,q0: start,q10879: played_0_major_1_9_9,q11622: positive,3600,9
0,out/models/model_spotify5000_model-it_4.pickle,11758,25224,LP,1,3600.001067876816,0.0,0.0,q0: start,q3803: song_70_major_3_4_7,q11622: positive,3600,9
0,out/models/model_spotify5000_model-it_9.pickle,11728,25274,LP,1,269.1925721168518,0.6751930616263708,0.0,q0: start,q1405: song_70_major_2_3_3,q11648: positive,3600,2
0,out/models/model_spotify5000_model-it_4.pickle,11758,25224,LP,1,3600.000771045685,0.0,0.0,q0: start,q6700: played_0_major_1_4_4,q11622: positive,3600,9
0,out/models/model_spotify5000_model-it_9.pickle,11728,25274,LP,1,226.8888680934906,0.6751930616263708,0.0,q0: start,q4994: companysong_0_major_3_5_8,q11648: positive,3600,2
0,out/models/model_spotify5000_model-it_9.pickle,11728,25274,LP,1,30.916155099868774,0.6751930616263699,0.0,q0: start,q6417: song_10_major_1_2_3,q11648: positive,3600,2
0,out/models/model_spotify5000_model-it_4.pickle,11758,25224,LP,1,3600.0052919387817,0.0,0.0,q0: start,q3889: played_60_major_6_5_1,q11622: positive,3600,9
0,out/models/model_spotify5000_model-it_5.pickle,11654,24584,LP,1,3600.001968860626,0.0,0.0,q0: start,q10234: companyplayed_0_minor_6_4_2,q11245: positive,3600,9
0,out/models/model_spotify5000_model-it_9.pickle,11728,25274,LP,1,538.3121509552002,0.6751930616263688,0.0,q0: start,q10559: companysong_70_minor_7_4_5,q11648: positive,3600,2
0,out/models/model_spotify5000_model-it_9.pickle,11728,25274,LP,1,216.8159749507904,0.6751930616263707,0.0,q0: start,q7923: song_90_major_8_3_1,q11648: positive,3600,2
0,out/models/model_spotify5000_model-it_5.pickle,11654,24584,LP,1,3600.000916004181,0.0,0.0,q0: start,q1172: played_10_minor_1_5_5,q11245: positive,3600,9
0,out/models/model_spotify5000_model-it_5.pickle,11654,24584,LP,1,3600.001535177231,0.0,0.0,q0: start,q6791: companyplayed_0_minor_1_3_6,q11245: positive,3600,9
0,out/models/model_spotify5000_model-it_5.pickle,11654,24584,LP,1,3600.001587152481,0.0,0.0,q0: start,q2663: companyplayed_70_minor_2_6_9,q11245: positive,3600,9
0,out/models/model_spotify5000_model-it_5.pickle,11654,24584,LP,1,3600.0012991428375,0.0,0.0,q0: start,q10671: played_80_minor_2_5_4,q11245: positive,3600,9
0,out/models/model_spotify5000_model-it_5.pickle,11654,24584,LP,1,3600.001811027527,0.0,0.0,q0: start,q9961: played_90_major_3_7_4,q11245: positive,3600,9
0,out/models/model_spotify5000_model-it_6.pickle,11614,24955,LP,1,3600.01429605484,0.0,0.0,q0: start,q406: companystartprofile_3_7_6,q10822: positive,3600,9
0,out/models/model_spotify5000_model-it_6.pickle,11614,24955,LP,1,3600.001174926758,0.0,0.0,q0: start,q2707: companyplayed_70_major_2_6_6,q10822: positive,3600,9
0,out/models/model_spotify5000_model-it_6.pickle,11614,24955,LP,1,3600.003343820572,0.0,0.0,q0: start,q10362: companyplayed_80_minor_0_7_8,q10822: positive,3600,9
0,out/models/model_spotify5000_model-it_6.pickle,11614,24955,LP,1,3600.0013179779053,0.0,0.0,q0: start,q5022: played_90_major_6_5_8,q10822: positive,3600,9
0,out/models/model_spotify5000_model-it_6.pickle,11614,24955,LP,1,3600.010833978653,0.0,0.0,q0: start,q4689: played_0_minor_1_7_8,q10822: positive,3600,9
0,out/models/model_spotify5000_model-it_7.pickle,11544,24975,LP,1,3600.0055210590363,0.0,0.0,q0: start,q11437: companysong_80_major_2_7_8,q11208: positive,3600,9
0,out/models/model_spotify5000_model-it_7.pickle,11544,24975,LP,1,3600.0057668685913,0.0,0.0,q0: start,q1305: played_10_minor_3_6_6,q11208: positive,3600,9
0,out/models/model_spotify5000_model-it_7.pickle,11544,24975,LP,1,3600.001435995102,0.0,0.0,q0: start,q2337: companyplayed_10_major_0_4_4,q11208: positive,3600,9
0,out/models/model_spotify5000_model-it_7.pickle,11544,24975,LP,1,3600.0011038780212,0.0,0.0,q0: start,q3770: played_0_major_1_4_6,q11208: positive,3600,9
0,out/models/model_spotify6000_model-it_0.pickle,12518,27296,LP,1,1615.818067073822,0.6743012699738061,0.0,q0: start,q8631: song_70_minor_8_5_4,q11696: positive,3600,2
0,out/models/model_spotify5000_model-it_7.pickle,11544,24975,LP,1,3600.0132031440735,0.0,0.0,q0: start,q4305: companysong_80_major_0_6_3,q11208: positive,3600,9
0,out/models/model_spotify5000_model-it_7.pickle,11544,24975,LP,1,3600.0009450912476,0.0,0.0,q0: start,q3611: companysong_10_minor_6_4_4,q11208: positive,3600,9
0,out/models/model_spotify5000_model-it_7.pickle,11544,24975,LP,1,3600.0038211345673,0.0,0.0,q0: start,q9952: song_10_major_5_7_9,q11208: positive,3600,9
0,out/models/model_spotify5000_model-it_7.pickle,11544,24975,LP,1,3600.000659942627,0.0,0.0,q0: start,q6942: song_10_minor_5_5_4,q11208: positive,3600,9
0,out/models/model_spotify5000_model-it_7.pickle,11544,24975,LP,1,3600.000949859619,0.0,0.0,q0: start,q7239: song_70_major_1_8_8,q11208: positive,3600,9
0,out/models/model_spotify5000_model-it_7.pickle,11544,24975,LP,1,3600.001394033432,0.0,0.0,q0: start,q7958: played_80_major_0_1_8,q11208: positive,3600,9
0,out/models/model_spotify5000_model-it_8.pickle,11852,25520,LP,1,3600.0006589889526,0.0,0.0,q0: start,q2450: companyplayed_10_major_0_5_4,q11664: positive,3600,9
0,out/models/model_spotify5000_model-it_8.pickle,11852,25520,LP,1,3600.001221179962,0.0,0.0,q0: start,q387: companystartprofile_2_5_6,q11664: positive,3600,9
0,out/models/model_spotify5000_model-it_8.pickle,11852,25520,LP,1,3600.0011138916016,0.0,0.0,q0: start,q6896: song_0_minor_9_3_0,q11664: positive,3600,9
0,out/models/model_spotify6000_model-it_2.pickle,12536,27295,LP,1,406.4895119667053,0.6712235855285447,0.0,q0: start,q2896: companysong_0_major_1_3_7,q11692: positive,3600,2
0,out/models/model_spotify6000_model-it_2.pickle,12536,27295,LP,1,132.87984800338745,0.6712235855285447,0.0,q0: start,q9985: companysong_0_major_6_7_2,q11692: positive,3600,2
0,out/models/model_spotify5000_model-it_8.pickle,11852,25520,LP,1,3600.0014519691467,0.0,0.0,q0: start,q838: played_10_major_0_8_7,q11664: positive,3600,9
0,out/models/model_spotify5000_model-it_8.pickle,11852,25520,LP,1,3600.001237154007,0.0,0.0,q0: start,q6706: played_0_minor_3_6_0,q11664: positive,3600,9
0,out/models/model_spotify5000_model-it_8.pickle,11852,25520,LP,1,3600.015690088272,0.0,0.0,q0: start,q3941: played_90_minor_5_6_4,q11664: positive,3600,9
0,out/models/model_spotify6000_model-it_2.pickle,12536,27295,LP,1,226.75783801078796,0.6712235855285447,0.0,q0: start,q11800: companysong_0_minor_3_6_7,q11692: positive,3600,2
0,out/models/model_spotify5000_model-it_9.pickle,11728,25274,LP,1,3600.0012650489807,0.0,0.0,q0: start,q9295: companyplayed_70_major_3_6_3,q11648: positive,3600,9
0,out/models/model_spotify5000_model-it_8.pickle,11852,25520,LP,1,3600.0080099105835,0.0,0.0,q0: start,q1415: played_0_minor_3_9_6,q11664: positive,3600,9
0,out/models/model_spotify5000_model-it_9.pickle,11728,25274,LP,1,3600.0047409534454,0.0,0.0,q0: start,q2505: companyplayed_0_major_0_7_7,q11648: positive,3600,9
0,out/models/model_spotify5000_model-it_9.pickle,11728,25274,LP,1,3600.0173239707947,0.0,0.0,q0: start,q5865: companyplayed_10_minor_2_4_5,q11648: positive,3600,9
0,out/models/model_spotify6000_model-it_2.pickle,12536,27295,LP,1,72.8725209236145,0.6712235855285416,0.0,q0: start,q8395: song_0_major_6_4_3,q11692: positive,3600,2
0,out/models/model_spotify6000_model-it_3.pickle,12418,27057,LP,1,88.78159809112549,0.6773319706547059,0.0,q0: start,q6672: song_10_minor_9_3_4,q11628: positive,3600,2
0,out/models/model_spotify5000_model-it_9.pickle,11728,25274,LP,1,3600.0071918964386,0.0,0.0,q0: start,q6104: played_10_minor_6_5_2,q11648: positive,3600,9
0,out/models/model_spotify5000_model-it_9.pickle,11728,25274,LP,1,3600.001277923584,0.0,0.0,q0: start,q452: companystartprofile_4_7_6,q11648: positive,3600,9
0,out/models/model_spotify6000_model-it_0.pickle,12518,27296,LP,1,3600.001051902771,0.0,0.0,q0: start,q1509: played_90_minor_0_7_7,q11696: positive,3600,9
0,out/models/model_spotify6000_model-it_0.pickle,12518,27296,LP,1,3600.001538038254,0.0,0.0,q0: start,q6665: companyplayed_90_major_2_5_2,q11696: positive,3600,9
0,out/models/model_spotify6000_model-it_3.pickle,12418,27057,LP,1,423.9676568508148,0.6773319706547059,0.0,q0: start,q8054: companysong_10_minor_9_3_5,q11628: positive,3600,2
0,out/models/model_spotify6000_model-it_0.pickle,12518,27296,LP,1,3600.0015120506287,0.0,0.0,q0: start,q626: companyselect_context_user_collection,q11696: positive,3600,9
0,out/models/model_spotify6000_model-it_4.pickle,12556,27171,LP,1,39.39467811584473,0.6735629539027758,0.0,q0: start,q4625: companysong_90_minor_0_3_9,q11686: positive,3600,2
0,out/models/model_spotify6000_model-it_0.pickle,12518,27296,LP,1,3600.0052649974823,0.0,0.0,q0: start,q4129: played_10_minor_1_4_7,q11696: positive,3600,9
0,out/models/model_spotify6000_model-it_0.pickle,12518,27296,LP,1,3600.0544838905334,0.0,0.0,q0: start,q2920: companyplayed_80_major_0_5_5,q11696: positive,3600,9
0,out/models/model_spotify6000_model-it_0.pickle,12518,27296,LP,1,3600.001296043396,0.0,0.0,q0: start,q7083: companynot_skipped,q11696: positive,3600,9
0,out/models/model_spotify6000_model-it_4.pickle,12556,27171,LP,1,153.52994298934937,0.6735629539027738,0.0,q0: start,q10305: companysong_90_major_5_3_4,q11686: positive,3600,2
0,out/models/model_spotify6000_model-it_0.pickle,12518,27296,LP,1,3600.0019199848175,0.0,0.0,q0: start,q8126: played_90_minor_4_8_8,q11696: positive,3600,9
0,out/models/model_spotify6000_model-it_0.pickle,12518,27296,LP,1,3600.006374835968,0.0,0.0,q0: start,q11389: companyplayed_70_major_4_4_6,q11696: positive,3600,9
0,out/models/model_spotify6000_model-it_3.pickle,12418,27057,LP,1,1187.9354791641235,0.6773319706547059,0.0,q0: start,q11198: companysong_70_minor_2_5_9,q11628: positive,3600,2
0,out/models/model_spotify6000_model-it_1.pickle,12608,27289,LP,1,3600.0013399124146,0.0,0.0,q0: start,q2875: companyplayed_70_major_0_6_6,q12441: positive,3600,9
0,out/models/model_spotify6000_model-it_0.pickle,12518,27296,LP,1,3600.002420902252,0.0,0.0,q0: start,q1736: played_50_major_6_6_5,q11696: positive,3600,9
0,out/models/model_spotify6000_model-it_1.pickle,12608,27289,LP,1,3600.00084900856,0.0,0.0,q0: start,q7262: companysong_10_minor_2_4_6,q12441: positive,3600,9
0,out/models/model_spotify6000_model-it_1.pickle,12608,27289,LP,1,3600.0015301704407,0.0,0.0,q0: start,q4696: companyplayed_90_major_1_5_5,q12441: positive,3600,9
0,out/models/model_spotify6000_model-it_1.pickle,12608,27289,LP,1,3600.002189874649,0.0,0.0,q0: start,q1601: played_10_minor_4_3_4,q12441: positive,3600,9
0,out/models/model_spotify6000_model-it_1.pickle,12608,27289,LP,1,3600.001384973526,0.0,0.0,q0: start,q7962: song_80_major_1_7_7,q12441: positive,3600,9
0,out/models/model_spotify6000_model-it_1.pickle,12608,27289,LP,1,3600.0015161037445,0.0,0.0,q0: start,q6374: companyplayed_80_major_4_6_6,q12441: positive,3600,9
0,out/models/model_spotify6000_model-it_1.pickle,12608,27289,LP,1,3600.001871109009,0.0,0.0,q0: start,q1259: played_0_major_2_6_8,q12441: positive,3600,9
0,out/models/model_spotify6000_model-it_1.pickle,12608,27289,LP,1,3600.0017640590668,0.0,0.0,q0: start,q7985: played_0_major_4_5_6,q12441: positive,3600,9
0,out/models/model_spotify6000_model-it_1.pickle,12608,27289,LP,1,3600.0009458065033,0.0,0.0,q0: start,q5271: song_0_major_4_6_4,q12441: positive,3600,9
0,out/models/model_spotify6000_model-it_1.pickle,12608,27289,LP,1,3600.019213914871,0.0,0.0,q0: start,q10649: companysong_70_major_2_4_8,q12441: positive,3600,9
0,out/models/model_spotify6000_model-it_5.pickle,12372,26896,LP,1,1399.725912809372,0.678380412603505,0.0,q0: start,q9753: song_0_major_5_7_8,q12106: positive,3600,2
0,out/models/model_spotify6000_model-it_2.pickle,12536,27295,LP,1,3600.0011789798737,0.0,0.0,q0: start,q27: startprofile_0_6_7,q11692: positive,3600,9
0,out/models/model_spotify6000_model-it_2.pickle,12536,27295,LP,1,3600.009500026703,0.0,0.0,q0: start,q4863: companyplayed_90_major_9_1_2,q11692: positive,3600,9
0,out/models/model_spotify6000_model-it_2.pickle,12536,27295,LP,1,3600.002217054367,0.0,0.0,q0: start,q5166: companyplayed_10_minor_8_4_5,q11692: positive,3600,9
0,out/models/model_spotify6000_model-it_2.pickle,12536,27295,LP,1,3600.0017251968384,0.0,0.0,q0: start,q11061: companyplayed_90_minor_1_7_5,q11692: positive,3600,9
0,out/models/model_spotify6000_model-it_2.pickle,12536,27295,LP,1,3600.0777390003204,0.6712235855285447,0.00017093996973525984,q0: start,q11619: companyplayed_10_minor_3_1_7,q11692: positive,3600,9
0,out/models/model_spotify6000_model-it_5.pickle,12372,26896,LP,1,948.9370791912079,0.678380412603505,0.0,q0: start,q6275: companysong_80_major_8_6_8,q12106: positive,3600,2
0,out/models/model_spotify6000_model-it_5.pickle,12372,26896,LP,1,1419.327840089798,0.678380412603505,0.0,q0: start,q12101: song_80_major_0_5_4,q12106: positive,3600,2
0,out/models/model_spotify6000_model-it_2.pickle,12536,27295,LP,1,3600.001587867737,0.0,0.0,q0: start,q9510: companyplayed_10_minor_2_6_2,q11692: positive,3600,9
0,out/models/model_spotify6000_model-it_3.pickle,12418,27057,LP,1,3600.003180027008,0.0,0.0,q0: start,q854: played_10_major_0_7_9,q11628: positive,3600,9
0,out/models/model_spotify6000_model-it_3.pickle,12418,27057,LP,1,3600.0017108917236,0.0,0.0,q0: start,q2888: companyplayed_10_major_1_6_9,q11628: positive,3600,9
0,out/models/model_spotify6000_model-it_3.pickle,12418,27057,LP,1,3600.001888990402,0.0,0.0,q0: start,q9413: companyplayed_80_major_6_7_6,q11628: positive,3600,9
0,out/models/model_spotify6000_model-it_3.pickle,12418,27057,LP,1,3600.003298997879,0.0,0.0,q0: start,q1507: played_80_major_1_7_6,q11628: positive,3600,9
0,out/models/model_spotify6000_model-it_3.pickle,12418,27057,LP,1,3600.0014469623566,0.0,0.0,q0: start,q9321: companyplayed_70_major_2_8_4,q11628: positive,3600,9
0,out/models/model_spotify6000_model-it_3.pickle,12418,27057,LP,1,3600.002431154251,0.0,0.0,q0: start,q1898: played_10_minor_9_1_1,q11628: positive,3600,9
0,out/models/model_spotify6000_model-it_3.pickle,12418,27057,LP,1,3600.00270986557,0.0,0.0,q0: start,q7569: played_10_minor_8_3_4,q11628: positive,3600,9
0,out/models/model_spotify6000_model-it_4.pickle,12556,27171,LP,1,3600.0569109916687,0.6735629539027752,0.00018043964239117935,q0: start,q10883: played_0_minor_9_3_2,q11686: positive,3600,9
0,out/models/model_spotify6000_model-it_7.pickle,12528,27209,LP,1,522.020327091217,0.6658755215784072,0.0,q0: start,q3363: companysong_10_major_4_2_6,q11750: positive,3600,2
0,out/models/model_spotify6000_model-it_5.pickle,12372,26896,LP,1,2496.562572002411,0.678380412603504,0.0,q0: start,q9420: companysong_50_major_8_6_3,q12106: positive,3600,2
0,out/models/model_spotify6000_model-it_7.pickle,12528,27209,LP,1,467.66411209106445,0.6658755215784072,0.0,q0: start,q4702: companysong_10_minor_1_4_3,q11750: positive,3600,2
0,out/models/model_spotify6000_model-it_7.pickle,12528,27209,LP,1,468.4705228805542,0.6658755215784072,0.0,q0: start,q11991: song_10_major_2_9_9,q11750: positive,3600,2
0,out/models/model_spotify6000_model-it_4.pickle,12556,27171,LP,1,3600.0021109580994,0.0,0.0,q0: start,q11612: played_10_minor_5_8_1,q11686: positive,3600,9
0,out/models/model_spotify6000_model-it_4.pickle,12556,27171,LP,1,3124.181342124939,0.6735629539027749,0.0,q0: start,q5854: companysong_10_minor_1_6_3,q11686: positive,3600,2
0,out/models/model_spotify6000_model-it_4.pickle,12556,27171,LP,1,3600.007989168167,0.0,0.0,q0: start,q9332: companyplayed_0_minor_2_8_2,q11686: positive,3600,9
0,out/models/model_spotify6000_model-it_4.pickle,12556,27171,LP,1,3600.0130319595337,0.0,0.0,q0: start,q2432: companyplayed_10_minor_1_4_5,q11686: positive,3600,9
0,out/models/model_spotify6000_model-it_4.pickle,12556,27171,LP,1,3600.076623916626,0.6735629539027762,0.0001859388593250406,q0: start,q12005: played_70_major_6_5_7,q11686: positive,3600,9
0,out/models/model_spotify6000_model-it_4.pickle,12556,27171,LP,1,3600.0036759376526,0.0,0.0,q0: start,q2333: companyplayed_10_minor_0_3_8,q11686: positive,3600,9
0,out/models/model_spotify6000_model-it_8.pickle,12426,27008,LP,1,181.02173495292664,0.6710362001958325,0.0,q0: start,q4829: companysong_70_major_2_3_6,q11656: positive,3600,2
0,out/models/model_spotify6000_model-it_4.pickle,12556,27171,LP,1,3600.0811190605164,0.6735629539027752,0.00018644289399947123,q0: start,q9278: played_0_minor_2_8_2,q11686: positive,3600,9
0,out/models/model_spotify6000_model-it_5.pickle,12372,26896,LP,1,3600.004168987274,0.0,0.0,q0: start,q2080: played_10_minor_7_5_3,q12106: positive,3600,9
0,out/models/model_spotify6000_model-it_8.pickle,12426,27008,LP,1,534.4154789447784,0.6710362001958325,0.0,q0: start,q4590: song_90_major_9_3_0,q11656: positive,3600,2
0,out/models/model_spotify6000_model-it_5.pickle,12372,26896,LP,1,3212.2033450603485,0.678380412603504,0.0,q0: start,q9833: companysong_70_major_5_7_4,q12106: positive,3600,2
0,out/models/model_spotify6000_model-it_9.pickle,12366,26980,LP,1,204.89918780326843,0.6821740178983061,0.0,q0: start,q9487: song_10_minor_2_7_9,q11583: positive,3600,2
0,out/models/model_spotify6000_model-it_5.pickle,12372,26896,LP,1,3600.0077691078186,0.0,0.0,q0: start,q2689: companysong_10_major_3_6_7,q12106: positive,3600,9
0,out/models/model_spotify6000_model-it_5.pickle,12372,26896,LP,1,3600.0740761756897,0.6783804126035048,0.00017043051782683567,q0: start,q12143: companyplayed_0_major_9_3_0,q12106: positive,3600,9
0,out/models/model_spotify6000_model-it_5.pickle,12372,26896,LP,1,3600.0024359226227,0.0,0.0,q0: start,q4094: played_90_major_5_6_7,q12106: positive,3600,9
0,out/models/model_spotify6000_model-it_9.pickle,12366,26980,LP,1,445.3587439060211,0.6821740178983065,0.0,q0: start,q10203: song_0_minor_2_7_3,q11583: positive,3600,2
0,out/models/model_spotify6000_model-it_5.pickle,12372,26896,LP,1,3600.0563588142395,0.6783804126035051,0.00018469235111216094,q0: start,q7901: companyplayed_80_major_7_6_2,q12106: positive,3600,9
0,out/models/model_spotify6000_model-it_6.pickle,12474,27161,LP,1,3600.0073318481445,0.0,0.0,q0: start,q2432: companyplayed_10_major_0_7_2,q11871: positive,3600,9
0,out/models/model_spotify6000_model-it_9.pickle,12366,26980,LP,1,579.0381288528442,0.6821740178983065,0.0,q0: start,q6142: song_10_minor_7_6_1,q11583: positive,3600,2
0,out/models/model_spotify6000_model-it_6.pickle,12474,27161,LP,1,3600.0005807876587,0.0,0.0,q0: start,q4343: song_10_minor_6_6_5,q11871: positive,3600,9
0,out/models/model_spotify6000_model-it_9.pickle,12366,26980,LP,1,1107.7967150211334,0.6821740178983061,0.0,q0: start,q2132: song_10_major_8_6_5,q11583: positive,3600,2
0,out/models/model_spotify6000_model-it_6.pickle,12474,27161,LP,1,3600.0018470287323,0.0,0.0,q0: start,q5482: select_context_catalog,q11871: positive,3600,9
0,out/models/model_spotify6000_model-it_6.pickle,12474,27161,LP,1,3600.022129058838,0.0,0.0,q0: start,q1699: song_10_minor_8_5_3,q11871: positive,3600,9
0,out/models/model_spotify6000_model-it_6.pickle,12474,27161,LP,1,3600.0106139183044,0.0,0.0,q0: start,q6: startprofile_0_2_9,q11871: positive,3600,9
0,out/models/model_spotify6000_model-it_6.pickle,12474,27161,LP,1,3600.006124019623,0.0,0.0,q0: start,q794: song_10_minor_0_5_9,q11871: positive,3600,9
0,out/models/model_spotify6000_model-it_6.pickle,12474,27161,LP,1,3600.0139610767365,0.0,0.0,q0: start,q10588: played_10_minor_6_8_8,q11871: positive,3600,9
0,out/models/model_spotify6000_model-it_6.pickle,12474,27161,LP,1,3600.001920938492,0.0,0.0,q0: start,q2822: companysong_80_major_0_4_9,q11871: positive,3600,9
0,out/models/model_spotify6000_model-it_6.pickle,12474,27161,LP,1,3600.0045549869537,0.0,0.0,q0: start,q7445: companyplayed_60_minor_2_5_4,q11871: positive,3600,9
0,out/models/model_spotify6000_model-it_6.pickle,12474,27161,LP,1,3600.0078110694885,0.0,0.0,q0: start,q6687: companyplayed_90_major_6_3_4,q11871: positive,3600,9
0,out/models/model_spotify7000_model-it_0.pickle,13056,28716,LP,1,592.5324330329895,0.6716875894821621,0.0,q0: start,q3100: companysong_80_major_1_5_8,q12199: positive,3600,2
0,out/models/model_spotify6000_model-it_7.pickle,12528,27209,LP,1,3600.0068788528442,0.0,0.0,q0: start,q8975: companyplayed_60_major_5_5_4,q11750: positive,3600,9
0,out/models/model_spotify6000_model-it_7.pickle,12528,27209,LP,1,3600.0104088783264,0.0,0.0,q0: start,q11987: played_60_minor_6_3_6,q11750: positive,3600,9
0,out/models/model_spotify6000_model-it_7.pickle,12528,27209,LP,1,3600.003518104553,0.0,0.0,q0: start,q2983: companyplayed_0_minor_0_7_7,q11750: positive,3600,9
0,out/models/model_spotify6000_model-it_7.pickle,12528,27209,LP,1,3600.020926952362,0.0,0.0,q0: start,q2989: companyplayed_10_major_2_6_6,q11750: positive,3600,9
0,out/models/model_spotify6000_model-it_7.pickle,12528,27209,LP,1,3600.0779712200165,0.6658755215784075,0.0001693680735695533,q0: start,q9651: companyplayed_90_minor_3_7_5,q11750: positive,3600,9
0,out/models/model_spotify7000_model-it_1.pickle,13058,28562,LP,1,36.07421588897705,0.6780226918925444,0.0,q0: start,q8482: companysong_10_minor_8_1_3,q12677: positive,3600,2
0,out/models/model_spotify6000_model-it_7.pickle,12528,27209,LP,1,3600.000874042511,0.0,0.0,q0: start,q3497: companyplayed_10_major_9_4_3,q11750: positive,3600,9
0,out/models/model_spotify6000_model-it_7.pickle,12528,27209,LP,1,3600.065388917923,0.6658755215784073,0.000174666221318832,q0: start,q11611: companyplayed_10_minor_6_2_6,q11750: positive,3600,9
0,out/models/model_spotify6000_model-it_8.pickle,12426,27008,LP,1,3600.0014979839325,0.0,0.0,q0: start,q4047: played_90_major_1_3_9,q11656: positive,3600,9
0,out/models/model_spotify6000_model-it_8.pickle,12426,27008,LP,1,3600.0018100738525,0.0,0.0,q0: start,q9226: companyplayed_80_major_6_4_4,q11656: positive,3600,9
0,out/models/model_spotify6000_model-it_8.pickle,12426,27008,LP,1,3600.001564979553,0.0,0.0,q0: start,q1395: played_10_major_3_8_5,q11656: positive,3600,9
0,out/models/model_spotify7000_model-it_1.pickle,13058,28562,LP,1,461.1223199367523,0.6780226918925444,0.0,q0: start,q11589: companysong_80_major_0_7_5,q12677: positive,3600,2
0,out/models/model_spotify7000_model-it_0.pickle,13056,28716,LP,1,2272.0851521492004,0.6716875894821621,0.0,q0: start,q7105: companysong_80_major_0_8_6,q12199: positive,3600,2
0,out/models/model_spotify6000_model-it_8.pickle,12426,27008,LP,1,3600.0013031959534,0.0,0.0,q0: start,q9370: companyplayed_90_minor_3_7_7,q11656: positive,3600,9
0,out/models/model_spotify6000_model-it_8.pickle,12426,27008,LP,1,3600.0008659362793,0.0,0.0,q0: start,q8366: companyplayed_90_minor_0_4_7,q11656: positive,3600,9
0,out/models/model_spotify7000_model-it_1.pickle,13058,28562,LP,1,918.781583070755,0.6780226918925445,0.0,q0: start,q863: song_10_minor_0_4_8,q12677: positive,3600,2
0,out/models/model_spotify6000_model-it_8.pickle,12426,27008,LP,1,3600.0014321804047,0.0,0.0,q0: start,q7976: companyplayed_80_major_0_8_9,q11656: positive,3600,9
0,out/models/model_spotify6000_model-it_8.pickle,12426,27008,LP,1,3600.0016350746155,0.0,0.0,q0: start,q2208: played_10_major_6_5_8,q11656: positive,3600,9
0,out/models/model_spotify6000_model-it_9.pickle,12366,26980,LP,1,3600.001387119293,0.0,0.0,q0: start,q9711: companyplayed_0_major_9_6_5,q11583: positive,3600,9
0,out/models/model_spotify6000_model-it_9.pickle,12366,26980,LP,1,3600.0014350414276,0.0,0.0,q0: start,q12247: companyplayed_50_major_1_7_5,q11583: positive,3600,9
0,out/models/model_spotify6000_model-it_9.pickle,12366,26980,LP,1,3600.058499097824,0.6821740178983065,0.00018372027904130903,q0: start,q12356: played_10_minor_9_4_4,q11583: positive,3600,9
0,out/models/model_spotify7000_model-it_0.pickle,13056,28716,LP,1,2927.3590321540833,0.6716875894821621,0.0,q0: start,q3423: companysong_10_major_0_8_3,q12199: positive,3600,2
0,out/models/model_spotify6000_model-it_9.pickle,12366,26980,LP,1,3600.002445936203,0.0,0.0,q0: start,q12328: played_70_major_2_3_7,q11583: positive,3600,9
0,out/models/model_spotify6000_model-it_9.pickle,12366,26980,LP,1,3600.002566099167,0.0,0.0,q0: start,q5627: played_0_major_3_4_5,q11583: positive,3600,9
0,out/models/model_spotify7000_model-it_2.pickle,13100,28867,LP,1,1091.625884771347,0.6768691858010374,0.0,q0: start,q693: song_10_major_0_4_7,q12294: positive,3600,2
0,out/models/model_spotify6000_model-it_9.pickle,12366,26980,LP,1,3600.085935115814,0.6821740178983061,0.0028292171116103665,q0: start,q400: companystartprofile_2_4_7,q11583: positive,3600,9
0,out/models/model_spotify7000_model-it_3.pickle,13186,28942,LP,1,645.6780650615692,0.6742992366395478,0.0,q0: start,q6264: song_10_major_9_7_0,q12553: positive,3600,2
0,out/models/model_spotify7000_model-it_0.pickle,13056,28716,LP,1,3600.006441116333,0.0,0.0,q0: start,q12128: companyplayed_10_minor_3_1_7,q12199: positive,3600,9
0,out/models/model_spotify7000_model-it_3.pickle,13186,28942,LP,1,967.7527618408203,0.6742992366395478,0.0,q0: start,q3080: companysong_70_major_2_3_3,q12553: positive,3600,2
0,out/models/model_spotify7000_model-it_0.pickle,13056,28716,LP,1,3600.0048739910126,0.0,0.0,q0: start,q677: played_10_major_0_3_9,q12199: positive,3600,9
0,out/models/model_spotify7000_model-it_3.pickle,13186,28942,LP,1,1070.569298028946,0.6742992366395489,0.0,q0: start,q13088: companysong_0_minor_5_8_6,q12553: positive,3600,2
0,out/models/model_spotify7000_model-it_0.pickle,13056,28716,LP,1,3600.0094051361084,0.0,0.0,q0: start,q10547: song_10_minor_8_2_0,q12199: positive,3600,9
0,out/models/model_spotify7000_model-it_0.pickle,13056,28716,LP,1,3600.010843038559,0.0,0.0,q0: start,q7602: companyplayed_0_minor_0_2_4,q12199: positive,3600,9
0,out/models/model_spotify7000_model-it_0.pickle,13056,28716,LP,1,3600.0020418167114,0.0,0.0,q0: start,q5837: companyplayed_90_minor_6_3_2,q12199: positive,3600,9
0,out/models/model_spotify7000_model-it_0.pickle,13056,28716,LP,1,3600.0016300678253,0.0,0.0,q0: start,q1987: played_90_major_6_7_4,q12199: positive,3600,9
0,out/models/model_spotify7000_model-it_1.pickle,13058,28562,LP,1,3600.009505033493,0.0,0.0,q0: start,q9794: companyplayed_0_minor_0_9_4,q12677: positive,3600,9
0,out/models/model_spotify7000_model-it_0.pickle,13056,28716,LP,1,3600.088198184967,0.6716875894821621,0.00015589653385963346,q0: start,q10506: companyplayed_60_major_3_5_5,q12199: positive,3600,9
0,out/models/model_spotify7000_model-it_3.pickle,13186,28942,LP,1,1598.973179101944,0.6742992366395489,0.0,q0: start,q8705: companysong_90_minor_2_7_5,q12553: positive,3600,2
0,out/models/model_spotify7000_model-it_5.pickle,13024,28712,LP,1,48.66838192939758,0.6765864676475103,0.0,q0: start,q3428: companysong_10_minor_4_8_8,q12239: positive,3600,2
0,out/models/model_spotify7000_model-it_1.pickle,13058,28562,LP,1,3600.0012040138245,0.0,0.0,q0: start,q3734: companyplayed_10_minor_3_8_9,q12677: positive,3600,9
0,out/models/model_spotify7000_model-it_1.pickle,13058,28562,LP,1,3600.003123998642,0.0,0.0,q0: start,q11115: played_60_minor_8_6_5,q12677: positive,3600,9
0,out/models/model_spotify7000_model-it_1.pickle,13058,28562,LP,1,3600.00076007843,0.0,0.0,q0: start,q7570: played_80_minor_0_9_7,q12677: positive,3600,9
0,out/models/model_spotify7000_model-it_1.pickle,13058,28562,LP,1,3600.002641916275,0.0,0.0,q0: start,q10299: played_60_major_8_7_1,q12677: positive,3600,9
0,out/models/model_spotify7000_model-it_1.pickle,13058,28562,LP,1,3600.0026440620422,0.0,0.0,q0: start,q9497: companyplayed_90_major_6_5_4,q12677: positive,3600,9
0,out/models/model_spotify7000_model-it_5.pickle,13024,28712,LP,1,34.150055170059204,0.6765864676475103,0.0,q0: start,q9001: song_10_minor_6_3_7,q12239: positive,3600,2
0,out/models/model_spotify7000_model-it_2.pickle,13100,28867,LP,1,3600.0034658908844,0.0,0.0,q0: start,q12155: companyplayed_10_major_6_6_2,q12294: positive,3600,9
0,out/models/model_spotify7000_model-it_2.pickle,13100,28867,LP,1,3600.0028681755066,0.0,0.0,q0: start,q4767: played_10_major_9_3_0,q12294: positive,3600,9
0,out/models/model_spotify7000_model-it_1.pickle,13058,28562,LP,1,3600.081475019455,0.6780226918925444,0.0004274985477725169,q0: start,q90: startprofile_2_3_6,q12677: positive,3600,9
0,out/models/model_spotify7000_model-it_2.pickle,13100,28867,LP,1,3600.0022859573364,0.0,0.0,q0: start,q12420: companyplayed_60_major_6_8_4,q12294: positive,3600,9
0,out/models/model_spotify7000_model-it_2.pickle,13100,28867,LP,1,3600.000941991806,0.0,0.0,q0: start,q2595: companyplayed_10_major_2_5_8,q12294: positive,3600,9
0,out/models/model_spotify7000_model-it_2.pickle,13100,28867,LP,1,3600.001503944397,0.0,0.0,q0: start,q11573: played_80_minor_5_7_9,q12294: positive,3600,9
0,out/models/model_spotify7000_model-it_2.pickle,13100,28867,LP,1,3600.0038170814514,0.0,0.0,q0: start,q9787: companyplayed_90_minor_0_7_9,q12294: positive,3600,9
0,out/models/model_spotify7000_model-it_5.pickle,13024,28712,LP,1,405.5034348964691,0.6765864676475103,0.0,q0: start,q12091: companysong_80_major_0_4_4,q12239: positive,3600,2
0,out/models/model_spotify7000_model-it_2.pickle,13100,28867,LP,1,3600.000776052475,0.0,0.0,q0: start,q4116: companyplayed_10_major_9_5_0,q12294: positive,3600,9
0,out/models/model_spotify7000_model-it_5.pickle,13024,28712,LP,1,889.8005459308624,0.6765864676475103,0.0,q0: start,q1752: song_10_minor_1_4_4,q12239: positive,3600,2
0,out/models/model_spotify7000_model-it_2.pickle,13100,28867,LP,1,3600.0020458698273,0.0,0.0,q0: start,q2104: played_0_major_4_6_4,q12294: positive,3600,9
0,out/models/model_spotify7000_model-it_2.pickle,13100,28867,LP,1,3600.0095801353455,0.0,0.0,q0: start,q3241: companysong_10_major_4_7_4,q12294: positive,3600,9
0,out/models/model_spotify7000_model-it_3.pickle,13186,28942,LP,1,3600.0024218559265,0.0,0.0,q0: start,q5371: companyplayed_0_minor_6_5_5,q12553: positive,3600,9
0,out/models/model_spotify7000_model-it_3.pickle,13186,28942,LP,1,3600.009785890579,0.0,0.0,q0: start,q721: played_10_minor_3_3_6,q12553: positive,3600,9
0,out/models/model_spotify7000_model-it_3.pickle,13186,28942,LP,1,3600.0016000270844,0.0,0.0,q0: start,q6979: played_10_minor_7_4_2,q12553: positive,3600,9
0,out/models/model_spotify7000_model-it_6.pickle,13304,29239,LP,1,568.8896949291229,0.6779871518894325,0.0,q0: start,q2733: companysong_90_major_0_6_4,q12663: positive,3600,2
0,out/models/model_spotify7000_model-it_3.pickle,13186,28942,LP,1,3600.001827955246,0.0,0.0,q0: start,q4304: companyplayed_0_major_8_5_7,q12553: positive,3600,9
0,out/models/model_spotify7000_model-it_3.pickle,13186,28942,LP,1,3600.0009319782257,0.0,0.0,q0: start,q3214: companysong_10_minor_3_5_5,q12553: positive,3600,9
0,out/models/model_spotify7000_model-it_4.pickle,13170,28914,LP,1,3600.0015981197357,0.0,0.0,q0: start,q6460: companyplayed_0_major_3_8_6,q12542: positive,3600,9
0,out/models/model_spotify7000_model-it_3.pickle,13186,28942,LP,1,3600.001526117325,0.0,0.0,q0: start,q5396: companysong_10_minor_4_5_5,q12553: positive,3600,9
0,out/models/model_spotify7000_model-it_7.pickle,13248,29091,LP,1,605.4249618053436,0.6685829462114444,0.0,q0: start,q6710: song_10_major_5_7_8,q12399: positive,3600,2
0,out/models/model_spotify7000_model-it_4.pickle,13170,28914,LP,1,3600.0010979175568,0.0,0.0,q0: start,q12876: played_10_major_3_7_2,q12542: positive,3600,9
0,out/models/model_spotify7000_model-it_7.pickle,13248,29091,LP,1,724.8795552253723,0.6685829462114444,0.0,q0: start,q12799: song_60_minor_0_9_7,q12399: positive,3600,2
0,out/models/model_spotify7000_model-it_4.pickle,13170,28914,LP,1,3600.004222869873,0.0,0.0,q0: start,q11602: companysong_60_major_2_4_6,q12542: positive,3600,9
0,out/models/model_spotify7000_model-it_8.pickle,13212,28995,LP,1,28.07066011428833,0.6731749517427273,0.0,q0: start,q9533: companysong_10_minor_5_7_2,q12748: positive,3600,2
0,out/models/model_spotify7000_model-it_4.pickle,13170,28914,LP,1,3600.0045540332794,0.0,0.0,q0: start,q2843: companysong_10_minor_0_7_9,q12542: positive,3600,9
0,out/models/model_spotify7000_model-it_7.pickle,13248,29091,LP,1,600.0534899234772,0.6685829462114444,0.0,q0: start,q5061: companysong_10_minor_1_9_3,q12399: positive,3600,2
0,out/models/model_spotify7000_model-it_4.pickle,13170,28914,LP,1,3600.013244867325,0.0,0.0,q0: start,q7109: companyplayed_80_minor_0_4_8,q12542: positive,3600,9
0,out/models/model_spotify7000_model-it_4.pickle,13170,28914,LP,1,3600.0615379810333,0.0,0.0,q0: start,q10429: companyplayed_70_minor_0_7_4,q12542: positive,3600,9
0,out/models/model_spotify7000_model-it_4.pickle,13170,28914,LP,1,3600.0022740364075,0.0,0.0,q0: start,q3862: companyplayed_90_major_0_7_5,q12542: positive,3600,9
0,out/models/model_spotify7000_model-it_7.pickle,13248,29091,LP,1,594.359885931015,0.6685829462114444,0.0,q0: start,q8288: song_10_major_4_6_8,q12399: positive,3600,2
0,out/models/model_spotify7000_model-it_6.pickle,13304,29239,LP,1,1265.76256108284,0.6779871518894325,0.0,q0: start,q6682: song_70_major_8_5_6,q12663: positive,3600,2
0,out/models/model_spotify7000_model-it_8.pickle,13212,28995,LP,1,34.72551393508911,0.6731749517427273,0.0,q0: start,q11402: song_80_minor_0_5_9,q12748: positive,3600,2
0,out/models/model_spotify7000_model-it_4.pickle,13170,28914,LP,1,3600.0023651123047,0.0,0.0,q0: start,q2583: companyplayed_0_major_2_4_8,q12542: positive,3600,9
0,out/models/model_spotify7000_model-it_6.pickle,13304,29239,LP,1,1954.4409348964691,0.6779871518894333,0.0,q0: start,q1520: song_60_major_0_4_8,q12663: positive,3600,2
0,out/models/model_spotify7000_model-it_4.pickle,13170,28914,LP,1,3600.0016808509827,0.0,0.0,q0: start,q5186: companysong_10_major_6_5_6,q12542: positive,3600,9
0,out/models/model_spotify7000_model-it_4.pickle,13170,28914,LP,1,3600.003711938858,0.0,0.0,q0: start,q2897: companysong_0_minor_0_8_6,q12542: positive,3600,9
0,out/models/model_spotify7000_model-it_9.pickle,13192,29033,LP,1,123.92980313301086,0.6755582900309283,0.0,q0: start,q11342: song_10_major_8_1_3,q12663: positive,3600,2
0,out/models/model_spotify7000_model-it_5.pickle,13024,28712,LP,1,3600.001731157303,0.0,0.0,q0: start,q2160: played_70_major_6_5_4,q12239: positive,3600,9
0,out/models/model_spotify7000_model-it_6.pickle,13304,29239,LP,1,2285.51505279541,0.6779871518894325,0.0,q0: start,q7528: song_10_major_5_7_0,q12663: positive,3600,2
0,out/models/model_spotify7000_model-it_9.pickle,13192,29033,LP,1,117.22745513916016,0.6755582900309298,0.0,q0: start,q12060: companysong_0_major_0_3_5,q12663: positive,3600,2
0,out/models/model_spotify7000_model-it_9.pickle,13192,29033,LP,1,137.04796195030212,0.6755582900309283,0.0,q0: start,q11299: song_90_major_4_4_3,q12663: positive,3600,2
0,out/models/model_spotify7000_model-it_9.pickle,13192,29033,LP,1,142.59674286842346,0.6755582900309283,0.0,q0: start,q12631: song_10_minor_6_6_7,q12663: positive,3600,2
0,out/models/model_spotify7000_model-it_9.pickle,13192,29033,LP,1,159.8615288734436,0.6755582900309298,0.0,q0: start,q9611: companysong_70_major_1_5_7,q12663: positive,3600,2
0,out/models/model_spotify7000_model-it_5.pickle,13024,28712,LP,1,3600.00310087204,0.0,0.0,q0: start,q11350: companysong_60_major_9_3_2,q12239: positive,3600,9
0,out/models/model_spotify7000_model-it_5.pickle,13024,28712,LP,1,3600.002321958542,0.0,0.0,q0: start,q3024: companyplayed_50_major_2_5_6,q12239: positive,3600,9
0,out/models/model_spotify7000_model-it_5.pickle,13024,28712,LP,1,3600.0614438056946,0.6765864676475105,0.0002935983575669547,q0: start,q7919: companyplayed_10_major_1_4_2,q12239: positive,3600,9
0,out/models/model_spotify7000_model-it_5.pickle,13024,28712,LP,1,3600.004289865494,0.0,0.0,q0: start,q11628: companyplayed_10_minor_7_6_8,q12239: positive,3600,9
0,out/models/model_spotify8000_model-it_0.pickle,13640,30252,LP,1,161.0007619857788,0.6753893724959805,0.0,q0: start,q3324: companysong_10_minor_3_4_6,q12823: positive,3600,2
0,out/models/model_spotify7000_model-it_7.pickle,13248,29091,LP,1,1863.7726559638977,0.6685829462114444,0.0,q0: start,q10405: song_10_minor_3_3_9,q12399: positive,3600,2
0,out/models/model_spotify7000_model-it_5.pickle,13024,28712,LP,1,3600.006113052368,0.0,0.0,q0: start,q9016: song_70_major_7_2_4,q12239: positive,3600,9
0,out/models/model_spotify7000_model-it_6.pickle,13304,29239,LP,1,3600.002226114273,0.0,0.0,q0: start,q12178: companyplayed_70_minor_8_5_2,q12663: positive,3600,9
0,out/models/model_spotify7000_model-it_6.pickle,13304,29239,LP,1,3600.002300977707,0.0,0.0,q0: start,q3466: companyplayed_0_minor_3_4_5,q12663: positive,3600,9
0,out/models/model_spotify7000_model-it_6.pickle,13304,29239,LP,1,3600.00169301033,0.0,0.0,q0: start,q7295: companyplayed_50_major_7_2_3,q12663: positive,3600,9
0,out/models/model_spotify7000_model-it_6.pickle,13304,29239,LP,1,3600.0056388378143,0.0,0.0,q0: start,q4067: companyplayed_0_minor_8_6_5,q12663: positive,3600,9
0,out/models/model_spotify7000_model-it_6.pickle,13304,29239,LP,1,3600.0023109912872,0.0,0.0,q0: start,q1577: played_10_major_0_8_9,q12663: positive,3600,9
0,out/models/model_spotify7000_model-it_6.pickle,13304,29239,LP,1,3600.002483844757,0.0,0.0,q0: start,q10087: companyplayed_0_major_6_7_3,q12663: positive,3600,9
0,out/models/model_spotify8000_model-it_0.pickle,13640,30252,LP,1,870.5783259868622,0.6753893724959805,0.0,q0: start,q1874: song_80_major_2_7_5,q12823: positive,3600,2
0,out/models/model_spotify8000_model-it_1.pickle,13724,30469,LP,1,275.1372809410095,0.6761818243636825,0.0,q0: start,q6158: companysong_10_minor_0_1_7,q13321: positive,3600,2
0,out/models/model_spotify7000_model-it_7.pickle,13248,29091,LP,1,3600.001636981964,0.0,0.0,q0: start,q12282: played_60_major_0_7_5,q12399: positive,3600,9
0,out/models/model_spotify8000_model-it_0.pickle,13640,30252,LP,1,1266.3713340759277,0.6753893724959805,0.0,q0: start,q8529: song_70_minor_5_6_4,q12823: positive,3600,2
0,out/models/model_spotify7000_model-it_7.pickle,13248,29091,LP,1,3600.0022327899933,0.0,0.0,q0: start,q11119: played_0_minor_9_4_2,q12399: positive,3600,9
0,out/models/model_spotify7000_model-it_7.pickle,13248,29091,LP,1,3600.000801086426,0.0,0.0,q0: start,q2245: played_10_major_1_8_4,q12399: positive,3600,9
0,out/models/model_spotify7000_model-it_7.pickle,13248,29091,LP,1,3600.0087339878082,0.0,0.0,q0: start,q4910: played_50_major_6_5_6,q12399: positive,3600,9
0,out/models/model_spotify7000_model-it_7.pickle,13248,29091,LP,1,3600.002213001251,0.0,0.0,q0: start,q6063: played_70_major_0_7_4,q12399: positive,3600,9
0,out/models/model_spotify8000_model-it_1.pickle,13724,30469,LP,1,359.0424528121948,0.6761818243636825,0.0,q0: start,q13716: song_70_minor_0_3_4,q13321: positive,3600,2
0,out/models/model_spotify8000_model-it_1.pickle,13724,30469,LP,1,1093.233670949936,0.6761818243636826,0.0,q0: start,q12523: companysong_0_minor_0_5_4,q13321: positive,3600,2
0,out/models/model_spotify8000_model-it_1.pickle,13724,30469,LP,1,591.4660971164703,0.6761818243636825,0.0,q0: start,q8930: song_0_major_9_4_1,q13321: positive,3600,2
0,out/models/model_spotify7000_model-it_8.pickle,13212,28995,LP,1,3600.0021080970764,0.0,0.0,q0: start,q5951: played_70_major_1_3_9,q12748: positive,3600,9
0,out/models/model_spotify8000_model-it_1.pickle,13724,30469,LP,1,1365.4249589443207,0.6761818243636825,0.0,q0: start,q4405: companysong_10_major_9_2_1,q13321: positive,3600,2
0,out/models/model_spotify7000_model-it_8.pickle,13212,28995,LP,1,3600.0481259822845,0.6731749517427263,0.0003105677577500654,q0: start,q9984: companyplayed_0_minor_7_6_2,q12748: positive,3600,9
0,out/models/model_spotify7000_model-it_8.pickle,13212,28995,LP,1,3589.8768248558044,0.6731749517427273,0.0,q0: start,q8521: song_0_minor_2_3_6,q12748: positive,3600,2
0,out/models/model_spotify7000_model-it_8.pickle,13212,28995,LP,1,3600.0093710422516,0.0,0.0,q0: start,q849: played_0_minor_1_7_7,q12748: positive,3600,9
0,out/models/model_spotify7000_model-it_8.pickle,13212,28995,LP,1,3600.001384973526,0.0,0.0,q0: start,q5114: companyplayed_0_major_1_4_6,q12748: positive,3600,9
0,out/models/model_spotify7000_model-it_8.pickle,13212,28995,LP,1,3600.003802061081,0.0,0.0,q0: start,q11280: played_10_minor_8_8_4,q12748: positive,3600,9
0,out/models/model_spotify7000_model-it_8.pickle,13212,28995,LP,1,3600.0025980472565,0.0,0.0,q0: start,q3205: companyplayed_90_major_0_2_6,q12748: positive,3600,9
0,out/models/model_spotify7000_model-it_8.pickle,13212,28995,LP,1,3600.0135929584503,0.0,0.0,q0: start,q1513: played_10_minor_5_5_9,q12748: positive,3600,9
0,out/models/model_spotify8000_model-it_2.pickle,13690,30248,LP,1,1019.7345991134644,0.6692642932998162,0.0,q0: start,q7224: song_10_major_1_1_1,q13074: positive,3600,2
0,out/models/model_spotify7000_model-it_9.pickle,13192,29033,LP,1,3600.070379972458,0.6755582900309269,0.006368174442055746,q0: start,q972: played_0_minor_0_8_7,q12663: positive,3600,9
0,out/models/model_spotify8000_model-it_3.pickle,13928,30819,LP,1,279.0954439640045,0.6732475388509321,0.0,q0: start,q13613: companysong_80_major_9_0_0,q13306: positive,3600,2
0,out/models/model_spotify7000_model-it_9.pickle,13192,29033,LP,1,3600.0007359981537,0.0,0.0,q0: start,q1603: played_0_minor_2_9_6,q12663: positive,3600,9
0,out/models/model_spotify7000_model-it_9.pickle,13192,29033,LP,1,3600.00168800354,0.0,0.0,q0: start,q6269: companyplayed_0_minor_1_6_9,q12663: positive,3600,9
0,out/models/model_spotify8000_model-it_2.pickle,13690,30248,LP,1,949.4273240566254,0.6692642932998162,0.0,q0: start,q12488: companysong_0_major_4_5_3,q13074: positive,3600,2
0,out/models/model_spotify8000_model-it_3.pickle,13928,30819,LP,1,155.60301995277405,0.6732475388509321,0.0,q0: start,q5763: companysong_0_minor_1_6_5,q13306: positive,3600,2
0,out/models/model_spotify7000_model-it_9.pickle,13192,29033,LP,1,3600.0022048950195,0.0,0.0,q0: start,q320: companystartprofile_0_4_5,q12663: positive,3600,9
0,out/models/model_spotify7000_model-it_9.pickle,13192,29033,LP,1,3600.0013539791107,0.0,0.0,q0: start,q11915: companyplayed_0_major_5_8_4,q12663: positive,3600,9
0,out/models/model_spotify8000_model-it_3.pickle,13928,30819,LP,1,367.5112919807434,0.6732475388509321,0.0,q0: start,q11070: song_0_minor_1_8_2,q13306: positive,3600,2
0,out/models/model_spotify8000_model-it_3.pickle,13928,30819,LP,1,611.0190589427948,0.6732475388509321,0.0,q0: start,q3067: companysong_10_minor_0_8_7,q13306: positive,3600,2
0,out/models/model_spotify8000_model-it_0.pickle,13640,30252,LP,1,3600.0031678676605,0.0,0.0,q0: start,q5579: companyplayed_90_major_1_8_8,q12823: positive,3600,9
0,out/models/model_spotify8000_model-it_0.pickle,13640,30252,LP,1,3600.0127091407776,0.0,0.0,q0: start,q9828: played_90_minor_4_5_7,q12823: positive,3600,9
0,out/models/model_spotify8000_model-it_4.pickle,13858,30592,LP,1,218.49186992645264,0.6695531499789416,0.0,q0: start,q7273: companysong_0_major_2_6_6,q13048: positive,3600,2
0,out/models/model_spotify8000_model-it_0.pickle,13640,30252,LP,1,3600.001881122589,0.0,0.0,q0: start,q7434: played_60_major_7_6_1,q12823: positive,3600,9
0,out/models/model_spotify8000_model-it_0.pickle,13640,30252,LP,1,3600.0008449554443,0.0,0.0,q0: start,q10797: song_10_major_1_0_8,q12823: positive,3600,9
0,out/models/model_spotify8000_model-it_0.pickle,13640,30252,LP,1,3600.0091700553894,0.0,0.0,q0: start,q96: startprofile_2_4_4,q12823: positive,3600,9
0,out/models/model_spotify8000_model-it_0.pickle,13640,30252,LP,1,3600.0016300678253,0.0,0.0,q0: start,q11105: companyplayed_80_major_3_4_7,q12823: positive,3600,9
0,out/models/model_spotify8000_model-it_1.pickle,13724,30469,LP,1,3600.0786759853363,0.6761818243636797,0.00012611677761860266,q0: start,q10811: companyplayed_0_minor_4_7_3,q13321: positive,3600,9
0,out/models/model_spotify8000_model-it_1.pickle,13724,30469,LP,1,2619.804206132889,0.6761818243636825,0.0,q0: start,q4906: song_10_minor_6_3_2,q13321: positive,3600,2
0,out/models/model_spotify8000_model-it_0.pickle,13640,30252,LP,1,3600.0026540756226,0.0,0.0,q0: start,q4328: companyplayed_0_minor_8_6_5,q12823: positive,3600,9
0,out/models/model_spotify8000_model-it_4.pickle,13858,30592,LP,1,567.3934018611908,0.6695531499789416,0.0,q0: start,q11499: song_80_major_6_6_2,q13048: positive,3600,2
0,out/models/model_spotify8000_model-it_4.pickle,13858,30592,LP,1,552.7626659870148,0.6695531499789416,0.0,q0: start,q2988: companysong_10_minor_2_7_6,q13048: positive,3600,2
0,out/models/model_spotify8000_model-it_2.pickle,13690,30248,LP,1,1878.372782945633,0.6692642932998162,0.0,q0: start,q2281: song_60_major_3_3_4,q13074: positive,3600,2
0,out/models/model_spotify8000_model-it_1.pickle,13724,30469,LP,1,3600.001410007477,0.0,0.0,q0: start,q10367: companyplayed_70_major_5_3_5,q13321: positive,3600,9
0,out/models/model_spotify8000_model-it_1.pickle,13724,30469,LP,1,3600.004051923752,0.0,0.0,q0: start,q1886: song_0_minor_0_6_5,q13321: positive,3600,9
0,out/models/model_spotify8000_model-it_6.pickle,13714,30445,LP,1,36.02228808403015,0.6751513277653235,0.0,q0: start,q13473: song_80_major_8_6_1,q12866: positive,3600,2
0,out/models/model_spotify8000_model-it_1.pickle,13724,30469,LP,1,3600.00217795372,0.0,0.0,q0: start,q3457: companyplayed_10_major_6_6_3,q13321: positive,3600,9
0,out/models/model_spotify8000_model-it_5.pickle,13754,30476,LP,1,422.52732491493225,0.6762175921739205,0.0,q0: start,q11231: companysong_50_major_9_3_0,q12910: positive,3600,2
0,out/models/model_spotify8000_model-it_6.pickle,13714,30445,LP,1,37.975919008255005,0.6751513277653235,0.0,q0: start,q13645: companysong_0_major_8_6_9,q12866: positive,3600,2
0,out/models/model_spotify8000_model-it_6.pickle,13714,30445,LP,1,37.93383812904358,0.6751513277653235,0.0,q0: start,q3187: companysong_60_major_6_6_3,q12866: positive,3600,2
0,out/models/model_spotify8000_model-it_5.pickle,13754,30476,LP,1,1051.9720649719238,0.6762175921739229,0.0,q0: start,q8741: song_0_major_1_7_5,q12910: positive,3600,2
0,out/models/model_spotify8000_model-it_6.pickle,13714,30445,LP,1,40.871960163116455,0.6751513277653235,0.0,q0: start,q10871: companysong_70_major_3_5_4,q12866: positive,3600,2
0,out/models/model_spotify8000_model-it_2.pickle,13690,30248,LP,1,3600.0023419857025,0.0,0.0,q0: start,q3439: companyplayed_80_major_4_6_7,q13074: positive,3600,9
0,out/models/model_spotify8000_model-it_2.pickle,13690,30248,LP,1,3600.0015110969543,0.0,0.0,q0: start,q475: companystartprofile_3_7_9,q13074: positive,3600,9
0,out/models/model_spotify8000_model-it_2.pickle,13690,30248,LP,1,3603.2105350494385,0.6692642932998168,0.0001321914800763313,q0: start,q11308: played_10_minor_0_1_5,q13074: positive,3600,9
0,out/models/model_spotify8000_model-it_4.pickle,13858,30592,LP,1,1687.2515308856964,0.6695531499789416,0.0,q0: start,q2512: song_10_major_9_7_2,q13048: positive,3600,2
0,out/models/model_spotify8000_model-it_2.pickle,13690,30248,LP,1,3600.004217147827,0.0,0.0,q0: start,q8336: companyplayed_70_minor_1_2_6,q13074: positive,3600,9
0,out/models/model_spotify8000_model-it_5.pickle,13754,30476,LP,1,1401.2135920524597,0.6762175921739229,0.0,q0: start,q5209: song_10_minor_7_7_5,q12910: positive,3600,2
0,out/models/model_spotify8000_model-it_2.pickle,13690,30248,LP,1,3600.000988006592,0.0,0.0,q0: start,q8643: companyplayed_60_minor_8_4_3,q13074: positive,3600,9
0,out/models/model_spotify8000_model-it_2.pickle,13690,30248,LP,1,3600.005475997925,0.0,0.0,q0: start,q10065: companyplayed_0_major_1_2_6,q13074: positive,3600,9
0,out/models/model_spotify8000_model-it_2.pickle,13690,30248,LP,1,3600.0042901039124,0.0,0.0,q0: start,q8535: played_70_minor_0_4_8,q13074: positive,3600,9
0,out/models/model_spotify8000_model-it_7.pickle,13792,30527,LP,1,749.7512831687927,0.6720213790863049,0.0,q0: start,q7865: song_0_minor_3_5_5,q13170: positive,3600,2
0,out/models/model_spotify8000_model-it_3.pickle,13928,30819,LP,1,3600.0021510124207,0.0,0.0,q0: start,q9279: played_10_minor_4_2_6,q13306: positive,3600,9
0,out/models/model_spotify8000_model-it_3.pickle,13928,30819,LP,1,3600.002371072769,0.0,0.0,q0: start,q6786: companyplayed_60_major_0_3_8,q13306: positive,3600,9
0,out/models/model_spotify8000_model-it_3.pickle,13928,30819,LP,1,3600.0101919174194,0.0,0.0,q0: start,q4161: companyplayed_10_minor_6_6_4,q13306: positive,3600,9
0,out/models/model_spotify8000_model-it_6.pickle,13714,30445,LP,1,1803.4667251110077,0.6751513277653235,0.0,q0: start,q5976: song_10_major_7_7_7,q12866: positive,3600,2
0,out/models/model_spotify8000_model-it_3.pickle,13928,30819,LP,1,3600.0016791820526,0.0,0.0,q0: start,q4656: companyskipped,q13306: positive,3600,9
0,out/models/model_spotify8000_model-it_3.pickle,13928,30819,LP,1,3600.0015590190887,0.0,0.0,q0: start,q7826: companyplayed_10_major_9_1_3,q13306: positive,3600,9
0,out/models/model_spotify8000_model-it_3.pickle,13928,30819,LP,1,3600.0019109249115,0.0,0.0,q0: start,q441: companystartprofile_2_8_3,q13306: positive,3600,9
0,out/models/model_spotify8000_model-it_4.pickle,13858,30592,LP,1,3600.002902984619,0.0,0.0,q0: start,q942: played_10_major_1_5_6,q13048: positive,3600,9
0,out/models/model_spotify8000_model-it_4.pickle,13858,30592,LP,1,3600.001595020294,0.0,0.0,q0: start,q444: companystartprofile_2_8_3,q13048: positive,3600,9
0,out/models/model_spotify8000_model-it_7.pickle,13792,30527,LP,1,1267.3551840782166,0.6720213790863049,0.0,q0: start,q7674: companysong_70_major_0_8_7,q13170: positive,3600,2
0,out/models/model_spotify8000_model-it_4.pickle,13858,30592,LP,1,3600.0010850429535,0.0,0.0,q0: start,q1375: played_10_minor_6_7_5,q13048: positive,3600,9
0,out/models/model_spotify8000_model-it_4.pickle,13858,30592,LP,1,3600.000748872757,0.0,0.0,q0: start,q2372: played_80_major_4_3_3,q13048: positive,3600,9
0,out/models/model_spotify8000_model-it_4.pickle,13858,30592,LP,1,3600.001792192459,0.0,0.0,q0: start,q4943: played_0_major_3_6_4,q13048: positive,3600,9
0,out/models/model_spotify8000_model-it_8.pickle,13826,30590,LP,1,365.211923122406,0.669337835204432,0.0,q0: start,q3169: companysong_90_minor_1_8_6,q13661: positive,3600,2
0,out/models/model_spotify8000_model-it_5.pickle,13754,30476,LP,1,3600.015491962433,0.0,0.0,q0: start,q2902: companyplayed_10_minor_0_6_7,q12910: positive,3600,9
0,out/models/model_spotify8000_model-it_5.pickle,13754,30476,LP,1,3600.0604860782623,0.6762175921739219,0.0001340098942267818,q0: start,q9965: played_0_major_1_1_8,q12910: positive,3600,9
0,out/models/model_spotify8000_model-it_5.pickle,13754,30476,LP,1,3600.0015008449554,0.0,0.0,q0: start,q10872: played_0_major_0_1_8,q12910: positive,3600,9
0,out/models/model_spotify8000_model-it_4.pickle,13858,30592,LP,1,3600.0020949840546,0.0,0.0,q0: start,q13704: played_80_minor_5_6_8,q13048: positive,3600,9
0,out/models/model_spotify8000_model-it_9.pickle,13932,30760,LP,1,482.16215801239014,0.6731393985677959,0.0,q0: start,q12007: song_0_major_5_1_3,q13126: positive,3600,2
0,out/models/model_spotify8000_model-it_5.pickle,13754,30476,LP,1,3600.0014090538025,0.0,0.0,q0: start,q6601: played_0_minor_7_2_4,q12910: positive,3600,9
0,out/models/model_spotify8000_model-it_5.pickle,13754,30476,LP,1,3600.0011398792267,0.0,0.0,q0: start,q4836: played_90_major_2_4_8,q12910: positive,3600,9
0,out/models/model_spotify8000_model-it_5.pickle,13754,30476,LP,1,3600.0008959770203,0.0,0.0,q0: start,q10923: companyplayed_0_major_0_1_8,q12910: positive,3600,9
0,out/models/model_spotify8000_model-it_5.pickle,13754,30476,LP,1,3600.0012011528015,0.0,0.0,q0: start,q13532: companyplayed_10_major_9_1_5,q12910: positive,3600,9
0,out/models/model_spotify8000_model-it_9.pickle,13932,30760,LP,1,636.6101698875427,0.6731393985677993,0.0,q0: start,q2648: song_10_major_8_5_7,q13126: positive,3600,2
0,out/models/model_spotify8000_model-it_6.pickle,13714,30445,LP,1,3600.001890182495,0.0,0.0,q0: start,q6354: played_10_major_2_2_5,q12866: positive,3600,9
0,out/models/model_spotify8000_model-it_7.pickle,13792,30527,LP,1,2091.48609995842,0.6720213790863049,0.0,q0: start,q13114: song_10_major_6_7_2,q13170: positive,3600,2
0,out/models/model_spotify8000_model-it_6.pickle,13714,30445,LP,1,3600.001426935196,0.0,0.0,q0: start,q317: startprofile_9_5_3,q12866: positive,3600,9
0,out/models/model_spotify8000_model-it_6.pickle,13714,30445,LP,1,3600.0048110485077,0.0,0.0,q0: start,q4319: companyplayed_10_major_5_5_2,q12866: positive,3600,9
0,out/models/model_spotify8000_model-it_6.pickle,13714,30445,LP,1,3600.0042011737823,0.0,0.0,q0: start,q9129: played_0_major_4_8_8,q12866: positive,3600,9
0,out/models/model_spotify8000_model-it_6.pickle,13714,30445,LP,1,3600.001636981964,0.0,0.0,q0: start,q6242: played_60_major_1_2_7,q12866: positive,3600,9
0,out/models/model_spotify8000_model-it_7.pickle,13792,30527,LP,1,3600.001811027527,0.0,0.0,q0: start,q673: played_0_minor_2_3_6,q13170: positive,3600,9
0,out/models/model_spotify8000_model-it_7.pickle,13792,30527,LP,1,3600.0008449554443,0.0,0.0,q0: start,q7647: companysong_10_minor_0_9_3,q13170: positive,3600,9
0,out/models/model_spotify8000_model-it_7.pickle,13792,30527,LP,1,3600.0017790794373,0.0,0.0,q0: start,q11858: companyplayed_0_minor_4_6_7,q13170: positive,3600,9
0,out/models/model_spotify8000_model-it_7.pickle,13792,30527,LP,1,3600.000773191452,0.0,0.0,q0: start,q659: select_context_charts,q13170: positive,3600,9
0,out/models/model_spotify8000_model-it_7.pickle,13792,30527,LP,1,3600.007169008255,0.0,0.0,q0: start,q10959: companysong_10_major_5_4_2,q13170: positive,3600,9
0,out/models/model_spotify8000_model-it_7.pickle,13792,30527,LP,1,3600.005206823349,0.0,0.0,q0: start,q782: played_90_minor_0_4_9,q13170: positive,3600,9
0,out/models/model_spotify8000_model-it_8.pickle,13826,30590,LP,1,3600.0013389587402,0.0,0.0,q0: start,q13685: companysong_90_major_3_5_7,q13661: positive,3600,9
0,out/models/model_spotify8000_model-it_7.pickle,13792,30527,LP,1,3600.0247161388397,0.0,0.0,q0: start,q508: companystartprofile_4_6_6,q13170: positive,3600,9
0,out/models/model_spotify9000_model-it_1.pickle,14406,32030,LP,1,690.2474129199982,0.6783663840272223,0.0,q0: start,q8194: song_70_major_5_7_5,q13496: positive,3600,2
0,out/models/model_spotify8000_model-it_8.pickle,13826,30590,LP,1,3600.0015931129456,0.0,0.0,q0: start,q6723: companyplayed_90_major_5_6_9,q13661: positive,3600,9
0,out/models/model_spotify8000_model-it_8.pickle,13826,30590,LP,1,3600.069594860077,0.669337835204432,0.0003581030660059632,q0: start,q333: companystartprofile_0_5_4,q13661: positive,3600,9
0,out/models/model_spotify8000_model-it_8.pickle,13826,30590,LP,1,3600.0038199424744,0.0,0.0,q0: start,q11784: played_60_major_7_7_7,q13661: positive,3600,9
0,out/models/model_spotify8000_model-it_8.pickle,13826,30590,LP,1,3600.0040550231934,0.0,0.0,q0: start,q1640: song_10_major_2_8_8,q13661: positive,3600,9
0,out/models/model_spotify8000_model-it_8.pickle,13826,30590,LP,1,3600.0066940784454,0.0,0.0,q0: start,q2015: played_10_minor_3_8_6,q13661: positive,3600,9
0,out/models/model_spotify8000_model-it_8.pickle,13826,30590,LP,1,3600.0022070407867,0.0,0.0,q0: start,q8272: companysong_70_major_0_7_6,q13661: positive,3600,9
0,out/models/model_spotify8000_model-it_9.pickle,13932,30760,LP,1,3600.0016531944275,0.0,0.0,q0: start,q3020: companyplayed_10_major_2_5_7,q13126: positive,3600,9
0,out/models/model_spotify8000_model-it_8.pickle,13826,30590,LP,1,3600.0081419944763,0.0,0.0,q0: start,q795: played_10_minor_0_5_3,q13661: positive,3600,9
0,out/models/model_spotify8000_model-it_8.pickle,13826,30590,LP,1,3600.0014901161194,0.0,0.0,q0: start,q5297: companyplayed_60_major_0_4_7,q13661: positive,3600,9
0,out/models/model_spotify8000_model-it_9.pickle,13932,30760,LP,1,3600.010246038437,0.0,0.0,q0: start,q9000: companyplayed_90_major_5_6_3,q13126: positive,3600,9
0,out/models/model_spotify8000_model-it_9.pickle,13932,30760,LP,1,3600.120943069458,0.6731393985677997,0.00012858657456315186,q0: start,q11242: companyplayed_0_minor_3_3_3,q13126: positive,3600,9
0,out/models/model_spotify8000_model-it_9.pickle,13932,30760,LP,1,3600.056543111801,0.673139398567798,0.0001335235155979152,q0: start,q13779: played_70_major_6_5_8,q13126: positive,3600,9
0,out/models/model_spotify8000_model-it_9.pickle,13932,30760,LP,1,3600.00177192688,0.0,0.0,q0: start,q2336: played_70_major_7_2_3,q13126: positive,3600,9
0,out/models/model_spotify9000_model-it_2.pickle,14348,31831,LP,1,571.9716460704803,0.6737390243093945,0.0,q0: start,q10975: companysong_10_major_3_3_4,q13510: positive,3600,2
0,out/models/model_spotify9000_model-it_0.pickle,14446,32129,LP,1,2583.794739961624,0.6757008807606656,0.0,q0: start,q9429: song_70_minor_5_7_3,q13589: positive,3600,2
0,out/models/model_spotify8000_model-it_9.pickle,13932,30760,LP,1,3600.001763820648,0.0,0.0,q0: start,q5991: companyplayed_10_major_9_8_5,q13126: positive,3600,9
0,out/models/model_spotify8000_model-it_9.pickle,13932,30760,LP,1,3600.005308866501,0.0,0.0,q0: start,q6014: companyplayed_10_major_9_6_0,q13126: positive,3600,9
0,out/models/model_spotify9000_model-it_1.pickle,14406,32030,LP,1,1487.517284154892,0.6783663840272223,0.0,q0: start,q8345: companysong_70_major_1_3_3,q13496: positive,3600,2
0,out/models/model_spotify9000_model-it_2.pickle,14348,31831,LP,1,859.4549469947815,0.6737390243093945,0.0,q0: start,q6360: song_10_major_0_9_8,q13510: positive,3600,2
0,out/models/model_spotify9000_model-it_2.pickle,14348,31831,LP,1,697.3771090507507,0.6737390243093945,0.0,q0: start,q5285: song_70_major_2_5_6,q13510: positive,3600,2
0,out/models/model_spotify8000_model-it_9.pickle,13932,30760,LP,1,3600.003905057907,0.0,0.0,q0: start,q10613: companyplayed_90_minor_3_7_7,q13126: positive,3600,9
0,out/models/model_spotify9000_model-it_0.pickle,14446,32129,LP,1,3600.0060470104218,0.0,0.0,q0: start,q8783: played_10_major_9_0_1,q13589: positive,3600,9
0,out/models/model_spotify9000_model-it_0.pickle,14446,32129,LP,1,3600.0018808841705,0.0,0.0,q0: start,q9200: companyplayed_90_major_3_7_8,q13589: positive,3600,9
0,out/models/model_spotify9000_model-it_0.pickle,14446,32129,LP,1,3600.0012390613556,0.0,0.0,q0: start,q11078: companyplayed_70_major_6_7_4,q13589: positive,3600,9
0,out/models/model_spotify9000_model-it_0.pickle,14446,32129,LP,1,3600.0018389225006,0.0,0.0,q0: start,q12407: companyplayed_10_major_8_4_9,q13589: positive,3600,9
0,out/models/model_spotify9000_model-it_0.pickle,14446,32129,LP,1,3600.0018570423126,0.0,0.0,q0: start,q8657: played_70_major_0_5_2,q13589: positive,3600,9
0,out/models/model_spotify9000_model-it_0.pickle,14446,32129,LP,1,3600.000921010971,0.0,0.0,q0: start,q7908: song_70_minor_3_6_9,q13589: positive,3600,9
0,out/models/model_spotify9000_model-it_0.pickle,14446,32129,LP,1,3600.0016720294952,0.0,0.0,q0: start,q2238: played_10_major_7_4_5,q13589: positive,3600,9
0,out/models/model_spotify9000_model-it_3.pickle,14392,32049,LP,1,37.7857551574707,0.6777032756737419,0.0,q0: start,q13732: song_60_major_6_7_3,q13552: positive,3600,2
0,out/models/model_spotify9000_model-it_0.pickle,14446,32129,LP,1,3600.001936197281,0.0,0.0,q0: start,q4786: companyplayed_70_major_5_7_4,q13589: positive,3600,9
0,out/models/model_spotify9000_model-it_3.pickle,14392,32049,LP,1,174.74301385879517,0.677703275673744,0.0,q0: start,q4033: companysong_10_major_3_6_4,q13552: positive,3600,2
0,out/models/model_spotify9000_model-it_4.pickle,14290,31753,LP,1,288.800155878067,0.6786895534496032,0.0,q0: start,q3643: companysong_10_minor_3_5_5,q13442: positive,3600,2
0,out/models/model_spotify9000_model-it_1.pickle,14406,32030,LP,1,3600.0019240379333,0.0,0.0,q0: start,q4709: companyplayed_10_major_8_4_3,q13496: positive,3600,9
0,out/models/model_spotify9000_model-it_0.pickle,14446,32129,LP,1,3600.0013790130615,0.0,0.0,q0: start,q420: companystartprofile_1_8_3,q13589: positive,3600,9
0,out/models/model_spotify9000_model-it_1.pickle,14406,32030,LP,1,3600.0023000240326,0.0,0.0,q0: start,q7950: companyplayed_80_major_4_6_5,q13496: positive,3600,9
0,out/models/model_spotify9000_model-it_1.pickle,14406,32030,LP,1,3600.076409816742,0.6783663840272222,0.00012230294238196648,q0: start,q10229: played_0_minor_3_2_8,q13496: positive,3600,9
0,out/models/model_spotify9000_model-it_1.pickle,14406,32030,LP,1,3600.0027508735657,0.0,0.0,q0: start,q9103: companyplayed_80_major_2_6_2,q13496: positive,3600,9
0,out/models/model_spotify9000_model-it_4.pickle,14290,31753,LP,1,618.5336799621582,0.6786895534496032,0.0,q0: start,q12691: companysong_90_minor_3_5_5,q13442: positive,3600,2
0,out/models/model_spotify9000_model-it_4.pickle,14290,31753,LP,1,659.1479468345642,0.6786895534496032,0.0,q0: start,q8290: song_50_major_9_2_0,q13442: positive,3600,2
0,out/models/model_spotify9000_model-it_1.pickle,14406,32030,LP,1,3600.002746105194,0.0,0.0,q0: start,q10228: played_0_minor_6_8_4,q13496: positive,3600,9
0,out/models/model_spotify9000_model-it_1.pickle,14406,32030,LP,1,3600.0006589889526,0.0,0.0,q0: start,q9190: played_90_major_1_4_9,q13496: positive,3600,9
0,out/models/model_spotify9000_model-it_4.pickle,14290,31753,LP,1,839.34961104393,0.6786895534496032,0.0,q0: start,q13572: companysong_70_major_4_5_5,q13442: positive,3600,2
0,out/models/model_spotify9000_model-it_1.pickle,14406,32030,LP,1,3600.0014729499817,0.0,0.0,q0: start,q5648: companysong_0_major_0_7_6,q13496: positive,3600,9
0,out/models/model_spotify9000_model-it_5.pickle,14396,32028,LP,1,572.2007968425751,0.6799019203638103,0.0,q0: start,q8918: song_60_major_2_1_8,q13515: positive,3600,2
0,out/models/model_spotify9000_model-it_1.pickle,14406,32030,LP,1,3600.0040221214294,0.0,0.0,q0: start,q12849: companyplayed_0_minor_8_5_5,q13496: positive,3600,9
0,out/models/model_spotify9000_model-it_2.pickle,14348,31831,LP,1,3600.0010290145874,0.0,0.0,q0: start,q6274: companyplayed_10_major_7_4_9,q13510: positive,3600,9
0,out/models/model_spotify9000_model-it_6.pickle,14326,31902,LP,1,160.2579050064087,0.6753750695971127,0.0,q0: start,q1037: song_10_minor_0_6_7,q13500: positive,3600,2
0,out/models/model_spotify9000_model-it_2.pickle,14348,31831,LP,1,3600.0008800029755,0.0,0.0,q0: start,q1991: played_10_major_5_5_3,q13510: positive,3600,9
0,out/models/model_spotify9000_model-it_2.pickle,14348,31831,LP,1,3600.0027029514313,0.0,0.0,q0: start,q8522: companyplayed_0_major_4_6_8,q13510: positive,3600,9
0,out/models/model_spotify9000_model-it_2.pickle,14348,31831,LP,1,3600.0021200180054,0.0,0.0,q0: start,q8098: companyplayed_10_minor_2_5_3,q13510: positive,3600,9
0,out/models/model_spotify9000_model-it_2.pickle,14348,31831,LP,1,3600.0016429424286,0.0,0.0,q0: start,q13557: companyplayed_80_major_2_6_4,q13510: positive,3600,9
0,out/models/model_spotify9000_model-it_2.pickle,14348,31831,LP,1,3600.001706123352,0.0,0.0,q0: start,q5835: companyplayed_70_minor_1_8_9,q13510: positive,3600,9
0,out/models/model_spotify9000_model-it_6.pickle,14326,31902,LP,1,642.7259321212769,0.6753750695971127,0.0,q0: start,q6110: companysong_60_major_6_7_5,q13500: positive,3600,2
0,out/models/model_spotify9000_model-it_2.pickle,14348,31831,LP,1,3600.0018141269684,0.0,0.0,q0: start,q12056: companyplayed_0_major_7_3_5,q13510: positive,3600,9
0,out/models/model_spotify9000_model-it_3.pickle,14392,32049,LP,1,3600.000729084015,0.0,0.0,q0: start,q12596: played_10_minor_1_2_9,q13552: positive,3600,9
0,out/models/model_spotify9000_model-it_3.pickle,14392,32049,LP,1,3600.0018849372864,0.0,0.0,q0: start,q11776: companyplayed_80_major_4_4_1,q13552: positive,3600,9
0,out/models/model_spotify9000_model-it_3.pickle,14392,32049,LP,1,3600.001415014267,0.0,0.0,q0: start,q11338: companyplayed_90_minor_3_3_5,q13552: positive,3600,9
0,out/models/model_spotify9000_model-it_3.pickle,14392,32049,LP,1,3600.0076620578766,0.0,0.0,q0: start,q672: companyselect_context_catalog,q13552: positive,3600,9
0,out/models/model_spotify9000_model-it_3.pickle,14392,32049,LP,1,3600.002044916153,0.0,0.0,q0: start,q4577: companyplayed_70_minor_1_5_6,q13552: positive,3600,9
0,out/models/model_spotify9000_model-it_7.pickle,14286,31892,LP,1,276.44752311706543,0.6763982002627965,0.0,q0: start,q2541: song_10_major_9_7_4,q13660: positive,3600,2
0,out/models/model_spotify9000_model-it_3.pickle,14392,32049,LP,1,3600.0013291835785,0.0,0.0,q0: start,q12393: played_0_minor_0_7_1,q13552: positive,3600,9
0,out/models/model_spotify9000_model-it_4.pickle,14290,31753,LP,1,3600.0076081752777,0.0,0.0,q0: start,q1215: played_0_minor_1_5_8,q13442: positive,3600,9
0,out/models/model_spotify9000_model-it_4.pickle,14290,31753,LP,1,3600.0083820819855,0.0,0.0,q0: start,q7148: companyplayed_10_minor_1_7_3,q13442: positive,3600,9
0,out/models/model_spotify9000_model-it_3.pickle,14392,32049,LP,1,3600.002753019333,0.0,0.0,q0: start,q7353: companyplayed_80_major_5_6_8,q13552: positive,3600,9
0,out/models/model_spotify9000_model-it_4.pickle,14290,31753,LP,1,3600.002660036087,0.0,0.0,q0: start,q10478: played_0_major_2_2_8,q13442: positive,3600,9
0,out/models/model_spotify9000_model-it_3.pickle,14392,32049,LP,1,3600.001575946808,0.0,0.0,q0: start,q14008: played_60_major_4_3_1,q13552: positive,3600,9
0,out/models/model_spotify9000_model-it_6.pickle,14326,31902,LP,1,1601.4599668979645,0.6753750695971127,0.0,q0: start,q11701: song_70_minor_3_7_8,q13500: positive,3600,2
0,out/models/model_spotify9000_model-it_4.pickle,14290,31753,LP,1,3600.0008590221405,0.0,0.0,q0: start,q1683: played_10_major_6_6_6,q13442: positive,3600,9
0,out/models/model_spotify9000_model-it_4.pickle,14290,31753,LP,1,3600.0178079605103,0.0,0.0,q0: start,q3385: companyplayed_10_minor_1_9_7,q13442: positive,3600,9
0,out/models/model_spotify9000_model-it_4.pickle,14290,31753,LP,1,3600.0016989707947,0.0,0.0,q0: start,q207: startprofile_5_4_5,q13442: positive,3600,9
0,out/models/model_spotify9000_model-it_5.pickle,14396,32028,LP,1,3294.7564508914948,0.6799019203638103,0.0,q0: start,q12770: companysong_60_minor_8_6_5,q13515: positive,3600,2
0,out/models/model_spotify9000_model-it_5.pickle,14396,32028,LP,1,3600.0083708763123,0.0,0.0,q0: start,q11923: played_80_major_2_9_7,q13515: positive,3600,9
0,out/models/model_spotify9000_model-it_8.pickle,14340,31964,LP,1,732.8201239109039,0.6763459120619013,0.0,q0: start,q10698: song_10_major_0_1_8,q13692: positive,3600,2
0,out/models/model_spotify9000_model-it_5.pickle,14396,32028,LP,1,3600.0018808841705,0.0,0.0,q0: start,q6548: companyplayed_10_major_0_3_2,q13515: positive,3600,9
0,out/models/model_spotify9000_model-it_5.pickle,14396,32028,LP,1,3600.013969182968,0.0,0.0,q0: start,q2824: companyplayed_10_major_0_1_5,q13515: positive,3600,9
0,out/models/model_spotify9000_model-it_8.pickle,14340,31964,LP,1,872.6092419624329,0.6763459120619013,0.0,q0: start,q10298: companysong_10_major_1_5_3,q13692: positive,3600,2
0,out/models/model_spotify9000_model-it_5.pickle,14396,32028,LP,1,3600.003854036331,0.0,0.0,q0: start,q13328: played_50_minor_8_5_3,q13515: positive,3600,9
0,out/models/model_spotify9000_model-it_5.pickle,14396,32028,LP,1,3600.0030460357666,0.0,0.0,q0: start,q5521: played_80_major_6_5_4,q13515: positive,3600,9
0,out/models/model_spotify9000_model-it_5.pickle,14396,32028,LP,1,3600.000972032547,0.0,0.0,q0: start,q10396: played_70_major_8_6_3,q13515: positive,3600,9
0,out/models/model_spotify9000_model-it_5.pickle,14396,32028,LP,1,3600.001950979233,0.0,0.0,q0: start,q8839: companyplayed_10_minor_1_8_3,q13515: positive,3600,9
0,out/models/model_spotify9000_model-it_5.pickle,14396,32028,LP,1,3600.001750946045,0.0,0.0,q0: start,q9710: companyplayed_60_minor_3_4_5,q13515: positive,3600,9
0,out/models/model_spotify9000_model-it_8.pickle,14340,31964,LP,1,830.4029529094696,0.6763459120619013,0.0,q0: start,q4661: companysong_10_major_4_7_6,q13692: positive,3600,2
0,out/models/model_spotify9000_model-it_7.pickle,14286,31892,LP,1,1341.5601160526276,0.6763982002627965,0.0,q0: start,q7503: song_10_minor_3_6_2,q13660: positive,3600,2
0,out/models/model_spotify9000_model-it_6.pickle,14326,31902,LP,1,3600.0017149448395,0.0,0.0,q0: start,q3886: companyplayed_10_minor_8_8_6,q13500: positive,3600,9
0,out/models/model_spotify9000_model-it_6.pickle,14326,31902,LP,1,3600.001457929611,0.0,0.0,q0: start,q7204: companyplayed_10_major_7_3_7,q13500: positive,3600,9
0,out/models/model_spotify9000_model-it_8.pickle,14340,31964,LP,1,733.8993079662323,0.6763459120619013,0.0,q0: start,q10349: song_90_minor_7_5_2,q13692: positive,3600,2
0,out/models/model_spotify9000_model-it_8.pickle,14340,31964,LP,1,1625.110368013382,0.6763459120619013,0.0,q0: start,q6740: song_10_major_0_8_9,q13692: positive,3600,2
0,out/models/model_spotify9000_model-it_6.pickle,14326,31902,LP,1,3600.0027079582214,0.0,0.0,q0: start,q11130: companyplayed_0_minor_0_5_5,q13500: positive,3600,9
0,out/models/model_spotify9000_model-it_6.pickle,14326,31902,LP,1,3600.0009639263153,0.0,0.0,q0: start,q12181: companysong_70_major_5_5_2,q13500: positive,3600,9
0,out/models/model_spotify9000_model-it_6.pickle,14326,31902,LP,1,3600.000900030136,0.0,0.0,q0: start,q4155: companyplayed_10_major_4_7_8,q13500: positive,3600,9
0,out/models/model_spotify9000_model-it_6.pickle,14326,31902,LP,1,3600.0008289813995,0.0,0.0,q0: start,q3259: companysong_10_minor_0_7_4,q13500: positive,3600,9
0,out/models/model_spotify9000_model-it_6.pickle,14326,31902,LP,1,3600.0018770694733,0.0,0.0,q0: start,q2954: companyplayed_70_major_0_4_9,q13500: positive,3600,9
0,out/models/model_spotify10000_model-it_0.pickle,14860,33268,LP,1,98.67119598388672,0.6759100945569283,0.0,q0: start,q8331: companysong_90_minor_0_4_7,q13996: positive,3600,2
0,out/models/model_spotify9000_model-it_7.pickle,14286,31892,LP,1,3045.549222946167,0.6763982002627965,0.0,q0: start,q9754: companysong_50_major_7_4_5,q13660: positive,3600,2
0,out/models/model_spotify9000_model-it_7.pickle,14286,31892,LP,1,3600.0020411014557,0.0,0.0,q0: start,q12808: companyplayed_10_major_7_8_3,q13660: positive,3600,9
0,out/models/model_spotify10000_model-it_0.pickle,14860,33268,LP,1,437.5777609348297,0.6759100945569283,0.0,q0: start,q4963: companysong_10_major_9_5_0,q13996: positive,3600,2
0,out/models/model_spotify9000_model-it_9.pickle,14382,31937,LP,1,1133.7042860984802,0.6747749436490676,0.0,q0: start,q2125: song_10_major_5_9_7,q13528: positive,3600,2
0,out/models/model_spotify9000_model-it_7.pickle,14286,31892,LP,1,3600.001846075058,0.0,0.0,q0: start,q5736: companyplayed_60_major_2_4_8,q13660: positive,3600,9
0,out/models/model_spotify10000_model-it_0.pickle,14860,33268,LP,1,1002.4173619747162,0.6759100945569283,0.0,q0: start,q10643: song_10_major_9_7_1,q13996: positive,3600,2
0,out/models/model_spotify9000_model-it_7.pickle,14286,31892,LP,1,3600.0011200904846,0.0,0.0,q0: start,q996: song_10_major_1_8_6,q13660: positive,3600,9
0,out/models/model_spotify9000_model-it_7.pickle,14286,31892,LP,1,3600.052567958832,0.0,0.0,q0: start,q12684: song_90_major_1_4_9,q13660: positive,3600,9
0,out/models/model_spotify9000_model-it_7.pickle,14286,31892,LP,1,3600.0022201538086,0.0,0.0,q0: start,q13632: companyplayed_80_major_5_4_7,q13660: positive,3600,9
0,out/models/model_spotify10000_model-it_0.pickle,14860,33268,LP,1,730.8905670642853,0.6759100945569283,0.0,q0: start,q3660: companysong_90_minor_2_5_7,q13996: positive,3600,2
0,out/models/model_spotify9000_model-it_8.pickle,14340,31964,LP,1,2450.5548079013824,0.6763459120619013,0.0,q0: start,q7611: companysong_10_major_8_1_9,q13692: positive,3600,2
0,out/models/model_spotify9000_model-it_7.pickle,14286,31892,LP,1,3600.0046520233154,0.0,0.0,q0: start,q13712: played_10_major_1_5_1,q13660: positive,3600,9
0,out/models/model_spotify9000_model-it_7.pickle,14286,31892,LP,1,3600.0020999908447,0.0,0.0,q0: start,q12944: companyplayed_10_minor_9_1_3,q13660: positive,3600,9
0,out/models/model_spotify10000_model-it_0.pickle,14860,33268,LP,1,1306.4112029075623,0.6759100945569283,0.0,q0: start,q2914: song_10_major_8_5_7,q13996: positive,3600,2
0,out/models/model_spotify9000_model-it_9.pickle,14382,31937,LP,1,2382.090620994568,0.674774943649068,0.0,q0: start,q13512: companysong_70_major_6_6_7,q13528: positive,3600,2
0,out/models/model_spotify10000_model-it_1.pickle,14860,33268,LP,1,852.6530420780182,0.6759100945569283,0.0,q0: start,q5247: song_0_minor_0_3_9,q13996: positive,3600,2
0,out/models/model_spotify9000_model-it_8.pickle,14340,31964,LP,1,3600.0056099891663,0.0,0.0,q0: start,q2938: companyplayed_10_minor_0_5_9,q13692: positive,3600,9
0,out/models/model_spotify10000_model-it_1.pickle,14860,33268,LP,1,996.7968928813934,0.6759100945569283,0.0,q0: start,q13956: song_0_major_9_1_2,q13996: positive,3600,2
0,out/models/model_spotify9000_model-it_8.pickle,14340,31964,LP,1,3600.002543926239,0.0,0.0,q0: start,q5994: companyplayed_0_major_0_6_4,q13692: positive,3600,9
0,out/models/model_spotify9000_model-it_8.pickle,14340,31964,LP,1,3600.0027318000793,0.0,0.0,q0: start,q8628: played_70_major_8_5_1,q13692: positive,3600,9
0,out/models/model_spotify10000_model-it_2.pickle,14860,33268,LP,1,650.0599939823151,0.6759100945569283,0.0,q0: start,q3237: companysong_90_major_0_6_4,q13996: positive,3600,2
0,out/models/model_spotify10000_model-it_3.pickle,14860,33268,LP,1,144.4628701210022,0.6759100945569283,0.0,q0: start,q6645: song_0_minor_0_9_8,q13996: positive,3600,2
0,out/models/model_spotify9000_model-it_9.pickle,14382,31937,LP,1,3600.0032498836517,0.0,0.0,q0: start,q7757: played_80_major_0_6_5,q13528: positive,3600,9
0,out/models/model_spotify9000_model-it_8.pickle,14340,31964,LP,1,3600.001841068268,0.0,0.0,q0: start,q470: companystartprofile_3_4_4,q13692: positive,3600,9
0,out/models/model_spotify9000_model-it_9.pickle,14382,31937,LP,1,3600.0725390911102,0.6747749436490676,0.00010723719975380824,q0: start,q3390: companyplayed_70_major_4_5_2,q13528: positive,3600,9
0,out/models/model_spotify9000_model-it_9.pickle,14382,31937,LP,1,3600.001702070236,0.0,0.0,q0: start,q3280: companyplayed_10_minor_1_8_5,q13528: positive,3600,9
0,out/models/model_spotify9000_model-it_9.pickle,14382,31937,LP,1,3600.001251935959,0.0,0.0,q0: start,q2079: song_90_major_3_6_5,q13528: positive,3600,9
0,out/models/model_spotify10000_model-it_3.pickle,14860,33268,LP,1,706.5541191101074,0.6759100945569283,0.0,q0: start,q7938: companysong_90_major_0_2_3,q13996: positive,3600,2
0,out/models/model_spotify9000_model-it_9.pickle,14382,31937,LP,1,3600.001825094223,0.0,0.0,q0: start,q7444: played_90_minor_1_6_7,q13528: positive,3600,9
0,out/models/model_spotify9000_model-it_9.pickle,14382,31937,LP,1,3600.003138065338,0.0,0.0,q0: start,q11806: companyplayed_90_minor_3_3_3,q13528: positive,3600,9
0,out/models/model_spotify9000_model-it_9.pickle,14382,31937,LP,1,3600.0017969608307,0.0,0.0,q0: start,q8723: played_10_major_6_2_6,q13528: positive,3600,9
0,out/models/model_spotify9000_model-it_9.pickle,14382,31937,LP,1,3600.001976966858,0.0,0.0,q0: start,q13526: played_0_major_0_4_3,q13528: positive,3600,9
0,out/models/model_spotify10000_model-it_0.pickle,14860,33268,LP,1,3600.0011389255524,0.0,0.0,q0: start,q13989: companyplayed_10_minor_6_0_3,q13996: positive,3600,9
0,out/models/model_spotify10000_model-it_0.pickle,14860,33268,LP,1,3600.002231836319,0.0,0.0,q0: start,q13985: companyplayed_0_major_5_8_5,q13996: positive,3600,9
0,out/models/model_spotify10000_model-it_0.pickle,14860,33268,LP,1,3600.000692844391,0.0,0.0,q0: start,q4302: companyplayed_10_major_5_5_3,q13996: positive,3600,9
0,out/models/model_spotify10000_model-it_3.pickle,14860,33268,LP,1,1249.057744026184,0.6759100945569283,0.0,q0: start,q6956: companysong_0_major_6_7_5,q13996: positive,3600,2
0,out/models/model_spotify10000_model-it_0.pickle,14860,33268,LP,1,3600.003340959549,0.0,0.0,q0: start,q166: startprofile_3_8_7,q13996: positive,3600,9
0,out/models/model_spotify10000_model-it_0.pickle,14860,33268,LP,1,3600.001452922821,0.0,0.0,q0: start,q5373: played_80_major_1_5_8,q13996: positive,3600,9
0,out/models/model_spotify10000_model-it_4.pickle,14860,33268,LP,1,463.81660294532776,0.6759100945569261,0.0,q0: start,q6777: song_90_minor_5_4_9,q13996: positive,3600,2
0,out/models/model_spotify10000_model-it_1.pickle,14860,33268,LP,1,3600.0146288871765,0.0,0.0,q0: start,q1010: played_10_major_0_6_6,q13996: positive,3600,9
0,out/models/model_spotify10000_model-it_4.pickle,14860,33268,LP,1,658.437863111496,0.6759100945569283,0.0,q0: start,q6744: song_80_major_6_6_3,q13996: positive,3600,2
0,out/models/model_spotify10000_model-it_1.pickle,14860,33268,LP,1,3600.002499103546,0.0,0.0,q0: start,q9078: played_80_minor_0_8_8,q13996: positive,3600,9
0,out/models/model_spotify10000_model-it_1.pickle,14860,33268,LP,1,3600.0042028427124,0.0,0.0,q0: start,q3200: companyplayed_10_major_2_5_6,q13996: positive,3600,9
0,out/models/model_spotify10000_model-it_3.pickle,14860,33268,LP,1,876.3160860538483,0.6759100945569257,0.0,q0: start,q6731: song_90_major_6_4_3,q13996: positive,3600,2
0,out/models/model_spotify10000_model-it_1.pickle,14860,33268,LP,1,3600.0015449523926,0.0,0.0,q0: start,q8823: companyplayed_60_major_0_3_5,q13996: positive,3600,9
0,out/models/model_spotify10000_model-it_1.pickle,14860,33268,LP,1,3600.0019619464874,0.0,0.0,q0: start,q4292: companyplayed_10_major_8_2_1,q13996: positive,3600,9
0,out/models/model_spotify10000_model-it_3.pickle,14860,33268,LP,1,2006.459256887436,0.6759100945569265,0.0,q0: start,q9895: song_50_minor_6_4_5,q13996: positive,3600,2
0,out/models/model_spotify10000_model-it_4.pickle,14860,33268,LP,1,591.6553678512573,0.6759100945569283,0.0,q0: start,q13079: song_70_minor_3_7_7,q13996: positive,3600,2
0,out/models/model_spotify10000_model-it_4.pickle,14860,33268,LP,1,640.5878009796143,0.6759100945569283,0.0,q0: start,q9780: song_60_major_0_3_7,q13996: positive,3600,2
0,out/models/model_spotify10000_model-it_1.pickle,14860,33268,LP,1,3600.002813100815,0.0,0.0,q0: start,q10021: companyplayed_0_major_7_8_5,q13996: positive,3600,9
0,out/models/model_spotify10000_model-it_4.pickle,14860,33268,LP,1,507.2892780303955,0.6759100945569283,0.0,q0: start,q784: song_10_major_0_4_7,q13996: positive,3600,2
0,out/models/model_spotify10000_model-it_1.pickle,14860,33268,LP,1,3600.0033650398254,0.0,0.0,q0: start,q7918: companyplayed_0_minor_1_5_7,q13996: positive,3600,9
0,out/models/model_spotify10000_model-it_4.pickle,14860,33268,LP,1,1150.1216990947723,0.6759100945569276,0.0,q0: start,q8666: song_10_major_1_2_3,q13996: positive,3600,2
0,out/models/model_spotify10000_model-it_1.pickle,14860,33268,LP,1,3600.0012748241425,0.0,0.0,q0: start,q2996: companyplayed_60_major_0_4_8,q13996: positive,3600,9
0,out/models/model_spotify10000_model-it_4.pickle,14860,33268,LP,1,909.864401102066,0.6759100945569283,0.0,q0: start,q10147: song_10_major_6_6_9,q13996: positive,3600,2
0,out/models/model_spotify10000_model-it_2.pickle,14860,33268,LP,1,3600.0044078826904,0.0,0.0,q0: start,q6486: companysong_10_major_5_7_7,q13996: positive,3600,9
0,out/models/model_spotify10000_model-it_2.pickle,14860,33268,LP,1,3600.0019459724426,0.0,0.0,q0: start,q8505: companyplayed_70_minor_8_4_2,q13996: positive,3600,9
0,out/models/model_spotify10000_model-it_2.pickle,14860,33268,LP,1,3600.004576921463,0.0,0.0,q0: start,q10955: song_70_major_0_2_8,q13996: positive,3600,9
0,out/models/model_spotify10000_model-it_2.pickle,14860,33268,LP,1,3600.0021829605103,0.0,0.0,q0: start,q1494: played_10_major_2_4_8,q13996: positive,3600,9
0,out/models/model_spotify10000_model-it_2.pickle,14860,33268,LP,1,3600.00310087204,0.0,0.0,q0: start,q11137: companyplayed_0_minor_3_7_5,q13996: positive,3600,9
0,out/models/model_spotify10000_model-it_2.pickle,14860,33268,LP,1,3600.001626968384,0.0,0.0,q0: start,q7336: song_10_minor_5_2_4,q13996: positive,3600,9
0,out/models/model_spotify10000_model-it_2.pickle,14860,33268,LP,1,3600.0029089450836,0.0,0.0,q0: start,q1303: played_90_minor_1_8_4,q13996: positive,3600,9
0,out/models/model_spotify10000_model-it_5.pickle,14860,33268,LP,1,1279.1164560317993,0.6759100945569283,0.0,q0: start,q1661: song_0_major_1_8_6,q13996: positive,3600,2
0,out/models/model_spotify10000_model-it_6.pickle,14860,33268,LP,1,332.9825940132141,0.6759100945569283,0.0,q0: start,q8897: companysong_10_major_6_3_2,q13996: positive,3600,2
0,out/models/model_spotify10000_model-it_5.pickle,14860,33268,LP,1,751.1742539405823,0.6759100945569283,0.0,q0: start,q3975: companysong_10_minor_0_6_3,q13996: positive,3600,2
0,out/models/model_spotify10000_model-it_2.pickle,14860,33268,LP,1,3600.002145051956,0.0,0.0,q0: start,q282: startprofile_7_4_8,q13996: positive,3600,9
0,out/models/model_spotify10000_model-it_2.pickle,14860,33268,LP,1,3600.002765893936,0.0,0.0,q0: start,q11009: played_80_major_6_4_2,q13996: positive,3600,9
0,out/models/model_spotify10000_model-it_6.pickle,14860,33268,LP,1,689.7219889163971,0.6759100945569283,0.0,q0: start,q5606: song_10_major_8_6_2,q13996: positive,3600,2
0,out/models/model_spotify10000_model-it_3.pickle,14860,33268,LP,1,3600.0027871131897,0.0,0.0,q0: start,q4724: companyplayed_10_major_6_7_4,q13996: positive,3600,9
0,out/models/model_spotify10000_model-it_6.pickle,14860,33268,LP,1,741.1879789829254,0.6759100945569283,0.0,q0: start,q10055: companysong_10_minor_9_0_0,q13996: positive,3600,2
0,out/models/model_spotify10000_model-it_7.pickle,14860,33268,LP,1,430.55545592308044,0.6759100945569283,0.0,q0: start,q12489: companysong_10_major_1_7_2,q13996: positive,3600,2
0,out/models/model_spotify10000_model-it_7.pickle,14860,33268,LP,1,745.9911911487579,0.6759100945569283,0.0,q0: start,q1271: song_10_minor_0_9_2,q13996: positive,3600,2
0,out/models/model_spotify10000_model-it_3.pickle,14860,33268,LP,1,3600.002053976059,0.0,0.0,q0: start,q2949: companyplayed_0_minor_0_1_9,q13996: positive,3600,9
0,out/models/model_spotify10000_model-it_3.pickle,14860,33268,LP,1,3600.002841949463,0.0,0.0,q0: start,q9403: played_10_major_2_6_1,q13996: positive,3600,9
0,out/models/model_spotify10000_model-it_7.pickle,14860,33268,LP,1,336.9859941005707,0.6759100945569283,0.0,q0: start,q5253: song_0_major_0_6_7,q13996: positive,3600,2
0,out/models/model_spotify10000_model-it_3.pickle,14860,33268,LP,1,3600.0057220458984,0.0,0.0,q0: start,q3894: companysong_0_minor_0_6_7,q13996: positive,3600,9
0,out/models/model_spotify10000_model-it_8.pickle,14860,33268,LP,1,248.7338171005249,0.6759100945569283,0.0,q0: start,q8708: song_10_major_7_8_2,q13996: positive,3600,2
0,out/models/model_spotify10000_model-it_3.pickle,14860,33268,LP,1,3600.000860929489,0.0,0.0,q0: start,q4264: companyplayed_60_major_7_7_3,q13996: positive,3600,9
0,out/models/model_spotify10000_model-it_4.pickle,14860,33268,LP,1,3600.0010480880737,0.0,0.0,q0: start,q4213: companysong_60_minor_2_5_4,q13996: positive,3600,9
0,out/models/model_spotify10000_model-it_4.pickle,14860,33268,LP,1,3600.1125099658966,0.6759100945569281,0.00010542452463095111,q0: start,q9618: companyplayed_50_major_9_2_0,q13996: positive,3600,9
0,out/models/model_spotify10000_model-it_4.pickle,14860,33268,LP,1,3600.002695083618,0.0,0.0,q0: start,q8358: companyplayed_80_minor_4_4_0,q13996: positive,3600,9
0,out/models/model_spotify10000_model-it_8.pickle,14860,33268,LP,1,85.95137810707092,0.6759100945569244,0.0,q0: start,q8030: companysong_0_minor_5_5_4,q13996: positive,3600,2
0,out/models/model_spotify10000_model-it_7.pickle,14860,33268,LP,1,1452.7784960269928,0.6759100945569283,0.0,q0: start,q13899: song_10_minor_5_8_1,q13996: positive,3600,2
0,out/models/model_spotify10000_model-it_5.pickle,14860,33268,LP,1,3044.33544588089,0.6759100945569283,0.0,q0: start,q9475: song_70_major_3_4_5,q13996: positive,3600,2
0,out/models/model_spotify10000_model-it_5.pickle,14860,33268,LP,1,2777.4029908180237,0.6759100945569283,0.0,q0: start,q7911: companysong_80_major_0_7_8,q13996: positive,3600,2
0,out/models/model_spotify10000_model-it_5.pickle,14860,33268,LP,1,3600.0047011375427,0.0,0.0,q0: start,q2438: played_10_major_9_7_2,q13996: positive,3600,9
0,out/models/model_spotify10000_model-it_8.pickle,14860,33268,LP,1,806.405503988266,0.6759100945569283,0.0,q0: start,q7785: song_10_minor_4_4_3,q13996: positive,3600,2
0,out/models/model_spotify10000_model-it_5.pickle,14860,33268,LP,1,3600.0018107891083,0.0,0.0,q0: start,q8843: companyplayed_0_minor_5_6_6,q13996: positive,3600,9
0,out/models/model_spotify10000_model-it_5.pickle,14860,33268,LP,1,3600.002017021179,0.0,0.0,q0: start,q2706: played_80_major_2_6_6,q13996: positive,3600,9
0,out/models/model_spotify10000_model-it_9.pickle,14860,33268,LP,1,447.23782896995544,0.6759100945569261,0.0,q0: start,q13611: companysong_0_major_6_7_7,q13996: positive,3600,2
0,out/models/model_spotify10000_model-it_5.pickle,14860,33268,LP,1,3600.0023839473724,0.0,0.0,q0: start,q5819: played_10_major_9_5_2,q13996: positive,3600,9
0,out/models/model_spotify10000_model-it_5.pickle,14860,33268,LP,1,3600.0028281211853,0.0,0.0,q0: start,q9568: companyplayed_0_minor_3_3_5,q13996: positive,3600,9
0,out/models/model_spotify10000_model-it_6.pickle,14860,33268,LP,1,3600.0017330646515,0.0,0.0,q0: start,q11981: played_80_major_1_7_5,q13996: positive,3600,9
0,out/models/model_spotify10000_model-it_6.pickle,14860,33268,LP,1,3600.002376794815,0.0,0.0,q0: start,q14275: played_90_major_7_8_8,q13996: positive,3600,9
0,out/models/model_spotify10000_model-it_6.pickle,14860,33268,LP,1,3600.0023670196533,0.0,0.0,q0: start,q9688: played_70_minor_2_6_7,q13996: positive,3600,9
0,out/models/model_spotify10000_model-it_5.pickle,14860,33268,LP,1,3600.0014910697937,0.0,0.0,q0: start,q10192: companyplayed_60_major_7_2_4,q13996: positive,3600,9
0,out/models/model_spotify10000_model-it_6.pickle,14860,33268,LP,1,3600.0010328292847,0.0,0.0,q0: start,q3129: companyplayed_10_minor_0_6_6,q13996: positive,3600,9
0,out/models/model_spotify10000_model-it_6.pickle,14860,33268,LP,1,3600.001932859421,0.0,0.0,q0: start,q9354: companyplayed_90_major_5_8_4,q13996: positive,3600,9
0,out/models/model_spotify10000_model-it_7.pickle,14860,33268,LP,1,3600.0031249523163,0.0,0.0,q0: start,q2022: played_10_major_4_4_6,q13996: positive,3600,9
0,out/models/model_spotify10000_model-it_6.pickle,14860,33268,LP,1,3600.0021121501923,0.0,0.0,q0: start,q4855: companyplayed_90_major_9_5_3,q13996: positive,3600,9
0,out/models/model_spotify10000_model-it_6.pickle,14860,33268,LP,1,3600.001694917679,0.0,0.0,q0: start,q3791: companyplayed_0_minor_3_6_5,q13996: positive,3600,9
0,out/models/model_spotify10000_model-it_7.pickle,14860,33268,LP,1,3600.0015971660614,0.0,0.0,q0: start,q4973: companyplayed_10_minor_5_4_4,q13996: positive,3600,9
0,out/models/model_spotify10000_model-it_7.pickle,14860,33268,LP,1,3600.004089832306,0.0,0.0,q0: start,q7787: played_80_major_4_6_6,q13996: positive,3600,9
0,out/models/model_spotify10000_model-it_7.pickle,14860,33268,LP,1,3600.0022480487823,0.0,0.0,q0: start,q2564: played_70_major_7_2_3,q13996: positive,3600,9
0,out/models/model_spotify10000_model-it_7.pickle,14860,33268,LP,1,3600.0013580322266,0.0,0.0,q0: start,q12295: played_0_major_8_4_4,q13996: positive,3600,9
0,out/models/model_spotify10000_model-it_7.pickle,14860,33268,LP,1,3600.016808986664,0.0,0.0,q0: start,q2130: song_10_minor_8_5_3,q13996: positive,3600,9
0,out/models/model_spotify10000_model-it_8.pickle,14860,33268,LP,1,3600.002133131027,0.0,0.0,q0: start,q8443: companyplayed_70_minor_3_4_3,q13996: positive,3600,9
0,out/models/model_spotify10000_model-it_8.pickle,14860,33268,LP,1,3600.0013868808746,0.0,0.0,q0: start,q6999: played_10_minor_1_4_9,q13996: positive,3600,9
0,out/models/model_spotify10000_model-it_8.pickle,14860,33268,LP,1,3600.0017461776733,0.0,0.0,q0: start,q3947: companyplayed_10_minor_1_7_1,q13996: positive,3600,9
0,out/models/model_spotify10000_model-it_8.pickle,14860,33268,LP,1,3600.0890369415283,0.6759100945569283,0.0001880405004264278,q0: start,q231: startprofile_5_8_4,q13996: positive,3600,9
0,out/models/model_spotify10000_model-it_8.pickle,14860,33268,LP,1,3600.0028290748596,0.0,0.0,q0: start,q1201: played_0_major_0_7_4,q13996: positive,3600,9
0,out/models/model_spotify10000_model-it_8.pickle,14860,33268,LP,1,3600.0014128684998,0.0,0.0,q0: start,q5700: played_0_major_3_9_4,q13996: positive,3600,9
0,out/models/model_spotify10000_model-it_8.pickle,14860,33268,LP,1,3600.0018899440765,0.0,0.0,q0: start,q4262: companyplayed_10_minor_9_5_2,q13996: positive,3600,9
0,out/models/model_spotify10000_model-it_9.pickle,14860,33268,LP,1,3600.0009109973907,0.0,0.0,q0: start,q6354: companysong_10_major_7_5_8,q13996: positive,3600,9
0,out/models/model_spotify10000_model-it_9.pickle,14860,33268,LP,1,3600.0257589817047,0.0,0.0,q0: start,q974: played_10_minor_1_4_4,q13996: positive,3600,9
0,out/models/model_spotify10000_model-it_9.pickle,14860,33268,LP,1,3600.0015258789062,0.0,0.0,q0: start,q2522: played_10_major_4_8_7,q13996: positive,3600,9
0,out/models/model_spotify10000_model-it_9.pickle,14860,33268,LP,1,3600.0023550987244,0.0,0.0,q0: start,q9933: companyplayed_70_major_0_4_3,q13996: positive,3600,9
0,out/models/model_spotify10000_model-it_9.pickle,14860,33268,LP,1,3600.0010089874268,0.0,0.0,q0: start,q3238: companyplayed_0_major_1_6_7,q13996: positive,3600,9
0,out/models/model_spotify10000_model-it_9.pickle,14860,33268,LP,1,3600.004797935486,0.0,0.0,q0: start,q13763: companyplayed_60_major_5_2_2,q13996: positive,3600,9
0,out/models/model_spotify10000_model-it_9.pickle,14860,33268,LP,1,3600.0013241767883,0.0,0.0,q0: start,q200: startprofile_4_8_4,q13996: positive,3600,9
0,out/models/model_spotify10000_model-it_9.pickle,14860,33268,LP,1,3600.0017189979553,0.0,0.0,q0: start,q4601: companyplayed_70_major_3_3_4,q13996: positive,3600,9
0,out/models/model_spotify10000_model-it_9.pickle,14860,33268,LP,1,3600.001181125641,0.0,0.0,q0: start,q1593: song_10_minor_1_5_6,q13996: positive,3600,9